order_id,customer_id,seller_id,order_date,status,payment_method,total_amount
1,617,36,2025-12-11 19:07:00,pending,pix,1369.91
2,404,3,2025-10-12 16:20:00,completed,pix,2574.94
3,508,15,2025-07-04 16:52:00,completed,debit_card,1207.14
4,916,38,2025-03-23 00:16:00,completed,pix,534.33
5,127,33,2025-01-12 20:47:00,completed,credit_card,2619.93
6,265,18,2025-07-23 19:21:00,completed,debit_card,1613.89
7,712,23,2025-04-05 19:54:00,completed,pix,287.19
8,764,43,2025-12-04 07:57:00,completed,boleto,2769.38
9,15,3,2025-05-07 09:44:00,completed,pix,2056.88
10,226,30,2025-04-05 19:35:00,returned,boleto,1723.01
11,984,45,2025-09-30 17:20:00,completed,pix,2363.23
12,865,17,2025-07-25 09:27:00,returned,debit_card,1778.68
13,105,50,2025-11-11 03:32:00,completed,boleto,2276.5
14,745,32,2025-01-25 17:54:00,completed,boleto,3038.86
15,493,46,2025-09-19 15:02:00,completed,debit_card,2155.03
16,319,7,2025-08-05 07:18:00,completed,boleto,2315.41
17,1000,39,2025-11-26 01:46:00,completed,debit_card,2156.22
18,219,14,2025-08-07 16:45:00,completed,pix,1868.51
19,277,15,2025-05-14 16:32:00,completed,debit_card,618.46
20,773,44,2025-05-13 22:20:00,pending,debit_card,1188.16
21,893,12,2025-12-14 19:24:00,returned,debit_card,2432.02
22,931,8,2025-05-22 02:36:00,cancelled,debit_card,1500.66
23,341,16,2025-05-19 19:59:00,completed,credit_card,1433.33
24,452,41,2025-10-16 15:28:00,completed,boleto,2662.26
25,369,34,2025-06-28 16:44:00,completed,pix,39.38
26,944,46,2025-10-27 00:39:00,completed,debit_card,2382.9
27,848,24,2025-09-19 02:00:00,completed,credit_card,1722.51
28,991,29,2025-11-25 01:26:00,completed,credit_card,1331.13
29,474,16,2025-05-08 18:05:00,completed,pix,1205.07
30,190,5,2025-04-26 21:32:00,completed,boleto,621.61
31,884,5,2025-04-04 15:12:00,pending,pix,1183.2
32,419,30,2025-04-17 10:22:00,completed,debit_card,1382.14
33,710,50,2025-02-16 19:31:00,completed,boleto,1542.32
34,865,50,2025-07-18 06:41:00,cancelled,boleto,2359.61
35,789,5,2025-11-02 12:33:00,completed,pix,1598.43
36,848,43,2025-01-27 12:51:00,completed,pix,2791.07
37,495,13,2025-05-29 14:21:00,completed,boleto,2246.29
38,39,35,2025-07-04 15:28:00,completed,pix,679.8
39,162,49,2025-07-19 09:39:00,completed,boleto,984.56
40,121,25,2025-01-08 09:31:00,pending,pix,295.79
41,892,50,2025-03-10 21:59:00,completed,boleto,3311.11
42,399,14,2025-10-31 21:45:00,completed,debit_card,3105.2
43,262,44,2025-04-18 21:38:00,completed,credit_card,315.09
44,962,46,2025-04-15 06:38:00,pending,pix,2017.78
45,728,26,2025-10-11 01:12:00,completed,boleto,3362.2
46,824,18,2025-08-13 15:34:00,completed,credit_card,2620.06
47,561,20,2025-08-20 15:29:00,completed,credit_card,1731.51
48,604,34,2025-12-11 20:14:00,completed,credit_card,859.04
49,129,7,2025-10-26 12:12:00,completed,pix,991.05
50,833,47,2025-11-05 22:25:00,completed,pix,2582.11
51,540,10,2025-10-25 02:26:00,pending,debit_card,2736.4
52,356,15,2025-06-27 17:48:00,returned,pix,1859.85
53,660,17,2025-12-29 03:21:00,completed,pix,440.9
54,432,11,2025-11-24 06:09:00,completed,pix,3269.86
55,840,34,2025-02-14 14:00:00,completed,credit_card,2959.77
56,65,27,2025-03-15 12:08:00,pending,debit_card,509.07
57,218,21,2025-03-15 15:02:00,completed,credit_card,217.41
58,563,31,2025-10-14 15:15:00,pending,debit_card,1884.82
59,427,50,2025-02-13 02:28:00,completed,pix,1008.82
60,817,4,2025-11-23 18:09:00,cancelled,boleto,1005.71
61,921,41,2025-04-23 02:45:00,cancelled,pix,323.53
62,74,49,2025-04-06 05:03:00,pending,credit_card,3337.78
63,460,17,2025-06-05 23:25:00,completed,credit_card,2908.98
64,425,49,2025-05-22 00:07:00,completed,credit_card,416.14
65,711,48,2025-06-23 10:48:00,completed,debit_card,3070.56
66,192,20,2025-03-07 14:35:00,completed,credit_card,2396.69
67,189,25,2025-12-21 10:10:00,completed,boleto,1152.54
68,12,40,2025-06-03 10:52:00,completed,boleto,3051.95
69,239,23,2025-04-24 00:57:00,completed,pix,2101.12
70,872,15,2025-05-26 02:24:00,completed,debit_card,2973.37
71,593,33,2025-06-14 04:40:00,completed,debit_card,1653.05
72,453,19,2025-08-06 04:07:00,completed,pix,1762.27
73,383,15,2025-01-06 04:21:00,completed,credit_card,1032.71
74,782,41,2025-11-25 03:01:00,completed,credit_card,1369.17
75,802,5,2025-04-14 04:26:00,cancelled,pix,1995.78
76,48,16,2025-09-24 05:55:00,completed,pix,3315.77
77,317,45,2025-12-10 04:18:00,completed,pix,2108.41
78,209,48,2025-06-10 18:16:00,completed,pix,532.88
79,547,32,2025-05-01 18:41:00,completed,debit_card,44.35
80,119,22,2025-08-08 18:16:00,completed,debit_card,2981.44
81,577,43,2025-08-18 17:34:00,returned,credit_card,1287.85
82,315,32,2025-02-27 03:19:00,completed,debit_card,1116.08
83,754,13,2025-01-11 17:14:00,completed,debit_card,2806.54
84,36,38,2025-11-03 05:51:00,completed,debit_card,3309.87
85,463,26,2025-08-23 15:53:00,completed,pix,2623.2
86,764,17,2025-08-17 08:21:00,cancelled,debit_card,624.99
87,915,5,2025-02-28 00:35:00,completed,credit_card,1382.0
88,755,49,2025-05-03 18:46:00,returned,debit_card,2662.71
89,554,33,2025-12-01 12:39:00,completed,pix,3176.1
90,581,27,2025-10-29 06:19:00,cancelled,debit_card,3495.13
91,403,5,2025-11-23 08:04:00,completed,boleto,1800.23
92,107,37,2025-02-17 18:43:00,completed,credit_card,2882.39
93,39,7,2025-10-28 09:08:00,pending,debit_card,182.28
94,581,48,2025-11-28 18:22:00,completed,credit_card,1014.67
95,180,18,2025-06-20 10:04:00,completed,pix,1312.87
96,12,31,2025-07-30 02:03:00,completed,credit_card,3414.82
97,339,6,2025-01-13 00:17:00,completed,boleto,31.81
98,943,2,2025-12-20 17:06:00,completed,boleto,1091.91
99,716,13,2025-03-25 11:54:00,completed,credit_card,3257.83
100,548,42,2025-05-05 00:10:00,completed,pix,1087.24
101,126,11,2025-12-20 23:33:00,completed,credit_card,803.23
102,63,26,2025-07-17 21:56:00,completed,debit_card,2560.71
103,844,21,2025-08-26 01:43:00,completed,debit_card,2613.78
104,82,2,2025-10-01 17:05:00,returned,credit_card,1663.18
105,819,40,2025-12-22 06:43:00,completed,debit_card,3315.27
106,299,20,2025-12-19 08:05:00,cancelled,debit_card,725.42
107,34,17,2025-04-14 03:10:00,completed,pix,3198.69
108,752,16,2025-05-05 17:07:00,completed,credit_card,2649.17
109,609,42,2025-10-30 12:33:00,completed,debit_card,1301.37
110,49,5,2025-09-08 14:50:00,completed,credit_card,2828.04
111,658,14,2025-05-20 18:20:00,completed,credit_card,483.54
112,637,24,2025-10-26 22:02:00,completed,debit_card,475.82
113,701,4,2025-05-22 02:39:00,completed,pix,3256.18
114,57,48,2025-09-19 15:54:00,cancelled,pix,349.84
115,861,24,2025-12-03 12:25:00,returned,boleto,34.2
116,109,47,2025-11-25 09:30:00,completed,credit_card,1373.83
117,517,9,2025-09-24 01:00:00,completed,boleto,381.4
118,985,3,2025-03-22 06:38:00,completed,pix,3023.37
119,24,9,2025-06-23 16:20:00,completed,debit_card,3230.97
120,221,18,2025-04-03 12:41:00,completed,debit_card,1698.84
121,960,36,2025-04-17 08:04:00,completed,pix,1500.64
122,315,19,2025-11-19 23:05:00,pending,pix,1895.86
123,294,24,2025-05-23 07:23:00,completed,credit_card,807.16
124,929,4,2025-01-06 13:56:00,completed,boleto,-100.0
125,10,9,2025-04-18 02:45:00,cancelled,boleto,371.4
126,677,33,2025-05-21 19:07:00,completed,pix,1573.65
127,481,1,2025-07-19 15:56:00,completed,credit_card,2148.69
128,727,35,2025-08-13 18:20:00,pending,debit_card,3257.18
129,638,10,2025-08-20 10:59:00,completed,pix,2591.97
130,267,12,2025-02-11 07:40:00,completed,boleto,2536.26
131,792,18,2025-04-27 10:07:00,completed,credit_card,1091.84
132,88,14,2025-06-14 06:07:00,completed,credit_card,3111.26
133,455,10,2025-10-30 09:57:00,cancelled,credit_card,3315.41
134,626,10,2025-10-03 07:32:00,completed,boleto,3264.28
135,533,18,2025-10-12 01:44:00,completed,credit_card,155.03
136,148,24,2025-01-02 15:12:00,completed,debit_card,2123.14
137,757,1,2025-04-03 08:44:00,returned,boleto,2258.42
138,778,30,2025-08-31 08:20:00,completed,pix,1046.83
139,729,15,2025-02-04 18:58:00,completed,credit_card,3473.59
140,431,8,2025-09-17 22:33:00,returned,boleto,1033.33
141,996,35,2025-06-21 15:59:00,returned,pix,773.81
142,752,18,2025-03-29 13:00:00,completed,pix,1704.83
143,943,41,2025-05-11 12:34:00,completed,debit_card,1144.55
144,911,16,2025-04-01 15:44:00,completed,pix,3235.62
145,940,21,2025-12-31 07:48:00,completed,debit_card,1551.47
146,744,15,2025-11-21 11:23:00,completed,boleto,1447.32
147,744,5,2025-12-31 04:26:00,completed,debit_card,2198.0
148,242,45,2025-10-01 07:34:00,completed,boleto,302.28
149,702,7,2025-11-22 07:46:00,completed,boleto,2653.43
150,902,48,2025-04-19 23:51:00,returned,credit_card,2694.03
151,741,7,2025-02-10 14:38:00,completed,debit_card,1669.61
152,66,27,2025-11-14 18:09:00,completed,boleto,3345.83
153,972,25,2025-04-11 05:55:00,returned,credit_card,2036.1
154,378,22,2025-12-09 19:51:00,completed,debit_card,2439.42
155,388,48,2025-05-04 13:12:00,completed,debit_card,3236.72
156,791,13,2025-05-03 01:27:00,completed,pix,2338.88
157,781,17,2025-06-14 02:01:00,completed,credit_card,1522.75
158,209,41,2025-02-28 20:34:00,completed,pix,106.2
159,415,44,2025-11-10 13:58:00,completed,boleto,2554.48
160,16,13,2025-12-19 14:12:00,completed,debit_card,3377.73
161,297,26,2025-04-15 04:23:00,completed,boleto,1656.42
162,986,9,2025-02-25 19:48:00,completed,credit_card,1202.39
163,220,5,2025-06-16 12:19:00,completed,debit_card,1827.02
164,769,39,2025-05-24 15:26:00,completed,boleto,2554.96
165,367,33,2025-04-02 19:32:00,completed,debit_card,22.4
166,780,4,2025-10-14 16:11:00,returned,pix,3107.5
167,229,28,2025-04-21 16:20:00,completed,credit_card,3104.54
168,631,26,2025-02-01 02:29:00,completed,credit_card,1903.72
169,440,4,2025-01-19 02:46:00,completed,credit_card,445.88
170,690,16,2025-07-13 18:03:00,completed,debit_card,2357.88
171,532,37,2025-03-05 06:08:00,pending,boleto,499.7
172,450,22,2025-10-01 21:43:00,pending,boleto,1786.26
173,36,36,2025-04-22 15:21:00,completed,credit_card,345.83
174,847,38,2025-12-07 23:44:00,pending,debit_card,2069.95
175,422,35,2025-03-28 20:34:00,completed,debit_card,1126.88
176,918,25,2025-04-01 12:31:00,pending,debit_card,2911.85
177,620,8,2025-01-27 19:55:00,completed,boleto,2803.81
178,189,17,2025-03-08 00:31:00,completed,credit_card,3494.69
179,178,18,2025-11-20 13:18:00,returned,boleto,916.11
180,608,50,2025-09-13 19:37:00,completed,pix,235.07
181,315,12,2025-10-20 13:20:00,returned,debit_card,1561.65
182,20,33,2025-08-25 22:47:00,completed,pix,310.24
183,676,23,2025-07-03 17:58:00,completed,credit_card,641.18
184,382,12,2025-07-16 13:02:00,completed,credit_card,2098.6
185,609,11,2025-05-07 12:10:00,completed,boleto,2080.62
186,143,13,2025-05-15 04:26:00,completed,credit_card,170.78
187,62,35,2025-04-11 01:03:00,completed,credit_card,1561.31
188,242,27,2025-10-22 04:02:00,completed,boleto,1865.16
189,238,25,2025-03-20 21:33:00,pending,boleto,952.72
190,131,40,2025-12-05 13:05:00,completed,boleto,3054.71
191,605,3,2025-10-15 16:59:00,cancelled,boleto,580.62
192,603,49,2025-07-17 10:54:00,completed,credit_card,903.58
193,645,25,2025-10-20 18:54:00,completed,pix,566.34
194,123,45,2025-05-08 02:43:00,completed,boleto,425.58
195,440,10,2025-04-15 13:35:00,returned,credit_card,3078.85
196,927,17,2025-03-29 02:38:00,completed,credit_card,986.95
197,342,3,2025-07-03 16:48:00,completed,credit_card,2534.38
198,419,45,2025-05-15 07:12:00,pending,credit_card,1509.38
199,630,22,2025-10-11 12:48:00,completed,credit_card,2232.84
200,455,38,2025-03-12 23:59:00,completed,boleto,3250.05
201,198,14,2025-08-18 06:50:00,completed,boleto,2959.24
202,282,27,2025-03-26 11:48:00,completed,debit_card,260.07
203,886,42,2025-10-18 18:54:00,completed,debit_card,2961.3
204,1,20,2025-05-07 08:28:00,completed,boleto,1592.35
205,723,48,2025-12-04 06:22:00,pending,boleto,1238.51
206,775,18,2025-08-07 02:23:00,pending,boleto,2359.91
207,932,13,2025-04-20 20:15:00,completed,pix,3326.72
208,332,42,2025-06-23 12:37:00,returned,boleto,347.59
209,212,6,2025-04-06 01:57:00,completed,credit_card,2692.91
210,87,10,2025-06-01 05:30:00,completed,pix,728.21
211,665,37,2025-08-25 04:13:00,completed,pix,1342.87
212,862,29,2025-08-06 13:35:00,completed,credit_card,3060.9
213,699,6,2025-02-04 14:47:00,completed,credit_card,1919.38
214,61,39,2025-02-10 17:33:00,completed,debit_card,254.75
215,797,11,2025-08-10 08:46:00,completed,credit_card,1788.01
216,95,48,2025-07-21 08:34:00,pending,boleto,2767.95
217,786,25,2025-02-24 01:22:00,pending,boleto,1860.5
218,553,44,2025-07-09 08:07:00,completed,debit_card,600.77
219,147,44,2025-02-28 20:41:00,completed,pix,1568.74
220,246,30,2025-10-26 17:52:00,completed,pix,3236.72
221,644,20,2025-12-25 18:37:00,pending,debit_card,2310.55
222,961,37,2025-08-17 07:28:00,completed,boleto,2560.01
223,297,16,2025-10-07 20:20:00,completed,debit_card,2755.06
224,123,31,2025-03-25 13:56:00,returned,boleto,335.61
225,655,29,2025-05-31 20:28:00,completed,boleto,2043.75
226,694,6,2025-01-30 16:07:00,completed,credit_card,1328.18
227,704,29,2025-08-25 12:55:00,completed,debit_card,504.27
228,456,32,2025-10-06 03:11:00,completed,debit_card,725.43
229,399,9,2025-10-29 15:36:00,returned,boleto,2738.44
230,719,37,2025-01-08 21:50:00,completed,boleto,581.98
231,946,23,2025-09-05 20:18:00,completed,credit_card,1107.22
232,231,16,2025-08-23 19:13:00,completed,boleto,1011.36
233,534,18,2025-08-24 13:28:00,completed,boleto,189.23
234,402,19,2025-01-15 18:41:00,completed,pix,1628.31
235,592,44,2025-02-07 15:09:00,completed,debit_card,2685.44
236,130,2,2025-07-02 00:13:00,completed,credit_card,97.09
237,292,10,2025-08-04 17:35:00,completed,credit_card,411.68
238,276,12,2025-09-09 17:02:00,completed,boleto,2526.25
239,912,46,2025-10-02 00:37:00,completed,debit_card,2085.66
240,835,18,2025-06-23 04:55:00,returned,pix,2509.06
241,376,19,2025-01-30 01:49:00,completed,credit_card,820.76
242,926,38,2025-01-08 02:07:00,returned,boleto,2817.12
243,55,37,2025-06-01 16:01:00,completed,debit_card,1689.95
244,578,27,2025-04-21 14:52:00,pending,pix,2143.85
245,739,48,2025-11-28 10:26:00,completed,debit_card,340.69
246,26,14,2025-12-11 23:22:00,completed,credit_card,733.51
247,441,45,2025-05-23 11:17:00,completed,boleto,2711.29
248,765,34,2025-01-16 07:11:00,completed,boleto,799.2
249,197,2,2025-11-19 04:17:00,pending,credit_card,342.0
250,642,44,2025-04-10 16:01:00,completed,credit_card,2098.27
251,243,33,2025-09-02 10:17:00,completed,debit_card,1926.82
252,824,19,2025-05-11 09:31:00,cancelled,credit_card,2135.47
253,724,27,2025-06-14 17:19:00,completed,debit_card,2171.7
254,190,48,2025-05-04 00:44:00,completed,boleto,1760.69
255,802,30,2025-11-14 06:47:00,completed,pix,1738.33
256,738,7,2025-12-23 11:13:00,completed,boleto,3236.1
257,758,27,2025-02-17 13:27:00,completed,boleto,1877.91
258,568,21,2025-04-14 06:14:00,completed,pix,2168.2
259,567,7,2025-03-28 00:13:00,completed,pix,949.05
260,276,48,2025-08-07 22:21:00,completed,pix,3051.4
261,818,25,2025-06-13 05:42:00,completed,boleto,104.8
262,409,38,2025-11-10 14:50:00,completed,credit_card,1959.15
263,340,18,2025-06-11 20:37:00,completed,boleto,1355.8
264,153,33,2025-01-17 12:22:00,completed,credit_card,2121.59
265,565,33,2025-12-20 19:32:00,pending,debit_card,1273.4
266,398,32,2025-10-11 21:28:00,completed,boleto,2517.55
267,444,25,2025-04-17 10:05:00,completed,pix,90.75
268,623,14,2025-03-26 21:38:00,completed,boleto,1432.5
269,427,38,2025-11-12 13:38:00,returned,boleto,2912.8
270,958,38,2025-12-02 03:36:00,completed,pix,890.7
271,487,4,2025-09-26 06:48:00,returned,debit_card,203.57
272,204,44,2025-12-18 19:01:00,returned,debit_card,1747.9
273,112,18,2025-10-22 10:06:00,pending,debit_card,3418.34
274,325,10,2025-07-13 13:10:00,completed,debit_card,243.27
275,959,35,2025-09-24 17:13:00,completed,boleto,263.8
276,258,35,2025-03-25 12:23:00,completed,boleto,2091.01
277,950,40,2025-01-01 02:39:00,cancelled,pix,890.24
278,528,23,2025-04-24 04:33:00,pending,credit_card,1447.6
279,951,25,2025-09-12 20:43:00,returned,pix,2910.16
280,350,1,2025-04-13 07:09:00,completed,debit_card,711.99
281,939,18,2025-03-16 15:47:00,completed,credit_card,2523.16
282,957,15,2025-01-11 05:43:00,completed,pix,1775.61
283,678,25,2025-02-02 00:21:00,completed,debit_card,3169.25
284,813,32,2025-06-18 13:17:00,completed,credit_card,3405.91
285,894,20,2025-08-29 12:51:00,completed,credit_card,1707.66
286,435,17,2025-06-10 03:24:00,returned,debit_card,2054.57
287,426,11,2025-05-11 04:10:00,completed,credit_card,2615.53
288,280,13,2025-08-22 23:07:00,cancelled,pix,1128.99
289,371,25,2025-12-05 05:10:00,cancelled,pix,809.06
290,670,20,2025-10-09 13:33:00,completed,pix,3377.1
291,933,25,2025-04-28 05:05:00,completed,credit_card,1525.5
292,249,42,2025-05-23 00:55:00,completed,credit_card,25.54
293,891,45,2025-05-05 21:18:00,completed,debit_card,2935.26
294,181,49,2025-07-06 22:00:00,completed,debit_card,2106.83
295,703,31,2025-11-25 07:39:00,completed,credit_card,606.58
296,999,1,2025-11-03 21:04:00,returned,pix,124.89
297,651,16,2025-08-11 17:52:00,completed,credit_card,1034.36
298,78,48,2025-06-21 23:24:00,completed,boleto,3249.05
299,919,28,2025-05-19 17:35:00,cancelled,pix,3268.55
300,885,21,2025-02-13 10:31:00,completed,boleto,1102.29
301,336,30,2025-04-26 11:17:00,completed,debit_card,2929.04
302,50,3,2025-02-26 02:51:00,completed,credit_card,1557.62
303,85,34,2025-11-19 05:48:00,completed,boleto,2297.12
304,695,6,2025-09-13 17:46:00,completed,credit_card,1183.86
305,695,43,2025-06-12 13:44:00,returned,boleto,1815.58
306,4,29,2025-05-21 12:26:00,completed,credit_card,1042.35
307,993,3,2025-05-09 02:16:00,completed,pix,232.68
308,950,33,2025-10-05 02:09:00,completed,debit_card,505.04
309,317,11,2025-12-11 11:23:00,completed,pix,1031.55
310,111,45,2025-04-05 21:23:00,returned,debit_card,3417.36
311,334,5,2025-12-07 08:03:00,pending,pix,3380.54
312,851,50,2025-03-20 20:30:00,completed,debit_card,2900.27
313,763,32,2025-12-03 05:06:00,returned,pix,829.12
314,133,47,2025-03-05 08:18:00,pending,credit_card,1556.78
315,612,18,2025-04-03 13:36:00,completed,pix,1550.44
316,991,47,2025-12-14 03:49:00,completed,boleto,1366.67
317,914,20,2025-12-27 06:07:00,completed,boleto,176.18
318,684,39,2025-05-05 20:07:00,completed,credit_card,1880.16
319,799,49,2025-09-30 02:58:00,completed,credit_card,273.39
320,119,40,2025-06-16 16:16:00,completed,credit_card,2810.68
321,350,28,2025-01-23 12:41:00,completed,boleto,2425.75
322,917,13,2025-06-15 07:18:00,cancelled,pix,1247.52
323,687,26,2025-02-01 02:00:00,pending,credit_card,2272.03
324,542,16,2025-07-18 08:22:00,completed,pix,830.97
325,55,25,2025-08-30 13:40:00,cancelled,debit_card,943.07
326,361,10,2025-03-10 10:18:00,completed,pix,1113.18
327,708,29,2025-12-22 05:11:00,completed,pix,2793.6
328,453,46,2025-06-03 11:55:00,completed,boleto,753.21
329,553,38,2025-09-23 18:56:00,cancelled,pix,1978.48
330,685,20,2025-09-05 01:39:00,returned,boleto,717.63
331,330,26,2025-07-13 07:15:00,pending,debit_card,1011.93
332,219,32,2025-09-13 06:10:00,returned,boleto,839.47
333,208,39,2025-07-06 02:26:00,completed,debit_card,2264.62
334,670,38,2025-11-13 21:31:00,cancelled,debit_card,1853.02
335,845,49,2025-09-27 08:41:00,completed,credit_card,2530.12
336,740,24,2025-08-02 23:12:00,completed,pix,785.4
337,85,31,2025-04-17 07:17:00,completed,pix,51.84
338,685,40,2025-02-07 21:35:00,completed,credit_card,2388.17
339,245,12,2025-11-26 03:18:00,completed,credit_card,419.69
340,872,36,2025-10-18 20:15:00,completed,pix,877.14
341,685,10,2025-11-30 21:28:00,completed,credit_card,1083.79
342,335,6,2025-06-13 12:29:00,completed,credit_card,2618.87
343,212,7,2025-03-27 11:46:00,completed,debit_card,2198.1
344,596,31,2025-11-21 21:15:00,completed,credit_card,661.24
345,685,27,2025-07-28 16:06:00,completed,credit_card,2100.65
346,183,8,2025-01-02 13:37:00,returned,boleto,2484.36
347,955,3,2025-07-21 01:08:00,pending,pix,1373.36
348,133,40,2025-03-19 13:55:00,completed,boleto,875.92
349,892,47,2025-01-19 12:14:00,returned,credit_card,2382.86
350,800,21,2025-08-27 14:07:00,completed,credit_card,2145.9
351,774,1,2025-07-22 09:44:00,completed,boleto,291.13
352,350,45,2025-12-06 12:26:00,completed,credit_card,2340.05
353,282,50,2025-03-24 08:21:00,completed,debit_card,1720.04
354,293,15,2025-03-30 20:07:00,completed,boleto,2641.72
355,269,7,2025-01-25 03:33:00,completed,boleto,683.7
356,861,15,2025-10-20 08:03:00,completed,pix,918.59
357,197,25,2025-08-24 02:20:00,completed,boleto,1910.73
358,537,3,2025-12-15 07:50:00,pending,debit_card,1696.43
359,653,30,2025-09-14 19:56:00,completed,credit_card,1364.55
360,984,14,2025-05-30 03:24:00,completed,boleto,2616.2
361,735,4,2025-03-26 19:18:00,completed,boleto,1985.34
362,20,36,2025-08-03 22:41:00,returned,pix,2491.75
363,759,3,2025-04-18 09:06:00,completed,pix,553.33
364,840,5,2025-06-20 15:39:00,cancelled,credit_card,2556.88
365,956,25,2025-11-29 04:36:00,cancelled,boleto,1626.12
366,713,31,2025-07-13 19:07:00,completed,debit_card,137.51
367,405,11,2025-08-04 02:15:00,completed,credit_card,836.03
368,115,8,2025-08-08 18:40:00,completed,debit_card,109.63
369,895,26,2025-08-22 11:47:00,returned,boleto,1609.92
370,701,2,2025-06-17 06:51:00,completed,credit_card,1154.06
371,980,28,2025-04-24 22:34:00,completed,pix,3456.32
372,975,48,2025-11-25 16:34:00,completed,pix,3042.39
373,26,10,2025-12-20 18:52:00,completed,debit_card,2893.33
374,566,50,2025-07-20 13:36:00,completed,credit_card,1763.89
375,682,39,2025-04-09 04:05:00,cancelled,debit_card,2828.66
376,395,37,2025-11-08 20:36:00,completed,pix,948.71
377,933,39,2025-02-13 09:47:00,returned,boleto,1971.06
378,381,21,2025-02-09 16:14:00,completed,pix,1387.35
379,523,28,2025-04-03 11:32:00,completed,boleto,616.27
380,539,38,2025-06-17 12:25:00,completed,debit_card,272.69
381,862,33,2025-05-15 01:49:00,completed,debit_card,1962.6
382,83,11,2025-05-01 20:37:00,completed,debit_card,359.78
383,802,45,2025-10-28 16:35:00,completed,boleto,2518.65
384,550,44,2025-12-11 10:53:00,completed,debit_card,3226.71
385,445,1,2025-07-24 04:25:00,completed,debit_card,584.13
386,87,47,2025-12-14 06:58:00,pending,credit_card,1658.87
387,949,33,2025-06-29 00:43:00,completed,boleto,2590.94
388,833,3,2025-08-08 15:15:00,completed,debit_card,1018.2
389,387,26,2025-01-09 21:48:00,completed,debit_card,3224.26
390,963,15,2025-12-25 21:55:00,completed,boleto,3111.86
391,668,41,2025-06-05 04:21:00,completed,boleto,381.07
392,398,14,2025-11-01 05:20:00,completed,pix,115.35
393,820,23,2025-10-15 04:03:00,completed,pix,3418.08
394,286,8,2025-09-11 05:42:00,completed,credit_card,3348.53
395,698,36,2025-07-15 15:55:00,completed,debit_card,1489.55
396,694,20,2025-08-23 23:44:00,completed,boleto,195.96
397,965,6,2025-06-16 11:19:00,completed,debit_card,2173.69
398,369,33,2025-07-04 17:30:00,completed,pix,1041.07
399,655,28,2025-11-01 03:00:00,completed,pix,3279.8
400,422,50,2025-02-05 16:14:00,completed,pix,2785.42
401,718,38,2025-03-21 10:37:00,pending,boleto,2280.59
402,654,30,2025-06-22 14:32:00,completed,debit_card,1010.07
403,697,46,2025-09-26 13:21:00,completed,boleto,2460.41
404,443,43,2025-10-21 23:32:00,completed,debit_card,1026.31
405,753,17,2025-07-23 04:15:00,completed,credit_card,150.96
406,520,9,2025-10-13 12:04:00,pending,pix,1789.35
407,584,28,2025-01-21 08:56:00,completed,pix,1720.62
408,915,7,2025-02-08 10:30:00,completed,pix,2675.26
409,288,46,2025-12-21 11:50:00,completed,pix,3032.55
410,95,28,2025-02-12 12:40:00,pending,boleto,1253.55
411,669,17,2025-10-05 08:11:00,returned,pix,1584.17
412,41,40,2025-05-06 19:56:00,completed,debit_card,1656.99
413,331,48,2025-08-07 18:14:00,cancelled,debit_card,1148.3
414,813,44,2025-11-09 08:03:00,completed,pix,2606.99
415,781,44,2025-05-09 05:06:00,completed,pix,1836.91
416,155,5,2025-09-21 05:19:00,completed,boleto,3200.57
417,504,5,2025-11-03 06:48:00,completed,boleto,2283.08
418,275,14,2025-07-09 21:32:00,completed,debit_card,757.4
419,666,6,2025-06-17 06:13:00,pending,debit_card,593.53
420,565,7,2025-05-03 17:43:00,completed,credit_card,1315.9
421,179,17,2025-03-04 17:06:00,completed,debit_card,1227.3
422,933,9,2025-03-06 10:09:00,completed,credit_card,1436.82
423,752,31,2025-03-02 14:25:00,completed,pix,658.9
424,137,22,2025-02-06 09:48:00,completed,pix,3424.21
425,767,45,2025-02-04 01:47:00,completed,pix,527.07
426,988,9,2025-03-19 22:17:00,completed,debit_card,2291.22
427,736,16,2025-10-18 09:44:00,completed,debit_card,65.48
428,180,36,2025-04-10 07:00:00,completed,pix,1436.22
429,182,34,2025-12-15 20:47:00,completed,boleto,1095.96
430,259,45,2025-08-22 22:11:00,completed,pix,1349.45
431,243,13,2025-05-26 08:49:00,completed,credit_card,1753.31
432,96,19,2025-06-28 17:14:00,completed,boleto,2109.31
433,197,12,2025-12-30 11:26:00,completed,boleto,2050.62
434,904,36,2025-02-12 12:15:00,completed,debit_card,2214.88
435,526,10,2025-08-05 08:53:00,pending,debit_card,2959.03
436,632,16,2025-04-28 17:30:00,cancelled,credit_card,3105.78
437,387,28,2025-05-04 02:01:00,completed,pix,2585.63
438,408,19,2025-04-07 08:11:00,completed,pix,294.72
439,269,40,2025-11-12 03:50:00,completed,debit_card,3365.3
440,171,6,2025-08-24 16:24:00,completed,debit_card,3316.95
441,925,4,2025-10-23 20:09:00,completed,pix,2496.73
442,584,30,2025-03-20 22:48:00,completed,boleto,1820.69
443,691,39,2025-08-03 07:37:00,pending,credit_card,892.15
444,170,31,2025-12-07 20:34:00,completed,credit_card,2652.1
445,159,46,2025-09-22 07:16:00,completed,credit_card,3074.95
446,509,27,2025-07-06 21:50:00,completed,debit_card,2334.85
447,447,45,2025-06-23 02:03:00,completed,boleto,2209.17
448,666,21,2025-05-17 09:36:00,completed,credit_card,691.66
449,914,37,2025-01-17 00:51:00,completed,boleto,1265.13
450,82,9,2025-02-22 09:31:00,completed,debit_card,2536.51
451,57,35,2025-01-14 04:30:00,pending,debit_card,78.81
452,519,42,2025-09-02 17:34:00,completed,pix,2251.6
453,112,47,2025-06-23 23:41:00,pending,boleto,2688.01
454,998,21,2025-09-15 05:36:00,completed,boleto,1184.77
455,48,17,2025-03-28 18:12:00,completed,boleto,285.06
456,592,24,2025-07-06 04:03:00,completed,pix,2870.54
457,887,31,2025-03-20 11:20:00,returned,credit_card,-100.0
458,376,6,2025-12-09 12:16:00,completed,credit_card,1310.39
459,828,35,2025-12-21 01:30:00,completed,debit_card,2481.24
460,33,50,2025-11-01 03:45:00,completed,pix,2863.11
461,504,37,2025-02-28 19:43:00,completed,boleto,3021.09
462,627,13,2025-12-10 20:44:00,completed,pix,1865.85
463,896,25,2025-10-16 02:01:00,pending,debit_card,1676.03
464,3,32,2025-07-20 20:20:00,completed,credit_card,2972.14
465,486,1,2025-06-25 21:57:00,completed,credit_card,1979.51
466,516,49,2025-05-17 00:37:00,returned,debit_card,2033.7
467,868,35,2025-08-29 18:29:00,completed,pix,1530.23
468,772,19,2025-12-01 12:45:00,completed,debit_card,1317.39
469,42,12,2025-10-31 19:10:00,completed,boleto,1692.28
470,9,40,2025-09-06 21:22:00,completed,boleto,1289.67
471,1000,40,2025-04-08 03:23:00,cancelled,debit_card,1215.54
472,819,47,2025-04-18 21:04:00,pending,boleto,3477.95
473,657,43,2025-11-20 01:46:00,cancelled,boleto,1190.02
474,913,20,2025-03-17 00:42:00,completed,credit_card,912.22
475,609,33,2025-02-07 13:50:00,completed,pix,1251.66
476,788,29,2025-04-11 17:31:00,completed,credit_card,2075.92
477,142,16,2025-01-20 16:08:00,completed,credit_card,3190.25
478,790,14,2025-07-10 23:31:00,completed,pix,2761.77
479,436,7,2025-02-11 03:14:00,completed,credit_card,2951.0
480,27,6,2025-06-07 17:35:00,completed,boleto,3009.35
481,43,21,2025-08-23 23:25:00,cancelled,debit_card,3223.44
482,131,36,2025-03-02 12:58:00,completed,debit_card,838.05
483,216,22,2025-06-14 06:42:00,completed,pix,1615.11
484,606,40,2025-07-29 00:54:00,completed,debit_card,1360.49
485,520,19,2025-09-07 02:30:00,returned,debit_card,1348.93
486,598,25,2025-09-25 23:33:00,completed,debit_card,2289.95
487,345,3,2025-03-27 22:45:00,completed,debit_card,1418.27
488,508,36,2025-09-26 18:25:00,completed,credit_card,2164.83
489,650,45,2025-03-31 03:49:00,completed,boleto,1350.33
490,881,34,2025-05-17 23:07:00,completed,boleto,1102.73
491,413,11,2025-12-08 22:42:00,completed,debit_card,1248.71
492,936,48,2025-06-30 17:00:00,cancelled,pix,2817.07
493,246,42,2025-10-20 12:17:00,completed,credit_card,2111.66
494,449,47,2025-07-25 16:48:00,completed,debit_card,3409.51
495,21,27,2025-02-17 12:31:00,pending,debit_card,2917.64
496,999,42,2025-02-08 17:05:00,pending,pix,1710.52
497,408,2,2025-02-04 18:41:00,completed,credit_card,863.47
498,457,6,2025-05-31 03:24:00,returned,debit_card,2365.2
499,444,46,2025-10-06 18:15:00,returned,pix,2548.73
500,922,2,2025-07-27 04:15:00,returned,credit_card,1635.33
501,265,42,2025-03-19 03:26:00,cancelled,credit_card,820.13
502,660,17,2025-11-13 20:45:00,completed,debit_card,1959.19
503,184,40,2025-10-16 00:38:00,completed,pix,903.33
504,227,48,2025-10-22 19:28:00,completed,pix,3291.19
505,804,14,2025-11-01 11:38:00,completed,debit_card,2208.52
506,548,10,2025-12-14 01:57:00,completed,debit_card,1035.92
507,246,45,2025-04-21 06:03:00,completed,debit_card,770.74
508,73,33,2025-01-16 16:41:00,completed,pix,2514.2
509,150,42,2025-10-13 13:56:00,completed,credit_card,2483.12
510,513,12,2025-04-07 16:27:00,cancelled,debit_card,2098.02
511,69,32,2025-07-15 17:34:00,pending,boleto,2157.77
512,969,49,2025-09-15 12:58:00,completed,boleto,2121.46
513,805,24,2025-04-15 22:14:00,completed,debit_card,1273.16
514,230,14,2025-10-31 05:59:00,pending,boleto,3282.2
515,723,5,2025-12-16 01:28:00,pending,credit_card,1687.89
516,72,5,2025-11-29 16:43:00,returned,credit_card,90.74
517,875,47,2025-08-29 02:20:00,returned,boleto,1232.3
518,608,32,2025-10-09 14:33:00,returned,pix,473.38
519,397,45,2025-02-17 10:43:00,completed,debit_card,1284.58
520,84,49,2025-07-18 14:00:00,completed,pix,2136.75
521,740,33,2025-10-14 17:58:00,pending,credit_card,98.87
522,299,46,2025-10-18 14:18:00,completed,boleto,3048.3
523,748,4,2025-02-08 18:41:00,pending,debit_card,2143.88
524,293,30,2025-09-29 06:42:00,completed,boleto,1047.89
525,734,41,2025-05-19 01:04:00,pending,boleto,1102.99
526,970,17,2025-03-16 08:56:00,completed,pix,1640.53
527,223,3,2025-03-06 10:04:00,completed,pix,883.36
528,793,13,2025-11-07 06:30:00,completed,boleto,35.11
529,733,44,2025-12-08 18:28:00,returned,credit_card,112.42
530,216,48,2025-09-13 17:06:00,completed,debit_card,1264.94
531,231,36,2025-01-03 13:36:00,returned,boleto,452.29
532,405,18,2025-03-29 17:10:00,pending,boleto,97.83
533,169,23,2025-02-01 18:20:00,pending,boleto,3010.26
534,329,35,2025-03-16 00:51:00,pending,boleto,974.0
535,426,49,2025-10-04 12:12:00,completed,pix,1770.87
536,554,33,2025-11-22 15:47:00,completed,pix,644.34
537,770,36,2025-11-27 10:28:00,completed,credit_card,182.6
538,196,17,2025-08-17 07:45:00,cancelled,debit_card,2612.13
539,904,39,2025-11-06 06:56:00,pending,boleto,454.85
540,608,34,2025-03-20 02:52:00,completed,credit_card,109.49
541,829,12,2025-01-21 21:39:00,completed,pix,2063.56
542,526,5,2025-10-21 20:57:00,completed,debit_card,66.87
543,625,48,2025-07-08 11:20:00,completed,credit_card,1538.28
544,77,40,2025-11-29 20:56:00,completed,debit_card,1025.15
545,277,27,2025-03-05 10:08:00,completed,debit_card,1131.57
546,920,40,2025-08-01 03:45:00,completed,debit_card,33.57
547,946,13,2025-11-14 20:39:00,completed,pix,3375.92
548,466,26,2025-01-24 23:40:00,completed,boleto,1819.03
549,941,14,2025-04-20 10:48:00,completed,debit_card,2012.34
550,448,32,2025-02-28 19:40:00,completed,credit_card,2338.11
551,320,11,2025-08-25 13:56:00,completed,debit_card,2795.38
552,1000,38,2025-09-28 16:10:00,completed,debit_card,2135.52
553,922,16,2025-10-03 01:27:00,completed,pix,2672.45
554,160,22,2025-02-01 22:42:00,completed,credit_card,1581.6
555,492,47,2025-02-04 14:12:00,completed,debit_card,1312.04
556,313,16,2025-10-16 18:42:00,pending,pix,2884.51
557,631,13,2025-06-29 02:26:00,completed,pix,3031.28
558,949,12,2025-03-17 15:46:00,completed,boleto,499.57
559,161,18,2025-02-16 07:08:00,completed,boleto,1908.46
560,308,29,2025-03-10 18:03:00,completed,boleto,2399.08
561,863,18,2025-06-03 02:22:00,pending,debit_card,310.92
562,146,46,2025-07-07 11:16:00,completed,debit_card,3255.0
563,675,2,2025-02-12 22:44:00,completed,debit_card,1829.98
564,396,2,2025-10-02 13:55:00,completed,pix,2266.19
565,691,3,2025-02-21 19:21:00,completed,debit_card,640.28
566,89,29,2025-08-04 06:41:00,completed,pix,940.23
567,735,8,2025-09-27 05:39:00,completed,credit_card,441.08
568,778,11,2025-12-10 13:00:00,completed,debit_card,938.72
569,751,12,2025-07-16 10:04:00,completed,credit_card,1733.54
570,308,32,2025-10-28 11:20:00,completed,boleto,2921.03
571,546,4,2025-05-01 10:23:00,completed,credit_card,1877.36
572,371,9,2025-03-06 19:30:00,completed,credit_card,870.73
573,451,24,2025-06-06 12:31:00,completed,pix,175.28
574,167,49,2025-05-29 08:06:00,completed,pix,2184.46
575,392,16,2025-10-10 16:45:00,completed,pix,1482.16
576,637,17,2025-05-13 21:47:00,completed,pix,3445.55
577,736,47,2025-06-17 10:53:00,completed,boleto,2733.56
578,491,22,2025-12-05 03:04:00,completed,credit_card,2833.1
579,925,7,2025-10-15 14:50:00,completed,boleto,62.58
580,150,10,2025-08-15 00:57:00,completed,boleto,2726.73
581,468,29,2025-11-27 03:26:00,completed,pix,697.25
582,966,36,2025-11-01 08:02:00,cancelled,credit_card,2058.57
583,701,24,2025-09-10 00:36:00,cancelled,credit_card,1577.03
584,43,46,2025-05-04 15:28:00,completed,boleto,2009.18
585,945,14,2025-09-03 14:06:00,cancelled,pix,484.38
586,29,14,2025-09-19 04:07:00,completed,boleto,1609.98
587,874,25,2025-09-16 07:54:00,pending,credit_card,148.57
588,632,46,2025-04-11 22:22:00,pending,pix,162.68
589,849,22,2025-02-13 08:33:00,completed,boleto,2308.93
590,31,50,2025-07-09 12:39:00,completed,credit_card,3331.91
591,693,47,2025-11-24 02:17:00,cancelled,debit_card,2725.33
592,674,23,2025-08-30 01:39:00,completed,pix,1652.66
593,128,32,2025-04-13 14:25:00,completed,credit_card,214.43
594,767,26,2025-04-06 14:46:00,completed,pix,176.67
595,294,27,2025-01-06 03:35:00,cancelled,credit_card,569.47
596,441,45,2025-10-31 13:00:00,returned,pix,3415.82
597,869,12,2025-07-27 18:28:00,completed,debit_card,1407.34
598,388,19,2025-04-28 02:16:00,cancelled,boleto,2955.06
599,766,19,2025-02-04 16:56:00,completed,boleto,2473.9
600,642,34,2025-10-23 11:08:00,returned,boleto,2126.89
601,524,32,2025-07-04 16:56:00,completed,debit_card,3318.43
602,547,29,2025-06-04 02:03:00,completed,pix,821.83
603,710,21,2025-05-27 21:09:00,completed,pix,1603.02
604,760,35,2025-12-12 02:45:00,completed,credit_card,3029.24
605,110,42,2025-12-27 07:03:00,completed,credit_card,1940.13
606,328,5,2025-06-02 10:46:00,pending,pix,877.63
607,405,12,2025-08-30 03:00:00,completed,debit_card,747.03
608,245,7,2025-01-27 18:58:00,returned,debit_card,2640.03
609,762,41,2025-10-16 13:34:00,completed,boleto,64.51
610,878,2,2025-05-26 00:59:00,completed,boleto,3201.39
611,829,25,2025-03-19 09:15:00,completed,boleto,84.09
612,163,10,2025-04-16 05:38:00,cancelled,pix,2215.84
613,560,38,2025-02-01 13:55:00,completed,credit_card,2124.52
614,399,44,2025-04-20 11:16:00,cancelled,pix,2032.87
615,583,6,2025-04-17 14:04:00,returned,pix,1670.71
616,399,27,2025-03-06 22:46:00,completed,debit_card,2986.46
617,493,35,2025-02-05 10:01:00,completed,debit_card,2314.48
618,646,10,2025-05-14 08:29:00,pending,credit_card,2740.88
619,239,9,2025-10-25 17:33:00,cancelled,credit_card,422.02
620,465,20,2025-12-02 01:28:00,completed,pix,193.65
621,580,37,2025-09-30 14:53:00,completed,pix,119.28
622,790,35,2025-06-01 02:23:00,completed,pix,532.28
623,32,37,2025-09-10 16:58:00,completed,pix,2341.19
624,123,40,2025-04-07 00:46:00,completed,debit_card,1739.2
625,534,8,2025-06-07 18:29:00,completed,boleto,2637.84
626,667,46,2025-03-29 19:59:00,completed,boleto,687.22
627,110,31,2025-10-19 21:43:00,completed,boleto,1297.03
628,271,49,2025-04-05 14:13:00,returned,credit_card,3111.97
629,380,43,2025-07-03 22:12:00,cancelled,credit_card,3276.29
630,300,16,2025-08-11 01:19:00,returned,credit_card,3227.62
631,627,28,2025-09-16 12:42:00,pending,credit_card,2867.7
632,982,6,2025-07-08 23:58:00,completed,debit_card,2415.06
633,732,32,2025-10-03 08:09:00,pending,pix,3199.6
634,742,28,2025-09-11 11:06:00,returned,credit_card,2505.35
635,764,11,2025-12-07 10:38:00,returned,boleto,3339.7
636,249,42,2025-02-24 05:17:00,completed,credit_card,106.26
637,521,23,2025-04-08 01:44:00,completed,boleto,3227.31
638,34,30,2025-05-23 21:36:00,completed,pix,1953.98
639,228,9,2025-08-07 18:18:00,completed,debit_card,409.06
640,585,28,2025-02-17 23:27:00,returned,debit_card,767.89
641,399,24,2025-08-25 21:02:00,completed,credit_card,2985.51
642,958,28,2025-07-24 21:44:00,cancelled,credit_card,1781.29
643,813,24,2025-06-24 15:54:00,completed,boleto,3440.21
644,724,15,2025-04-09 17:40:00,completed,credit_card,429.01
645,584,39,2025-10-30 17:28:00,completed,debit_card,1455.51
646,570,50,2025-01-24 12:32:00,completed,credit_card,1174.92
647,220,33,2025-07-09 11:52:00,completed,boleto,1816.15
648,371,47,2025-09-06 02:06:00,completed,pix,2224.36
649,787,34,2025-12-06 06:15:00,completed,debit_card,2322.47
650,761,22,2025-09-24 19:13:00,pending,debit_card,24.51
651,528,29,2025-03-01 13:34:00,completed,pix,329.58
652,75,34,2025-09-27 19:18:00,pending,pix,142.02
653,618,42,2025-05-18 20:42:00,completed,debit_card,3028.81
654,136,47,2025-06-03 00:37:00,completed,boleto,1110.26
655,929,10,2025-10-14 13:52:00,completed,boleto,1297.38
656,74,45,2025-02-15 19:02:00,pending,credit_card,1587.29
657,254,30,2025-12-20 20:45:00,completed,boleto,2975.58
658,18,11,2025-12-29 21:12:00,completed,debit_card,69.3
659,931,34,2025-10-14 20:49:00,returned,credit_card,432.79
660,43,21,2025-08-29 09:44:00,completed,boleto,2404.37
661,50,13,2025-02-13 01:41:00,completed,pix,3374.35
662,515,25,2025-11-16 12:35:00,pending,boleto,2256.9
663,744,21,2025-01-30 08:51:00,completed,credit_card,928.71
664,731,1,2025-10-25 09:56:00,completed,pix,1829.13
665,571,5,2025-10-02 03:14:00,completed,credit_card,3412.93
666,796,22,2025-07-30 21:04:00,completed,credit_card,1857.71
667,814,7,2025-01-18 19:55:00,completed,pix,1319.81
668,576,13,2025-07-02 03:58:00,completed,credit_card,1354.32
669,582,45,2025-03-06 01:48:00,cancelled,debit_card,3385.28
670,303,23,2025-07-26 08:22:00,completed,credit_card,2521.83
671,142,21,2025-08-23 06:49:00,completed,debit_card,2411.36
672,903,6,2025-08-30 03:15:00,cancelled,pix,827.55
673,202,20,2025-08-06 06:23:00,completed,credit_card,1967.01
674,207,12,2025-04-01 04:47:00,completed,boleto,1261.47
675,415,40,2025-07-25 14:23:00,cancelled,credit_card,855.9
676,221,9,2025-08-21 20:19:00,completed,debit_card,3136.52
677,362,50,2025-08-20 17:53:00,completed,debit_card,1353.38
678,758,28,2025-05-20 23:14:00,returned,boleto,1004.1
679,81,11,2025-12-10 18:10:00,returned,pix,3262.39
680,763,32,2025-09-15 23:53:00,completed,debit_card,706.77
681,563,11,2025-05-07 01:17:00,completed,debit_card,2614.36
682,285,24,2025-02-18 19:45:00,completed,debit_card,2291.56
683,369,15,2025-11-01 21:10:00,completed,credit_card,3223.29
684,492,41,2025-11-25 10:43:00,completed,credit_card,2915.52
685,911,35,2025-04-21 10:34:00,completed,credit_card,2474.43
686,896,17,2025-11-29 00:28:00,cancelled,credit_card,1114.71
687,346,25,2025-05-11 00:56:00,completed,credit_card,1744.58
688,204,49,2025-11-27 15:28:00,cancelled,boleto,3306.85
689,25,35,2025-09-16 08:47:00,completed,debit_card,100.75
690,957,19,2025-10-01 08:05:00,completed,boleto,2784.27
691,553,41,2025-09-09 00:07:00,completed,debit_card,896.3
692,69,31,2025-06-18 04:28:00,completed,credit_card,663.86
693,516,17,2025-09-19 03:27:00,completed,credit_card,828.14
694,492,50,2025-06-14 22:21:00,cancelled,pix,227.93
695,240,23,2025-08-11 07:46:00,completed,pix,3472.09
696,361,47,2025-07-26 17:15:00,completed,boleto,3047.14
697,441,1,2025-07-03 01:45:00,completed,debit_card,1833.27
698,31,10,2025-05-20 02:59:00,completed,boleto,2508.56
699,899,8,2025-03-29 01:15:00,completed,pix,1956.95
700,629,42,2025-01-20 07:18:00,cancelled,debit_card,2844.29
701,707,26,2025-08-16 02:31:00,completed,boleto,2959.78
702,602,34,2025-01-14 12:37:00,completed,pix,830.11
703,690,19,2025-10-13 01:22:00,cancelled,credit_card,1619.92
704,657,14,2025-05-31 23:20:00,pending,boleto,2229.27
705,956,8,2025-05-31 17:40:00,completed,credit_card,3424.97
706,714,1,2025-09-28 19:19:00,pending,boleto,2395.76
707,322,48,2025-12-21 23:41:00,completed,debit_card,3143.77
708,344,25,2025-12-19 15:51:00,pending,debit_card,2964.47
709,715,24,2025-10-09 07:45:00,completed,debit_card,2045.58
710,536,47,2025-07-18 22:39:00,completed,debit_card,3129.92
711,355,20,2025-08-31 04:34:00,completed,pix,1333.43
712,471,30,2025-07-09 23:46:00,completed,credit_card,1339.91
713,928,5,2025-08-21 14:51:00,completed,pix,2737.76
714,983,3,2025-04-02 02:24:00,cancelled,boleto,488.21
715,994,32,2025-03-02 10:51:00,cancelled,boleto,1084.27
716,105,17,2025-04-15 14:53:00,completed,credit_card,2137.83
717,787,42,2025-06-20 08:20:00,completed,credit_card,1481.83
718,322,5,2025-03-05 21:56:00,completed,pix,3293.72
719,572,11,2025-04-13 11:55:00,completed,debit_card,3355.6
720,883,38,2025-07-15 14:56:00,returned,pix,1768.98
721,962,4,2025-12-25 18:12:00,completed,pix,1895.94
722,527,39,2025-04-09 12:40:00,completed,boleto,2541.7
723,504,19,2025-06-13 11:39:00,completed,pix,1611.28
724,85,39,2025-04-18 10:12:00,completed,credit_card,681.54
725,931,46,2025-07-02 15:51:00,completed,debit_card,2619.45
726,709,49,2025-07-24 03:06:00,completed,boleto,2587.49
727,235,23,2025-12-06 10:05:00,completed,credit_card,872.53
728,923,17,2025-06-01 06:13:00,completed,boleto,2918.55
729,856,13,2025-09-25 06:50:00,completed,pix,2155.5
730,263,27,2025-08-25 01:33:00,completed,pix,842.33
731,6,1,2025-10-06 12:22:00,completed,credit_card,2289.1
732,494,2,2025-12-02 22:59:00,pending,credit_card,832.96
733,893,18,2025-12-12 19:12:00,completed,boleto,943.01
734,289,36,2025-10-03 16:21:00,cancelled,debit_card,2971.07
735,570,45,2025-09-21 09:10:00,completed,boleto,3254.63
736,945,33,2025-02-22 06:37:00,completed,pix,913.95
737,657,36,2025-12-27 19:30:00,completed,credit_card,3249.62
738,878,2,2025-12-02 17:35:00,completed,credit_card,851.02
739,554,4,2025-03-26 22:52:00,returned,boleto,428.09
740,350,16,2025-06-12 15:51:00,completed,credit_card,222.62
741,200,4,2025-03-03 21:16:00,completed,credit_card,862.55
742,936,9,2025-06-24 18:31:00,returned,pix,1360.66
743,686,49,2025-11-26 02:38:00,completed,debit_card,3247.87
744,967,21,2025-01-19 01:11:00,completed,credit_card,862.71
745,966,23,2025-12-24 03:05:00,completed,credit_card,1291.82
746,964,2,2025-06-09 10:17:00,completed,boleto,2574.86
747,897,3,2025-10-08 09:37:00,completed,debit_card,1071.22
748,335,23,2025-03-08 08:36:00,completed,pix,2401.6
749,607,26,2025-04-20 00:29:00,cancelled,credit_card,1523.63
750,217,47,2025-08-14 04:24:00,cancelled,debit_card,703.63
751,623,7,2025-10-02 10:44:00,completed,debit_card,2574.52
752,353,36,2025-12-19 01:21:00,completed,boleto,114.1
753,692,44,2025-12-28 12:56:00,completed,pix,1037.33
754,675,33,2025-10-10 23:12:00,completed,debit_card,1259.51
755,631,49,2025-09-22 07:54:00,completed,pix,1614.6
756,325,36,2025-07-21 15:34:00,cancelled,debit_card,2385.94
757,901,4,2025-12-13 07:22:00,completed,credit_card,1618.73
758,228,23,2025-02-11 12:18:00,completed,pix,2088.25
759,145,25,2025-02-01 19:53:00,completed,boleto,2093.31
760,949,41,2025-09-12 05:21:00,completed,debit_card,1318.99
761,308,26,2025-11-19 13:47:00,completed,credit_card,3270.22
762,654,28,2025-05-17 08:55:00,completed,debit_card,3346.37
763,634,28,2025-02-23 00:41:00,completed,credit_card,2044.84
764,285,21,2025-09-01 07:33:00,completed,pix,269.48
765,392,10,2025-04-04 21:09:00,completed,boleto,1729.12
766,738,27,2025-12-29 14:34:00,completed,credit_card,661.78
767,360,15,2025-08-13 04:54:00,returned,debit_card,1701.59
768,769,17,2025-01-22 11:49:00,completed,credit_card,675.92
769,797,39,2025-03-19 11:01:00,completed,credit_card,2469.42
770,932,35,2025-02-12 22:42:00,completed,boleto,299.89
771,947,5,2025-12-05 21:39:00,completed,pix,3337.5
772,165,16,2025-06-11 18:10:00,returned,credit_card,699.91
773,733,23,2025-07-20 18:54:00,completed,credit_card,2319.08
774,581,39,2025-07-22 22:53:00,returned,debit_card,3211.03
775,821,48,2025-04-01 12:36:00,completed,debit_card,882.64
776,224,9,2025-01-03 16:09:00,completed,pix,3271.35
777,124,33,2025-01-09 14:00:00,completed,pix,1372.59
778,948,35,2025-09-17 04:16:00,completed,pix,3362.65
779,344,40,2025-07-01 13:25:00,completed,debit_card,3400.35
780,851,50,2025-12-29 06:18:00,cancelled,credit_card,674.52
781,524,24,2025-10-26 17:39:00,completed,pix,2912.18
782,52,24,2025-02-07 17:30:00,completed,debit_card,693.11
783,129,50,2025-02-05 21:47:00,completed,debit_card,808.01
784,135,24,2025-07-15 00:33:00,completed,pix,312.76
785,657,19,2025-01-29 01:07:00,completed,debit_card,564.75
786,127,39,2025-11-25 12:08:00,completed,credit_card,2220.12
787,738,25,2025-05-10 14:33:00,completed,boleto,1583.4
788,939,31,2025-10-03 03:30:00,completed,debit_card,2772.49
789,71,38,2025-09-27 10:28:00,pending,debit_card,1175.35
790,273,25,INVALID_DATE,pending,boleto,3390.81
791,187,27,2025-02-28 14:21:00,completed,credit_card,193.56
792,3,32,2025-05-15 17:04:00,returned,pix,239.02
793,285,11,2025-02-11 20:32:00,cancelled,debit_card,2460.78
794,22,5,2025-12-11 09:16:00,completed,credit_card,3108.64
795,166,44,2025-06-25 18:11:00,completed,pix,2788.34
796,310,33,2025-07-03 09:04:00,completed,credit_card,1724.56
797,875,19,2025-03-15 16:41:00,completed,boleto,958.35
798,477,43,2025-11-23 16:35:00,cancelled,debit_card,66.81
799,498,47,2025-07-03 11:57:00,pending,credit_card,1792.89
800,434,16,2025-07-11 00:09:00,cancelled,pix,1675.21
801,758,35,2025-10-17 23:27:00,completed,pix,1217.98
802,234,11,2025-07-23 13:25:00,completed,pix,2031.69
803,837,11,2025-09-15 21:04:00,completed,boleto,2556.28
804,670,10,2025-02-27 03:29:00,completed,credit_card,2459.09
805,663,34,2025-10-14 20:50:00,completed,credit_card,936.12
806,725,5,2025-10-06 09:30:00,completed,pix,2056.86
807,376,23,2025-08-06 03:00:00,completed,pix,537.74
808,730,25,2025-06-30 04:40:00,completed,pix,443.17
809,246,29,2025-12-05 22:27:00,pending,boleto,2754.78
810,303,40,2025-08-19 02:36:00,completed,boleto,2434.24
811,405,13,2025-04-03 16:58:00,pending,debit_card,2692.39
812,788,47,2025-06-26 09:44:00,returned,debit_card,550.57
813,663,32,2025-03-04 12:09:00,cancelled,debit_card,3202.87
814,708,34,2025-10-21 20:39:00,pending,pix,483.23
815,917,12,2025-02-01 02:56:00,completed,boleto,3047.73
816,21,24,2025-01-03 20:58:00,completed,boleto,1246.28
817,257,40,2025-03-05 07:36:00,pending,debit_card,386.91
818,399,21,2025-08-23 18:49:00,pending,pix,1017.96
819,529,29,2025-09-05 05:27:00,completed,credit_card,651.44
820,51,23,2025-06-03 20:32:00,pending,pix,1727.53
821,447,33,2025-01-31 09:24:00,completed,pix,3325.11
822,270,8,2025-03-27 10:30:00,completed,debit_card,1160.99
823,827,42,2025-08-08 18:22:00,completed,boleto,2150.1
824,595,13,2025-09-12 06:22:00,completed,boleto,3123.19
825,818,5,2025-02-11 18:08:00,completed,credit_card,2212.66
826,636,41,2025-06-02 04:08:00,completed,boleto,1280.45
827,802,10,2025-06-12 04:20:00,completed,boleto,3468.12
828,262,14,2025-01-04 11:59:00,pending,credit_card,672.2
829,365,24,2025-04-16 19:13:00,completed,credit_card,1840.93
830,49,11,2025-03-20 10:15:00,completed,debit_card,2792.54
831,518,46,2025-07-21 04:50:00,completed,debit_card,22.26
832,629,3,2025-02-06 20:13:00,completed,debit_card,2463.11
833,118,29,2025-05-07 02:01:00,completed,debit_card,947.42
834,453,48,2025-03-01 23:06:00,completed,boleto,610.65
835,775,30,2025-08-17 15:11:00,returned,debit_card,974.2
836,865,49,2025-10-09 20:01:00,completed,pix,3384.52
837,973,37,2025-08-11 18:55:00,completed,credit_card,3123.93
838,947,7,2025-03-22 16:54:00,cancelled,debit_card,763.87
839,886,17,2025-12-03 19:21:00,returned,credit_card,427.25
840,641,20,2025-10-04 17:39:00,completed,boleto,1287.25
841,397,11,2025-10-06 08:26:00,completed,debit_card,2081.33
842,683,44,2025-10-31 03:42:00,completed,pix,3037.66
843,27,25,2025-07-12 09:48:00,completed,credit_card,3381.99
844,711,24,2025-09-16 14:37:00,completed,debit_card,2634.01
845,372,2,2025-09-09 16:41:00,cancelled,pix,2104.55
846,899,27,2025-11-27 08:58:00,completed,boleto,515.32
847,826,19,2025-10-24 07:14:00,completed,pix,277.62
848,857,29,2025-02-27 05:29:00,completed,boleto,2094.17
849,97,37,2025-01-17 03:28:00,returned,credit_card,1895.94
850,1000,11,2025-12-01 23:36:00,completed,debit_card,2964.39
851,529,19,2025-01-06 13:44:00,completed,pix,1142.67
852,685,28,2025-11-27 03:50:00,completed,pix,158.12
853,974,39,2025-06-13 02:24:00,completed,pix,1494.5
854,613,21,2025-05-02 10:35:00,pending,boleto,3392.75
855,186,26,2025-09-03 19:33:00,completed,credit_card,2788.6
856,696,22,2025-10-13 17:53:00,completed,credit_card,137.53
857,950,6,2025-04-10 22:47:00,completed,debit_card,3063.88
858,215,11,2025-03-01 03:38:00,pending,debit_card,1661.48
859,251,14,2025-12-25 17:00:00,completed,credit_card,1289.39
860,216,36,2025-10-04 03:54:00,returned,credit_card,1226.65
861,29,40,2025-02-14 04:10:00,completed,credit_card,2091.1
862,102,41,2025-11-28 08:57:00,completed,pix,1866.49
863,123,2,2025-12-05 05:05:00,completed,boleto,2305.06
864,54,43,2025-10-27 19:22:00,completed,credit_card,2016.27
865,283,20,2025-01-04 22:28:00,pending,debit_card,520.93
866,614,22,2025-06-04 13:02:00,completed,boleto,915.18
867,117,39,2025-05-04 19:07:00,completed,pix,2946.78
868,616,4,2025-04-18 23:29:00,completed,boleto,2328.14
869,557,29,2025-08-27 23:26:00,completed,credit_card,1580.43
870,114,46,2025-08-03 03:22:00,cancelled,boleto,655.45
871,855,24,2025-03-03 16:35:00,completed,debit_card,46.76
872,543,1,2025-03-12 19:08:00,completed,boleto,1105.37
873,676,24,2025-05-09 14:34:00,completed,credit_card,210.87
874,977,30,2025-11-21 03:15:00,completed,boleto,1698.35
875,701,12,2025-07-24 01:31:00,completed,boleto,2879.87
876,293,19,2025-04-07 02:08:00,cancelled,boleto,1013.19
877,195,37,2025-04-19 15:50:00,completed,debit_card,2970.18
878,292,40,2025-07-26 22:26:00,completed,boleto,2471.88
879,887,43,2025-01-10 05:01:00,completed,boleto,455.91
880,261,4,2025-02-23 06:29:00,returned,pix,2263.08
881,942,15,2025-09-14 02:00:00,completed,boleto,547.85
882,207,20,2025-07-24 02:45:00,completed,boleto,2298.67
883,564,44,2025-07-11 12:36:00,completed,pix,516.65
884,49,20,2025-07-05 14:07:00,completed,debit_card,1385.94
885,6,21,2025-07-19 18:04:00,completed,debit_card,1991.75
886,379,10,2025-10-25 17:45:00,completed,pix,195.3
887,394,30,2025-10-22 17:10:00,pending,pix,553.51
888,886,24,2025-11-14 19:46:00,completed,boleto,1135.02
889,224,48,2025-08-03 23:10:00,completed,debit_card,1628.87
890,23,40,2025-08-14 20:03:00,completed,debit_card,3007.54
891,657,40,2025-08-28 11:46:00,completed,boleto,671.71
892,110,38,2025-01-02 12:27:00,completed,credit_card,1229.2
893,724,3,2025-12-04 06:47:00,completed,boleto,1675.7
894,812,29,2025-10-23 20:44:00,completed,credit_card,1049.31
895,553,8,2025-03-29 16:30:00,completed,boleto,2197.6
896,399,29,2025-08-19 06:47:00,completed,pix,912.98
897,172,10,2025-09-03 17:07:00,completed,boleto,2707.78
898,698,5,2025-02-26 10:17:00,pending,pix,1777.94
899,726,11,2025-02-12 21:13:00,completed,credit_card,320.34
900,306,4,2025-10-08 18:23:00,completed,credit_card,2201.96
901,564,49,2025-10-22 11:12:00,completed,pix,2000.97
902,582,35,2025-01-17 06:08:00,completed,pix,1198.32
903,708,50,2025-03-28 04:36:00,pending,debit_card,58.83
904,959,40,2025-01-13 02:13:00,completed,debit_card,718.44
905,954,12,2025-02-11 07:40:00,completed,boleto,1431.87
906,151,21,2025-02-09 03:18:00,completed,pix,715.7
907,428,16,2025-02-15 23:17:00,cancelled,credit_card,2029.67
908,621,14,2025-12-10 01:12:00,returned,debit_card,2498.89
909,467,21,2025-06-05 04:52:00,completed,pix,2998.94
910,630,48,2025-10-23 21:10:00,cancelled,credit_card,2271.5
911,877,27,2025-02-22 22:40:00,completed,credit_card,2417.75
912,607,36,2025-06-13 14:35:00,returned,pix,2137.38
913,768,1,2025-12-29 23:50:00,cancelled,boleto,3449.49
914,556,1,2025-07-13 09:06:00,returned,debit_card,928.28
915,948,22,2025-01-05 20:08:00,completed,debit_card,946.58
916,67,15,2025-07-21 03:42:00,pending,pix,459.64
917,156,20,2025-05-13 14:00:00,completed,boleto,1710.18
918,835,3,2025-07-03 05:24:00,completed,credit_card,354.64
919,206,14,2025-06-11 03:56:00,completed,boleto,960.11
920,786,9,2025-01-17 02:39:00,cancelled,debit_card,1699.73
921,155,19,2025-11-01 00:45:00,completed,pix,3352.43
922,691,40,2025-04-24 07:47:00,completed,debit_card,3374.07
923,509,34,2025-11-13 01:50:00,completed,pix,2608.22
924,572,4,2025-12-20 20:31:00,completed,boleto,1374.59
925,74,33,2025-12-23 21:42:00,cancelled,debit_card,3030.76
926,49,43,2025-01-04 20:00:00,cancelled,boleto,3066.59
927,783,37,2025-04-27 08:07:00,completed,debit_card,3187.49
928,467,2,2025-05-02 14:41:00,completed,boleto,2247.29
929,585,27,2025-11-24 15:17:00,completed,debit_card,722.24
930,708,45,2025-06-23 17:04:00,completed,pix,336.96
931,911,17,2025-02-15 02:05:00,completed,boleto,3203.42
932,179,49,2025-09-14 12:00:00,completed,boleto,213.3
933,48,50,2025-07-30 20:02:00,completed,pix,1049.7
934,72,31,2025-09-01 21:01:00,completed,credit_card,1714.63
935,113,41,2025-03-11 10:17:00,completed,debit_card,96.48
936,757,6,2025-12-18 06:38:00,completed,debit_card,3176.05
937,897,31,2025-12-27 12:43:00,completed,pix,1019.18
938,903,3,2025-12-02 17:22:00,completed,debit_card,119.2
939,821,40,2025-01-21 09:05:00,returned,boleto,3477.69
940,159,3,2025-09-16 12:11:00,completed,boleto,1103.65
941,786,33,2025-12-09 22:14:00,completed,pix,3071.14
942,780,13,2025-08-19 01:50:00,completed,boleto,1598.09
943,816,21,2025-03-09 15:26:00,cancelled,credit_card,2327.68
944,30,37,2025-08-05 06:42:00,pending,debit_card,858.99
945,97,16,2025-08-02 06:06:00,completed,pix,1770.01
946,251,21,2025-09-25 01:43:00,completed,pix,916.63
947,519,48,2025-01-11 18:54:00,completed,debit_card,3329.77
948,92,44,2025-03-11 19:46:00,pending,credit_card,232.09
949,113,13,2025-07-08 01:04:00,completed,pix,975.87
950,259,4,2025-06-10 15:24:00,cancelled,debit_card,3128.02
951,107,31,2025-12-03 07:13:00,completed,credit_card,1690.53
952,575,9,2025-10-04 23:14:00,completed,pix,2108.29
953,390,48,2025-06-12 05:32:00,cancelled,credit_card,2287.89
954,991,33,2025-08-01 13:21:00,completed,pix,266.83
955,358,37,2025-04-10 11:59:00,completed,debit_card,81.73
956,783,37,2025-05-17 16:46:00,completed,debit_card,3283.69
957,199,24,2025-10-08 13:35:00,cancelled,debit_card,964.83
958,427,25,2025-10-21 03:32:00,completed,credit_card,1343.49
959,478,41,2025-02-18 22:23:00,completed,boleto,2393.68
960,859,29,2025-03-06 22:20:00,completed,credit_card,842.34
961,849,40,2025-05-25 06:52:00,cancelled,debit_card,2571.09
962,503,50,2025-02-28 18:07:00,cancelled,pix,1614.68
963,658,47,2025-08-20 20:00:00,completed,boleto,3001.0
964,918,36,2025-03-25 09:16:00,completed,credit_card,989.32
965,573,15,2025-02-10 18:12:00,completed,credit_card,729.3
966,120,45,2025-04-22 20:41:00,completed,pix,2914.28
967,573,18,2025-03-19 13:58:00,pending,pix,1155.61
968,309,20,2025-09-03 04:36:00,completed,debit_card,1453.3
969,538,5,2025-12-31 05:20:00,completed,credit_card,2782.1
970,627,18,2025-06-21 21:36:00,completed,pix,2231.81
971,475,40,2025-01-26 06:53:00,completed,pix,1557.21
972,552,1,2025-04-10 22:08:00,completed,boleto,889.62
973,344,19,2025-12-30 01:00:00,completed,debit_card,2679.42
974,628,23,2025-01-26 07:48:00,pending,debit_card,647.9
975,136,26,2025-05-05 06:49:00,completed,credit_card,3250.41
976,277,49,2025-10-21 22:51:00,completed,pix,543.1
977,989,29,2025-12-11 00:53:00,completed,debit_card,2821.17
978,811,34,2025-06-14 00:27:00,returned,credit_card,1496.39
979,533,19,2025-01-30 04:56:00,completed,debit_card,667.3
980,899,48,2025-02-05 23:51:00,returned,credit_card,1420.28
981,31,18,2025-10-24 04:08:00,completed,pix,791.0
982,247,2,2025-07-12 05:35:00,cancelled,debit_card,493.26
983,411,27,2025-07-20 19:52:00,completed,credit_card,852.26
984,27,6,2025-11-20 06:45:00,completed,credit_card,3038.55
985,73,39,2025-06-11 22:32:00,completed,pix,388.68
986,953,6,2025-09-06 07:34:00,completed,debit_card,3404.44
987,97,6,2025-12-31 14:05:00,returned,credit_card,37.39
988,673,31,2025-07-10 03:40:00,completed,credit_card,2310.67
989,346,41,2025-10-04 03:30:00,completed,credit_card,3000.66
990,476,40,2025-05-06 14:42:00,completed,credit_card,3270.17
991,300,30,2025-03-24 10:16:00,completed,debit_card,521.07
992,299,21,2025-01-04 11:14:00,completed,boleto,2449.77
993,287,41,2025-02-18 03:00:00,completed,debit_card,393.58
994,885,44,2025-08-01 13:33:00,completed,credit_card,1247.09
995,449,18,2025-07-26 06:16:00,pending,debit_card,2567.1
996,212,23,2025-07-31 08:39:00,completed,debit_card,1223.99
997,76,38,2025-12-25 15:59:00,completed,pix,1110.54
998,401,23,2025-11-06 00:15:00,completed,pix,423.87
999,655,28,2025-08-24 21:19:00,returned,credit_card,251.2
1000,34,36,2025-02-05 21:57:00,completed,boleto,421.17
1001,498,25,2025-01-02 22:03:00,completed,pix,3066.65
1002,848,7,2025-09-04 13:34:00,completed,debit_card,58.97
1003,516,18,2025-02-08 12:40:00,completed,credit_card,2431.17
1004,328,20,2025-05-24 20:19:00,completed,boleto,2694.81
1005,98,5,2025-03-24 00:14:00,completed,pix,1996.25
1006,366,18,2025-02-23 08:48:00,completed,credit_card,2563.1
1007,729,42,2025-04-27 16:17:00,completed,boleto,2289.9
1008,463,40,2025-11-06 00:12:00,completed,credit_card,1605.34
1009,28,33,2025-11-04 13:39:00,completed,boleto,1351.83
1010,713,15,2025-12-01 04:15:00,completed,pix,3295.84
1011,386,35,2025-12-03 20:57:00,pending,debit_card,3402.34
1012,273,47,2025-12-16 15:56:00,pending,debit_card,2286.42
1013,826,46,2025-10-19 18:42:00,completed,pix,706.6
1014,127,1,2025-02-01 07:35:00,completed,pix,1578.69
1015,202,21,2025-11-25 13:46:00,cancelled,pix,1747.95
1016,521,8,2025-09-30 07:18:00,pending,boleto,2657.74
1017,287,7,2025-10-17 19:39:00,returned,boleto,2343.86
1018,450,41,2025-09-01 02:27:00,completed,boleto,1811.55
1019,88,50,2025-09-30 16:30:00,completed,boleto,2387.67
1020,318,44,2025-03-17 19:22:00,completed,boleto,103.72
1021,19,40,2025-09-24 00:31:00,completed,boleto,2722.69
1022,593,40,2025-07-07 14:50:00,completed,boleto,756.48
1023,107,30,2025-08-16 03:09:00,completed,pix,2304.3
1024,458,38,2025-07-25 10:09:00,completed,boleto,416.63
1025,311,35,2025-07-08 11:41:00,completed,credit_card,418.32
1026,412,2,2025-05-01 08:31:00,completed,boleto,144.09
1027,742,46,2025-11-03 04:00:00,completed,debit_card,3187.61
1028,624,8,2025-06-02 23:23:00,cancelled,debit_card,2123.86
1029,732,38,2025-11-08 16:28:00,pending,pix,1279.63
1030,635,4,2025-08-25 14:06:00,completed,debit_card,2761.47
1031,498,37,2025-08-08 18:23:00,returned,debit_card,2198.77
1032,244,21,2025-06-20 05:44:00,completed,debit_card,2177.88
1033,690,13,2025-05-16 23:04:00,completed,pix,1714.91
1034,577,9,2025-08-18 22:39:00,returned,pix,47.59
1035,380,45,2025-04-24 08:44:00,completed,boleto,919.45
1036,515,29,2025-11-11 04:13:00,completed,debit_card,399.59
1037,207,41,2025-03-12 05:58:00,completed,boleto,2325.19
1038,948,24,2025-02-14 10:12:00,completed,pix,885.2
1039,394,16,2025-12-02 10:07:00,completed,boleto,1586.58
1040,21,12,2025-10-29 12:59:00,completed,boleto,1249.94
1041,805,2,2025-07-15 22:20:00,completed,debit_card,518.33
1042,527,19,2025-04-26 19:42:00,pending,pix,3355.13
1043,343,30,2025-03-27 11:39:00,completed,debit_card,3268.3
1044,718,16,2025-03-17 15:44:00,completed,boleto,314.44
1045,975,24,2025-06-21 22:12:00,completed,pix,2899.23
1046,202,13,2025-08-27 14:55:00,cancelled,boleto,1719.54
1047,120,5,2025-05-17 20:57:00,pending,boleto,2712.6
1048,649,23,2025-07-20 03:33:00,cancelled,debit_card,546.03
1049,812,38,2025-02-28 21:31:00,completed,pix,480.31
1050,807,31,2025-05-13 00:41:00,completed,pix,3119.84
1051,389,17,2025-09-22 00:12:00,completed,debit_card,3144.41
1052,537,49,2025-11-12 09:11:00,completed,credit_card,1641.37
1053,824,49,2025-11-13 11:38:00,completed,debit_card,3048.15
1054,234,3,2025-07-28 22:16:00,returned,debit_card,2342.76
1055,633,26,2025-05-16 20:23:00,completed,credit_card,663.83
1056,602,13,2025-07-25 11:06:00,returned,pix,1164.76
1057,320,44,2025-05-18 15:57:00,completed,credit_card,493.49
1058,712,38,2025-07-17 05:03:00,returned,boleto,2713.34
1059,982,22,2025-07-20 22:40:00,completed,boleto,3448.67
1060,180,21,2025-11-28 17:37:00,cancelled,debit_card,1921.4
1061,857,29,2025-11-12 03:29:00,completed,boleto,2302.41
1062,368,45,2025-02-04 09:22:00,returned,credit_card,2616.4
1063,76,46,2025-06-09 21:13:00,completed,boleto,800.42
1064,649,39,2025-10-04 11:02:00,completed,pix,1189.28
1065,650,5,2025-09-17 07:13:00,completed,debit_card,1454.88
1066,496,14,2025-01-06 04:45:00,completed,debit_card,2089.17
1067,522,18,2025-10-22 21:51:00,completed,pix,2979.71
1068,201,4,2025-03-20 06:21:00,returned,pix,904.63
1069,830,33,2025-05-24 23:52:00,completed,debit_card,1658.69
1070,346,39,2025-05-09 03:14:00,pending,pix,2635.34
1071,483,20,2025-11-06 02:13:00,completed,boleto,324.1
1072,219,13,2025-05-26 20:48:00,completed,boleto,1804.87
1073,60,36,2025-01-26 16:59:00,completed,boleto,522.44
1074,991,45,2025-07-01 14:17:00,cancelled,boleto,1896.24
1075,659,4,2025-09-21 17:07:00,completed,credit_card,2692.02
1076,619,35,2025-04-21 03:18:00,completed,credit_card,844.58
1077,550,8,2025-11-06 07:34:00,completed,credit_card,2976.18
1078,646,40,2025-12-09 04:30:00,completed,credit_card,1185.12
1079,911,49,2025-10-17 18:07:00,completed,boleto,683.93
1080,221,47,2025-11-22 12:38:00,completed,boleto,1639.33
1081,815,36,2025-09-18 05:43:00,completed,pix,3068.74
1082,941,6,2025-01-19 00:19:00,completed,credit_card,259.89
1083,502,22,2025-04-17 21:39:00,cancelled,credit_card,1159.95
1084,133,6,2025-06-13 22:54:00,completed,debit_card,2293.01
1085,846,42,2025-09-21 11:33:00,cancelled,pix,1264.38
1086,53,36,2025-04-16 12:36:00,completed,boleto,266.47
1087,450,9,2025-04-19 12:15:00,completed,pix,1175.36
1088,62,16,2025-11-19 13:02:00,completed,pix,2876.94
1089,23,39,2025-10-24 07:13:00,completed,debit_card,3388.77
1090,44,46,2025-08-30 13:03:00,completed,debit_card,158.43
1091,820,38,2025-03-29 09:09:00,completed,pix,2001.11
1092,558,33,2025-03-31 00:56:00,completed,credit_card,386.46
1093,659,18,2025-05-02 22:47:00,completed,boleto,2387.78
1094,728,12,2025-10-12 05:59:00,completed,debit_card,47.46
1095,852,27,2025-09-02 13:16:00,completed,debit_card,71.3
1096,47,47,2025-07-10 15:35:00,cancelled,boleto,2723.54
1097,859,1,2025-03-13 03:56:00,pending,debit_card,279.03
1098,820,15,2025-09-23 21:05:00,completed,pix,1082.03
1099,24,47,2025-05-06 23:49:00,cancelled,boleto,3353.98
1100,657,27,2025-06-01 09:00:00,returned,credit_card,3448.66
1101,89,16,2025-12-16 16:31:00,completed,debit_card,581.68
1102,174,21,2025-12-04 23:15:00,completed,debit_card,1971.94
1103,576,1,2025-02-22 08:43:00,cancelled,pix,1965.84
1104,119,29,2025-08-23 00:26:00,completed,credit_card,1594.28
1105,735,3,2025-03-14 20:47:00,completed,debit_card,3237.96
1106,668,12,2025-12-04 09:13:00,completed,boleto,2644.04
1107,178,28,2025-11-05 05:22:00,pending,boleto,2680.55
1108,832,39,2025-07-27 21:32:00,returned,pix,958.1
1109,924,37,2025-01-17 05:46:00,completed,pix,1531.43
1110,342,31,2025-05-04 11:46:00,returned,debit_card,1716.23
1111,568,31,2025-12-17 02:38:00,completed,pix,1060.21
1112,59,33,2025-07-21 16:46:00,completed,boleto,349.97
1113,901,33,2025-08-13 06:39:00,completed,pix,459.73
1114,438,47,2025-06-25 02:36:00,returned,boleto,648.74
1115,428,40,2025-11-23 00:10:00,completed,debit_card,728.71
1116,426,11,2025-08-13 11:38:00,completed,boleto,863.07
1117,968,46,2025-06-22 17:24:00,completed,pix,909.0
1118,381,29,2025-05-20 17:22:00,completed,boleto,1605.89
1119,486,25,2025-01-18 17:25:00,completed,boleto,1793.31
1120,732,13,2025-02-25 10:18:00,completed,credit_card,1094.9
1121,185,44,2025-03-21 13:49:00,cancelled,credit_card,3177.39
1122,559,19,2025-04-11 23:26:00,completed,debit_card,1944.93
1123,460,36,2025-05-15 14:39:00,completed,boleto,2760.42
1124,889,28,2025-09-10 06:58:00,completed,boleto,3236.35
1125,921,4,2025-12-18 16:53:00,completed,boleto,587.71
1126,102,3,2025-06-28 18:38:00,completed,credit_card,1509.0
1127,556,38,2025-10-24 11:03:00,cancelled,boleto,1527.57
1128,15,37,2025-11-06 15:12:00,completed,credit_card,1253.56
1129,748,43,2025-10-13 03:11:00,cancelled,debit_card,50.99
1130,873,25,2025-12-19 05:55:00,pending,boleto,2859.58
1131,51,41,2025-12-23 21:51:00,completed,boleto,408.23
1132,309,35,2025-08-16 07:50:00,completed,pix,3484.27
1133,34,29,2025-11-02 05:03:00,completed,credit_card,2709.9
1134,636,41,2025-03-02 05:24:00,completed,pix,2038.43
1135,589,29,2025-03-08 22:33:00,completed,debit_card,558.03
1136,904,12,2025-10-06 18:26:00,completed,credit_card,1813.57
1137,635,35,2025-10-26 06:25:00,completed,boleto,928.66
1138,205,20,2025-12-29 17:13:00,cancelled,boleto,898.08
1139,740,17,2025-01-24 03:40:00,completed,boleto,2906.76
1140,70,12,2025-07-29 17:14:00,completed,boleto,1344.64
1141,230,50,2025-12-12 01:55:00,completed,debit_card,1588.52
1142,480,36,2025-01-08 16:54:00,completed,boleto,2953.52
1143,533,10,2025-11-20 07:50:00,completed,boleto,325.51
1144,108,18,2025-12-21 12:11:00,returned,boleto,2089.27
1145,876,30,2025-09-25 03:48:00,pending,pix,2032.19
1146,241,8,2025-02-17 18:38:00,completed,debit_card,1499.75
1147,251,41,2025-05-21 00:04:00,completed,credit_card,2907.62
1148,135,13,2025-03-18 11:30:00,completed,debit_card,3301.26
1149,90,31,2025-01-22 00:17:00,completed,debit_card,1639.37
1150,591,6,2025-10-10 22:27:00,cancelled,debit_card,1607.39
1151,440,7,2025-02-06 14:11:00,returned,boleto,1767.18
1152,689,21,2025-10-18 20:29:00,completed,pix,2536.47
1153,298,38,2025-07-23 12:12:00,completed,pix,2344.85
1154,407,43,2025-05-04 09:58:00,completed,pix,795.47
1155,308,49,2025-12-13 01:57:00,completed,pix,242.36
1156,102,28,2025-08-14 22:09:00,completed,credit_card,3323.4
1157,361,44,2025-05-05 01:26:00,completed,pix,928.52
1158,847,21,2025-12-27 00:20:00,completed,boleto,2242.32
1159,624,21,2025-06-04 06:03:00,completed,boleto,2902.96
1160,693,24,2025-12-10 21:56:00,completed,pix,1064.96
1161,616,27,2025-12-07 23:26:00,completed,credit_card,2231.31
1162,528,27,2025-01-01 15:17:00,completed,pix,395.49
1163,608,13,2025-01-28 03:44:00,completed,boleto,3395.36
1164,293,50,2025-07-13 20:23:00,completed,boleto,222.39
1165,146,29,2025-07-02 00:11:00,returned,boleto,1544.85
1166,404,39,2025-11-13 00:21:00,completed,debit_card,1888.13
1167,814,28,2025-10-07 23:17:00,returned,boleto,2770.88
1168,2,37,2025-04-18 07:42:00,completed,pix,441.53
1169,119,29,2025-04-01 02:24:00,completed,boleto,1554.01
1170,855,48,2025-02-11 13:01:00,completed,credit_card,1063.0
1171,606,22,2025-06-01 05:01:00,completed,debit_card,1105.8
1172,191,36,2025-06-23 02:25:00,completed,credit_card,2730.18
1173,3,30,2025-10-31 22:11:00,pending,boleto,39.0
1174,942,28,2025-10-04 05:05:00,completed,debit_card,2626.81
1175,487,23,2025-05-29 16:47:00,completed,debit_card,2840.19
1176,623,33,2025-07-10 12:16:00,completed,debit_card,3156.74
1177,177,4,2025-08-22 12:06:00,completed,boleto,2201.55
1178,257,3,2025-05-22 13:14:00,cancelled,credit_card,1180.42
1179,873,32,2025-03-02 06:35:00,cancelled,boleto,1506.78
1180,534,4,2025-04-25 16:39:00,completed,debit_card,3394.68
1181,477,1,2025-08-17 08:21:00,completed,boleto,3086.53
1182,398,12,2025-06-19 08:37:00,completed,debit_card,1633.07
1183,496,13,2025-05-19 09:38:00,returned,debit_card,3301.86
1184,220,34,2025-12-13 10:03:00,completed,debit_card,2883.88
1185,981,29,2025-04-05 15:25:00,pending,boleto,3155.79
1186,173,9,2025-03-13 02:52:00,completed,boleto,2396.76
1187,736,31,2025-03-22 22:25:00,returned,debit_card,3004.64
1188,390,7,2025-10-18 16:36:00,completed,pix,3123.35
1189,502,13,2025-06-04 06:08:00,completed,credit_card,340.22
1190,577,2,2025-09-15 02:50:00,completed,debit_card,3378.96
1191,789,33,2025-07-19 01:43:00,returned,debit_card,1180.97
1192,761,50,2025-09-22 09:14:00,returned,debit_card,1550.85
1193,260,7,2025-01-11 09:55:00,completed,debit_card,2775.83
1194,131,18,2025-01-17 08:39:00,pending,debit_card,2333.84
1195,113,8,2025-12-28 23:24:00,completed,pix,3127.85
1196,798,12,2025-09-01 21:13:00,pending,boleto,1414.0
1197,799,43,2025-10-04 13:17:00,cancelled,pix,1319.04
1198,930,30,2025-11-05 20:35:00,completed,debit_card,130.28
1199,723,9,2025-12-05 22:11:00,completed,debit_card,1630.28
1200,20,28,2025-11-02 03:59:00,completed,debit_card,2539.77
1201,215,4,2025-01-18 17:17:00,completed,boleto,1068.1
1202,310,39,2025-11-24 16:29:00,cancelled,credit_card,1630.29
1203,251,17,2025-10-16 12:26:00,completed,credit_card,783.5
1204,488,11,2025-05-30 16:38:00,completed,pix,2709.3
1205,382,2,2025-11-27 15:11:00,completed,pix,230.58
1206,409,23,2025-12-03 07:22:00,completed,credit_card,2474.73
1207,271,50,2025-11-16 10:54:00,completed,debit_card,1338.71
1208,934,22,2025-11-07 16:55:00,cancelled,boleto,164.75
1209,407,26,2025-12-26 01:19:00,completed,pix,2990.07
1210,692,12,2025-12-29 01:56:00,cancelled,boleto,1717.27
1211,194,32,2025-03-15 09:26:00,completed,debit_card,2105.63
1212,441,9,2025-07-04 08:31:00,cancelled,debit_card,2567.47
1213,313,43,2025-12-05 14:42:00,completed,pix,2299.66
1214,79,5,2025-05-29 05:36:00,completed,credit_card,2563.38
1215,180,26,2025-08-03 13:34:00,completed,credit_card,2672.74
1216,675,7,2025-02-06 10:06:00,returned,credit_card,2070.25
1217,714,29,2025-10-11 14:16:00,completed,debit_card,1292.42
1218,14,33,2025-10-24 16:14:00,completed,debit_card,866.13
1219,859,24,2025-04-08 07:48:00,cancelled,boleto,3162.1
1220,246,25,2025-01-22 14:05:00,completed,boleto,3395.34
1221,14,31,2025-08-09 15:15:00,completed,boleto,1264.67
1222,99,29,2025-10-11 06:51:00,completed,debit_card,410.84
1223,33,5,2025-12-30 21:26:00,completed,credit_card,794.43
1224,436,38,2025-09-29 03:32:00,completed,debit_card,2353.92
1225,257,45,2025-01-04 23:50:00,completed,boleto,621.81
1226,34,11,2025-08-25 17:52:00,pending,boleto,2734.83
1227,19,32,2025-12-22 09:20:00,completed,boleto,3232.15
1228,664,8,2025-01-25 22:23:00,completed,boleto,3373.51
1229,260,20,2025-05-22 08:41:00,completed,pix,52.45
1230,676,34,2025-12-22 21:33:00,completed,boleto,3354.38
1231,589,47,2025-10-24 21:30:00,completed,debit_card,2595.88
1232,826,42,2025-11-03 13:21:00,cancelled,pix,312.49
1233,416,8,2025-10-25 11:55:00,returned,credit_card,1465.04
1234,137,2,2025-12-18 03:13:00,cancelled,debit_card,2456.16
1235,359,21,2025-10-18 15:54:00,completed,debit_card,3349.27
1236,720,15,2025-12-04 06:11:00,cancelled,credit_card,591.21
1237,754,6,2025-05-20 09:53:00,returned,debit_card,464.51
1238,579,5,2025-01-23 07:01:00,completed,pix,1663.77
1239,116,3,2025-01-02 22:15:00,completed,credit_card,3388.98
1240,404,43,2025-12-07 13:19:00,completed,pix,3400.4
1241,202,43,2025-02-01 16:19:00,completed,boleto,813.14
1242,376,16,2025-06-25 06:28:00,returned,credit_card,1131.33
1243,250,35,2025-10-14 15:15:00,completed,pix,3179.95
1244,446,9,2025-02-15 05:49:00,completed,boleto,2577.25
1245,954,35,2025-01-19 11:36:00,completed,pix,3403.66
1246,278,19,2025-05-09 21:59:00,completed,pix,3128.16
1247,112,43,2025-05-24 16:23:00,completed,debit_card,768.53
1248,963,46,2025-06-10 15:18:00,returned,boleto,2663.85
1249,843,34,2025-09-02 16:45:00,completed,debit_card,189.01
1250,473,39,2025-07-19 17:43:00,cancelled,boleto,2866.06
1251,746,10,2025-09-08 21:49:00,completed,boleto,2113.42
1252,688,10,2025-02-08 19:03:00,completed,debit_card,3347.23
1253,392,20,2025-05-01 05:15:00,completed,debit_card,3360.91
1254,969,1,2025-12-11 04:54:00,cancelled,debit_card,196.84
1255,143,6,2025-12-16 12:43:00,completed,boleto,578.61
1256,32,46,2025-10-11 18:24:00,completed,boleto,1705.04
1257,181,2,2025-07-13 09:35:00,completed,boleto,3080.64
1258,579,38,2025-04-04 21:23:00,returned,boleto,2854.27
1259,516,33,2025-06-22 03:48:00,completed,boleto,3376.01
1260,798,3,2025-05-14 08:03:00,completed,boleto,2170.93
1261,269,36,2025-12-12 13:19:00,completed,pix,912.84
1262,236,13,2025-07-10 16:37:00,completed,debit_card,107.37
1263,277,35,2025-04-04 08:45:00,cancelled,boleto,795.78
1264,553,15,2025-10-08 05:51:00,returned,pix,2369.95
1265,633,45,2025-04-25 16:09:00,completed,credit_card,3243.44
1266,275,22,2025-04-17 19:57:00,returned,pix,1136.74
1267,743,43,2025-05-04 07:57:00,pending,debit_card,3067.45
1268,816,4,2025-10-14 14:56:00,completed,credit_card,1394.25
1269,86,17,2025-11-29 06:14:00,returned,boleto,1092.78
1270,63,5,2025-11-06 03:10:00,completed,debit_card,1790.78
1271,404,21,2025-07-19 19:10:00,completed,credit_card,1559.11
1272,192,24,2025-12-11 18:00:00,completed,pix,3200.02
1273,293,31,2025-10-21 23:50:00,completed,credit_card,1649.53
1274,31,40,2025-10-08 06:01:00,completed,debit_card,985.13
1275,330,30,2025-04-30 14:57:00,completed,credit_card,2952.13
1276,658,42,2025-06-05 13:41:00,cancelled,pix,3495.65
1277,107,7,2025-07-25 06:39:00,pending,credit_card,2275.64
1278,871,49,2025-12-20 01:53:00,completed,pix,891.61
1279,622,7,2025-08-08 16:43:00,returned,credit_card,851.08
1280,276,27,2025-03-23 03:21:00,completed,pix,220.82
1281,722,24,2025-04-29 00:14:00,completed,pix,288.98
1282,651,19,2025-03-02 04:54:00,completed,pix,3204.14
1283,598,41,2025-06-14 15:08:00,completed,boleto,355.78
1284,556,34,2025-03-12 10:07:00,completed,pix,1705.52
1285,82,22,2025-12-10 00:40:00,completed,debit_card,2449.46
1286,64,27,2025-10-20 18:34:00,cancelled,pix,2979.23
1287,890,6,2025-06-14 05:40:00,returned,boleto,616.02
1288,930,10,2025-05-27 15:04:00,pending,boleto,1543.47
1289,855,45,2025-01-26 11:23:00,completed,debit_card,895.15
1290,833,31,2025-03-21 05:31:00,pending,pix,910.26
1291,567,25,2025-03-23 19:17:00,cancelled,boleto,1077.36
1292,586,2,2025-10-13 07:14:00,completed,boleto,2063.16
1293,885,10,2025-08-14 15:34:00,pending,credit_card,77.69
1294,129,10,2025-07-23 21:44:00,completed,credit_card,1442.51
1295,256,26,2025-07-18 09:53:00,completed,debit_card,670.17
1296,934,5,2025-11-19 10:30:00,completed,credit_card,3385.57
1297,231,22,2025-05-13 02:46:00,completed,pix,2047.9
1298,497,4,2025-03-17 22:53:00,pending,credit_card,3040.97
1299,137,34,2025-03-27 22:08:00,completed,boleto,701.0
1300,863,7,2025-10-27 08:18:00,completed,debit_card,2838.85
1301,455,50,2025-09-27 14:27:00,cancelled,credit_card,1463.44
1302,913,17,2025-03-03 03:39:00,returned,debit_card,638.38
1303,355,11,2025-11-04 00:56:00,completed,pix,2669.13
1304,624,50,2025-05-18 17:03:00,completed,pix,2671.8
1305,485,8,2025-12-21 23:22:00,completed,credit_card,3485.69
1306,820,28,2025-11-25 20:53:00,completed,credit_card,2737.66
1307,146,44,2025-07-04 07:26:00,completed,credit_card,525.53
1308,959,33,2025-08-17 13:25:00,completed,boleto,1142.46
1309,33,25,2025-02-26 22:12:00,pending,pix,1592.01
1310,260,21,2025-08-23 11:09:00,pending,boleto,460.75
1311,87,12,2025-02-08 00:02:00,completed,credit_card,2762.38
1312,843,26,2025-05-07 07:30:00,completed,pix,1852.91
1313,948,29,2025-07-06 20:05:00,completed,boleto,3306.68
1314,265,38,2025-03-23 13:53:00,completed,boleto,2070.79
1315,832,35,2025-12-08 19:59:00,completed,debit_card,1839.69
1316,542,37,2025-07-08 00:21:00,completed,boleto,268.56
1317,392,46,2025-09-30 01:35:00,completed,credit_card,539.72
1318,232,44,2025-12-30 09:00:00,completed,credit_card,2976.35
1319,901,45,2025-08-14 23:57:00,completed,boleto,3467.55
1320,588,45,2025-04-19 22:37:00,completed,debit_card,1464.82
1321,447,29,2025-12-03 17:35:00,completed,debit_card,2839.1
1322,129,49,2025-11-04 16:26:00,completed,debit_card,2204.0
1323,271,24,2025-08-21 14:03:00,completed,boleto,3357.53
1324,89,15,2025-03-25 09:02:00,completed,boleto,848.72
1325,466,6,2025-01-09 09:40:00,completed,debit_card,1916.03
1326,934,32,2025-08-10 15:25:00,completed,boleto,1442.61
1327,170,44,2025-09-29 00:30:00,completed,pix,1905.17
1328,128,34,2025-05-16 01:12:00,pending,credit_card,955.63
1329,174,36,2025-06-12 15:16:00,completed,boleto,1752.16
1330,949,20,2025-05-25 04:09:00,completed,pix,2194.32
1331,26,12,2025-07-16 12:46:00,returned,boleto,302.63
1332,573,35,2025-07-10 03:33:00,returned,pix,2605.6
1333,511,49,2025-07-09 14:22:00,completed,debit_card,2478.7
1334,488,38,2025-12-08 01:21:00,pending,credit_card,3083.99
1335,891,17,2025-05-23 04:00:00,completed,boleto,1501.98
1336,579,27,2025-07-15 04:35:00,returned,pix,234.61
1337,950,17,2025-03-06 11:56:00,completed,pix,1625.88
1338,406,11,2025-12-31 07:44:00,pending,debit_card,498.88
1339,26,39,2025-08-02 16:00:00,pending,credit_card,2273.11
1340,83,2,2025-05-07 13:00:00,completed,credit_card,184.02
1341,364,2,2025-03-21 02:56:00,pending,credit_card,1321.51
1342,367,29,2025-01-12 07:19:00,completed,pix,308.29
1343,60,45,2025-05-19 16:57:00,completed,boleto,31.72
1344,551,24,2025-03-14 01:11:00,completed,boleto,3362.74
1345,635,24,2025-09-12 13:37:00,returned,debit_card,3486.52
1346,292,16,2025-02-19 13:46:00,completed,credit_card,1953.15
1347,789,31,2025-03-01 19:24:00,completed,boleto,851.57
1348,937,49,2025-09-13 11:34:00,completed,pix,3190.62
1349,886,43,2025-08-22 11:19:00,completed,pix,3232.17
1350,816,9,2025-03-05 19:51:00,completed,credit_card,2993.69
1351,794,27,2025-11-23 17:29:00,completed,debit_card,1914.41
1352,191,41,2025-11-07 14:04:00,returned,debit_card,279.96
1353,461,14,2025-06-03 12:54:00,completed,credit_card,327.77
1354,804,45,2025-09-19 03:16:00,completed,pix,3140.24
1355,664,25,2025-06-15 02:03:00,completed,debit_card,3067.88
1356,896,43,2025-08-20 10:32:00,completed,pix,1531.7
1357,233,44,2025-10-13 15:24:00,completed,pix,1161.98
1358,474,22,2025-02-27 12:06:00,completed,boleto,2261.55
1359,405,35,2025-06-09 18:57:00,completed,debit_card,2828.32
1360,658,33,2025-05-18 03:18:00,completed,pix,2566.26
1361,271,27,2025-12-05 11:56:00,pending,boleto,2162.3
1362,847,40,2025-08-05 12:33:00,returned,pix,825.66
1363,134,26,2025-12-07 01:49:00,completed,credit_card,933.52
1364,171,19,2025-10-31 21:05:00,completed,debit_card,2539.75
1365,415,45,2025-06-11 06:04:00,completed,pix,2813.12
1366,28,39,2025-09-06 07:06:00,returned,debit_card,424.15
1367,136,45,2025-11-03 05:40:00,completed,boleto,671.79
1368,925,26,2025-05-07 07:11:00,pending,debit_card,2388.04
1369,405,6,2025-08-26 04:38:00,completed,pix,1373.67
1370,977,3,2025-12-13 04:32:00,completed,debit_card,1980.26
1371,888,6,2025-09-04 16:39:00,completed,credit_card,2159.56
1372,505,28,2025-11-27 01:18:00,completed,credit_card,2721.19
1373,241,3,2025-07-24 05:07:00,completed,boleto,2823.89
1374,856,13,2025-09-21 14:33:00,completed,pix,994.73
1375,954,13,2025-12-10 17:15:00,completed,debit_card,1903.71
1376,444,13,2025-06-13 21:18:00,completed,boleto,449.86
1377,434,1,2025-11-24 12:04:00,completed,boleto,2950.21
1378,228,40,2025-10-31 04:47:00,completed,pix,2962.16
1379,509,37,2025-07-25 23:49:00,completed,debit_card,1062.28
1380,799,31,2025-06-30 03:58:00,completed,boleto,578.96
1381,303,17,2025-04-15 12:48:00,completed,boleto,263.92
1382,34,9,2025-11-22 00:11:00,completed,pix,2020.92
1383,2,45,2025-07-26 17:38:00,completed,pix,338.17
1384,362,13,2025-08-03 15:06:00,completed,boleto,2388.47
1385,195,37,2025-07-11 08:33:00,completed,debit_card,2379.88
1386,606,14,2025-07-27 11:43:00,returned,boleto,2156.68
1387,840,11,2025-06-10 13:02:00,completed,credit_card,3070.43
1388,308,25,2025-11-14 06:03:00,pending,pix,1336.42
1389,647,31,2025-03-03 19:57:00,completed,credit_card,3159.9
1390,716,14,2025-05-11 21:27:00,completed,debit_card,148.5
1391,250,7,2025-01-13 13:14:00,completed,pix,412.39
1392,147,24,2025-07-22 20:27:00,completed,debit_card,1454.48
1393,346,49,2025-12-03 13:52:00,completed,credit_card,2087.1
1394,348,36,2025-01-12 03:41:00,completed,debit_card,132.67
1395,254,42,2025-11-10 12:02:00,completed,pix,1994.67
1396,399,42,2025-04-22 00:42:00,completed,credit_card,1089.75
1397,334,47,2025-11-11 17:42:00,completed,pix,3107.27
1398,176,44,2025-07-17 21:04:00,pending,credit_card,1875.83
1399,125,41,2025-09-20 17:36:00,completed,boleto,2065.87
1400,763,3,2025-12-15 17:35:00,completed,debit_card,3310.76
1401,398,47,2025-06-28 03:05:00,completed,debit_card,2679.32
1402,131,44,2025-05-24 10:28:00,completed,pix,1545.19
1403,562,26,2025-11-18 07:16:00,pending,boleto,1679.54
1404,605,47,2025-11-10 04:23:00,completed,pix,2274.78
1405,892,26,2025-11-22 08:55:00,completed,pix,716.69
1406,822,1,2025-12-11 10:45:00,completed,credit_card,328.5
1407,902,15,2025-01-10 04:33:00,pending,boleto,1103.1
1408,945,11,2025-12-02 13:56:00,completed,credit_card,2728.77
1409,407,37,2025-08-19 23:17:00,completed,pix,915.49
1410,732,7,2025-10-19 00:08:00,completed,credit_card,475.04
1411,846,12,2025-09-15 08:48:00,completed,credit_card,782.2
1412,334,38,2025-05-31 21:54:00,completed,debit_card,2382.83
1413,20,3,2025-12-04 03:54:00,cancelled,boleto,2156.54
1414,205,42,2025-04-18 06:15:00,completed,debit_card,2415.34
1415,603,26,2025-08-11 10:24:00,pending,boleto,1140.41
1416,956,30,2025-07-18 11:30:00,completed,debit_card,3154.98
1417,355,32,2025-08-11 21:21:00,completed,pix,1592.16
1418,173,36,2025-10-25 02:58:00,cancelled,debit_card,1807.72
1419,189,45,2025-12-11 15:23:00,completed,boleto,3321.85
1420,824,37,2025-07-08 10:45:00,pending,boleto,3427.88
1421,2,18,2025-04-09 22:42:00,cancelled,boleto,2322.17
1422,873,1,2025-01-01 17:31:00,completed,debit_card,3307.95
1423,941,21,2025-02-24 05:56:00,completed,credit_card,1904.45
1424,168,28,2025-09-24 22:10:00,cancelled,debit_card,1089.34
1425,368,48,2025-06-08 23:31:00,completed,credit_card,1116.52
1426,536,16,2025-08-02 03:01:00,completed,debit_card,1965.11
1427,925,48,2025-12-27 16:25:00,completed,pix,2125.53
1428,963,28,2025-09-24 01:52:00,completed,pix,1549.87
1429,877,22,2025-12-30 14:02:00,completed,debit_card,3095.52
1430,580,19,2025-06-07 08:12:00,completed,debit_card,1504.9
1431,370,48,2025-04-02 05:39:00,completed,debit_card,971.51
1432,706,1,2025-06-07 02:56:00,completed,pix,47.78
1433,596,31,2025-10-20 00:59:00,completed,credit_card,3397.58
1434,950,42,2025-12-20 18:21:00,completed,boleto,2888.61
1435,437,34,2025-05-21 20:34:00,completed,credit_card,2162.15
1436,207,46,2025-11-30 15:21:00,completed,debit_card,2910.29
1437,49,40,2025-06-08 00:59:00,completed,pix,2839.81
1438,544,6,2025-09-02 12:23:00,completed,boleto,3262.84
1439,829,28,2025-07-05 12:16:00,completed,credit_card,1363.52
1440,682,3,2025-10-23 16:07:00,completed,debit_card,1950.89
1441,129,31,2025-04-05 04:39:00,completed,pix,363.23
1442,447,16,2025-01-15 03:49:00,pending,pix,3379.3
1443,614,17,2025-05-02 22:35:00,completed,boleto,3448.24
1444,35,44,2025-09-26 00:26:00,returned,credit_card,2766.01
1445,819,27,2025-08-13 19:20:00,completed,pix,1600.34
1446,199,24,2025-01-03 07:58:00,completed,debit_card,1748.05
1447,813,20,2025-09-01 12:39:00,pending,debit_card,1535.08
1448,77,32,2025-12-14 23:50:00,completed,boleto,1040.72
1449,369,35,2025-06-25 09:17:00,completed,credit_card,1856.71
1450,833,13,2025-05-25 03:56:00,returned,pix,205.99
1451,526,48,2025-06-08 10:09:00,completed,boleto,3471.77
1452,349,43,2025-08-17 10:33:00,pending,credit_card,1495.69
1453,506,20,2025-02-08 18:05:00,completed,credit_card,3247.24
1454,643,48,2025-04-23 19:01:00,cancelled,pix,2540.46
1455,238,2,2025-05-25 08:09:00,completed,boleto,1029.0
1456,280,4,2025-06-15 14:43:00,completed,boleto,792.74
1457,577,27,2025-09-30 14:31:00,completed,boleto,3484.95
1458,432,25,2025-01-31 14:01:00,completed,boleto,2707.0
1459,138,4,2025-07-07 14:26:00,completed,credit_card,888.82
1460,269,32,2025-08-19 12:07:00,completed,boleto,254.71
1461,740,17,2025-03-16 16:04:00,completed,boleto,2445.27
1462,201,1,2025-06-01 14:26:00,cancelled,pix,1074.5
1463,142,33,2025-03-21 00:16:00,completed,debit_card,790.23
1464,612,30,2025-05-06 08:14:00,cancelled,credit_card,2577.58
1465,650,5,2025-05-15 00:11:00,completed,pix,2383.83
1466,680,12,2025-07-12 21:45:00,completed,pix,1695.32
1467,919,38,2025-08-26 06:38:00,completed,pix,3300.44
1468,611,32,2025-07-06 10:09:00,completed,credit_card,2385.14
1469,823,38,2025-07-15 02:06:00,completed,debit_card,3129.1
1470,831,17,2025-08-25 09:21:00,completed,credit_card,683.12
1471,839,45,2025-06-14 03:31:00,completed,boleto,1052.33
1472,938,40,2025-03-28 12:31:00,completed,debit_card,383.73
1473,355,32,2025-12-14 21:41:00,completed,credit_card,1079.94
1474,578,24,2025-07-05 08:29:00,pending,credit_card,3401.79
1475,847,12,2025-04-16 03:46:00,pending,boleto,3370.74
1476,329,47,2025-07-18 15:53:00,pending,credit_card,2666.14
1477,559,31,2025-04-22 00:52:00,returned,debit_card,1833.25
1478,849,19,2025-03-19 11:36:00,completed,pix,2737.11
1479,894,29,2025-10-21 13:39:00,completed,credit_card,1946.13
1480,231,21,2025-02-23 20:05:00,cancelled,credit_card,32.21
1481,308,26,2025-01-10 13:40:00,completed,debit_card,1765.38
1482,658,28,2025-07-06 14:53:00,pending,credit_card,2104.25
1483,719,17,2025-11-05 19:49:00,completed,pix,944.8
1484,146,9,2025-03-14 08:28:00,completed,boleto,727.46
1485,152,21,2025-01-18 23:41:00,completed,boleto,972.86
1486,791,50,2025-10-22 22:44:00,returned,boleto,2190.22
1487,140,34,2025-11-21 22:47:00,pending,pix,528.3
1488,663,11,2025-07-13 08:04:00,cancelled,boleto,2526.74
1489,21,20,2025-07-26 15:44:00,completed,debit_card,1490.91
1490,254,49,2025-09-06 01:46:00,completed,debit_card,1249.65
1491,64,50,2025-09-26 07:10:00,completed,pix,2829.16
1492,218,47,2025-04-30 19:02:00,cancelled,pix,1781.1
1493,72,39,2025-12-19 18:34:00,completed,pix,1336.83
1494,990,16,2025-05-24 09:26:00,completed,debit_card,3075.98
1495,162,29,2025-11-09 08:17:00,completed,pix,1301.52
1496,130,1,2025-04-09 05:29:00,completed,pix,3009.32
1497,581,18,2025-04-07 02:59:00,completed,boleto,1774.61
1498,927,22,2025-07-25 12:00:00,completed,pix,743.86
1499,225,8,2025-04-05 00:10:00,completed,credit_card,2152.61
1500,758,7,2025-11-08 08:57:00,cancelled,boleto,1012.93
1501,580,25,2025-12-08 13:10:00,completed,debit_card,532.1
1502,454,30,2025-06-19 06:47:00,completed,debit_card,321.12
1503,983,34,2025-10-24 16:44:00,completed,debit_card,861.11
1504,915,44,2025-12-17 11:17:00,returned,boleto,2583.21
1505,384,48,2025-10-15 04:12:00,completed,debit_card,2936.24
1506,107,41,2025-10-12 20:24:00,completed,boleto,3018.79
1507,621,11,2025-12-27 08:15:00,completed,boleto,960.12
1508,840,15,2025-06-07 12:17:00,completed,credit_card,2320.19
1509,103,35,2025-10-17 17:36:00,returned,credit_card,821.63
1510,141,23,2025-01-02 23:46:00,cancelled,credit_card,2187.21
1511,577,45,2025-03-20 05:49:00,completed,credit_card,3107.49
1512,134,21,2025-07-14 19:39:00,completed,credit_card,162.31
1513,199,28,2025-07-04 19:50:00,completed,debit_card,3448.59
1514,880,13,2025-11-04 19:38:00,completed,debit_card,2898.27
1515,510,34,2025-12-06 20:55:00,completed,debit_card,2670.58
1516,667,38,2025-09-06 11:40:00,completed,credit_card,2425.94
1517,79,6,2025-12-05 21:49:00,completed,pix,2700.55
1518,948,44,2025-04-30 21:26:00,cancelled,debit_card,3481.19
1519,894,4,2025-07-23 20:41:00,completed,debit_card,2700.27
1520,482,5,2025-09-01 04:04:00,completed,pix,1243.57
1521,512,40,2025-08-29 03:03:00,completed,credit_card,2156.45
1522,250,6,2025-11-15 05:02:00,completed,boleto,1192.49
1523,889,21,2025-03-07 21:21:00,pending,pix,3395.83
1524,599,28,2025-06-18 16:54:00,completed,pix,3152.49
1525,816,3,2025-04-03 02:59:00,completed,debit_card,1995.32
1526,753,23,2025-12-15 03:23:00,completed,debit_card,2738.83
1527,600,8,2025-05-05 18:49:00,completed,credit_card,3185.71
1528,975,19,2025-08-21 07:17:00,returned,boleto,867.73
1529,483,11,2025-04-25 18:49:00,completed,boleto,2036.6
1530,836,50,2025-07-16 13:08:00,cancelled,pix,1696.37
1531,172,10,2025-07-05 19:58:00,cancelled,credit_card,2705.14
1532,869,28,2025-03-13 03:01:00,returned,boleto,1339.21
1533,17,20,2025-06-15 10:45:00,cancelled,pix,2487.25
1534,735,44,2025-02-02 17:11:00,completed,debit_card,1422.42
1535,294,28,2025-10-28 13:49:00,returned,boleto,406.54
1536,394,29,2025-05-31 12:30:00,completed,pix,392.78
1537,822,8,2025-03-25 17:52:00,completed,boleto,434.32
1538,498,19,2025-06-12 12:00:00,completed,credit_card,133.17
1539,219,48,2025-08-12 16:57:00,completed,pix,1874.75
1540,234,21,2025-03-31 08:12:00,completed,credit_card,2358.22
1541,390,18,2025-12-19 19:49:00,completed,pix,461.01
1542,248,9,2025-06-01 01:16:00,completed,debit_card,2149.27
1543,902,4,2025-09-21 15:33:00,completed,boleto,2100.14
1544,52,41,2025-02-12 18:42:00,completed,debit_card,531.89
1545,15,25,2025-05-22 01:17:00,pending,credit_card,1426.21
1546,324,34,2025-06-14 15:09:00,completed,boleto,2647.87
1547,441,9,2025-06-17 10:04:00,completed,debit_card,78.31
1548,112,9,2025-06-18 06:38:00,completed,pix,531.38
1549,696,18,2025-09-25 05:14:00,completed,pix,3485.48
1550,872,11,2025-02-04 07:40:00,completed,debit_card,2572.74
1551,7,13,2025-07-08 14:44:00,completed,boleto,1635.17
1552,563,38,2025-03-27 04:32:00,completed,credit_card,2211.71
1553,826,9,2025-11-15 20:38:00,completed,pix,2964.85
1554,753,16,2025-08-21 16:24:00,completed,credit_card,2951.22
1555,245,4,2025-12-23 21:53:00,returned,boleto,1149.96
1556,448,34,2025-10-17 23:42:00,completed,boleto,1729.69
1557,365,7,2025-01-31 13:56:00,pending,pix,2240.43
1558,367,15,2025-04-14 02:01:00,completed,credit_card,270.2
1559,922,38,2025-04-10 05:07:00,completed,boleto,3311.37
1560,698,11,2025-02-18 15:01:00,returned,credit_card,1525.94
1561,287,32,2025-09-14 11:49:00,pending,pix,1310.6
1562,962,27,2025-11-17 09:30:00,completed,pix,3176.71
1563,604,30,2025-10-21 12:01:00,completed,boleto,431.64
1564,106,17,2025-08-23 05:23:00,completed,boleto,156.63
1565,13,36,2025-09-29 15:40:00,completed,credit_card,2403.81
1566,146,19,2025-11-11 22:30:00,completed,boleto,1359.81
1567,478,7,2025-10-06 07:42:00,cancelled,pix,2680.38
1568,631,43,2025-01-09 13:06:00,cancelled,boleto,258.54
1569,715,45,2025-01-17 16:42:00,completed,debit_card,1355.47
1570,653,21,2025-10-11 13:02:00,pending,pix,838.93
1571,115,28,2025-05-07 20:50:00,pending,credit_card,2593.83
1572,509,3,2025-04-14 17:55:00,completed,boleto,810.55
1573,152,14,2025-08-03 16:23:00,completed,boleto,1613.65
1574,57,2,2025-02-13 14:20:00,completed,pix,2869.69
1575,382,29,2025-09-27 17:42:00,pending,pix,3205.56
1576,157,18,2025-11-04 22:41:00,cancelled,credit_card,2534.67
1577,952,37,2025-03-11 22:26:00,completed,pix,1513.71
1578,822,45,2025-03-26 17:39:00,completed,credit_card,2010.51
1579,133,45,2025-09-16 05:32:00,pending,boleto,2420.12
1580,163,24,2025-05-05 07:21:00,pending,credit_card,3064.77
1581,275,46,2025-03-11 15:00:00,completed,credit_card,3112.24
1582,695,12,2025-04-29 15:43:00,completed,credit_card,3259.77
1583,77,45,2025-08-10 23:54:00,cancelled,boleto,2841.27
1584,837,32,2025-11-02 13:35:00,completed,debit_card,530.86
1585,44,18,2025-03-08 18:23:00,completed,debit_card,2621.79
1586,718,13,2025-04-11 12:51:00,pending,credit_card,2854.78
1587,550,4,2025-12-18 21:13:00,completed,pix,3074.99
1588,318,23,2025-03-19 08:02:00,cancelled,debit_card,3238.36
1589,534,10,2025-07-22 01:11:00,completed,boleto,1791.88
1590,585,5,2025-05-03 10:18:00,completed,credit_card,2299.72
1591,753,50,2025-11-25 16:08:00,completed,debit_card,53.24
1592,936,40,2025-07-04 12:22:00,completed,boleto,2013.29
1593,154,14,2025-08-05 20:17:00,completed,credit_card,1666.73
1594,237,34,2025-02-10 10:19:00,completed,debit_card,3368.83
1595,893,28,2025-06-14 05:35:00,completed,credit_card,3157.95
1596,517,8,2025-07-15 09:33:00,returned,debit_card,2795.66
1597,221,16,2025-05-12 07:13:00,completed,debit_card,218.34
1598,310,31,2025-09-07 12:01:00,completed,pix,1419.06
1599,598,7,2025-04-13 16:38:00,completed,debit_card,2442.23
1600,177,3,2025-06-02 13:47:00,completed,pix,123.22
1601,771,29,2025-06-17 12:49:00,completed,boleto,840.63
1602,220,36,2025-01-26 17:14:00,completed,debit_card,3108.53
1603,38,39,2025-04-30 00:29:00,cancelled,credit_card,471.64
1604,654,4,2025-10-14 07:50:00,completed,pix,198.78
1605,431,9,2025-01-08 08:29:00,completed,debit_card,2040.44
1606,910,17,2025-02-09 17:41:00,completed,pix,3313.7
1607,747,49,2025-06-27 17:27:00,completed,credit_card,2924.49
1608,203,20,2025-09-08 07:24:00,completed,credit_card,3412.21
1609,841,14,2025-07-04 05:48:00,pending,credit_card,2642.26
1610,806,46,2025-03-06 15:18:00,completed,boleto,1542.05
1611,448,29,2025-11-19 18:01:00,completed,boleto,3314.23
1612,495,13,2025-12-20 22:28:00,completed,credit_card,1504.68
1613,684,36,2025-05-12 16:51:00,returned,boleto,1238.33
1614,125,45,2025-12-14 17:41:00,completed,boleto,1579.72
1615,838,17,2025-02-17 08:47:00,completed,boleto,2852.63
1616,65,47,2025-08-21 01:59:00,completed,boleto,3213.57
1617,793,50,2025-08-25 09:34:00,pending,boleto,1264.73
1618,784,43,2025-03-19 09:06:00,completed,boleto,1628.62
1619,244,4,2025-12-21 22:01:00,completed,credit_card,3146.18
1620,527,20,2025-04-04 14:34:00,pending,boleto,183.71
1621,226,11,2025-09-06 10:56:00,completed,boleto,2747.86
1622,465,42,2025-01-31 10:56:00,completed,pix,1600.68
1623,643,22,2025-10-24 09:12:00,completed,pix,1330.28
1624,707,45,2025-11-04 02:44:00,completed,boleto,1575.29
1625,293,8,2025-02-11 12:47:00,completed,debit_card,1477.04
1626,721,28,2025-12-07 23:19:00,completed,debit_card,2653.03
1627,951,45,2025-01-31 04:21:00,returned,boleto,3249.26
1628,381,41,2025-08-28 18:40:00,completed,credit_card,1730.27
1629,625,30,2025-07-16 05:39:00,completed,credit_card,2917.91
1630,756,33,2025-10-10 22:07:00,pending,pix,2567.17
1631,166,33,2025-06-26 21:30:00,completed,credit_card,1170.77
1632,703,47,2025-06-21 08:12:00,completed,credit_card,2063.85
1633,769,36,2025-10-20 02:02:00,completed,credit_card,2340.52
1634,839,27,2025-07-11 13:28:00,completed,boleto,101.78
1635,218,20,2025-02-09 07:55:00,cancelled,boleto,1397.93
1636,871,33,2025-09-03 00:54:00,completed,debit_card,3474.38
1637,275,25,2025-06-20 19:44:00,completed,pix,2237.65
1638,52,44,2025-08-14 18:57:00,cancelled,debit_card,1183.17
1639,374,43,2025-03-20 07:12:00,completed,credit_card,890.08
1640,670,19,2025-05-27 15:54:00,completed,credit_card,749.0
1641,363,47,2025-06-08 17:44:00,completed,debit_card,1417.71
1642,567,21,2025-10-18 17:12:00,completed,debit_card,692.56
1643,14,42,2025-04-03 06:46:00,completed,boleto,490.45
1644,781,33,2025-02-24 12:57:00,completed,boleto,1286.94
1645,340,3,2025-03-01 03:26:00,completed,pix,2132.36
1646,602,14,2025-09-19 00:14:00,completed,boleto,529.47
1647,539,15,2025-07-26 20:03:00,completed,credit_card,174.31
1648,89,33,2025-08-03 05:19:00,completed,credit_card,140.52
1649,905,42,2025-07-26 20:43:00,completed,debit_card,950.5
1650,41,22,2025-04-24 05:32:00,completed,pix,681.66
1651,304,1,2025-12-05 19:58:00,completed,boleto,1896.61
1652,268,31,2025-10-02 04:25:00,completed,pix,1605.91
1653,138,47,2025-02-16 00:13:00,completed,credit_card,1150.19
1654,6,35,2025-11-29 10:17:00,completed,credit_card,2920.73
1655,242,20,2025-04-22 20:41:00,completed,boleto,1777.22
1656,162,32,2025-04-06 17:34:00,completed,boleto,338.52
1657,692,12,2025-10-19 01:49:00,completed,boleto,1049.26
1658,809,16,2025-03-19 20:58:00,cancelled,debit_card,3407.22
1659,979,8,2025-08-06 07:16:00,pending,credit_card,3419.88
1660,518,14,2025-01-28 21:09:00,completed,debit_card,906.26
1661,898,18,2025-08-31 06:04:00,completed,credit_card,601.98
1662,783,30,2025-11-29 14:08:00,completed,boleto,1744.99
1663,401,33,2025-03-31 04:47:00,cancelled,credit_card,1695.5
1664,784,34,2025-11-17 14:53:00,cancelled,credit_card,1447.28
1665,156,44,2025-01-04 22:55:00,completed,pix,1862.16
1666,85,49,2025-05-04 19:36:00,pending,credit_card,828.04
1667,712,34,2025-09-12 14:45:00,completed,credit_card,419.95
1668,10,49,2025-08-12 23:54:00,completed,pix,2005.21
1669,138,7,2025-09-12 02:18:00,pending,boleto,3265.44
1670,754,6,2025-09-03 03:59:00,completed,pix,499.37
1671,906,6,2025-08-06 06:09:00,pending,boleto,2472.76
1672,713,22,2025-05-15 00:34:00,completed,boleto,1543.88
1673,156,8,2025-09-20 09:24:00,completed,boleto,1043.04
1674,408,37,2025-01-02 07:21:00,completed,credit_card,2988.82
1675,787,15,2025-08-03 22:29:00,completed,pix,1608.59
1676,225,26,2025-12-28 21:44:00,completed,pix,2049.93
1677,580,39,2025-02-25 00:11:00,completed,pix,1561.84
1678,184,3,2025-04-19 09:18:00,completed,pix,302.75
1679,195,10,2025-07-30 15:42:00,completed,debit_card,2090.27
1680,554,3,2025-10-23 14:19:00,pending,credit_card,1477.57
1681,396,30,2025-06-07 18:43:00,completed,debit_card,321.91
1682,914,46,2025-01-28 11:13:00,completed,credit_card,2093.42
1683,663,22,2025-12-19 07:53:00,completed,pix,54.35
1684,596,3,2025-10-04 11:38:00,completed,debit_card,745.65
1685,134,1,2025-01-23 18:06:00,completed,boleto,2738.12
1686,309,33,2025-07-10 12:29:00,completed,pix,151.99
1687,866,19,2025-11-30 04:46:00,completed,pix,2270.45
1688,810,36,2025-04-18 08:39:00,completed,boleto,3324.98
1689,962,34,2025-10-13 20:59:00,completed,pix,615.75
1690,542,31,2025-10-12 13:00:00,returned,credit_card,1471.55
1691,9,43,2025-09-20 22:21:00,completed,pix,2022.73
1692,987,24,2025-01-20 14:02:00,cancelled,credit_card,1587.45
1693,170,12,2025-11-02 02:38:00,completed,credit_card,2178.91
1694,290,13,2025-01-15 11:35:00,completed,pix,1426.26
1695,168,16,2025-11-28 05:23:00,completed,boleto,536.79
1696,344,16,2025-08-05 05:45:00,cancelled,credit_card,329.87
1697,497,20,2025-11-17 13:15:00,completed,debit_card,2610.66
1698,145,41,2025-03-07 20:37:00,completed,credit_card,850.41
1699,413,48,2025-06-04 21:48:00,completed,boleto,2969.13
1700,740,27,2025-09-05 12:27:00,completed,pix,2605.73
1701,818,39,2025-03-27 23:25:00,cancelled,boleto,192.1
1702,588,13,2025-03-22 07:37:00,pending,boleto,720.21
1703,735,4,2025-03-14 12:28:00,pending,pix,1036.13
1704,689,32,2025-03-26 17:55:00,completed,debit_card,2088.8
1705,457,45,2025-11-06 10:03:00,cancelled,debit_card,2838.2
1706,701,40,2025-06-10 06:20:00,completed,credit_card,229.96
1707,979,34,2025-02-18 06:38:00,completed,credit_card,888.64
1708,302,39,2025-05-03 11:15:00,cancelled,debit_card,1329.21
1709,46,43,2025-03-25 12:03:00,completed,pix,658.15
1710,894,17,2025-10-03 05:08:00,completed,boleto,1917.62
1711,17,24,2025-02-07 00:31:00,completed,pix,1683.45
1712,578,29,2025-01-16 18:12:00,completed,boleto,1121.4
1713,360,46,2025-09-30 08:19:00,completed,boleto,1818.77
1714,261,28,2025-06-03 19:08:00,completed,debit_card,1258.26
1715,123,45,2025-08-26 06:11:00,pending,debit_card,1214.32
1716,231,47,2025-02-25 15:52:00,pending,pix,943.58
1717,950,22,2025-11-19 00:05:00,returned,boleto,1900.72
1718,637,28,2025-01-03 18:09:00,completed,pix,1565.52
1719,112,25,2025-01-25 19:33:00,pending,credit_card,703.21
1720,784,41,2025-08-19 13:19:00,pending,debit_card,65.12
1721,593,3,2025-01-29 23:43:00,completed,debit_card,545.23
1722,246,13,2025-04-29 17:08:00,completed,boleto,169.06
1723,859,31,2025-01-15 02:43:00,completed,debit_card,1521.96
1724,391,13,2025-12-30 09:33:00,completed,pix,803.34
1725,392,41,2025-07-13 10:52:00,completed,boleto,1483.18
1726,328,18,2025-12-15 11:13:00,completed,boleto,1166.49
1727,215,37,2025-08-15 14:04:00,completed,credit_card,1892.29
1728,864,43,2025-07-06 11:08:00,completed,pix,2539.06
1729,747,34,2025-09-29 12:51:00,completed,boleto,1688.01
1730,367,17,2025-10-25 14:45:00,pending,debit_card,235.65
1731,82,21,2025-05-03 21:28:00,cancelled,debit_card,80.94
1732,806,36,2025-02-09 15:02:00,completed,boleto,762.04
1733,822,50,2025-06-08 13:38:00,completed,debit_card,1498.89
1734,76,40,2025-06-08 06:29:00,completed,boleto,176.27
1735,527,19,2025-12-19 01:55:00,completed,boleto,1160.51
1736,732,12,2025-03-03 07:42:00,completed,boleto,3106.85
1737,503,28,2025-02-28 04:33:00,pending,debit_card,333.27
1738,742,11,2025-07-19 17:55:00,completed,debit_card,3320.84
1739,946,48,2025-03-22 22:27:00,pending,pix,3001.22
1740,952,37,2025-01-31 18:51:00,completed,credit_card,2914.6
1741,479,28,2025-10-04 07:31:00,completed,debit_card,3025.53
1742,372,35,2025-12-14 08:41:00,completed,boleto,298.57
1743,265,44,2025-12-15 18:37:00,completed,debit_card,546.06
1744,264,15,2025-01-07 23:48:00,completed,debit_card,487.62
1745,110,16,2025-07-20 05:50:00,completed,boleto,407.12
1746,915,45,2025-01-16 12:17:00,returned,pix,1160.44
1747,307,7,2025-04-16 08:58:00,pending,boleto,2909.15
1748,200,47,2025-06-21 23:47:00,cancelled,pix,896.83
1749,226,3,2025-12-24 02:41:00,completed,debit_card,869.89
1750,185,31,2025-09-02 14:15:00,completed,boleto,2372.09
1751,964,12,2025-03-10 02:24:00,completed,debit_card,357.3
1752,31,8,2025-09-14 00:15:00,completed,boleto,1273.77
1753,614,25,2025-12-02 03:25:00,completed,debit_card,1048.08
1754,771,44,2025-10-11 07:34:00,completed,debit_card,2968.61
1755,99,50,2025-11-15 17:56:00,completed,debit_card,1810.46
1756,339,35,2025-04-03 12:48:00,cancelled,boleto,2269.73
1757,811,12,2025-03-13 17:46:00,returned,pix,469.04
1758,797,21,2025-04-25 09:26:00,completed,debit_card,3252.64
1759,266,26,2025-09-17 20:09:00,cancelled,boleto,1142.13
1760,652,2,2025-03-04 18:57:00,completed,boleto,2479.8
1761,814,14,2025-10-25 15:58:00,completed,debit_card,3342.1
1762,798,46,2025-01-09 07:44:00,pending,debit_card,1790.1
1763,350,4,2025-03-04 00:32:00,completed,pix,1786.22
1764,978,17,2025-05-14 15:38:00,cancelled,debit_card,428.03
1765,728,47,2025-02-27 20:11:00,completed,pix,1378.16
1766,544,48,2025-12-31 07:28:00,cancelled,credit_card,2986.58
1767,457,5,2025-12-05 11:07:00,returned,boleto,490.17
1768,815,24,2025-10-16 06:25:00,completed,pix,3212.91
1769,88,49,2025-09-08 03:35:00,completed,debit_card,2342.24
1770,63,7,2025-06-27 03:23:00,completed,pix,1484.94
1771,922,23,2025-01-30 00:17:00,completed,debit_card,1921.81
1772,387,47,2025-02-02 02:50:00,completed,pix,543.73
1773,791,17,2025-07-29 21:54:00,pending,boleto,776.84
1774,459,12,2025-11-26 23:07:00,completed,pix,1016.7
1775,586,11,2025-01-11 13:36:00,returned,credit_card,1359.26
1776,818,11,2025-08-29 11:33:00,completed,boleto,3206.02
1777,932,34,2025-04-11 21:21:00,completed,pix,1299.14
1778,636,47,2025-11-17 00:29:00,completed,credit_card,1842.95
1779,269,37,2025-05-11 14:29:00,completed,credit_card,583.85
1780,894,50,2025-09-10 23:55:00,completed,pix,2581.19
1781,797,29,2025-03-21 11:36:00,completed,boleto,1969.78
1782,934,48,2025-08-14 11:43:00,completed,pix,1550.88
1783,973,36,2025-09-23 18:08:00,completed,boleto,3316.21
1784,633,27,2025-09-14 14:04:00,completed,boleto,3119.46
1785,346,42,2025-01-24 11:03:00,pending,pix,2315.1
1786,724,22,2025-01-24 17:12:00,pending,credit_card,3227.91
1787,901,2,2025-11-05 19:58:00,completed,boleto,1985.44
1788,660,47,2025-04-14 06:45:00,completed,debit_card,2897.74
1789,78,36,2025-12-08 02:55:00,completed,debit_card,1444.92
1790,365,48,2025-04-30 03:01:00,returned,credit_card,321.87
1791,14,30,2025-08-31 02:27:00,completed,credit_card,3479.64
1792,136,7,2025-08-12 12:58:00,completed,pix,596.4
1793,304,12,2025-03-02 19:52:00,completed,boleto,895.25
1794,397,3,2025-09-05 16:47:00,completed,pix,587.6
1795,792,17,2025-01-30 23:29:00,completed,debit_card,1194.43
1796,79,41,2025-11-03 14:23:00,completed,debit_card,1026.69
1797,755,32,2025-02-08 00:25:00,completed,boleto,2111.84
1798,705,8,2025-01-15 15:07:00,completed,boleto,3487.68
1799,982,23,2025-02-05 10:33:00,completed,debit_card,202.73
1800,418,38,2025-02-01 10:16:00,completed,pix,2728.98
1801,242,30,2025-06-16 06:55:00,cancelled,boleto,465.41
1802,51,15,2025-12-15 19:04:00,completed,pix,89.03
1803,744,10,2025-05-20 04:17:00,returned,boleto,2242.25
1804,771,38,2025-03-02 06:43:00,completed,credit_card,3059.14
1805,384,15,2025-05-22 12:54:00,completed,pix,633.52
1806,375,30,2025-03-24 12:43:00,completed,debit_card,1208.82
1807,730,46,2025-11-30 04:49:00,completed,credit_card,607.25
1808,206,26,2025-05-28 15:23:00,completed,pix,3174.65
1809,826,45,2025-09-16 09:59:00,completed,boleto,960.85
1810,489,14,2025-04-11 04:42:00,pending,debit_card,1567.6
1811,381,3,2025-11-27 22:25:00,pending,boleto,3133.7
1812,968,36,2025-01-19 05:50:00,completed,pix,1943.98
1813,881,26,2025-11-13 03:04:00,pending,credit_card,3266.32
1814,311,14,2025-07-30 20:30:00,completed,pix,3244.05
1815,375,31,2025-01-11 07:39:00,completed,debit_card,1626.37
1816,632,14,2025-03-19 09:42:00,completed,credit_card,2046.69
1817,592,40,2025-04-13 14:15:00,completed,debit_card,821.49
1818,42,10,2025-06-23 10:17:00,completed,boleto,3467.06
1819,533,9,2025-07-15 06:37:00,completed,credit_card,988.54
1820,522,46,2025-04-09 17:17:00,completed,pix,2745.91
1821,825,40,2025-09-02 08:49:00,completed,boleto,1109.13
1822,153,43,2025-05-13 01:27:00,completed,boleto,1109.39
1823,312,42,2025-04-05 15:59:00,completed,pix,381.44
1824,294,18,2025-10-15 12:27:00,completed,boleto,1968.44
1825,598,36,2025-06-07 06:13:00,completed,debit_card,872.02
1826,113,36,2025-04-05 21:25:00,cancelled,pix,536.41
1827,701,12,2025-12-22 13:55:00,completed,boleto,808.8
1828,112,50,2025-04-07 00:21:00,completed,credit_card,893.8
1829,175,40,2025-08-26 15:41:00,completed,pix,1774.21
1830,822,3,2025-10-31 09:02:00,pending,pix,1363.01
1831,302,18,2025-08-24 06:07:00,completed,boleto,282.71
1832,964,7,2025-04-01 23:24:00,completed,pix,1885.38
1833,516,31,2025-12-17 19:47:00,completed,pix,2761.36
1834,734,1,2025-02-07 06:47:00,returned,pix,2018.34
1835,962,31,2025-03-16 17:35:00,completed,pix,3411.4
1836,221,13,2025-10-01 00:00:00,completed,pix,365.04
1837,171,29,2025-12-18 18:34:00,completed,pix,2877.61
1838,318,3,2025-09-23 18:26:00,completed,debit_card,1779.81
1839,996,29,2025-02-24 12:53:00,completed,boleto,1835.15
1840,213,35,2025-06-16 16:11:00,pending,debit_card,1826.47
1841,253,15,2025-05-12 11:27:00,completed,boleto,1152.11
1842,124,21,2025-12-17 19:28:00,completed,pix,1149.45
1843,640,19,2025-02-20 11:24:00,completed,boleto,2218.82
1844,213,28,2025-11-09 14:14:00,completed,debit_card,175.78
1845,624,4,2025-05-31 10:21:00,completed,boleto,2068.98
1846,85,45,2025-06-13 09:35:00,completed,pix,2541.58
1847,516,13,2025-04-17 13:46:00,completed,pix,1260.02
1848,65,15,2025-06-12 17:18:00,completed,pix,776.4
1849,318,48,2025-09-16 20:58:00,completed,debit_card,762.59
1850,346,39,2025-04-02 14:56:00,cancelled,credit_card,304.8
1851,632,32,2025-09-16 21:38:00,completed,pix,332.22
1852,243,3,2025-03-13 21:33:00,cancelled,pix,600.07
1853,898,30,2025-06-22 05:17:00,completed,boleto,86.72
1854,137,20,2025-02-18 07:50:00,completed,credit_card,946.5
1855,247,2,2025-09-28 18:39:00,completed,boleto,1086.28
1856,441,50,2025-08-17 04:55:00,completed,debit_card,3483.37
1857,45,25,2025-12-16 18:52:00,completed,credit_card,3471.07
1858,658,11,2025-12-01 09:30:00,pending,pix,670.93
1859,880,1,2025-12-25 04:35:00,returned,credit_card,761.35
1860,688,48,2025-08-01 02:42:00,completed,pix,1731.83
1861,554,49,2025-11-13 21:24:00,cancelled,debit_card,537.77
1862,809,48,2025-06-20 02:16:00,completed,boleto,1774.06
1863,971,10,2025-10-12 16:05:00,returned,debit_card,1409.88
1864,89,17,2025-01-07 18:06:00,completed,debit_card,1149.69
1865,730,30,2025-05-14 06:16:00,pending,pix,2882.67
1866,954,35,2025-01-29 03:42:00,completed,boleto,2901.85
1867,228,50,2025-10-15 03:01:00,cancelled,debit_card,3457.86
1868,810,19,2025-01-25 03:13:00,completed,credit_card,796.35
1869,291,46,2025-07-16 20:20:00,completed,debit_card,3111.21
1870,422,34,2025-06-12 11:39:00,completed,pix,1891.7
1871,67,32,2025-07-13 03:04:00,pending,credit_card,2078.28
1872,251,12,2025-01-22 09:11:00,completed,credit_card,3139.1
1873,41,43,2025-07-19 13:20:00,completed,boleto,3300.36
1874,99,17,2025-08-15 18:51:00,completed,credit_card,2549.3
1875,306,6,2025-04-04 20:30:00,cancelled,credit_card,1230.49
1876,872,13,2025-02-05 01:59:00,completed,pix,1724.04
1877,854,39,2025-01-10 23:49:00,completed,boleto,2160.39
1878,456,22,2025-09-06 16:25:00,cancelled,debit_card,2903.67
1879,591,11,2025-04-20 13:13:00,completed,credit_card,2309.66
1880,301,7,2025-08-27 07:10:00,completed,debit_card,1291.76
1881,199,45,2025-12-12 11:28:00,completed,debit_card,1474.22
1882,659,45,2025-03-07 21:53:00,cancelled,debit_card,195.52
1883,488,21,2025-07-07 05:57:00,completed,boleto,3236.45
1884,106,1,2025-02-18 08:39:00,completed,debit_card,326.65
1885,401,30,2025-06-10 17:32:00,cancelled,pix,2038.16
1886,705,19,2025-08-08 19:27:00,completed,boleto,3053.35
1887,477,47,2025-08-03 20:18:00,cancelled,boleto,1484.61
1888,122,46,2025-12-04 13:24:00,completed,boleto,2804.44
1889,77,29,2025-07-07 03:55:00,completed,boleto,2817.28
1890,312,35,2025-06-11 11:20:00,completed,credit_card,228.26
1891,112,20,2025-06-19 01:39:00,completed,credit_card,1454.26
1892,861,36,2025-06-14 19:30:00,completed,debit_card,2424.77
1893,809,39,2025-03-15 07:33:00,completed,credit_card,1489.79
1894,682,1,2025-04-06 18:20:00,returned,boleto,1917.18
1895,518,23,2025-08-10 23:38:00,completed,debit_card,2088.71
1896,197,31,2025-12-14 11:24:00,cancelled,pix,546.28
1897,98,35,2025-12-18 05:00:00,completed,credit_card,1453.69
1898,459,47,2025-06-13 16:27:00,completed,boleto,119.05
1899,841,45,2025-12-17 15:17:00,cancelled,debit_card,540.7
1900,230,22,2025-11-28 10:54:00,completed,credit_card,1802.64
1901,168,46,2025-12-30 06:36:00,cancelled,boleto,2016.08
1902,809,7,2025-11-12 14:45:00,completed,debit_card,528.9
1903,777,33,2025-12-23 07:06:00,completed,credit_card,2649.56
1904,8,45,2025-07-03 10:59:00,completed,pix,1318.0
1905,172,36,2025-03-18 05:27:00,completed,credit_card,3223.86
1906,954,44,2025-10-29 08:41:00,completed,boleto,1369.07
1907,360,7,2025-04-18 02:26:00,pending,boleto,541.34
1908,195,27,2025-12-08 12:58:00,completed,pix,2657.74
1909,269,2,2025-02-09 03:56:00,completed,pix,1995.95
1910,19,17,2025-12-08 23:23:00,pending,debit_card,1365.67
1911,354,1,2025-03-24 14:00:00,pending,debit_card,1258.73
1912,864,46,2025-10-10 07:47:00,completed,boleto,544.68
1913,49,30,2025-05-16 09:59:00,completed,credit_card,1206.1
1914,464,22,2025-02-13 18:14:00,completed,pix,122.12
1915,356,28,2025-05-09 20:30:00,completed,debit_card,1768.36
1916,850,33,2025-05-10 17:26:00,completed,boleto,3140.6
1917,974,26,2025-10-20 22:37:00,returned,boleto,2787.75
1918,158,35,2025-08-24 03:05:00,completed,boleto,119.25
1919,66,11,2025-02-02 00:41:00,completed,pix,3086.79
1920,973,7,2025-08-12 20:21:00,cancelled,pix,1594.09
1921,859,28,2025-02-28 17:37:00,completed,pix,684.3
1922,571,25,2025-09-05 18:18:00,cancelled,credit_card,2638.39
1923,821,41,2025-06-22 23:46:00,completed,pix,1143.6
1924,308,31,2025-10-30 12:47:00,completed,boleto,901.55
1925,337,3,2025-12-08 23:41:00,cancelled,pix,581.39
1926,671,33,2025-12-17 20:00:00,completed,credit_card,1713.44
1927,783,34,2025-12-02 14:01:00,completed,credit_card,345.01
1928,121,21,2025-11-27 19:39:00,completed,boleto,2753.93
1929,766,37,2025-11-24 23:35:00,pending,debit_card,1657.95
1930,404,49,2025-10-09 19:51:00,completed,pix,1575.48
1931,773,19,2025-08-29 07:10:00,completed,pix,26.45
1932,647,37,2025-08-16 19:35:00,completed,credit_card,2866.17
1933,786,21,2025-10-15 11:22:00,completed,credit_card,1735.07
1934,568,14,2025-03-03 09:42:00,completed,debit_card,1550.83
1935,843,10,2025-12-16 09:00:00,completed,credit_card,2669.62
1936,96,7,2025-08-21 23:53:00,completed,credit_card,238.89
1937,114,29,2025-07-23 06:37:00,completed,credit_card,1296.05
1938,987,40,2025-10-24 05:43:00,pending,credit_card,2023.55
1939,986,8,2025-04-16 17:51:00,completed,debit_card,1622.81
1940,869,39,2025-09-03 12:28:00,completed,pix,652.1
1941,429,13,2025-04-27 07:17:00,completed,pix,1061.48
1942,540,46,2025-06-09 05:44:00,completed,pix,1064.7
1943,818,19,2025-08-26 12:22:00,returned,pix,3472.06
1944,2,11,2025-09-02 21:01:00,completed,pix,1155.17
1945,212,2,2025-11-25 06:17:00,completed,boleto,734.03
1946,580,49,2025-09-14 13:10:00,completed,boleto,2882.78
1947,640,6,2025-11-29 10:25:00,pending,credit_card,1485.68
1948,333,29,2025-07-30 03:39:00,completed,boleto,1564.65
1949,24,41,2025-09-07 03:26:00,completed,pix,1930.13
1950,765,5,2025-10-13 02:00:00,completed,credit_card,2093.0
1951,368,41,2025-03-16 16:53:00,cancelled,pix,2075.13
1952,742,30,2025-07-06 21:52:00,completed,pix,140.06
1953,506,39,2025-08-04 13:55:00,returned,credit_card,2869.57
1954,1000,36,2025-04-21 01:17:00,completed,pix,698.09
1955,176,27,2025-06-22 07:41:00,completed,boleto,1037.35
1956,429,50,2025-07-27 07:30:00,pending,credit_card,623.53
1957,887,18,2025-04-16 11:39:00,completed,debit_card,2689.43
1958,733,49,2025-08-25 14:07:00,completed,debit_card,2051.13
1959,442,36,2025-07-26 23:56:00,returned,debit_card,2648.43
1960,548,16,2025-10-15 18:20:00,completed,pix,2293.83
1961,514,5,2025-04-02 16:18:00,completed,pix,382.47
1962,895,9,2025-07-20 23:05:00,completed,pix,1069.22
1963,361,34,2025-03-08 12:30:00,completed,pix,1785.28
1964,274,34,2025-04-30 15:15:00,pending,credit_card,1081.21
1965,177,36,2025-07-01 13:19:00,completed,debit_card,741.42
1966,264,31,2025-01-08 21:10:00,completed,boleto,3046.95
1967,186,20,2025-08-10 11:53:00,completed,credit_card,2622.29
1968,527,17,2025-03-12 18:14:00,completed,debit_card,1221.37
1969,913,20,2025-09-07 19:01:00,cancelled,debit_card,2682.24
1970,279,28,2025-10-30 19:28:00,cancelled,credit_card,2203.83
1971,706,21,2025-07-14 06:00:00,completed,credit_card,33.17
1972,198,19,2025-10-21 04:57:00,completed,credit_card,1343.31
1973,349,3,2025-12-28 16:41:00,cancelled,boleto,1030.9
1974,923,30,2025-02-27 21:44:00,completed,debit_card,778.32
1975,421,5,2025-01-01 06:30:00,completed,boleto,895.53
1976,305,42,2025-11-30 20:31:00,completed,boleto,3299.43
1977,64,6,2025-10-10 02:45:00,completed,boleto,1712.38
1978,290,3,2025-01-16 14:50:00,pending,boleto,2970.03
1979,18,49,2025-12-10 02:40:00,completed,boleto,765.48
1980,64,42,2025-09-09 03:39:00,returned,credit_card,626.93
1981,874,24,2025-07-08 09:05:00,completed,boleto,3112.99
1982,330,44,2025-01-02 01:39:00,completed,pix,1745.05
1983,870,1,2025-10-12 21:23:00,returned,credit_card,3135.13
1984,763,50,2025-09-28 12:26:00,cancelled,debit_card,239.34
1985,940,36,2025-08-06 01:39:00,pending,debit_card,3209.2
1986,17,15,2025-12-25 01:04:00,completed,credit_card,1465.75
1987,443,41,2025-02-14 10:05:00,pending,boleto,560.69
1988,141,38,2025-12-24 19:29:00,completed,credit_card,2398.17
1989,308,44,2025-09-17 03:52:00,completed,debit_card,2793.22
1990,444,18,2025-08-19 14:26:00,completed,debit_card,184.86
1991,496,23,2025-03-09 21:59:00,completed,credit_card,3455.44
1992,426,47,2025-03-07 05:48:00,pending,pix,2445.65
1993,475,29,2025-11-27 14:15:00,completed,pix,1138.48
1994,832,41,2025-04-10 12:34:00,completed,pix,546.5
1995,245,22,2025-06-22 06:59:00,completed,debit_card,1386.01
1996,450,24,2025-06-27 15:41:00,completed,pix,787.57
1997,802,45,2025-08-04 22:09:00,completed,pix,1739.65
1998,351,48,2025-11-16 13:48:00,completed,credit_card,2740.99
1999,599,13,2025-01-09 01:38:00,completed,boleto,2317.25
2000,711,33,2025-08-22 15:10:00,completed,boleto,1537.05
2001,870,50,2025-07-13 05:46:00,returned,credit_card,433.92
2002,960,22,2025-05-27 03:28:00,completed,boleto,3350.91
2003,161,35,2025-12-11 09:19:00,completed,pix,960.89
2004,140,17,2025-04-05 12:29:00,pending,debit_card,986.86
2005,493,22,2025-01-20 21:13:00,completed,pix,2266.35
2006,588,5,2025-05-28 12:56:00,cancelled,credit_card,2701.37
2007,531,25,2025-07-27 09:07:00,completed,boleto,3444.85
2008,393,6,2025-09-18 15:25:00,cancelled,credit_card,3392.69
2009,842,17,2025-11-21 00:29:00,completed,credit_card,3199.89
2010,401,31,2025-07-25 16:53:00,completed,pix,1534.89
2011,50,17,2025-04-07 03:22:00,completed,boleto,600.01
2012,744,33,2025-02-19 23:07:00,completed,debit_card,2053.96
2013,295,39,2025-04-29 04:45:00,cancelled,pix,80.05
2014,425,48,2025-03-08 12:01:00,completed,credit_card,702.95
2015,906,37,2025-09-19 00:57:00,completed,credit_card,28.8
2016,12,48,2025-03-14 17:00:00,completed,boleto,648.26
2017,335,4,2025-08-22 10:08:00,cancelled,credit_card,1672.15
2018,991,43,2025-10-31 04:46:00,pending,credit_card,1388.77
2019,15,14,2025-01-04 14:49:00,completed,pix,1305.15
2020,28,13,2025-10-05 14:29:00,completed,boleto,2911.72
2021,388,27,2025-07-07 01:15:00,completed,pix,2368.99
2022,292,24,2025-01-07 21:27:00,completed,debit_card,3278.78
2023,887,27,2025-04-19 02:26:00,completed,credit_card,1569.79
2024,833,8,2025-05-25 23:45:00,completed,pix,967.36
2025,250,47,2025-08-24 02:06:00,returned,pix,446.94
2026,505,50,2025-04-07 12:45:00,cancelled,boleto,2358.66
2027,98,39,2025-05-17 11:21:00,completed,credit_card,2949.26
2028,815,21,2025-08-18 00:00:00,completed,pix,659.41
2029,337,41,2025-11-09 08:04:00,returned,credit_card,3078.06
2030,39,11,2025-04-20 03:55:00,completed,debit_card,1851.44
2031,38,31,2025-10-06 11:33:00,completed,credit_card,521.4
2032,300,27,2025-02-04 17:33:00,cancelled,credit_card,2257.16
2033,179,42,2025-10-06 20:42:00,completed,pix,1829.78
2034,609,46,2025-05-31 08:06:00,completed,boleto,118.08
2035,892,48,2025-10-24 10:48:00,completed,boleto,1409.37
2036,469,27,2025-10-13 07:49:00,completed,boleto,2751.06
2037,282,8,2025-07-02 20:48:00,completed,debit_card,1952.87
2038,750,33,2025-10-25 00:29:00,completed,debit_card,1001.5
2039,164,12,2025-03-19 08:01:00,completed,pix,3251.67
2040,453,35,2025-10-03 19:32:00,returned,boleto,847.47
2041,97,34,2025-01-12 11:55:00,completed,debit_card,899.52
2042,769,16,2025-12-31 00:53:00,completed,boleto,1254.14
2043,309,36,2025-10-14 01:06:00,completed,boleto,3132.99
2044,262,2,2025-08-11 16:06:00,completed,debit_card,1786.54
2045,293,12,2025-06-27 12:58:00,pending,boleto,2393.98
2046,770,27,2025-11-03 23:45:00,completed,credit_card,3417.4
2047,249,17,2025-03-14 02:44:00,completed,pix,2745.87
2048,245,20,2025-03-05 10:01:00,completed,debit_card,620.65
2049,251,21,2025-03-10 05:14:00,completed,debit_card,2763.47
2050,123,30,2025-11-26 15:58:00,completed,boleto,2624.21
2051,325,42,2025-11-24 14:41:00,completed,debit_card,829.51
2052,986,20,2025-07-21 09:07:00,completed,credit_card,1152.22
2053,681,8,2025-08-14 07:44:00,returned,boleto,2491.25
2054,947,18,2025-01-14 15:07:00,cancelled,credit_card,849.61
2055,501,18,2025-08-13 23:26:00,pending,pix,744.49
2056,687,18,2025-11-28 11:17:00,cancelled,pix,2468.09
2057,781,2,2025-06-04 14:33:00,pending,credit_card,3084.47
2058,716,12,2025-08-09 19:02:00,cancelled,boleto,281.06
2059,837,32,2025-08-23 08:22:00,completed,pix,1571.76
2060,66,42,2025-09-12 09:30:00,completed,boleto,2132.97
2061,827,8,2025-09-01 02:06:00,pending,boleto,2373.44
2062,836,10,2025-10-20 21:33:00,completed,pix,3486.76
2063,59,11,2025-08-20 13:58:00,completed,pix,2395.77
2064,731,14,2025-11-22 06:19:00,completed,credit_card,2178.14
2065,498,26,2025-09-14 03:43:00,completed,boleto,3464.27
2066,373,47,2025-03-27 11:39:00,completed,credit_card,231.13
2067,266,30,2025-07-10 21:04:00,completed,debit_card,279.04
2068,653,42,2025-08-11 01:12:00,completed,debit_card,1971.18
2069,236,4,2025-03-16 14:49:00,cancelled,debit_card,1268.15
2070,898,39,2025-03-13 09:48:00,pending,debit_card,356.51
2071,218,11,2025-03-29 22:13:00,cancelled,pix,1086.44
2072,527,24,2025-02-20 01:35:00,cancelled,pix,2366.75
2073,814,22,2025-11-28 21:10:00,completed,credit_card,3084.54
2074,441,3,2025-03-02 19:53:00,completed,pix,348.25
2075,650,37,2025-08-24 16:26:00,completed,pix,1899.7
2076,406,2,2025-03-29 15:22:00,returned,pix,1050.48
2077,744,12,2025-02-23 21:26:00,completed,debit_card,2342.3
2078,601,21,2025-03-27 22:49:00,pending,credit_card,1932.09
2079,975,5,2025-03-24 07:42:00,completed,boleto,3244.95
2080,589,7,2025-09-13 23:02:00,returned,boleto,151.14
2081,648,4,2025-04-20 09:50:00,completed,boleto,1655.73
2082,917,43,2025-11-13 06:33:00,pending,debit_card,690.8
2083,469,41,2025-03-04 14:20:00,completed,pix,1888.0
2084,918,36,2025-11-21 06:58:00,completed,pix,2990.46
2085,110,22,2025-10-04 21:31:00,completed,boleto,3191.38
2086,353,29,2025-09-21 13:02:00,returned,boleto,1405.85
2087,813,9,2025-07-27 03:17:00,completed,credit_card,2845.0
2088,91,26,2025-03-09 19:08:00,returned,debit_card,996.17
2089,936,12,2025-03-01 01:38:00,pending,pix,41.94
2090,882,48,2025-12-01 13:59:00,pending,boleto,2996.23
2091,918,1,2025-04-16 05:42:00,completed,boleto,435.55
2092,414,8,2025-07-31 23:53:00,completed,credit_card,81.29
2093,702,33,2025-07-07 23:15:00,completed,pix,1251.22
2094,73,4,2025-07-27 18:22:00,returned,pix,1340.24
2095,685,14,2025-09-01 02:43:00,returned,credit_card,288.73
2096,547,29,2025-01-30 15:14:00,pending,credit_card,2853.36
2097,722,14,2025-03-30 14:12:00,completed,pix,1431.46
2098,298,9,2025-11-27 08:12:00,completed,credit_card,1724.93
2099,645,9,2025-07-22 18:15:00,returned,boleto,940.9
2100,283,26,2025-10-27 14:36:00,completed,pix,1800.04
2101,505,49,2025-11-06 16:15:00,cancelled,debit_card,2688.23
2102,198,47,2025-02-06 20:11:00,completed,pix,3173.52
2103,958,42,2025-05-22 00:45:00,completed,credit_card,3397.44
2104,32,17,2025-08-10 09:16:00,cancelled,debit_card,1505.0
2105,648,41,2025-02-15 12:04:00,completed,boleto,3465.32
2106,760,4,2025-11-27 15:52:00,completed,boleto,1046.45
2107,871,46,2025-07-06 12:54:00,returned,boleto,44.28
2108,341,3,2025-11-17 00:14:00,completed,credit_card,2691.31
2109,658,29,2025-12-26 12:53:00,pending,pix,640.96
2110,334,25,2025-08-08 04:17:00,pending,credit_card,202.54
2111,143,21,2025-01-31 20:39:00,completed,pix,3235.55
2112,746,12,2025-07-11 23:32:00,completed,credit_card,2775.5
2113,410,1,2025-03-05 14:03:00,completed,boleto,377.27
2114,949,1,2025-07-26 09:45:00,completed,credit_card,2723.65
2115,44,45,2025-11-05 01:19:00,completed,pix,2957.12
2116,32,46,2025-04-27 14:16:00,pending,boleto,3170.45
2117,743,48,2025-10-19 07:55:00,completed,boleto,1912.06
2118,28,7,2025-01-21 21:03:00,completed,debit_card,2467.87
2119,423,10,2025-06-26 15:31:00,completed,pix,2672.59
2120,491,15,2025-03-12 22:46:00,completed,debit_card,2416.46
2121,160,40,2025-01-11 01:46:00,completed,debit_card,2270.98
2122,845,11,2025-06-06 12:53:00,cancelled,debit_card,1925.51
2123,207,46,2025-03-20 21:24:00,completed,boleto,1687.6
2124,18,45,2025-01-19 01:46:00,completed,debit_card,3486.52
2125,103,23,2025-10-20 06:48:00,completed,pix,1194.71
2126,582,13,2025-08-07 10:37:00,completed,pix,327.18
2127,631,27,2025-06-27 03:56:00,completed,debit_card,2682.33
2128,651,41,2025-08-16 05:30:00,cancelled,debit_card,764.11
2129,672,17,2025-05-13 03:25:00,completed,debit_card,1873.77
2130,232,50,2025-02-05 09:31:00,completed,debit_card,353.39
2131,660,13,2025-10-20 00:17:00,completed,debit_card,2175.11
2132,865,12,2025-03-21 03:38:00,completed,debit_card,3305.15
2133,424,29,2025-04-21 12:43:00,completed,credit_card,2535.01
2134,904,21,2025-03-14 03:04:00,completed,boleto,766.58
2135,755,20,2025-10-01 19:35:00,completed,boleto,3399.56
2136,547,20,2025-11-02 12:47:00,completed,boleto,1088.66
2137,837,31,2025-11-08 13:28:00,completed,debit_card,1539.42
2138,894,8,2025-08-25 09:55:00,completed,credit_card,1753.45
2139,867,24,2025-03-29 06:19:00,completed,boleto,3467.7
2140,239,11,2025-01-06 00:35:00,cancelled,pix,259.74
2141,334,39,2025-08-28 11:57:00,completed,boleto,2444.61
2142,149,33,2025-02-13 13:12:00,cancelled,boleto,1279.52
2143,623,42,2025-04-16 22:25:00,completed,boleto,292.57
2144,408,15,2025-03-29 09:29:00,completed,boleto,3273.91
2145,17,4,2025-06-27 10:13:00,completed,pix,2072.71
2146,914,1,2025-03-14 08:55:00,cancelled,debit_card,2642.24
2147,226,32,2025-01-23 09:10:00,completed,pix,856.54
2148,652,11,2025-08-29 18:37:00,completed,pix,2670.16
2149,656,30,2025-11-17 21:32:00,completed,debit_card,2903.09
2150,260,37,2025-07-30 06:28:00,completed,pix,1519.29
2151,729,19,2025-05-05 19:36:00,completed,pix,2010.41
2152,674,36,2025-08-17 08:21:00,completed,boleto,3402.12
2153,604,34,2025-10-18 17:21:00,completed,boleto,2966.62
2154,174,7,2025-02-28 21:37:00,completed,debit_card,1568.08
2155,843,45,2025-06-15 17:37:00,completed,boleto,2332.72
2156,205,20,2025-05-31 17:13:00,completed,debit_card,2749.13
2157,415,12,2025-06-10 16:54:00,completed,debit_card,104.66
2158,508,32,2025-06-28 08:12:00,completed,credit_card,2067.51
2159,153,2,2025-07-31 18:38:00,completed,debit_card,3446.16
2160,103,22,2025-04-29 17:16:00,completed,pix,3316.19
2161,714,41,2025-09-06 06:09:00,completed,debit_card,2916.89
2162,792,48,2025-06-28 13:34:00,completed,credit_card,389.63
2163,65,40,2025-09-09 13:12:00,completed,pix,3479.26
2164,117,24,2025-01-16 00:50:00,completed,credit_card,2141.19
2165,665,50,2025-09-05 11:46:00,completed,boleto,795.72
2166,156,31,2025-04-29 10:01:00,completed,pix,2366.46
2167,676,4,2025-04-29 13:33:00,completed,debit_card,3000.7
2168,82,24,2025-06-18 01:57:00,completed,credit_card,410.9
2169,518,43,2025-02-25 20:28:00,returned,debit_card,3209.2
2170,834,17,2025-05-24 05:31:00,completed,boleto,3222.31
2171,67,40,2025-11-01 20:16:00,completed,pix,66.86
2172,238,19,2025-01-15 14:42:00,completed,debit_card,3153.11
2173,584,40,2025-08-10 11:03:00,completed,boleto,3314.93
2174,607,38,2025-09-13 15:17:00,returned,debit_card,151.17
2175,816,34,2025-09-23 20:11:00,cancelled,pix,1043.7
2176,979,47,2025-12-15 09:31:00,pending,boleto,1318.41
2177,326,33,2025-05-29 19:44:00,returned,boleto,1234.14
2178,590,6,2025-10-03 02:58:00,completed,credit_card,2661.33
2179,67,36,2025-11-01 20:03:00,completed,pix,1266.2
2180,176,13,2025-08-07 09:33:00,cancelled,boleto,3348.89
2181,833,47,2025-05-21 05:04:00,completed,pix,3482.57
2182,684,9,2025-01-04 23:30:00,returned,debit_card,1122.53
2183,478,35,2025-10-10 17:37:00,completed,pix,1790.63
2184,255,34,2025-05-21 10:10:00,completed,credit_card,1960.82
2185,63,16,2025-01-14 05:03:00,returned,pix,2036.32
2186,814,18,2025-08-28 21:10:00,completed,pix,1322.25
2187,403,18,2025-10-11 11:33:00,pending,debit_card,597.66
2188,758,38,2025-12-28 12:50:00,completed,credit_card,209.87
2189,192,50,2025-01-15 12:43:00,completed,debit_card,390.09
2190,979,43,2025-10-03 01:43:00,returned,boleto,3156.49
2191,329,32,2025-05-16 06:35:00,completed,debit_card,995.71
2192,71,7,2025-06-12 03:02:00,completed,credit_card,287.34
2193,878,23,2025-02-05 16:53:00,completed,credit_card,2189.88
2194,741,23,2025-06-27 13:59:00,cancelled,pix,282.07
2195,946,46,2025-08-20 18:00:00,pending,credit_card,263.78
2196,63,18,2025-07-09 04:48:00,completed,debit_card,2183.07
2197,297,7,2025-10-12 21:06:00,completed,credit_card,2078.06
2198,245,42,2025-03-30 05:19:00,pending,boleto,164.34
2199,519,40,2025-05-06 01:14:00,pending,credit_card,1622.46
2200,393,24,2025-04-02 08:42:00,completed,credit_card,1536.47
2201,772,14,2025-01-03 14:09:00,completed,debit_card,1922.48
2202,601,50,2025-08-30 05:20:00,pending,pix,2587.7
2203,177,5,2025-06-29 10:00:00,completed,pix,1004.14
2204,204,46,2025-09-07 07:34:00,returned,debit_card,1526.08
2205,646,22,2025-01-15 20:38:00,completed,pix,2778.74
2206,594,22,2025-07-26 02:34:00,completed,boleto,3230.5
2207,1000,10,2025-07-04 05:43:00,completed,boleto,3121.8
2208,533,26,2025-09-08 05:06:00,returned,pix,1682.16
2209,911,15,2025-11-13 15:42:00,completed,debit_card,1832.61
2210,128,38,2025-06-06 21:59:00,completed,debit_card,1861.29
2211,195,41,2025-10-12 22:01:00,completed,pix,3043.13
2212,194,42,2025-11-02 08:47:00,cancelled,credit_card,2942.99
2213,184,49,2025-12-27 01:30:00,completed,pix,1104.13
2214,247,1,2025-11-18 14:12:00,completed,boleto,586.72
2215,873,14,2025-01-25 06:04:00,completed,boleto,1338.83
2216,872,36,2025-05-28 18:32:00,completed,credit_card,1023.65
2217,324,31,2025-10-29 08:30:00,completed,boleto,3328.72
2218,160,28,2025-01-02 11:59:00,completed,debit_card,945.39
2219,706,34,2025-11-23 12:32:00,completed,credit_card,650.6
2220,622,35,2025-11-02 20:20:00,completed,credit_card,3150.19
2221,925,39,2025-10-09 09:57:00,cancelled,credit_card,320.95
2222,66,23,2025-04-18 07:36:00,returned,debit_card,925.73
2223,930,46,2025-10-22 01:28:00,completed,boleto,1548.11
2224,254,44,2025-12-15 01:53:00,pending,pix,2090.97
2225,283,19,2025-06-17 08:10:00,completed,boleto,1160.3
2226,60,18,2025-01-01 15:01:00,completed,pix,1746.89
2227,118,15,2025-03-03 02:20:00,completed,credit_card,711.93
2228,423,1,2025-09-14 18:18:00,completed,pix,2018.47
2229,556,25,2025-11-28 02:53:00,completed,boleto,1439.2
2230,998,26,2025-07-22 18:47:00,completed,debit_card,2975.42
2231,722,35,2025-10-04 23:18:00,completed,boleto,1466.75
2232,36,15,2025-12-25 07:16:00,completed,debit_card,1564.48
2233,531,4,2025-11-27 19:44:00,completed,debit_card,2080.77
2234,91,15,2025-12-05 05:43:00,completed,debit_card,448.63
2235,301,42,2025-06-24 21:19:00,completed,pix,565.65
2236,724,38,2025-08-12 04:35:00,completed,credit_card,2770.03
2237,917,45,2025-09-27 06:53:00,completed,credit_card,971.5
2238,919,39,2025-01-16 14:59:00,completed,credit_card,2402.75
2239,734,1,2025-11-05 22:04:00,completed,debit_card,359.05
2240,217,22,2025-10-04 06:19:00,pending,pix,2880.03
2241,735,11,2025-12-04 20:45:00,completed,pix,3459.03
2242,923,46,2025-04-10 19:04:00,completed,pix,1320.44
2243,98,38,2025-03-05 19:13:00,pending,boleto,1779.24
2244,456,37,2025-02-15 15:56:00,completed,pix,1560.64
2245,531,26,2025-11-02 16:50:00,completed,pix,3131.77
2246,809,27,2025-05-16 00:54:00,completed,pix,54.57
2247,538,13,2025-08-10 04:08:00,completed,credit_card,2294.04
2248,28,7,2025-11-07 09:51:00,completed,debit_card,2290.24
2249,576,8,2025-10-06 04:05:00,completed,boleto,1350.7
2250,324,46,2025-10-30 16:00:00,completed,credit_card,783.28
2251,223,23,2025-03-26 15:37:00,completed,pix,854.1
2252,80,26,2025-12-28 04:02:00,completed,debit_card,2805.62
2253,563,44,2025-07-27 23:28:00,pending,debit_card,250.04
2254,458,27,2025-02-28 04:31:00,cancelled,debit_card,1982.11
2255,614,9,2025-04-03 00:54:00,completed,debit_card,1087.81
2256,176,46,2025-02-26 13:21:00,completed,pix,943.06
2257,522,38,2025-06-15 00:12:00,completed,boleto,1779.97
2258,749,47,2025-10-29 05:57:00,completed,pix,3144.56
2259,457,13,2025-06-10 17:24:00,completed,debit_card,2170.96
2260,423,7,2025-04-06 07:43:00,completed,pix,2764.36
2261,100,11,2025-08-28 23:38:00,returned,debit_card,2110.38
2262,890,10,2025-02-03 02:05:00,completed,pix,2448.05
2263,740,33,2025-06-16 09:28:00,completed,boleto,1524.78
2264,403,39,2025-12-25 14:09:00,completed,debit_card,3242.42
2265,576,50,2025-08-31 10:35:00,completed,pix,1766.75
2266,380,3,2025-03-13 09:00:00,completed,credit_card,1940.18
2267,531,41,2025-10-21 22:00:00,pending,boleto,1846.88
2268,332,29,2025-11-04 12:46:00,completed,credit_card,1120.34
2269,318,37,2025-01-01 08:35:00,returned,pix,824.71
2270,653,45,2025-08-03 03:20:00,completed,boleto,276.95
2271,537,16,2025-08-20 22:17:00,completed,boleto,2519.25
2272,740,16,2025-12-19 21:35:00,completed,boleto,1026.68
2273,89,44,2025-02-21 07:10:00,completed,pix,1374.41
2274,604,50,2025-04-06 04:40:00,completed,boleto,3221.35
2275,511,43,2025-03-09 00:22:00,completed,boleto,1991.24
2276,42,49,2025-10-28 03:26:00,completed,credit_card,357.83
2277,885,7,2025-11-29 14:57:00,returned,pix,2802.65
2278,807,15,2025-10-25 14:36:00,completed,debit_card,911.33
2279,926,38,2025-08-21 23:08:00,completed,pix,1943.42
2280,389,6,2025-11-30 13:50:00,completed,pix,1794.74
2281,81,18,2025-12-11 14:32:00,completed,boleto,848.51
2282,402,19,2025-12-06 04:55:00,completed,credit_card,422.88
2283,107,2,2025-07-02 02:10:00,completed,credit_card,755.19
2284,111,3,2025-09-20 11:32:00,completed,pix,358.74
2285,277,46,2025-06-23 18:31:00,completed,debit_card,979.19
2286,214,25,2025-01-09 23:40:00,pending,pix,3490.6
2287,743,36,2025-09-22 00:11:00,completed,debit_card,1419.28
2288,818,49,2025-06-07 04:57:00,completed,debit_card,3026.33
2289,506,28,2025-11-09 12:43:00,completed,pix,1931.14
2290,121,38,2025-01-18 02:48:00,pending,boleto,2339.71
2291,134,28,2025-01-23 21:26:00,completed,boleto,564.09
2292,818,32,2025-10-20 08:33:00,completed,debit_card,976.32
2293,720,41,2025-06-27 14:13:00,pending,credit_card,1796.34
2294,962,36,2025-04-24 15:19:00,completed,boleto,3086.38
2295,371,39,2025-06-21 01:31:00,pending,boleto,169.25
2296,257,36,2025-01-30 13:58:00,completed,debit_card,1784.08
2297,697,43,2025-05-13 03:11:00,completed,debit_card,197.52
2298,798,23,2025-10-10 15:34:00,completed,debit_card,1609.74
2299,954,2,2025-06-22 05:24:00,cancelled,boleto,2208.46
2300,875,10,2025-01-12 21:18:00,completed,boleto,2611.64
2301,180,6,2025-01-16 16:56:00,completed,credit_card,502.09
2302,933,8,2025-04-02 13:50:00,pending,credit_card,599.68
2303,48,15,2025-07-07 07:45:00,cancelled,pix,1655.83
2304,599,45,2025-01-02 22:35:00,pending,debit_card,3493.17
2305,897,29,2025-03-09 16:22:00,completed,boleto,1259.04
2306,19,28,2025-11-01 12:00:00,cancelled,credit_card,1507.8
2307,46,22,2025-09-11 11:56:00,completed,debit_card,1524.91
2308,451,34,2025-08-21 14:57:00,completed,debit_card,300.84
2309,898,20,2025-12-30 03:04:00,returned,pix,2714.12
2310,56,33,2025-07-04 04:28:00,completed,debit_card,900.79
2311,741,15,2025-11-23 07:02:00,completed,credit_card,2468.76
2312,657,7,2025-04-02 19:21:00,completed,pix,1673.31
2313,92,24,2025-04-21 11:34:00,pending,boleto,2148.99
2314,82,26,2025-07-03 03:49:00,completed,pix,207.82
2315,737,50,2025-02-23 19:46:00,completed,debit_card,3117.08
2316,79,10,2025-01-31 15:30:00,completed,debit_card,868.62
2317,662,15,2025-04-24 11:22:00,completed,credit_card,2351.93
2318,873,37,2025-04-12 13:39:00,cancelled,debit_card,2797.11
2319,283,24,2025-10-18 23:27:00,completed,boleto,1899.33
2320,311,11,2025-09-02 20:20:00,completed,credit_card,1193.92
2321,997,40,2025-05-21 01:22:00,pending,debit_card,3423.1
2322,160,21,2025-09-18 01:25:00,completed,boleto,988.97
2323,316,40,2025-06-04 21:14:00,completed,credit_card,3321.34
2324,877,38,2025-12-20 17:54:00,completed,debit_card,563.66
2325,979,15,2025-07-16 12:47:00,pending,boleto,1374.49
2326,668,15,2025-08-06 17:59:00,completed,boleto,501.96
2327,156,37,2025-02-17 21:28:00,completed,pix,27.8
2328,888,45,2025-12-09 23:31:00,completed,credit_card,925.7
2329,714,14,2025-06-23 15:52:00,completed,pix,323.49
2330,468,43,2025-01-02 01:15:00,completed,boleto,3452.48
2331,921,21,2025-03-09 12:06:00,pending,pix,2670.55
2332,853,44,2025-06-20 08:02:00,completed,pix,32.89
2333,462,20,2025-10-11 05:01:00,completed,pix,798.29
2334,854,33,2025-01-04 21:06:00,pending,credit_card,2352.03
2335,117,3,2025-09-25 10:54:00,completed,debit_card,1406.96
2336,666,40,2025-08-31 11:33:00,completed,pix,2914.81
2337,364,23,2025-01-14 21:59:00,cancelled,debit_card,1776.92
2338,843,44,2025-05-24 10:35:00,completed,credit_card,2294.71
2339,631,47,2025-12-08 00:47:00,completed,debit_card,2097.69
2340,711,23,2025-06-02 14:10:00,completed,credit_card,2240.83
2341,913,27,2025-01-02 02:17:00,pending,debit_card,820.74
2342,466,35,2025-03-16 20:32:00,completed,credit_card,1319.05
2343,775,25,2025-06-15 15:40:00,cancelled,boleto,196.19
2344,184,32,2025-06-08 16:26:00,returned,credit_card,2064.98
2345,960,22,2025-01-08 11:45:00,returned,debit_card,1618.22
2346,660,8,2025-02-20 03:47:00,cancelled,pix,2667.29
2347,166,38,2025-10-13 01:53:00,completed,boleto,738.21
2348,75,18,2025-06-22 04:21:00,cancelled,pix,1540.11
2349,748,28,2025-04-15 14:53:00,completed,debit_card,648.99
2350,826,28,2025-08-09 08:56:00,cancelled,pix,2156.65
2351,272,11,2025-07-03 01:26:00,completed,pix,2971.15
2352,691,12,2025-09-29 12:32:00,completed,credit_card,2683.74
2353,503,2,2025-08-23 21:30:00,completed,debit_card,3305.81
2354,795,37,2025-08-04 20:09:00,pending,pix,3401.61
2355,563,4,2025-08-27 07:14:00,completed,pix,2706.68
2356,587,41,2025-06-06 01:37:00,completed,pix,1018.09
2357,656,45,2025-09-26 04:53:00,pending,debit_card,783.03
2358,343,45,2025-02-07 19:40:00,completed,boleto,1577.47
2359,700,47,2025-10-05 09:17:00,completed,pix,3478.72
2360,635,34,2025-10-17 08:50:00,completed,pix,1456.08
2361,844,23,2025-03-22 02:55:00,completed,boleto,712.76
2362,251,13,2025-04-16 15:17:00,completed,boleto,3306.31
2363,808,7,2025-03-22 23:02:00,returned,boleto,1362.99
2364,835,32,2025-12-13 11:09:00,completed,pix,2424.33
2365,130,23,2025-02-06 18:29:00,completed,credit_card,2762.77
2366,764,49,2025-11-19 04:10:00,completed,debit_card,2954.18
2367,358,8,2025-03-08 08:38:00,returned,pix,2878.06
2368,944,50,2025-10-11 15:36:00,completed,boleto,2930.14
2369,692,47,2025-04-13 12:46:00,completed,boleto,2343.43
2370,408,47,2025-11-21 06:13:00,completed,boleto,1425.33
2371,861,37,2025-12-17 08:35:00,pending,boleto,2342.16
2372,495,34,2025-02-19 22:36:00,cancelled,credit_card,2931.84
2373,622,48,2025-06-30 06:30:00,completed,debit_card,1240.24
2374,482,29,2025-02-21 20:54:00,completed,credit_card,1051.85
2375,980,37,2025-10-15 09:47:00,completed,credit_card,1216.1
2376,850,23,2025-07-15 22:32:00,completed,debit_card,1938.47
2377,78,38,2025-02-18 22:34:00,completed,pix,202.5
2378,978,29,2025-09-01 02:28:00,completed,pix,2730.82
2379,514,44,2025-07-01 23:28:00,completed,credit_card,503.2
2380,321,5,2025-02-08 04:10:00,pending,debit_card,482.28
2381,788,40,2025-07-13 16:30:00,completed,boleto,707.85
2382,290,11,2025-10-09 04:31:00,completed,debit_card,2027.71
2383,297,14,2025-10-13 10:12:00,completed,pix,1013.78
2384,681,49,2025-05-01 13:35:00,completed,credit_card,1300.95
2385,752,42,2025-12-12 14:26:00,completed,boleto,3262.14
2386,971,2,2025-03-25 16:14:00,completed,pix,2968.26
2387,475,35,2025-04-29 22:37:00,pending,boleto,2985.62
2388,23,45,2025-12-08 15:26:00,returned,debit_card,2030.19
2389,806,49,2025-07-25 18:23:00,pending,debit_card,3035.3
2390,172,35,2025-01-08 23:56:00,completed,pix,2729.41
2391,835,42,2025-08-06 02:36:00,returned,pix,3337.26
2392,318,28,2025-05-08 04:43:00,completed,boleto,244.0
2393,908,8,2025-03-30 21:43:00,completed,boleto,119.97
2394,798,32,2025-09-16 13:39:00,completed,debit_card,629.1
2395,991,4,2025-05-05 04:38:00,completed,credit_card,3253.22
2396,855,45,2025-07-08 11:29:00,cancelled,boleto,2127.37
2397,193,7,2025-08-20 08:14:00,completed,debit_card,1502.87
2398,681,39,2025-12-10 12:30:00,completed,credit_card,1804.23
2399,916,48,2025-03-26 11:15:00,completed,pix,2907.02
2400,118,27,2025-06-03 10:15:00,pending,pix,3253.3
2401,6,37,2025-12-22 06:06:00,pending,boleto,2559.35
2402,843,17,2025-02-07 05:54:00,completed,credit_card,2664.27
2403,483,10,2025-12-09 00:23:00,completed,debit_card,1134.92
2404,132,4,2025-06-01 19:19:00,completed,boleto,1645.28
2405,93,23,2025-06-15 05:19:00,completed,debit_card,3100.53
2406,763,14,2025-11-22 11:08:00,completed,credit_card,2755.05
2407,522,5,2025-10-08 02:39:00,completed,boleto,2401.26
2408,563,2,2025-12-03 12:47:00,completed,credit_card,247.06
2409,861,46,2025-07-22 11:28:00,completed,credit_card,157.49
2410,294,24,2025-09-01 17:48:00,completed,credit_card,473.83
2411,641,18,2025-01-29 19:45:00,completed,debit_card,2043.24
2412,1000,27,2025-03-13 03:58:00,cancelled,pix,1886.63
2413,392,24,2025-02-13 12:59:00,completed,boleto,3300.56
2414,249,29,2025-10-18 18:00:00,completed,debit_card,2437.76
2415,614,11,2025-04-18 10:41:00,completed,credit_card,1043.02
2416,849,48,2025-04-05 21:48:00,completed,debit_card,582.01
2417,595,18,2025-07-13 09:58:00,completed,credit_card,2976.38
2418,703,48,2025-07-04 15:59:00,returned,credit_card,1619.49
2419,417,4,2025-09-26 00:24:00,completed,credit_card,2294.07
2420,143,33,2025-08-08 07:03:00,completed,credit_card,1986.7
2421,237,14,2025-03-21 04:10:00,completed,debit_card,393.95
2422,287,44,2025-12-30 12:32:00,completed,credit_card,218.56
2423,277,42,2025-10-10 13:24:00,returned,debit_card,1332.02
2424,387,32,2025-06-29 21:01:00,completed,debit_card,1278.2
2425,382,4,2025-04-13 02:32:00,cancelled,pix,2364.82
2426,450,20,2025-04-09 21:49:00,returned,debit_card,2220.06
2427,291,21,2025-11-14 22:20:00,completed,pix,3391.91
2428,169,3,2025-08-07 00:20:00,completed,pix,3006.19
2429,443,25,2025-07-13 00:28:00,completed,pix,1748.11
2430,656,4,2025-04-21 13:24:00,cancelled,debit_card,1760.09
2431,184,47,2025-07-15 06:49:00,completed,pix,2365.97
2432,45,11,2025-03-14 23:12:00,completed,boleto,417.04
2433,755,16,2025-03-04 01:20:00,completed,credit_card,3499.62
2434,827,36,2025-02-13 06:07:00,completed,debit_card,1825.45
2435,946,6,2025-06-15 06:49:00,cancelled,credit_card,3186.47
2436,981,31,2025-06-10 08:01:00,completed,debit_card,3386.4
2437,268,40,2025-03-16 13:17:00,completed,pix,2044.12
2438,476,13,2025-11-03 18:13:00,completed,boleto,379.65
2439,253,23,2025-05-25 01:20:00,completed,pix,2015.24
2440,396,4,2025-09-01 23:00:00,completed,debit_card,2099.8
2441,289,37,2025-04-21 16:19:00,completed,pix,2766.39
2442,212,42,2025-05-18 14:39:00,completed,boleto,187.84
2443,1000,37,2025-05-15 19:52:00,completed,credit_card,1642.78
2444,689,44,2025-02-16 12:25:00,completed,credit_card,3231.24
2445,21,33,2025-12-02 12:58:00,completed,pix,3469.72
2446,316,42,2025-04-29 23:49:00,pending,debit_card,686.01
2447,564,29,2025-11-09 08:53:00,cancelled,debit_card,3049.68
2448,438,37,2025-09-26 09:26:00,completed,credit_card,528.95
2449,423,19,2025-01-07 16:37:00,completed,boleto,2947.29
2450,233,20,2025-10-17 09:04:00,cancelled,pix,984.93
2451,945,32,2025-12-12 16:00:00,completed,pix,3359.5
2452,123,44,2025-01-01 03:35:00,returned,credit_card,2440.33
2453,874,16,2025-09-13 09:07:00,cancelled,debit_card,1408.9
2454,960,5,2025-01-17 13:14:00,completed,pix,997.79
2455,612,49,2025-07-25 23:38:00,completed,debit_card,838.63
2456,214,46,2025-07-09 06:24:00,completed,debit_card,2389.16
2457,922,12,2025-01-24 12:56:00,completed,credit_card,3137.35
2458,839,45,2025-11-29 09:26:00,cancelled,debit_card,2647.2
2459,647,21,2025-12-13 19:07:00,returned,boleto,2925.07
2460,968,14,2025-12-21 08:29:00,completed,boleto,2739.22
2461,830,37,2025-07-05 22:07:00,completed,credit_card,3427.43
2462,730,22,2025-12-23 16:22:00,completed,pix,2657.16
2463,600,30,2025-02-19 16:17:00,completed,debit_card,751.6
2464,792,23,2025-10-04 05:43:00,completed,boleto,2774.76
2465,40,5,2025-11-23 16:55:00,returned,credit_card,1140.8
2466,752,29,2025-06-11 04:37:00,completed,credit_card,3485.38
2467,332,30,2025-08-20 21:36:00,completed,debit_card,1330.82
2468,943,18,2025-10-01 05:24:00,completed,credit_card,1038.92
2469,648,46,2025-05-29 02:46:00,completed,pix,852.47
2470,182,50,2025-11-10 04:25:00,completed,debit_card,2311.63
2471,265,1,2025-02-01 23:12:00,completed,pix,400.09
2472,771,39,2025-12-17 15:10:00,completed,boleto,3338.39
2473,694,17,2025-07-25 10:30:00,pending,boleto,1044.21
2474,533,3,2025-06-12 17:37:00,completed,boleto,1047.99
2475,863,42,2025-05-01 00:57:00,completed,boleto,180.31
2476,432,7,2025-10-26 10:43:00,cancelled,credit_card,876.14
2477,943,27,2025-07-31 18:42:00,cancelled,pix,1478.05
2478,984,28,2025-08-20 23:51:00,completed,credit_card,1306.23
2479,196,44,2025-08-26 05:29:00,completed,credit_card,970.11
2480,724,31,2025-07-27 23:17:00,cancelled,boleto,161.79
2481,509,15,2025-03-29 19:37:00,completed,pix,1066.02
2482,447,48,2025-07-13 13:20:00,completed,debit_card,2728.59
2483,528,8,2025-03-25 05:55:00,completed,debit_card,1547.0
2484,202,6,2025-11-21 07:15:00,completed,debit_card,1031.9
2485,875,28,2025-08-07 05:40:00,completed,pix,1080.68
2486,730,4,2025-12-26 16:45:00,completed,boleto,1949.44
2487,605,30,2025-12-21 11:52:00,pending,boleto,1071.98
2488,133,43,2025-06-09 01:27:00,cancelled,pix,2215.17
2489,139,17,2025-03-06 11:30:00,returned,boleto,3463.3
2490,669,34,2025-09-04 09:55:00,completed,pix,163.29
2491,493,6,2025-05-15 16:26:00,completed,pix,607.2
2492,847,36,2025-11-24 01:09:00,pending,debit_card,643.29
2493,70,35,2025-06-23 01:20:00,completed,debit_card,1575.8
2494,816,39,2025-08-01 22:06:00,completed,credit_card,164.14
2495,15,39,2025-11-12 16:38:00,completed,pix,1681.78
2496,747,16,2025-12-02 16:50:00,completed,debit_card,3252.66
2497,212,2,2025-10-30 04:06:00,completed,debit_card,60.24
2498,802,8,2025-05-23 02:03:00,completed,debit_card,1289.99
2499,60,15,2025-03-18 05:39:00,returned,boleto,2667.91
2500,252,27,2025-01-13 21:17:00,completed,debit_card,557.64
2501,446,16,2025-04-21 12:12:00,returned,boleto,289.91
2502,2,1,2025-11-10 22:42:00,cancelled,debit_card,2215.11
2503,748,10,2025-08-21 02:48:00,completed,boleto,54.63
2504,336,7,2025-11-28 19:13:00,pending,boleto,2810.16
2505,19,48,2025-04-11 15:26:00,completed,debit_card,252.65
2506,994,10,2025-05-08 19:34:00,completed,pix,1844.75
2507,561,12,2025-09-22 19:25:00,completed,credit_card,2595.64
2508,78,17,2025-08-17 09:50:00,completed,credit_card,862.2
2509,472,45,2025-04-18 16:23:00,completed,pix,380.32
2510,28,12,2025-07-19 00:50:00,completed,debit_card,631.17
2511,560,15,2025-11-25 22:16:00,completed,pix,2994.3
2512,608,46,2025-01-19 02:41:00,completed,debit_card,2476.12
2513,165,32,2025-01-17 21:54:00,completed,debit_card,709.38
2514,458,32,2025-02-14 17:04:00,completed,debit_card,2512.1
2515,945,26,2025-01-25 16:05:00,completed,debit_card,2485.99
2516,877,14,2025-01-05 11:44:00,cancelled,debit_card,3492.08
2517,176,50,2025-09-18 19:32:00,completed,pix,1382.61
2518,585,26,2025-03-20 04:04:00,pending,pix,3029.69
2519,984,5,2025-09-15 01:51:00,completed,credit_card,1573.62
2520,868,38,2025-11-21 14:35:00,completed,debit_card,3144.21
2521,29,50,2025-05-15 20:55:00,completed,pix,338.77
2522,956,46,2025-07-04 01:19:00,completed,pix,630.09
2523,669,4,2025-08-27 04:43:00,returned,debit_card,2977.84
2524,826,28,2025-03-14 07:27:00,completed,debit_card,2871.17
2525,816,1,2025-03-08 23:06:00,completed,pix,1082.91
2526,279,13,2025-05-14 14:16:00,completed,debit_card,2096.86
2527,283,43,2025-01-09 07:22:00,completed,boleto,1351.8
2528,479,3,2025-01-24 03:02:00,pending,pix,55.9
2529,519,49,2025-08-30 08:06:00,completed,credit_card,110.84
2530,305,50,2025-01-03 18:51:00,pending,debit_card,208.81
2531,694,25,2025-01-14 17:42:00,completed,boleto,2087.37
2532,109,42,2025-05-19 00:43:00,completed,credit_card,991.71
2533,324,16,2025-10-28 15:41:00,completed,credit_card,520.94
2534,206,21,2025-01-31 04:19:00,completed,credit_card,3295.14
2535,234,13,2025-12-30 01:49:00,pending,debit_card,442.19
2536,938,44,2025-09-10 04:34:00,completed,credit_card,2365.46
2537,458,36,2025-01-23 18:09:00,completed,pix,3131.68
2538,187,8,2025-09-14 17:13:00,returned,pix,590.13
2539,940,44,2025-01-18 03:40:00,completed,debit_card,767.26
2540,482,19,2025-06-10 13:57:00,completed,debit_card,2016.87
2541,922,47,2025-08-01 12:24:00,completed,credit_card,1789.4
2542,407,16,2025-03-21 04:03:00,completed,debit_card,1833.18
2543,841,12,2025-04-07 19:12:00,completed,pix,1950.28
2544,509,20,2025-02-04 10:29:00,completed,pix,3325.66
2545,869,18,2025-06-24 00:46:00,cancelled,pix,207.36
2546,520,12,2025-05-12 16:37:00,completed,debit_card,2666.36
2547,53,48,2025-05-29 12:53:00,pending,pix,829.12
2548,398,25,2025-02-19 06:14:00,completed,debit_card,1320.4
2549,199,11,2025-07-05 21:13:00,completed,boleto,330.73
2550,391,22,2025-09-05 17:42:00,completed,credit_card,1570.78
2551,649,46,2025-02-27 15:07:00,cancelled,boleto,2818.68
2552,771,34,2025-04-06 20:09:00,completed,pix,363.62
2553,846,13,2025-09-24 17:36:00,completed,credit_card,979.1
2554,913,46,2025-10-27 12:42:00,completed,pix,1318.25
2555,498,38,2025-03-18 22:16:00,returned,pix,381.57
2556,172,12,2025-09-13 20:44:00,returned,boleto,2672.86
2557,86,39,2025-03-21 00:33:00,completed,pix,2758.58
2558,558,36,2025-09-20 19:02:00,completed,credit_card,2928.91
2559,858,28,2025-05-27 09:29:00,completed,pix,2051.96
2560,186,27,2025-04-30 04:16:00,returned,credit_card,1785.19
2561,156,39,2025-09-11 17:51:00,completed,boleto,933.68
2562,493,13,2025-06-18 05:42:00,completed,debit_card,2299.95
2563,910,43,2025-03-15 16:22:00,returned,pix,1567.08
2564,521,40,2025-09-20 15:09:00,completed,boleto,3398.3
2565,627,27,2025-07-04 06:49:00,pending,pix,3389.26
2566,666,31,2025-12-29 13:10:00,completed,credit_card,3170.11
2567,130,2,2025-03-16 08:01:00,completed,pix,1273.11
2568,843,18,2025-09-17 23:28:00,completed,debit_card,1300.54
2569,81,26,2025-08-15 06:00:00,completed,pix,2987.3
2570,384,42,2025-11-06 02:16:00,completed,debit_card,2557.39
2571,802,31,2025-12-01 15:02:00,completed,debit_card,2471.18
2572,659,38,2025-02-22 23:30:00,completed,pix,993.05
2573,295,22,2025-02-09 07:53:00,returned,boleto,2920.05
2574,978,36,2025-03-26 02:38:00,completed,pix,2036.38
2575,269,19,2025-01-03 03:54:00,completed,debit_card,1575.09
2576,645,14,2025-02-04 13:28:00,completed,boleto,3031.67
2577,562,14,2025-08-04 11:12:00,completed,debit_card,1391.85
2578,535,50,2025-10-14 23:24:00,returned,debit_card,2295.66
2579,378,29,2025-02-27 17:23:00,completed,pix,1641.35
2580,376,17,2025-04-26 13:25:00,completed,credit_card,2082.73
2581,88,50,2025-01-03 04:54:00,cancelled,pix,161.1
2582,925,50,2025-03-23 18:49:00,completed,credit_card,1624.68
2583,624,37,2025-07-26 15:02:00,completed,credit_card,1956.59
2584,111,9,2025-10-26 00:25:00,cancelled,pix,1734.66
2585,584,1,2025-04-05 00:33:00,pending,credit_card,2968.99
2586,154,4,2025-09-25 20:13:00,completed,debit_card,1102.71
2587,463,7,2025-05-10 12:13:00,completed,boleto,3096.59
2588,569,11,2025-05-31 17:50:00,returned,pix,1424.05
2589,769,14,2025-10-05 02:17:00,completed,credit_card,2436.95
2590,156,42,2025-10-12 05:31:00,pending,debit_card,321.8
2591,625,19,2025-12-11 05:11:00,returned,boleto,716.54
2592,318,40,2025-09-14 11:59:00,completed,credit_card,2668.86
2593,559,3,2025-04-15 04:56:00,completed,credit_card,62.9
2594,238,8,2025-04-10 22:53:00,completed,debit_card,3390.48
2595,334,29,2025-03-10 17:30:00,completed,boleto,683.39
2596,106,50,2025-02-27 02:03:00,completed,boleto,3156.54
2597,482,37,2025-05-14 13:19:00,returned,debit_card,1815.49
2598,699,43,2025-05-20 00:13:00,completed,boleto,1984.72
2599,671,9,2025-12-15 13:46:00,completed,pix,312.78
2600,710,19,2025-11-05 05:13:00,completed,boleto,1290.96
2601,382,12,2025-06-01 04:46:00,completed,credit_card,563.64
2602,689,27,2025-03-06 00:12:00,completed,boleto,1850.24
2603,261,37,2025-04-07 03:34:00,completed,pix,1936.55
2604,799,48,2025-02-08 16:59:00,completed,pix,2489.64
2605,293,25,2025-02-03 18:39:00,cancelled,credit_card,3076.41
2606,335,45,2025-11-11 14:54:00,completed,credit_card,1649.27
2607,655,38,2025-11-02 00:57:00,completed,pix,832.09
2608,820,48,2025-08-18 00:41:00,completed,debit_card,1180.83
2609,709,50,2025-05-07 16:47:00,pending,pix,2967.87
2610,476,17,2025-08-31 01:46:00,returned,boleto,527.6
2611,225,44,2025-09-21 22:29:00,completed,credit_card,2202.85
2612,907,33,2025-01-03 20:56:00,pending,debit_card,65.54
2613,555,39,2025-02-12 23:08:00,completed,pix,874.93
2614,454,14,2025-08-28 04:07:00,completed,credit_card,2078.1
2615,663,28,2025-03-19 01:17:00,cancelled,boleto,1608.31
2616,296,18,2025-03-24 21:52:00,completed,debit_card,1737.55
2617,575,33,2025-05-20 22:48:00,completed,debit_card,2318.76
2618,642,42,2025-06-13 02:07:00,completed,debit_card,836.36
2619,767,15,2025-07-29 17:59:00,completed,boleto,997.2
2620,463,11,2025-07-04 15:04:00,completed,credit_card,2401.91
2621,855,36,2025-07-15 10:11:00,completed,pix,1893.25
2622,214,15,2025-04-12 22:08:00,completed,credit_card,70.76
2623,585,48,2025-08-08 02:28:00,completed,boleto,2352.74
2624,943,30,2025-10-17 06:41:00,completed,credit_card,2177.92
2625,616,15,2025-02-05 19:27:00,completed,debit_card,293.55
2626,158,49,2025-03-05 08:29:00,pending,pix,2621.37
2627,272,23,2025-10-14 12:41:00,completed,boleto,1836.91
2628,827,43,2025-11-28 03:54:00,returned,debit_card,732.52
2629,238,50,2025-05-19 09:56:00,cancelled,credit_card,1966.56
2630,303,48,2025-04-24 21:11:00,completed,debit_card,2092.2
2631,884,15,2025-11-25 04:57:00,completed,credit_card,3222.01
2632,670,29,2025-01-24 03:24:00,completed,credit_card,2602.66
2633,621,11,2025-10-02 03:28:00,completed,boleto,1070.7
2634,521,45,2025-02-05 14:32:00,completed,credit_card,431.1
2635,321,18,2025-10-25 23:09:00,completed,debit_card,2989.08
2636,59,40,2025-06-23 02:24:00,completed,boleto,2964.32
2637,358,31,2025-06-14 06:18:00,cancelled,pix,630.08
2638,704,9,2025-12-24 22:47:00,cancelled,boleto,236.22
2639,648,22,2025-02-21 02:31:00,completed,debit_card,2497.29
2640,251,11,2025-11-18 19:26:00,completed,credit_card,2534.58
2641,891,17,2025-04-17 17:46:00,completed,boleto,636.46
2642,436,33,2025-07-24 12:27:00,completed,boleto,2345.38
2643,146,11,2025-05-16 07:04:00,pending,boleto,990.65
2644,859,39,2025-08-24 12:28:00,pending,debit_card,926.95
2645,978,8,2025-03-20 21:47:00,completed,credit_card,1149.32
2646,352,4,2025-07-20 16:54:00,completed,pix,1830.98
2647,570,36,2025-01-26 23:14:00,completed,pix,2819.5
2648,689,19,2025-02-25 09:55:00,returned,credit_card,1755.28
2649,800,24,2025-08-26 21:13:00,completed,pix,1057.19
2650,245,41,2025-01-30 06:17:00,completed,credit_card,3096.23
2651,560,49,2025-10-01 04:09:00,pending,boleto,211.71
2652,301,18,2025-04-07 11:25:00,pending,boleto,2793.88
2653,438,33,2025-03-26 03:29:00,cancelled,debit_card,2749.65
2654,868,46,2025-04-28 15:59:00,completed,boleto,902.34
2655,100,36,2025-04-14 14:12:00,completed,debit_card,710.07
2656,725,10,2025-09-18 13:53:00,completed,pix,3063.96
2657,814,14,2025-10-01 14:42:00,returned,pix,1964.87
2658,480,7,2025-11-18 14:40:00,pending,boleto,180.12
2659,415,12,2025-04-27 17:52:00,cancelled,credit_card,3120.1
2660,165,22,2025-06-05 14:22:00,completed,pix,1234.54
2661,912,27,2025-02-10 06:26:00,pending,pix,1210.7
2662,942,48,2025-10-27 23:38:00,completed,pix,2258.64
2663,638,37,2025-09-05 20:38:00,completed,credit_card,2321.36
2664,302,11,2025-03-15 03:15:00,completed,boleto,1249.54
2665,974,36,2025-08-10 18:28:00,completed,debit_card,518.61
2666,121,13,2025-07-15 23:49:00,completed,credit_card,1941.9
2667,88,32,2025-11-22 00:13:00,cancelled,credit_card,2195.62
2668,217,8,2025-06-06 17:27:00,pending,pix,3013.57
2669,573,7,2025-07-25 15:24:00,completed,debit_card,1705.85
2670,814,43,2025-04-11 20:13:00,completed,credit_card,2267.02
2671,179,43,2025-01-12 00:56:00,completed,pix,209.34
2672,702,17,2025-03-04 01:13:00,completed,credit_card,3132.94
2673,163,22,2025-01-21 16:53:00,completed,pix,1158.71
2674,593,46,2025-02-15 14:39:00,cancelled,debit_card,2220.13
2675,170,34,2025-10-04 05:58:00,completed,debit_card,3207.86
2676,301,20,2025-05-26 15:55:00,pending,pix,2840.63
2677,374,8,2025-07-09 23:01:00,pending,boleto,2239.21
2678,708,22,2025-07-27 17:55:00,completed,credit_card,2468.56
2679,203,27,2025-09-04 19:18:00,completed,boleto,3224.75
2680,47,34,2025-10-31 19:20:00,completed,credit_card,2846.08
2681,463,21,2025-05-05 07:06:00,completed,debit_card,2142.31
2682,670,15,2025-05-30 19:05:00,cancelled,credit_card,2312.29
2683,408,5,2025-07-29 21:20:00,pending,pix,532.49
2684,194,38,2025-08-08 09:29:00,completed,pix,1656.18
2685,427,17,2025-02-06 08:24:00,returned,pix,1067.47
2686,930,8,2025-11-27 10:59:00,completed,boleto,1523.26
2687,791,19,2025-11-15 14:59:00,cancelled,debit_card,2324.62
2688,317,5,2025-04-21 18:04:00,completed,debit_card,539.05
2689,479,23,2025-03-18 17:29:00,pending,debit_card,80.47
2690,421,19,2025-11-05 22:34:00,completed,pix,1401.3
2691,269,14,2025-12-09 09:37:00,pending,debit_card,1141.2
2692,481,10,2025-11-04 11:25:00,completed,boleto,1483.1
2693,711,31,2025-01-09 00:29:00,completed,boleto,3260.65
2694,736,13,2025-11-19 12:32:00,completed,boleto,2480.65
2695,263,22,2025-01-18 20:59:00,cancelled,pix,1159.56
2696,426,37,2025-01-11 11:56:00,completed,credit_card,643.89
2697,166,39,2025-01-25 19:09:00,completed,debit_card,2172.3
2698,692,10,2025-06-09 03:27:00,cancelled,boleto,2308.37
2699,428,31,2025-07-31 20:23:00,cancelled,credit_card,1703.01
2700,704,43,2025-12-04 14:01:00,completed,credit_card,760.41
2701,397,35,2025-06-02 05:42:00,cancelled,boleto,119.37
2702,216,13,2025-07-23 18:59:00,completed,boleto,944.5
2703,796,30,2025-04-02 22:11:00,pending,debit_card,1610.95
2704,864,34,2025-09-23 17:30:00,pending,debit_card,2762.01
2705,107,36,2025-05-28 09:15:00,completed,credit_card,2991.06
2706,978,35,2025-09-03 16:31:00,completed,credit_card,1457.01
2707,98,47,2025-07-24 12:19:00,completed,credit_card,2790.51
2708,880,4,2025-08-22 07:09:00,completed,pix,3476.87
2709,482,4,2025-08-18 12:31:00,cancelled,credit_card,2513.8
2710,499,47,2025-09-16 08:50:00,completed,pix,2555.52
2711,230,6,2025-09-21 13:53:00,returned,debit_card,3185.19
2712,257,28,2025-03-22 17:00:00,completed,credit_card,1196.74
2713,43,30,2025-06-03 18:21:00,returned,debit_card,58.99
2714,242,27,2025-08-31 13:57:00,pending,credit_card,3454.68
2715,554,5,2025-01-03 03:29:00,cancelled,debit_card,1726.83
2716,95,44,2025-07-16 09:23:00,completed,credit_card,2754.16
2717,946,39,2025-08-02 10:02:00,completed,pix,2847.47
2718,766,35,2025-12-23 10:29:00,completed,boleto,1403.36
2719,188,39,2025-08-30 02:26:00,completed,debit_card,1903.63
2720,385,44,2025-09-13 23:35:00,completed,debit_card,1898.91
2721,819,15,2025-05-21 03:18:00,pending,boleto,786.35
2722,400,19,2025-08-19 17:35:00,completed,credit_card,429.38
2723,506,30,2025-06-14 15:43:00,completed,pix,1911.63
2724,167,38,2025-03-03 23:22:00,completed,pix,438.1
2725,783,32,2025-09-18 15:48:00,completed,pix,1224.39
2726,125,40,2025-04-17 21:56:00,completed,credit_card,667.57
2727,673,29,2025-04-25 18:10:00,completed,debit_card,2480.07
2728,87,6,2025-12-30 01:40:00,completed,credit_card,3054.59
2729,821,26,2025-07-02 09:58:00,pending,pix,2031.14
2730,489,27,2025-07-27 02:54:00,completed,boleto,1447.34
2731,226,35,2025-10-16 16:05:00,cancelled,pix,3488.32
2732,657,28,2025-08-15 12:00:00,completed,debit_card,93.81
2733,345,5,2025-02-02 02:33:00,cancelled,credit_card,1079.11
2734,760,41,2025-05-18 08:20:00,completed,credit_card,989.78
2735,874,48,2025-11-10 12:08:00,completed,pix,1259.59
2736,518,16,2025-03-15 19:51:00,completed,debit_card,822.47
2737,31,41,2025-10-07 03:14:00,cancelled,debit_card,939.63
2738,709,18,2025-12-11 14:46:00,completed,boleto,916.72
2739,744,13,2025-01-21 15:09:00,completed,pix,1779.99
2740,296,43,2025-01-01 06:03:00,completed,boleto,1380.87
2741,414,25,2025-12-10 15:09:00,completed,credit_card,2244.69
2742,837,10,2025-10-03 07:36:00,completed,credit_card,1810.12
2743,972,29,2025-11-20 04:57:00,completed,debit_card,658.31
2744,135,10,2025-02-01 17:29:00,completed,boleto,2838.96
2745,525,6,2025-07-03 09:20:00,returned,debit_card,1663.24
2746,4,16,2025-05-02 13:17:00,returned,pix,553.25
2747,178,25,2025-05-25 20:46:00,completed,debit_card,600.74
2748,746,44,2025-01-01 14:42:00,completed,credit_card,2793.45
2749,259,4,2025-10-15 02:40:00,completed,credit_card,2466.42
2750,652,37,2025-03-29 09:45:00,completed,debit_card,1782.72
2751,65,34,2025-10-22 11:21:00,completed,pix,1085.16
2752,795,19,2025-11-19 04:36:00,completed,boleto,1622.62
2753,363,33,2025-01-21 01:25:00,returned,credit_card,2234.96
2754,818,4,2025-10-03 06:59:00,cancelled,credit_card,3079.9
2755,717,44,2025-10-02 15:00:00,completed,pix,1954.42
2756,17,34,2025-09-08 07:46:00,completed,debit_card,983.04
2757,200,12,2025-08-18 16:43:00,cancelled,credit_card,168.73
2758,544,31,2025-01-15 23:44:00,cancelled,credit_card,630.58
2759,212,16,2025-02-18 19:08:00,completed,pix,2282.62
2760,435,2,2025-09-22 03:10:00,pending,debit_card,578.32
2761,273,49,2025-11-15 04:08:00,completed,pix,1695.76
2762,290,2,2025-04-29 11:55:00,completed,pix,2452.36
2763,803,36,2025-04-29 15:04:00,completed,debit_card,1092.62
2764,483,6,2025-10-02 20:23:00,cancelled,credit_card,2348.49
2765,998,23,2025-10-12 06:17:00,completed,boleto,2042.13
2766,234,39,2025-03-18 07:16:00,completed,boleto,1547.51
2767,408,47,2025-05-18 14:33:00,completed,boleto,3142.41
2768,694,44,2025-01-17 04:51:00,pending,pix,2428.36
2769,146,37,2025-01-16 23:24:00,cancelled,credit_card,1274.88
2770,562,46,2025-06-15 14:01:00,completed,credit_card,2818.84
2771,430,16,2025-10-08 08:28:00,returned,credit_card,2588.6
2772,432,43,2025-11-08 02:53:00,completed,credit_card,2775.06
2773,615,44,2025-05-12 08:47:00,completed,pix,2250.53
2774,545,19,2025-07-16 00:20:00,completed,boleto,1340.21
2775,497,49,2025-08-23 04:01:00,completed,boleto,1233.05
2776,983,24,2025-01-19 23:02:00,completed,debit_card,2296.45
2777,89,27,2025-10-08 21:39:00,cancelled,credit_card,475.53
2778,997,7,2025-04-23 12:07:00,completed,boleto,2873.3
2779,411,30,2025-04-23 23:36:00,completed,boleto,1308.77
2780,897,41,2025-01-10 08:00:00,completed,credit_card,2213.69
2781,853,14,2025-09-17 03:05:00,completed,credit_card,1756.74
2782,827,44,2025-08-03 08:05:00,completed,boleto,1827.26
2783,241,15,2025-10-01 22:45:00,returned,debit_card,2588.26
2784,778,12,2025-08-25 03:33:00,pending,credit_card,2200.81
2785,223,29,2025-04-30 17:29:00,returned,boleto,891.08
2786,748,23,2025-10-29 01:41:00,completed,debit_card,278.31
2787,665,13,2025-08-29 02:24:00,completed,pix,2944.01
2788,468,9,2025-12-19 04:53:00,completed,debit_card,3099.43
2789,569,24,2025-05-27 23:35:00,pending,credit_card,592.45
2790,322,39,2025-11-21 04:36:00,completed,pix,1096.98
2791,375,30,2025-10-28 03:04:00,completed,debit_card,1002.55
2792,112,1,2025-04-22 21:49:00,completed,boleto,3282.32
2793,527,10,2025-06-16 10:14:00,completed,credit_card,732.63
2794,412,38,2025-10-25 05:11:00,completed,pix,599.56
2795,269,47,2025-05-12 09:36:00,completed,boleto,652.8
2796,626,15,2025-05-04 00:49:00,completed,pix,2559.94
2797,252,9,2025-04-02 13:07:00,returned,debit_card,3110.31
2798,374,13,2025-07-29 07:27:00,completed,boleto,1388.92
2799,654,23,2025-08-09 07:11:00,completed,credit_card,493.56
2800,626,33,2025-03-27 09:49:00,pending,boleto,2058.31
2801,450,9,2025-10-13 03:36:00,completed,debit_card,750.57
2802,802,3,2025-07-11 22:33:00,completed,pix,243.25
2803,995,30,2025-07-28 05:30:00,cancelled,boleto,3104.09
2804,869,9,2025-09-08 19:45:00,completed,pix,3050.53
2805,537,25,2025-01-29 13:39:00,completed,credit_card,3416.17
2806,368,47,2025-07-30 17:26:00,completed,boleto,1669.54
2807,822,24,2025-06-06 18:36:00,completed,pix,1043.12
2808,255,32,2025-09-01 01:02:00,completed,credit_card,2698.85
2809,463,7,2025-09-01 20:16:00,completed,debit_card,648.12
2810,268,36,2025-02-10 05:39:00,completed,boleto,866.66
2811,126,25,2025-11-06 21:22:00,completed,boleto,909.78
2812,393,20,2025-01-17 08:28:00,completed,boleto,3331.64
2813,762,17,2025-11-13 23:17:00,completed,pix,2559.78
2814,799,36,2025-10-29 07:57:00,completed,pix,485.26
2815,334,26,2025-11-05 16:23:00,completed,credit_card,343.1
2816,989,19,2025-04-06 16:39:00,completed,boleto,2953.0
2817,565,37,2025-05-07 05:49:00,completed,credit_card,2811.91
2818,368,48,2025-10-23 14:03:00,completed,boleto,2355.06
2819,555,3,2025-10-29 15:12:00,completed,debit_card,702.43
2820,678,43,2025-11-06 11:05:00,completed,boleto,1691.39
2821,554,28,2025-08-30 04:19:00,completed,credit_card,2117.49
2822,892,22,2025-03-19 14:56:00,returned,pix,3263.84
2823,456,47,2025-12-23 16:24:00,completed,debit_card,609.59
2824,688,19,2025-05-28 18:43:00,completed,debit_card,1813.75
2825,67,46,2025-04-21 06:01:00,completed,boleto,568.98
2826,66,16,2025-12-12 17:53:00,pending,debit_card,1564.6
2827,912,6,2025-09-05 23:32:00,completed,credit_card,716.47
2828,595,37,2025-01-15 19:41:00,completed,credit_card,2929.93
2829,862,31,2025-09-07 18:58:00,completed,boleto,906.48
2830,617,49,2025-05-23 21:13:00,completed,pix,1471.52
2831,400,48,2025-08-03 05:14:00,cancelled,debit_card,1439.1
2832,287,34,2025-08-31 23:43:00,returned,debit_card,3034.71
2833,886,31,2025-08-31 07:51:00,completed,boleto,2657.14
2834,186,11,2025-08-03 14:44:00,completed,debit_card,220.36
2835,284,36,2025-02-24 18:00:00,pending,pix,253.46
2836,516,6,2025-04-26 02:47:00,completed,boleto,1938.17
2837,650,27,2025-04-23 00:17:00,completed,credit_card,1508.46
2838,691,7,2025-02-04 03:16:00,completed,debit_card,979.03
2839,237,49,2025-05-25 15:21:00,completed,boleto,2778.32
2840,18,32,2025-03-02 17:33:00,returned,credit_card,467.65
2841,815,8,2025-01-19 00:18:00,completed,credit_card,3409.72
2842,928,33,2025-02-11 02:04:00,completed,credit_card,103.88
2843,414,47,2025-11-07 22:26:00,completed,boleto,431.44
2844,932,44,2025-08-04 05:45:00,pending,boleto,1103.38
2845,9,15,2025-10-07 15:21:00,completed,credit_card,1791.84
2846,420,27,2025-07-04 08:30:00,completed,credit_card,772.15
2847,29,30,2025-03-22 10:19:00,returned,boleto,2582.03
2848,656,22,2025-07-05 08:27:00,completed,boleto,1264.25
2849,348,47,2025-12-01 15:13:00,completed,pix,154.11
2850,661,29,2025-04-09 13:00:00,completed,credit_card,3074.47
2851,576,41,2025-08-04 02:12:00,completed,debit_card,3304.65
2852,879,48,2025-10-08 20:27:00,completed,debit_card,2172.6
2853,450,30,2025-06-08 07:26:00,completed,boleto,2826.75
2854,380,2,2025-01-27 07:00:00,pending,debit_card,441.47
2855,699,15,2025-05-21 17:10:00,completed,boleto,955.49
2856,366,47,2025-12-30 08:25:00,pending,pix,1151.81
2857,227,27,2025-06-25 17:58:00,completed,boleto,3363.42
2858,118,7,2025-09-14 04:13:00,returned,credit_card,1802.53
2859,412,27,2025-04-19 07:36:00,completed,boleto,45.8
2860,951,21,2025-01-04 21:56:00,completed,debit_card,1343.05
2861,356,13,2025-07-01 15:38:00,completed,debit_card,46.97
2862,254,17,2025-08-24 14:33:00,completed,debit_card,847.56
2863,543,11,2025-07-17 02:16:00,completed,credit_card,1602.36
2864,673,10,2025-06-08 02:53:00,completed,boleto,1145.41
2865,727,33,2025-12-29 01:53:00,completed,boleto,133.92
2866,444,14,2025-01-01 10:54:00,completed,debit_card,424.85
2867,681,37,2025-01-12 21:43:00,completed,credit_card,1937.09
2868,81,8,2025-08-17 19:18:00,pending,debit_card,2440.71
2869,46,33,2025-03-29 09:31:00,pending,debit_card,1427.83
2870,49,7,2025-08-04 23:31:00,completed,credit_card,2565.56
2871,449,34,2025-11-05 12:04:00,completed,debit_card,588.4
2872,810,7,2025-04-20 21:52:00,completed,pix,444.76
2873,407,7,2025-06-07 01:39:00,cancelled,credit_card,2941.3
2874,880,41,2025-12-16 02:36:00,cancelled,debit_card,1200.46
2875,283,36,2025-06-01 01:08:00,completed,boleto,1524.22
2876,473,7,2025-09-01 01:56:00,completed,pix,3317.58
2877,416,20,2025-06-02 12:31:00,completed,boleto,1495.91
2878,979,18,2025-09-23 09:48:00,completed,boleto,32.15
2879,600,45,2025-01-28 04:28:00,completed,pix,3284.14
2880,121,43,2025-04-16 09:30:00,completed,credit_card,69.13
2881,3,41,2025-10-30 13:26:00,completed,debit_card,2324.76
2882,316,14,2025-12-04 00:07:00,completed,boleto,1143.66
2883,460,40,2025-07-25 11:41:00,returned,boleto,1656.96
2884,227,14,2025-02-24 04:12:00,completed,boleto,1924.55
2885,79,21,2025-02-08 23:16:00,completed,credit_card,1441.44
2886,657,49,2025-04-11 03:53:00,completed,boleto,2714.8
2887,754,27,2025-01-23 07:52:00,completed,boleto,3258.86
2888,544,46,2025-03-15 20:59:00,cancelled,boleto,320.71
2889,775,26,2025-06-07 13:45:00,completed,pix,2804.88
2890,723,27,2025-01-15 11:16:00,completed,pix,467.78
2891,71,24,2025-06-03 18:39:00,completed,boleto,299.36
2892,896,5,2025-05-10 16:00:00,completed,credit_card,3346.29
2893,197,42,2025-04-20 07:23:00,completed,credit_card,1722.76
2894,58,38,2025-04-09 11:55:00,completed,debit_card,551.06
2895,424,28,2025-04-15 08:19:00,completed,pix,2003.45
2896,469,42,2025-04-10 07:49:00,completed,credit_card,936.07
2897,624,43,2025-10-04 02:35:00,completed,boleto,1635.8
2898,48,32,2025-10-01 16:13:00,completed,pix,2193.82
2899,435,24,2025-08-28 21:32:00,completed,credit_card,3045.06
2900,185,6,2025-11-05 21:03:00,completed,debit_card,30.72
2901,879,10,2025-08-11 06:17:00,completed,boleto,765.21
2902,839,46,2025-11-20 14:34:00,completed,pix,355.02
2903,165,3,2025-09-09 03:32:00,completed,debit_card,357.9
2904,727,7,2025-07-22 00:06:00,completed,debit_card,3311.31
2905,331,29,2025-03-21 00:08:00,completed,pix,3277.57
2906,330,34,2025-08-30 03:16:00,completed,credit_card,2627.59
2907,121,7,2025-03-03 15:01:00,completed,boleto,2257.86
2908,213,17,2025-01-14 01:50:00,completed,debit_card,2970.94
2909,823,13,2025-08-09 06:28:00,returned,debit_card,223.26
2910,507,21,2025-02-18 01:22:00,completed,pix,435.81
2911,553,31,2025-07-27 18:29:00,pending,pix,1123.55
2912,865,9,2025-05-31 23:14:00,cancelled,pix,2917.07
2913,916,45,2025-12-21 11:53:00,returned,debit_card,1663.37
2914,801,47,2025-05-21 08:43:00,completed,credit_card,1772.44
2915,168,13,2025-04-20 12:19:00,cancelled,credit_card,817.84
2916,995,17,2025-07-12 14:22:00,returned,boleto,2276.39
2917,546,8,2025-12-17 10:55:00,completed,pix,3109.69
2918,830,9,2025-06-14 11:04:00,completed,boleto,1166.71
2919,996,9,2025-12-22 16:54:00,completed,debit_card,2174.77
2920,987,40,2025-01-14 11:23:00,completed,debit_card,1175.18
2921,787,48,2025-01-03 13:21:00,completed,debit_card,2778.66
2922,427,30,2025-09-03 14:59:00,completed,boleto,1672.86
2923,709,7,2025-10-04 23:25:00,pending,pix,1201.35
2924,703,17,2025-03-06 18:06:00,completed,boleto,1481.77
2925,221,39,2025-03-08 13:44:00,pending,boleto,337.47
2926,10,38,2025-05-26 01:26:00,completed,debit_card,3034.09
2927,120,5,2025-07-07 21:21:00,completed,debit_card,3354.08
2928,635,17,2025-09-22 14:32:00,completed,credit_card,1681.4
2929,247,40,2025-04-26 03:57:00,completed,pix,790.25
2930,360,1,2025-06-20 06:00:00,pending,pix,2333.0
2931,909,16,2025-05-11 07:26:00,completed,pix,1594.29
2932,221,17,2025-12-02 22:41:00,completed,boleto,898.0
2933,773,30,2025-06-28 06:01:00,cancelled,debit_card,153.75
2934,506,31,2025-11-20 06:03:00,completed,debit_card,3116.17
2935,58,35,2025-06-03 00:06:00,pending,credit_card,2792.64
2936,827,45,2025-07-01 20:09:00,completed,boleto,2904.94
2937,460,8,2025-08-10 16:48:00,completed,pix,1550.64
2938,128,48,2025-08-29 14:39:00,completed,boleto,2641.33
2939,699,30,2025-09-19 20:42:00,returned,debit_card,2042.66
2940,717,39,2025-02-26 01:30:00,completed,credit_card,1324.22
2941,86,21,2025-10-04 12:07:00,cancelled,boleto,2952.74
2942,104,15,2025-06-14 21:54:00,returned,debit_card,3495.68
2943,143,34,2025-07-21 17:17:00,completed,boleto,3149.5
2944,205,27,2025-07-17 02:17:00,completed,debit_card,2721.15
2945,641,2,2025-06-25 16:57:00,pending,boleto,2621.33
2946,758,10,2025-08-20 10:05:00,completed,pix,2282.87
2947,38,5,2025-01-18 16:54:00,completed,boleto,2990.59
2948,363,27,2025-09-27 14:27:00,completed,boleto,1735.92
2949,621,4,2025-09-18 07:22:00,pending,pix,652.42
2950,309,47,2025-09-17 12:24:00,pending,boleto,2692.81
2951,52,13,2025-10-01 15:31:00,completed,debit_card,3219.88
2952,1,17,2025-07-14 23:50:00,completed,debit_card,1207.91
2953,11,21,2025-03-27 22:57:00,returned,debit_card,2744.78
2954,826,23,2025-07-27 23:19:00,completed,debit_card,972.56
2955,747,33,2025-04-03 17:01:00,pending,debit_card,3300.25
2956,640,50,2025-07-31 04:14:00,completed,pix,2398.44
2957,936,15,2025-09-14 15:26:00,cancelled,pix,2001.08
2958,214,14,2025-09-16 09:18:00,cancelled,boleto,2733.95
2959,995,9,2025-03-25 07:35:00,completed,debit_card,2850.04
2960,956,44,2025-09-03 08:50:00,completed,boleto,3125.45
2961,755,37,2025-09-12 10:18:00,completed,debit_card,3155.9
2962,556,30,2025-02-23 20:07:00,completed,boleto,203.36
2963,518,29,2025-08-31 06:08:00,completed,pix,447.72
2964,668,23,2025-10-28 10:01:00,completed,debit_card,2894.69
2965,415,34,2025-04-26 23:11:00,completed,pix,3312.26
2966,8,7,2025-03-09 07:52:00,completed,boleto,1090.7
2967,5,9,2025-08-20 10:20:00,pending,pix,49.93
2968,362,50,2025-11-20 11:26:00,completed,pix,1143.01
2969,694,4,2025-10-29 02:43:00,completed,pix,1352.37
2970,112,2,2025-02-01 22:55:00,completed,credit_card,2668.4
2971,273,27,2025-03-13 10:37:00,pending,boleto,185.59
2972,422,33,2025-07-12 16:43:00,completed,boleto,759.99
2973,265,32,2025-12-30 07:25:00,completed,debit_card,3131.01
2974,458,44,2025-10-01 13:22:00,completed,debit_card,558.78
2975,212,45,2025-12-11 23:13:00,pending,debit_card,2662.18
2976,78,46,2025-09-29 23:50:00,cancelled,pix,1277.36
2977,782,37,2025-10-27 19:39:00,completed,boleto,2326.06
2978,666,27,2025-07-19 12:27:00,completed,pix,276.99
2979,221,28,2025-07-29 13:23:00,completed,boleto,1017.22
2980,369,3,2025-07-10 11:10:00,cancelled,pix,1498.27
2981,958,36,2025-01-29 05:13:00,completed,debit_card,3003.1
2982,347,49,2025-05-25 22:46:00,completed,pix,1980.97
2983,25,43,2025-01-03 07:17:00,completed,credit_card,177.38
2984,976,8,2025-08-02 06:44:00,cancelled,debit_card,2810.5
2985,420,44,2025-11-03 03:27:00,completed,credit_card,209.73
2986,354,50,2025-09-13 05:08:00,completed,credit_card,3271.6
2987,720,50,2025-11-11 06:38:00,completed,debit_card,756.78
2988,417,41,2025-07-12 19:28:00,completed,credit_card,1717.98
2989,515,37,2025-10-19 13:56:00,completed,credit_card,271.54
2990,215,49,2025-08-10 21:32:00,completed,boleto,1974.76
2991,907,45,2025-05-28 11:29:00,completed,pix,1750.36
2992,112,38,2025-01-19 18:43:00,completed,credit_card,1447.66
2993,954,22,2025-01-24 08:35:00,completed,pix,143.79
2994,704,14,2025-05-27 02:27:00,completed,credit_card,3078.7
2995,914,15,2025-02-26 00:51:00,completed,debit_card,2813.18
2996,559,46,2025-12-14 00:50:00,completed,debit_card,2222.94
2997,428,4,2025-03-07 05:44:00,completed,boleto,2011.36
2998,733,18,2025-11-13 12:36:00,completed,debit_card,2438.41
2999,699,1,2025-12-25 00:58:00,completed,boleto,521.09
3000,562,12,2025-01-28 05:56:00,completed,debit_card,3265.6
3001,709,41,2025-07-04 22:14:00,completed,pix,1010.66
3002,216,42,2025-09-17 09:13:00,cancelled,credit_card,2304.59
3003,413,50,2025-03-21 23:00:00,completed,credit_card,2131.51
3004,733,17,2025-05-03 05:13:00,completed,boleto,2235.42
3005,380,19,2025-11-25 04:25:00,completed,debit_card,3078.75
3006,602,36,2025-08-22 05:14:00,completed,pix,1049.77
3007,232,48,2025-07-25 19:39:00,completed,pix,2626.34
3008,835,7,2025-05-26 20:47:00,pending,debit_card,2102.4
3009,258,9,2025-07-18 16:20:00,completed,credit_card,284.69
3010,665,8,2025-02-14 08:39:00,completed,debit_card,1461.26
3011,256,25,2025-09-16 15:34:00,pending,credit_card,2936.07
3012,403,7,2025-06-14 18:28:00,completed,debit_card,1117.41
3013,424,42,2025-11-29 20:00:00,completed,credit_card,1698.28
3014,770,8,2025-12-19 12:56:00,completed,boleto,1720.46
3015,979,24,2025-08-02 09:08:00,completed,pix,2170.67
3016,65,17,2025-08-07 17:01:00,completed,debit_card,3096.38
3017,190,12,2025-10-31 12:03:00,completed,credit_card,623.92
3018,603,46,2025-04-15 17:43:00,completed,credit_card,1776.07
3019,950,31,2025-03-26 17:46:00,cancelled,credit_card,1496.45
3020,173,12,2025-01-22 00:30:00,cancelled,boleto,1049.8
3021,759,2,2025-06-11 18:11:00,cancelled,credit_card,3220.24
3022,768,12,2025-02-15 06:24:00,cancelled,pix,48.44
3023,628,27,2025-12-19 10:52:00,completed,boleto,444.92
3024,561,46,2025-08-05 11:41:00,completed,credit_card,2572.04
3025,227,7,2025-01-03 12:26:00,completed,pix,936.78
3026,581,13,2025-12-11 00:35:00,pending,credit_card,2536.66
3027,934,36,2025-05-25 12:57:00,completed,pix,2916.24
3028,388,1,2025-04-11 07:34:00,completed,pix,906.06
3029,401,49,2025-10-31 02:02:00,pending,credit_card,687.97
3030,638,35,2025-08-26 04:04:00,pending,pix,525.65
3031,949,30,2025-06-26 10:03:00,cancelled,debit_card,716.31
3032,213,31,2025-11-18 11:27:00,completed,credit_card,949.81
3033,53,17,2025-09-27 16:13:00,completed,debit_card,3043.25
3034,624,8,2025-06-29 05:12:00,completed,pix,2699.62
3035,671,3,2025-03-18 10:44:00,completed,boleto,26.42
3036,752,10,2025-08-29 04:36:00,completed,boleto,3061.93
3037,662,34,2025-11-25 11:26:00,completed,pix,294.27
3038,139,22,2025-08-26 07:01:00,completed,debit_card,2300.32
3039,418,4,2025-02-21 02:08:00,completed,credit_card,547.13
3040,625,32,2025-02-10 16:00:00,completed,boleto,236.72
3041,143,29,2025-04-14 09:06:00,cancelled,debit_card,2664.0
3042,882,46,2025-04-15 19:53:00,completed,boleto,1645.87
3043,509,11,2025-06-06 23:04:00,completed,boleto,2104.74
3044,650,46,2025-05-06 12:55:00,completed,pix,1500.23
3045,486,13,2025-03-05 09:28:00,completed,credit_card,253.76
3046,992,4,2025-11-24 13:18:00,completed,debit_card,2593.87
3047,437,2,2025-09-22 16:44:00,pending,debit_card,2874.82
3048,816,34,2025-01-10 23:50:00,pending,credit_card,164.14
3049,543,43,2025-12-12 13:39:00,completed,debit_card,1327.5
3050,293,22,2025-06-01 18:27:00,cancelled,boleto,1959.46
3051,620,5,2025-06-07 22:36:00,completed,credit_card,2126.04
3052,284,9,2025-06-06 08:01:00,completed,boleto,2031.97
3053,671,20,2025-06-24 08:23:00,completed,boleto,2431.43
3054,838,21,2025-01-18 00:22:00,pending,boleto,3384.52
3055,14,17,2025-09-17 16:37:00,completed,credit_card,1379.24
3056,634,12,2025-06-08 13:00:00,completed,debit_card,1957.05
3057,727,28,2025-03-14 04:00:00,completed,boleto,2452.79
3058,272,18,2025-08-28 12:32:00,completed,credit_card,2081.63
3059,25,3,2025-02-21 13:11:00,completed,credit_card,1365.89
3060,935,5,2025-02-21 02:46:00,completed,pix,2191.8
3061,322,14,2025-12-04 20:37:00,completed,pix,2282.39
3062,806,48,2025-07-30 23:26:00,completed,pix,2055.69
3063,681,26,2025-09-22 04:57:00,completed,debit_card,733.79
3064,103,19,2025-06-07 21:29:00,completed,debit_card,1780.82
3065,866,41,2025-12-09 23:36:00,completed,debit_card,3097.56
3066,883,17,2025-04-19 19:28:00,pending,debit_card,3042.73
3067,40,39,2025-12-11 08:58:00,completed,boleto,2632.74
3068,235,42,2025-07-09 19:26:00,completed,credit_card,2446.24
3069,832,4,2025-11-13 03:09:00,completed,credit_card,553.41
3070,89,42,2025-04-23 18:43:00,completed,pix,1618.94
3071,100,35,2025-01-19 03:28:00,returned,credit_card,406.11
3072,144,24,2025-01-22 21:56:00,completed,debit_card,2864.15
3073,82,41,2025-06-29 11:50:00,completed,credit_card,1032.83
3074,589,13,2025-04-08 05:41:00,completed,boleto,2688.69
3075,571,33,2025-12-26 04:00:00,completed,boleto,2854.73
3076,229,15,2025-05-21 11:18:00,completed,pix,3125.89
3077,603,15,2025-06-13 20:23:00,returned,debit_card,2643.33
3078,866,31,2025-05-08 13:23:00,cancelled,credit_card,1985.26
3079,395,43,2025-08-07 22:48:00,completed,pix,2101.68
3080,513,28,2025-05-17 07:32:00,completed,credit_card,1135.63
3081,781,10,2025-05-06 07:07:00,pending,pix,635.95
3082,798,7,2025-05-04 20:51:00,completed,pix,474.61
3083,197,33,2025-09-14 05:06:00,completed,boleto,653.44
3084,274,7,2025-02-05 10:12:00,completed,boleto,3270.15
3085,590,5,2025-04-01 09:53:00,completed,boleto,592.23
3086,653,26,2025-06-01 12:08:00,completed,pix,2538.61
3087,800,16,2025-04-13 21:38:00,completed,boleto,662.51
3088,583,8,2025-02-10 08:43:00,returned,boleto,3414.01
3089,968,22,2025-03-19 15:45:00,completed,debit_card,1295.71
3090,562,34,2025-04-28 04:13:00,cancelled,credit_card,1454.23
3091,967,40,2025-06-06 05:30:00,completed,credit_card,1427.7
3092,372,28,2025-06-06 03:46:00,completed,debit_card,2861.28
3093,881,46,2025-04-15 18:22:00,completed,debit_card,779.65
3094,80,36,2025-05-04 22:06:00,completed,boleto,2911.97
3095,235,47,2025-05-06 19:03:00,completed,boleto,2306.56
3096,287,7,2025-07-26 05:16:00,cancelled,credit_card,786.57
3097,819,40,2025-08-06 09:25:00,completed,debit_card,247.62
3098,667,43,2025-02-11 19:06:00,completed,debit_card,2716.97
3099,572,28,2025-03-26 18:26:00,completed,boleto,781.99
3100,545,2,2025-09-29 04:28:00,cancelled,credit_card,3113.95
3101,437,9,2025-01-26 02:40:00,completed,pix,471.65
3102,127,6,2025-01-14 07:16:00,completed,debit_card,2164.95
3103,733,1,2025-02-22 22:08:00,cancelled,credit_card,2428.75
3104,712,3,2025-11-25 14:36:00,pending,credit_card,2308.8
3105,417,10,2025-11-20 06:56:00,completed,credit_card,1119.78
3106,638,37,2025-11-16 07:42:00,completed,debit_card,3066.82
3107,41,44,2025-06-10 13:46:00,completed,pix,2698.92
3108,787,23,2025-11-13 12:15:00,cancelled,boleto,1795.52
3109,469,33,2025-11-07 17:01:00,completed,pix,2119.46
3110,297,9,2025-11-17 14:51:00,completed,credit_card,1990.97
3111,597,13,2025-07-31 19:27:00,cancelled,debit_card,3314.51
3112,601,28,2025-02-15 10:39:00,completed,debit_card,3139.52
3113,42,7,2025-05-28 21:46:00,cancelled,pix,839.53
3114,632,26,2025-05-18 00:06:00,completed,pix,934.4
3115,279,16,2025-12-09 00:28:00,completed,debit_card,3435.4
3116,459,40,2025-01-21 16:17:00,completed,pix,843.23
3117,33,26,2025-06-28 01:47:00,cancelled,boleto,3338.11
3118,276,39,2025-10-20 03:01:00,pending,boleto,2281.14
3119,665,32,2025-05-18 13:50:00,returned,boleto,194.38
3120,90,36,2025-08-31 14:25:00,completed,credit_card,1188.33
3121,616,42,2025-10-15 22:27:00,completed,pix,1677.02
3122,948,1,2025-07-13 01:31:00,completed,debit_card,2919.16
3123,524,49,2025-04-11 22:18:00,completed,credit_card,1163.48
3124,160,21,2025-12-15 10:34:00,completed,debit_card,1100.81
3125,929,13,2025-10-22 17:49:00,returned,pix,3222.52
3126,458,26,2025-06-23 22:09:00,completed,pix,295.04
3127,708,45,2025-08-06 20:52:00,completed,credit_card,1939.29
3128,399,9,2025-04-28 14:37:00,returned,credit_card,1774.75
3129,819,37,2025-05-23 22:27:00,completed,boleto,219.52
3130,774,23,2025-05-21 21:58:00,cancelled,credit_card,325.4
3131,91,1,2025-07-27 06:11:00,completed,boleto,1349.25
3132,709,2,2025-08-26 19:04:00,pending,credit_card,486.88
3133,581,43,2025-10-14 20:43:00,completed,boleto,1683.69
3134,466,28,2025-03-16 18:29:00,completed,pix,2138.93
3135,220,36,2025-04-21 09:58:00,completed,debit_card,2426.06
3136,419,31,2025-10-10 05:16:00,returned,pix,1921.72
3137,379,41,2025-06-20 17:27:00,pending,boleto,1341.22
3138,726,5,2025-06-08 00:24:00,completed,pix,471.56
3139,930,37,2025-07-05 20:14:00,returned,credit_card,881.25
3140,447,25,2025-06-07 23:07:00,completed,credit_card,1479.59
3141,964,8,2025-04-12 09:45:00,cancelled,debit_card,3235.92
3142,146,34,2025-12-22 16:17:00,completed,debit_card,725.05
3143,233,39,2025-06-01 09:15:00,completed,pix,1458.44
3144,371,49,2025-07-23 16:33:00,completed,debit_card,2568.43
3145,922,32,2025-04-17 23:42:00,completed,credit_card,2474.11
3146,234,11,2025-08-23 21:26:00,completed,credit_card,3380.26
3147,726,47,2025-03-09 09:44:00,completed,credit_card,684.34
3148,367,25,2025-10-05 07:46:00,completed,boleto,77.49
3149,481,3,2025-04-03 10:34:00,completed,boleto,1141.68
3150,573,45,2025-12-08 09:58:00,returned,pix,540.93
3151,363,50,2025-08-25 07:21:00,completed,boleto,1928.67
3152,590,32,2025-04-07 14:53:00,completed,debit_card,3147.75
3153,511,35,2025-07-26 14:35:00,completed,credit_card,2415.03
3154,95,32,2025-08-28 16:45:00,completed,pix,492.58
3155,842,34,2025-10-15 12:21:00,pending,boleto,423.99
3156,216,37,2025-07-07 12:01:00,pending,pix,3191.85
3157,725,5,2025-10-21 23:27:00,completed,pix,1716.88
3158,816,45,2025-06-24 21:22:00,completed,debit_card,3234.38
3159,712,28,2025-09-01 13:22:00,pending,debit_card,2582.04
3160,864,28,2025-08-28 06:52:00,cancelled,debit_card,3476.85
3161,543,8,2025-12-21 08:43:00,completed,pix,3051.87
3162,802,27,2025-12-23 00:16:00,completed,pix,1461.46
3163,855,16,2025-12-17 22:30:00,completed,debit_card,2658.63
3164,985,18,2025-08-23 03:24:00,completed,boleto,1659.87
3165,135,25,2025-01-20 18:41:00,pending,credit_card,831.09
3166,83,48,2025-04-06 16:55:00,completed,debit_card,858.78
3167,391,1,2025-08-10 15:46:00,completed,boleto,1402.68
3168,47,8,2025-02-04 08:36:00,completed,pix,407.9
3169,392,21,2025-07-21 20:56:00,completed,pix,638.63
3170,718,34,2025-11-01 20:28:00,completed,boleto,1762.12
3171,385,24,2025-05-25 00:23:00,completed,boleto,3339.65
3172,381,37,2025-02-17 23:33:00,completed,pix,2030.35
3173,77,26,2025-01-12 11:35:00,completed,pix,1441.57
3174,259,47,2025-08-17 05:14:00,completed,pix,864.6
3175,949,14,2025-09-22 17:06:00,completed,pix,701.74
3176,604,29,2025-06-28 00:03:00,completed,debit_card,2311.26
3177,934,30,2025-06-29 19:16:00,completed,pix,2972.17
3178,947,3,2025-06-09 18:23:00,completed,pix,1408.02
3179,399,7,2025-01-29 15:49:00,pending,boleto,1936.29
3180,100,36,2025-02-26 00:34:00,completed,boleto,2479.41
3181,501,11,2025-07-18 02:51:00,pending,boleto,222.87
3182,383,32,2025-11-01 16:24:00,completed,pix,1241.12
3183,707,12,2025-03-05 03:25:00,completed,boleto,2559.54
3184,192,15,2025-06-18 06:50:00,completed,pix,2402.47
3185,580,38,2025-01-10 12:51:00,completed,pix,205.65
3186,901,24,2025-09-26 14:31:00,completed,boleto,847.61
3187,754,1,2025-12-08 13:54:00,completed,credit_card,2386.25
3188,602,18,2025-03-12 05:21:00,completed,debit_card,964.53
3189,345,46,2025-07-04 16:56:00,completed,debit_card,2854.15
3190,10,7,2025-01-09 15:47:00,completed,credit_card,122.68
3191,264,42,2025-01-29 11:45:00,returned,credit_card,682.41
3192,268,41,2025-04-11 02:59:00,cancelled,pix,998.97
3193,832,2,2025-02-24 03:54:00,completed,boleto,3240.01
3194,630,40,2025-03-07 10:02:00,completed,debit_card,2791.19
3195,762,31,2025-10-02 20:37:00,completed,debit_card,3096.82
3196,571,33,2025-09-26 03:54:00,completed,credit_card,1552.87
3197,195,30,2025-11-05 22:14:00,pending,boleto,2882.52
3198,987,31,2025-04-22 05:45:00,completed,debit_card,2990.16
3199,562,34,2025-02-28 14:03:00,completed,debit_card,1411.85
3200,407,7,2025-08-14 19:48:00,returned,pix,3480.73
3201,296,25,2025-05-27 13:07:00,cancelled,pix,2982.31
3202,890,16,2025-07-10 05:58:00,pending,pix,3409.86
3203,97,22,2025-09-09 00:44:00,cancelled,debit_card,3035.41
3204,462,36,2025-07-09 00:08:00,pending,debit_card,2721.19
3205,639,27,2025-07-07 04:59:00,completed,pix,3304.58
3206,758,17,2025-06-27 03:35:00,completed,pix,1480.97
3207,87,4,2025-12-01 11:12:00,completed,boleto,2746.0
3208,991,35,2025-07-01 08:56:00,completed,debit_card,760.86
3209,77,41,2025-09-23 23:35:00,cancelled,debit_card,2570.12
3210,889,22,2025-06-23 09:57:00,completed,credit_card,2753.03
3211,716,47,2025-01-23 21:00:00,completed,pix,2513.5
3212,483,35,2025-07-27 19:46:00,completed,pix,2977.35
3213,146,44,2025-04-19 10:44:00,completed,pix,1458.41
3214,661,15,2025-05-24 13:17:00,cancelled,debit_card,1915.79
3215,111,40,2025-09-10 07:34:00,completed,boleto,57.12
3216,641,44,2025-09-09 19:32:00,completed,debit_card,528.27
3217,765,21,2025-01-19 09:45:00,completed,credit_card,2261.79
3218,678,13,2025-11-07 20:03:00,completed,credit_card,1976.86
3219,297,47,2025-05-22 21:54:00,pending,boleto,706.72
3220,426,11,2025-05-28 08:44:00,completed,pix,867.26
3221,649,49,2025-06-24 02:14:00,returned,credit_card,1217.41
3222,791,27,2025-06-23 11:56:00,returned,debit_card,2513.12
3223,334,31,2025-10-31 05:50:00,returned,credit_card,2141.81
3224,523,44,2025-06-16 16:56:00,completed,credit_card,262.11
3225,583,32,2025-06-02 02:57:00,returned,boleto,2664.59
3226,671,30,2025-12-19 15:20:00,completed,boleto,934.06
3227,728,18,2025-03-14 19:23:00,cancelled,debit_card,2357.72
3228,538,16,2025-11-05 07:02:00,cancelled,pix,449.3
3229,798,35,2025-02-03 21:04:00,cancelled,boleto,3492.77
3230,162,9,2025-03-20 11:54:00,cancelled,boleto,299.57
3231,430,39,2025-10-29 10:04:00,completed,pix,2601.23
3232,614,37,2025-02-07 18:02:00,completed,credit_card,1903.83
3233,69,10,2025-02-07 11:57:00,completed,debit_card,319.07
3234,133,12,2025-05-06 23:33:00,pending,debit_card,113.3
3235,189,8,2025-10-14 07:29:00,completed,credit_card,1282.08
3236,723,3,2025-09-11 03:43:00,completed,pix,2811.74
3237,755,19,2025-11-22 12:11:00,completed,pix,163.21
3238,678,11,2025-10-15 04:12:00,completed,boleto,2471.31
3239,924,8,2025-04-20 04:55:00,returned,pix,2300.71
3240,922,26,2025-11-29 15:17:00,completed,debit_card,944.07
3241,573,45,2025-10-19 15:32:00,pending,debit_card,289.67
3242,874,23,2025-02-17 11:29:00,completed,debit_card,3205.32
3243,279,10,2025-05-21 04:53:00,cancelled,pix,1065.22
3244,430,18,2025-07-08 16:53:00,completed,credit_card,407.61
3245,625,12,2025-02-23 01:45:00,completed,debit_card,2391.68
3246,542,39,2025-12-11 15:37:00,returned,debit_card,774.05
3247,835,26,2025-03-19 17:15:00,completed,credit_card,1675.2
3248,988,11,2025-09-25 10:25:00,completed,boleto,195.41
3249,161,10,2025-12-02 16:54:00,completed,pix,3475.58
3250,746,3,2025-03-14 16:32:00,completed,debit_card,1577.72
3251,899,7,2025-07-13 23:49:00,completed,pix,3496.9
3252,453,4,2025-08-10 09:41:00,completed,debit_card,1362.15
3253,889,40,2025-01-23 20:50:00,completed,debit_card,1230.53
3254,851,8,2025-02-20 21:53:00,completed,boleto,3202.71
3255,170,38,2025-03-20 13:53:00,completed,credit_card,1166.54
3256,830,13,2025-12-04 07:25:00,completed,credit_card,1523.38
3257,698,12,2025-06-11 17:51:00,returned,credit_card,291.82
3258,57,35,2025-03-08 16:58:00,completed,boleto,3345.01
3259,240,38,2025-03-03 00:36:00,cancelled,boleto,316.33
3260,769,43,2025-08-26 15:16:00,completed,credit_card,2703.72
3261,358,36,2025-07-01 13:00:00,completed,pix,1894.38
3262,201,47,2025-11-28 20:03:00,completed,pix,233.69
3263,444,2,2025-08-22 01:59:00,completed,boleto,25.93
3264,837,15,2025-04-24 04:44:00,completed,pix,3275.73
3265,827,49,2025-09-06 18:34:00,completed,credit_card,2602.76
3266,302,34,2025-07-27 12:45:00,pending,debit_card,2408.8
3267,106,39,2025-10-03 10:01:00,completed,pix,1546.18
3268,802,26,2025-02-15 03:50:00,cancelled,credit_card,850.38
3269,101,48,2025-04-25 04:04:00,returned,credit_card,2385.92
3270,97,5,2025-05-25 00:37:00,completed,credit_card,2136.89
3271,665,48,2025-11-30 03:02:00,completed,pix,2547.67
3272,938,25,2025-10-18 19:39:00,completed,debit_card,1292.96
3273,29,34,2025-03-15 01:05:00,completed,pix,3454.49
3274,506,47,2025-01-26 06:44:00,completed,credit_card,253.19
3275,665,4,2025-02-08 07:42:00,pending,credit_card,297.36
3276,438,34,2025-07-24 22:55:00,returned,credit_card,3210.73
3277,379,27,2025-08-29 06:32:00,pending,boleto,2274.02
3278,73,42,2025-06-06 13:41:00,completed,pix,1155.64
3279,254,29,2025-12-06 00:35:00,completed,debit_card,2671.6
3280,963,5,2025-04-11 06:15:00,completed,pix,1595.65
3281,911,18,2025-08-20 20:47:00,completed,credit_card,93.5
3282,516,4,2025-11-24 03:08:00,completed,credit_card,2285.84
3283,749,1,2025-01-25 10:27:00,completed,boleto,866.03
3284,550,50,2025-01-27 10:50:00,cancelled,credit_card,421.37
3285,20,20,2025-11-23 09:04:00,pending,pix,803.95
3286,625,6,2025-08-09 22:54:00,completed,pix,1677.03
3287,535,20,2025-02-17 16:13:00,returned,pix,193.5
3288,421,20,2025-09-30 01:30:00,completed,credit_card,3093.37
3289,446,46,2025-07-04 20:26:00,completed,boleto,1968.51
3290,879,27,2025-05-15 11:26:00,cancelled,pix,1039.63
3291,136,26,2025-07-27 21:05:00,returned,debit_card,2410.78
3292,505,32,2025-07-19 10:06:00,completed,debit_card,2818.74
3293,933,10,2025-05-02 08:30:00,completed,debit_card,2156.46
3294,760,18,2025-07-01 01:10:00,pending,pix,724.68
3295,301,41,2025-06-11 08:00:00,completed,boleto,403.8
3296,609,12,2025-09-13 07:38:00,completed,credit_card,3012.45
3297,33,10,2025-02-23 02:38:00,completed,boleto,836.71
3298,647,24,2025-10-09 12:17:00,cancelled,credit_card,89.89
3299,767,24,2025-03-30 06:21:00,completed,credit_card,2257.3
3300,278,38,2025-09-05 19:23:00,cancelled,credit_card,552.04
3301,133,46,2025-12-10 10:07:00,completed,credit_card,3468.57
3302,750,25,2025-09-08 23:37:00,completed,pix,3046.66
3303,527,8,2025-04-02 20:43:00,returned,debit_card,2137.39
3304,789,14,2025-10-01 05:25:00,completed,pix,2921.85
3305,126,43,2025-09-22 15:56:00,completed,boleto,1657.46
3306,345,31,2025-11-03 18:38:00,completed,credit_card,2763.93
3307,17,24,2025-03-12 11:29:00,pending,pix,2269.94
3308,824,16,2025-02-03 04:19:00,completed,pix,119.68
3309,562,20,2025-09-04 02:28:00,completed,pix,3321.68
3310,647,38,2025-10-14 22:06:00,completed,credit_card,3016.0
3311,630,47,2025-06-22 18:55:00,completed,credit_card,3337.86
3312,378,15,2025-09-19 22:58:00,completed,credit_card,2565.15
3313,818,14,2025-09-08 23:37:00,completed,pix,1453.97
3314,60,12,2025-06-27 01:17:00,completed,pix,740.31
3315,637,34,2025-04-11 22:44:00,completed,boleto,646.39
3316,467,8,2025-08-01 20:41:00,completed,debit_card,524.31
3317,628,19,2025-05-19 03:10:00,cancelled,debit_card,787.72
3318,391,46,2025-08-18 03:23:00,completed,credit_card,1936.21
3319,936,5,2025-04-12 20:52:00,completed,debit_card,2399.43
3320,685,27,2025-01-22 03:41:00,pending,credit_card,1112.92
3321,187,41,2025-01-07 13:52:00,completed,credit_card,1929.64
3322,498,13,2025-03-19 19:16:00,completed,pix,1207.56
3323,600,32,2025-05-12 00:34:00,completed,debit_card,2443.85
3324,715,31,2025-07-19 18:27:00,pending,boleto,3459.93
3325,361,41,2025-07-08 08:23:00,completed,credit_card,2417.78
3326,823,46,2025-08-13 05:10:00,cancelled,credit_card,225.43
3327,832,37,2025-09-04 13:30:00,completed,boleto,1680.78
3328,449,2,2025-07-13 12:36:00,completed,debit_card,2700.95
3329,694,7,2025-11-27 06:13:00,completed,boleto,1907.0
3330,864,48,2025-01-30 23:22:00,returned,debit_card,3329.7
3331,680,11,2025-07-09 22:17:00,completed,debit_card,210.61
3332,181,11,2025-03-19 23:53:00,completed,debit_card,1033.22
3333,812,23,2025-01-20 18:37:00,completed,debit_card,788.1
3334,959,31,2025-03-01 23:33:00,completed,debit_card,2691.33
3335,130,44,2025-02-17 11:19:00,completed,debit_card,1842.8
3336,975,45,2025-11-08 04:16:00,completed,credit_card,501.44
3337,149,8,2025-04-10 23:48:00,completed,pix,1013.86
3338,472,32,2025-03-29 14:30:00,completed,credit_card,1838.85
3339,818,48,2025-11-26 02:39:00,pending,credit_card,3486.53
3340,721,21,2025-08-04 03:00:00,returned,boleto,1287.74
3341,623,31,2025-11-21 09:43:00,completed,pix,565.75
3342,948,1,2025-09-01 19:00:00,completed,pix,1749.79
3343,500,13,2025-03-16 23:27:00,completed,pix,1099.45
3344,649,11,2025-03-07 14:15:00,completed,debit_card,1989.56
3345,355,29,2025-11-17 04:23:00,completed,debit_card,1644.15
3346,916,4,2025-05-02 19:25:00,completed,debit_card,2419.42
3347,211,36,2025-06-16 10:06:00,returned,credit_card,3201.73
3348,658,15,2025-05-12 21:37:00,completed,pix,717.79
3349,596,3,2025-11-24 23:52:00,completed,pix,2877.71
3350,30,29,2025-09-25 08:47:00,completed,credit_card,3323.44
3351,1000,21,2025-02-12 11:52:00,completed,debit_card,1320.16
3352,577,2,2025-05-14 03:58:00,cancelled,boleto,415.55
3353,24,6,2025-06-13 07:21:00,completed,pix,2880.25
3354,984,31,2025-07-18 19:27:00,returned,credit_card,2459.81
3355,943,24,2025-03-16 08:04:00,completed,debit_card,760.24
3356,723,40,2025-12-17 19:33:00,completed,credit_card,1569.38
3357,222,17,2025-05-06 17:42:00,returned,boleto,2031.41
3358,602,5,2025-11-13 17:44:00,completed,boleto,611.09
3359,618,2,2025-02-18 03:51:00,completed,debit_card,2507.9
3360,684,12,2025-12-07 16:28:00,pending,credit_card,2420.79
3361,742,5,2025-06-12 13:25:00,completed,debit_card,3107.2
3362,925,42,2025-12-12 21:35:00,completed,credit_card,1994.11
3363,589,41,2025-02-18 19:49:00,completed,credit_card,2018.61
3364,580,20,2025-03-24 17:56:00,completed,boleto,2175.47
3365,877,8,2025-08-23 19:44:00,completed,credit_card,972.77
3366,401,1,2025-11-03 20:08:00,cancelled,credit_card,2659.95
3367,865,6,2025-01-15 23:36:00,completed,boleto,2325.5
3368,901,11,2025-05-09 03:35:00,completed,pix,2940.23
3369,604,3,2025-01-19 10:52:00,completed,pix,2694.68
3370,512,31,2025-07-14 12:12:00,completed,pix,2242.23
3371,88,28,2025-12-28 04:34:00,completed,pix,579.9
3372,465,47,2025-03-03 20:11:00,completed,credit_card,3218.63
3373,50,43,2025-05-13 20:23:00,pending,pix,1297.9
3374,103,5,2025-05-22 04:25:00,completed,pix,3375.76
3375,368,26,2025-08-02 01:42:00,completed,credit_card,1418.51
3376,936,16,2025-11-14 18:16:00,completed,pix,527.87
3377,492,31,2025-02-16 06:17:00,completed,pix,3099.24
3378,558,28,2025-12-21 18:34:00,pending,debit_card,2786.8
3379,691,7,2025-09-14 19:12:00,completed,pix,2756.31
3380,779,38,2025-02-26 14:14:00,completed,debit_card,331.15
3381,268,9,2025-02-27 13:07:00,completed,pix,3079.89
3382,397,39,2025-04-28 02:00:00,completed,credit_card,2095.47
3383,320,35,2025-11-15 14:58:00,returned,pix,1656.84
3384,520,43,2025-06-26 13:45:00,completed,boleto,3197.84
3385,449,27,2025-12-27 18:13:00,completed,credit_card,2337.82
3386,777,12,2025-04-25 04:04:00,completed,pix,482.95
3387,476,25,2025-12-03 08:33:00,completed,pix,1827.99
3388,898,43,2025-07-03 14:35:00,completed,credit_card,2235.43
3389,590,29,2025-03-09 15:02:00,returned,boleto,3146.96
3390,909,31,2025-11-30 04:07:00,completed,credit_card,994.03
3391,240,34,2025-01-07 15:43:00,pending,boleto,2783.93
3392,258,33,2025-07-18 02:08:00,completed,credit_card,2803.35
3393,708,27,2025-11-08 23:54:00,pending,credit_card,465.61
3394,972,2,2025-06-07 22:44:00,completed,debit_card,79.97
3395,944,14,2025-08-25 14:36:00,completed,debit_card,2043.31
3396,842,13,2025-11-21 02:10:00,returned,credit_card,2767.39
3397,643,24,2025-07-04 22:05:00,completed,debit_card,1949.42
3398,964,5,2025-11-22 04:58:00,completed,pix,2850.45
3399,390,34,2025-04-05 13:09:00,cancelled,pix,2185.61
3400,343,23,2025-04-30 09:29:00,completed,pix,2293.46
3401,773,19,2025-05-13 13:52:00,completed,debit_card,117.98
3402,754,30,2025-01-04 20:57:00,cancelled,debit_card,328.32
3403,387,49,2025-02-05 05:11:00,returned,pix,2543.1
3404,394,43,2025-12-09 09:07:00,pending,credit_card,2674.69
3405,683,16,2025-10-20 23:03:00,completed,pix,1906.78
3406,659,50,2025-06-23 04:42:00,completed,debit_card,2073.77
3407,270,40,2025-06-20 02:22:00,completed,boleto,2157.99
3408,149,34,2025-03-08 01:19:00,completed,pix,385.37
3409,380,49,2025-08-27 00:56:00,cancelled,pix,2344.32
3410,811,11,2025-02-05 05:55:00,completed,debit_card,1685.08
3411,28,14,2025-04-17 12:52:00,completed,debit_card,2116.78
3412,149,48,2025-02-07 15:45:00,completed,debit_card,1979.73
3413,420,47,2025-05-12 21:21:00,returned,debit_card,2675.24
3414,280,15,2025-06-17 02:17:00,completed,pix,1128.62
3415,182,35,2025-03-17 12:01:00,returned,debit_card,1319.87
3416,166,7,2025-03-20 21:26:00,returned,boleto,1382.79
3417,17,29,2025-05-04 01:10:00,cancelled,credit_card,2673.35
3418,150,44,2025-01-21 02:10:00,cancelled,debit_card,1520.27
3419,339,22,2025-06-30 15:02:00,cancelled,debit_card,636.22
3420,45,23,2025-09-09 18:24:00,pending,pix,3440.98
3421,502,24,2025-07-10 05:45:00,completed,credit_card,1736.97
3422,842,35,2025-04-13 12:31:00,completed,credit_card,400.18
3423,189,10,2025-07-24 11:58:00,completed,credit_card,2352.56
3424,651,8,2025-06-14 06:25:00,completed,debit_card,2592.29
3425,61,48,2025-01-10 05:28:00,completed,pix,1760.78
3426,294,48,2025-05-24 23:02:00,completed,pix,2269.67
3427,834,12,2025-07-14 13:55:00,cancelled,debit_card,620.91
3428,33,29,2025-02-12 20:35:00,completed,credit_card,1300.37
3429,299,29,2025-01-08 10:57:00,completed,credit_card,583.16
3430,415,23,2025-05-07 10:07:00,pending,pix,1367.58
3431,624,26,2025-07-05 14:51:00,completed,boleto,1978.55
3432,803,37,2025-08-07 07:28:00,completed,debit_card,1560.04
3433,549,32,2025-07-15 16:27:00,cancelled,boleto,2084.39
3434,431,38,2025-07-29 02:31:00,completed,boleto,1766.12
3435,495,6,2025-03-13 21:35:00,completed,credit_card,1125.99
3436,100,8,2025-07-26 05:12:00,completed,boleto,519.09
3437,23,17,2025-12-22 20:38:00,completed,debit_card,899.3
3438,420,12,2025-10-02 08:25:00,pending,pix,718.48
3439,424,22,2025-08-18 09:22:00,completed,debit_card,2481.83
3440,487,14,2025-05-14 04:52:00,returned,debit_card,2873.48
3441,730,34,2025-03-19 22:55:00,completed,debit_card,2526.95
3442,89,19,2025-12-20 03:22:00,completed,debit_card,2260.19
3443,209,6,2025-01-01 18:52:00,cancelled,boleto,1091.32
3444,271,18,2025-06-30 03:47:00,returned,credit_card,2494.23
3445,933,36,2025-10-27 20:19:00,completed,pix,2125.69
3446,749,37,2025-12-04 02:43:00,completed,credit_card,183.19
3447,900,38,2025-04-09 14:43:00,pending,boleto,3178.49
3448,406,15,2025-06-30 22:09:00,completed,credit_card,298.24
3449,721,38,2025-11-05 05:35:00,completed,credit_card,1769.42
3450,278,40,2025-06-26 02:48:00,pending,boleto,1805.48
3451,977,9,2025-12-31 19:32:00,completed,credit_card,2932.79
3452,206,6,2025-05-04 10:43:00,completed,pix,3197.47
3453,590,2,2025-06-10 23:27:00,completed,boleto,3290.07
3454,913,16,2025-01-17 22:03:00,returned,pix,2002.46
3455,328,1,2025-08-03 11:18:00,completed,credit_card,2383.07
3456,610,30,2025-10-02 03:58:00,pending,debit_card,328.05
3457,858,48,2025-08-22 15:53:00,completed,debit_card,1717.95
3458,877,33,2025-01-02 03:00:00,completed,boleto,3144.54
3459,862,1,2025-08-14 06:08:00,completed,debit_card,1605.83
3460,982,39,2025-11-09 09:51:00,completed,debit_card,262.19
3461,336,16,2025-03-08 06:19:00,completed,debit_card,718.23
3462,606,17,2025-12-11 22:32:00,completed,boleto,1514.68
3463,592,48,2025-05-06 05:24:00,completed,pix,846.6
3464,38,48,2025-08-09 19:13:00,pending,debit_card,1385.18
3465,920,38,2025-01-15 08:15:00,completed,boleto,1178.71
3466,228,18,2025-11-09 18:40:00,pending,pix,1129.87
3467,483,22,2025-01-16 00:02:00,completed,boleto,337.25
3468,134,22,2025-08-27 04:02:00,completed,debit_card,3091.85
3469,708,35,2025-10-12 23:14:00,completed,debit_card,2430.62
3470,978,31,2025-04-29 21:56:00,completed,credit_card,2189.37
3471,390,40,2025-03-04 07:43:00,completed,credit_card,2130.51
3472,794,27,2025-11-08 00:35:00,completed,credit_card,1399.83
3473,613,36,2025-03-01 19:55:00,completed,pix,2885.14
3474,987,4,2025-03-04 09:26:00,completed,boleto,3256.54
3475,425,49,2025-07-23 06:26:00,returned,pix,39.55
3476,587,5,2025-06-16 10:07:00,pending,credit_card,295.61
3477,806,25,2025-08-18 17:45:00,completed,credit_card,2368.92
3478,510,31,2025-07-21 08:42:00,returned,debit_card,841.51
3479,720,14,2025-08-11 02:49:00,completed,pix,3192.73
3480,595,30,2025-09-26 09:20:00,pending,debit_card,2342.6
3481,427,47,2025-10-22 21:12:00,completed,debit_card,1301.65
3482,949,12,2025-05-01 04:44:00,completed,boleto,1465.18
3483,655,27,2025-12-30 23:56:00,completed,credit_card,2424.27
3484,474,45,2025-11-17 07:41:00,completed,debit_card,510.56
3485,568,24,2025-08-04 13:34:00,completed,debit_card,3094.27
3486,361,30,2025-05-22 01:41:00,completed,credit_card,36.61
3487,952,18,2025-11-04 16:09:00,completed,credit_card,3426.74
3488,799,14,2025-05-16 05:16:00,completed,boleto,603.41
3489,211,19,2025-08-19 06:52:00,cancelled,boleto,2602.55
3490,953,22,2025-05-13 07:45:00,completed,debit_card,158.94
3491,179,26,2025-10-27 16:24:00,cancelled,debit_card,1521.37
3492,920,7,2025-10-26 14:40:00,completed,debit_card,2213.49
3493,58,28,2025-01-17 11:23:00,completed,pix,264.39
3494,73,38,2025-12-31 03:22:00,completed,boleto,1562.66
3495,215,5,2025-07-20 10:42:00,returned,debit_card,1074.91
3496,900,36,2025-10-15 07:57:00,completed,credit_card,1753.89
3497,778,18,2025-03-27 13:19:00,completed,boleto,1775.93
3498,959,14,2025-06-10 18:45:00,completed,boleto,2752.61
3499,73,48,2025-07-20 02:52:00,completed,debit_card,449.8
3500,467,23,2025-01-21 12:25:00,completed,pix,307.86
3501,271,14,2025-01-22 23:53:00,completed,debit_card,1418.58
3502,499,32,2025-10-22 13:50:00,cancelled,pix,3108.57
3503,354,5,2025-11-10 23:15:00,cancelled,pix,2996.34
3504,234,22,2025-10-17 02:33:00,returned,credit_card,1968.78
3505,319,28,2025-09-04 17:28:00,completed,debit_card,3112.93
3506,19,43,2025-08-16 01:28:00,completed,pix,2822.6
3507,625,12,2025-01-17 08:05:00,completed,boleto,987.23
3508,575,18,2025-04-12 11:15:00,returned,debit_card,611.97
3509,372,36,2025-02-23 15:41:00,completed,pix,1068.02
3510,184,31,2025-12-14 19:07:00,completed,boleto,810.37
3511,277,13,2025-05-08 20:20:00,cancelled,credit_card,2187.06
3512,674,20,2025-01-06 01:05:00,completed,credit_card,2055.45
3513,755,45,2025-05-24 13:24:00,completed,debit_card,2102.56
3514,145,36,2025-01-11 22:13:00,completed,debit_card,678.78
3515,658,7,2025-07-28 00:44:00,completed,debit_card,2775.68
3516,81,23,2025-11-15 07:25:00,cancelled,debit_card,1529.02
3517,322,34,2025-01-15 14:58:00,completed,debit_card,1664.13
3518,435,50,2025-06-21 01:01:00,completed,pix,3489.43
3519,833,32,2025-07-26 07:13:00,completed,boleto,1002.31
3520,43,21,2025-04-23 19:14:00,completed,debit_card,1391.6
3521,313,6,2025-02-23 21:17:00,completed,boleto,2374.09
3522,906,16,2025-02-24 07:29:00,completed,pix,3083.84
3523,293,35,2025-05-14 23:41:00,completed,pix,461.2
3524,688,47,2025-04-14 05:00:00,completed,pix,2577.96
3525,888,20,2025-10-11 12:54:00,pending,debit_card,3215.62
3526,69,42,2025-10-04 19:55:00,completed,credit_card,1491.78
3527,56,41,2025-04-26 16:02:00,pending,credit_card,1017.81
3528,631,11,2025-05-24 20:38:00,completed,debit_card,2378.53
3529,204,32,2025-01-02 00:28:00,completed,debit_card,876.34
3530,420,14,2025-07-18 22:13:00,returned,debit_card,1357.33
3531,927,24,2025-02-20 04:15:00,completed,pix,3141.26
3532,567,44,2025-06-06 12:49:00,completed,credit_card,2074.36
3533,550,39,2025-06-16 15:27:00,completed,credit_card,350.52
3534,243,43,2025-09-14 00:57:00,completed,boleto,1167.35
3535,201,31,2025-09-18 19:55:00,completed,boleto,2202.88
3536,748,17,2025-06-21 14:33:00,completed,credit_card,1695.61
3537,474,25,2025-10-03 18:31:00,completed,credit_card,2317.98
3538,527,9,2025-10-11 17:08:00,completed,pix,2669.82
3539,656,22,2025-04-12 04:13:00,pending,boleto,1692.54
3540,77,45,2025-07-27 12:18:00,completed,debit_card,3454.59
3541,985,48,2025-05-17 02:31:00,completed,pix,3203.07
3542,478,35,2025-05-09 20:21:00,completed,boleto,228.48
3543,821,37,2025-01-12 22:34:00,completed,debit_card,947.18
3544,440,17,2025-12-27 09:13:00,completed,debit_card,1065.89
3545,263,28,2025-06-10 16:48:00,completed,credit_card,661.33
3546,185,1,2025-11-22 07:31:00,completed,credit_card,1105.82
3547,55,9,2025-06-18 03:13:00,cancelled,debit_card,1498.38
3548,308,49,2025-02-22 23:38:00,pending,debit_card,199.4
3549,516,13,2025-06-30 03:45:00,completed,credit_card,463.0
3550,299,47,2025-12-21 14:09:00,cancelled,credit_card,354.94
3551,552,32,2025-03-16 08:52:00,completed,credit_card,181.18
3552,230,28,2025-07-03 12:51:00,completed,credit_card,1695.61
3553,377,31,2025-06-09 17:11:00,returned,boleto,1181.63
3554,286,8,2025-07-28 17:49:00,completed,credit_card,3275.36
3555,138,8,2025-05-14 11:00:00,completed,pix,377.61
3556,478,34,2025-08-30 12:01:00,completed,pix,3242.6
3557,615,23,2025-05-29 06:02:00,cancelled,pix,321.18
3558,7,10,2025-10-25 20:30:00,completed,credit_card,2174.88
3559,676,37,2025-03-28 06:32:00,completed,debit_card,882.1
3560,419,48,2025-02-26 08:51:00,completed,debit_card,2897.28
3561,472,25,2025-09-19 07:35:00,completed,boleto,233.93
3562,935,33,2025-03-01 22:16:00,completed,credit_card,3334.73
3563,420,45,2025-04-08 14:42:00,cancelled,pix,184.46
3564,877,4,2025-04-16 18:44:00,completed,debit_card,859.07
3565,276,7,2025-12-13 04:26:00,completed,credit_card,1635.36
3566,561,33,2025-06-17 17:35:00,pending,pix,2651.08
3567,608,2,2025-08-19 15:03:00,completed,pix,3329.87
3568,571,48,2025-10-08 07:46:00,completed,pix,1509.59
3569,743,46,2025-08-09 22:46:00,completed,pix,2655.44
3570,689,32,2025-04-30 10:39:00,cancelled,pix,2550.53
3571,90,5,2025-08-05 15:57:00,completed,boleto,2007.67
3572,282,46,2025-01-23 02:26:00,completed,pix,2424.4
3573,548,17,2025-06-16 16:28:00,completed,boleto,152.47
3574,171,12,2025-08-25 04:54:00,completed,pix,1556.69
3575,638,12,2025-09-02 09:31:00,completed,pix,2754.8
3576,995,35,2025-05-31 20:56:00,completed,pix,1670.29
3577,811,21,2025-01-29 06:56:00,completed,pix,3059.8
3578,355,21,2025-07-19 01:54:00,completed,boleto,2921.06
3579,204,2,2025-05-26 05:24:00,completed,credit_card,3024.79
3580,289,21,2025-05-04 16:50:00,completed,debit_card,472.39
3581,868,15,2025-11-21 12:30:00,cancelled,boleto,869.61
3582,462,11,2025-08-22 14:39:00,returned,boleto,123.0
3583,609,10,2025-09-27 23:02:00,completed,boleto,3440.15
3584,750,18,2025-06-06 02:33:00,completed,credit_card,841.76
3585,173,23,2025-07-28 00:11:00,completed,debit_card,1297.48
3586,301,31,2025-10-28 14:19:00,completed,credit_card,976.74
3587,600,26,2025-11-11 23:32:00,completed,debit_card,158.48
3588,911,2,2025-10-06 12:32:00,completed,debit_card,929.18
3589,863,39,2025-10-27 13:45:00,pending,debit_card,361.72
3590,529,7,2025-07-23 13:32:00,pending,credit_card,1392.11
3591,140,24,2025-12-16 10:35:00,completed,debit_card,3384.55
3592,766,39,2025-08-24 03:12:00,completed,pix,2449.95
3593,278,32,2025-09-18 19:34:00,completed,boleto,2480.01
3594,663,26,2025-11-16 19:22:00,completed,debit_card,1597.05
3595,511,23,2025-07-10 15:48:00,pending,boleto,2843.34
3596,346,14,2025-10-07 07:25:00,completed,credit_card,3180.83
3597,846,29,2025-11-15 10:01:00,completed,credit_card,3366.19
3598,140,25,2025-10-26 01:19:00,pending,pix,364.49
3599,114,31,2025-04-29 10:14:00,completed,debit_card,3081.16
3600,580,2,2025-07-15 11:44:00,completed,boleto,803.29
3601,507,2,2025-10-19 07:43:00,completed,boleto,1402.49
3602,366,23,2025-05-17 11:44:00,cancelled,boleto,1222.26
3603,691,47,2025-06-21 04:32:00,completed,credit_card,2369.45
3604,637,11,2025-01-24 17:20:00,completed,debit_card,2100.78
3605,397,29,2025-07-06 18:13:00,completed,pix,399.68
3606,825,42,2025-04-20 21:33:00,pending,pix,2744.22
3607,823,35,2025-02-15 14:01:00,completed,credit_card,1549.97
3608,850,49,2025-06-10 15:22:00,completed,debit_card,27.73
3609,875,9,2025-07-05 21:28:00,returned,pix,1462.47
3610,924,32,2025-10-10 06:51:00,returned,pix,1816.83
3611,870,30,2025-07-26 00:54:00,returned,credit_card,259.68
3612,745,15,2025-10-14 16:57:00,completed,boleto,545.95
3613,940,14,2025-05-21 20:21:00,cancelled,pix,3477.63
3614,659,17,2025-07-12 21:09:00,completed,credit_card,3051.76
3615,942,22,2025-12-11 17:09:00,completed,pix,483.98
3616,111,30,2025-02-05 05:13:00,completed,pix,2039.48
3617,875,17,2025-10-15 05:26:00,completed,credit_card,1339.77
3618,358,16,2025-08-23 09:47:00,completed,credit_card,1912.22
3619,238,8,2025-09-22 20:22:00,completed,debit_card,1657.46
3620,3,39,2025-03-08 04:55:00,pending,pix,187.56
3621,723,31,2025-03-16 14:41:00,completed,boleto,1117.66
3622,404,12,2025-01-12 19:04:00,completed,boleto,456.81
3623,25,33,2025-10-16 20:56:00,completed,debit_card,1721.61
3624,843,12,2025-02-04 07:22:00,returned,debit_card,3177.46
3625,509,25,2025-03-05 15:36:00,completed,credit_card,3484.45
3626,696,38,2025-02-15 13:34:00,completed,boleto,3306.0
3627,465,48,2025-04-26 22:43:00,completed,pix,3450.23
3628,61,18,2025-09-03 05:53:00,cancelled,credit_card,73.06
3629,508,19,2025-10-28 17:28:00,completed,pix,2558.48
3630,123,3,2025-08-02 21:00:00,completed,boleto,969.86
3631,497,35,2025-12-04 14:14:00,completed,credit_card,3032.35
3632,55,5,2025-01-11 23:11:00,cancelled,pix,2851.79
3633,163,35,2025-02-10 07:27:00,completed,debit_card,1494.39
3634,974,27,2025-12-10 02:24:00,completed,pix,1666.95
3635,699,37,2025-06-13 02:58:00,completed,pix,942.52
3636,39,46,2025-11-17 05:22:00,returned,credit_card,1025.04
3637,697,21,2025-02-18 18:46:00,completed,boleto,3434.49
3638,83,16,2025-05-17 18:16:00,completed,pix,3113.21
3639,707,28,2025-06-13 03:55:00,completed,pix,687.7
3640,546,25,2025-08-30 20:52:00,completed,pix,978.83
3641,113,33,2025-10-05 18:50:00,completed,pix,398.1
3642,425,17,2025-04-06 17:01:00,completed,debit_card,3461.27
3643,918,43,2025-08-27 06:50:00,returned,boleto,3177.09
3644,230,30,2025-08-29 09:00:00,completed,boleto,1941.3
3645,283,41,2025-12-12 06:03:00,cancelled,credit_card,2431.27
3646,917,4,2025-02-10 01:16:00,completed,pix,2622.86
3647,937,2,2025-11-07 20:17:00,returned,credit_card,729.26
3648,287,9,2025-02-05 01:08:00,completed,debit_card,3272.64
3649,155,31,2025-11-10 21:09:00,completed,debit_card,1853.06
3650,165,25,2025-02-03 01:19:00,completed,pix,341.73
3651,962,37,2025-04-14 02:29:00,completed,credit_card,1401.85
3652,182,36,2025-06-16 20:30:00,completed,credit_card,2113.73
3653,239,5,2025-02-01 12:46:00,completed,boleto,1247.82
3654,649,24,2025-02-16 22:00:00,completed,credit_card,2453.23
3655,339,24,2025-12-25 14:34:00,completed,debit_card,3089.53
3656,938,29,2025-12-28 04:32:00,completed,debit_card,2706.18
3657,512,50,2025-04-11 09:35:00,completed,pix,2256.45
3658,932,45,2025-02-08 03:43:00,completed,credit_card,1802.31
3659,266,31,2025-02-22 15:59:00,completed,credit_card,905.53
3660,187,37,2025-06-23 06:15:00,completed,debit_card,1603.21
3661,40,19,2025-02-04 23:50:00,completed,pix,1039.48
3662,822,23,2025-08-12 09:41:00,completed,boleto,3270.4
3663,493,35,2025-01-02 07:46:00,pending,boleto,3177.44
3664,679,50,2025-04-20 04:12:00,completed,pix,562.28
3665,391,6,2025-05-12 18:53:00,completed,pix,2882.72
3666,260,6,2025-08-24 21:51:00,completed,boleto,2466.14
3667,655,37,2025-08-27 01:28:00,pending,debit_card,3413.74
3668,716,30,2025-02-26 09:19:00,completed,credit_card,1632.31
3669,176,1,2025-03-11 06:44:00,completed,boleto,2533.17
3670,774,8,2025-03-26 23:17:00,completed,pix,1822.24
3671,764,28,2025-08-27 02:33:00,completed,pix,261.51
3672,329,25,2025-10-20 21:37:00,completed,credit_card,182.74
3673,931,33,2025-08-06 03:52:00,completed,pix,444.95
3674,200,38,2025-04-22 12:16:00,cancelled,debit_card,1050.74
3675,711,14,2025-11-17 17:03:00,completed,pix,921.71
3676,196,11,2025-01-12 18:19:00,completed,credit_card,2554.58
3677,826,2,2025-11-05 06:51:00,completed,boleto,2511.41
3678,589,30,2025-08-01 22:04:00,completed,debit_card,3400.45
3679,531,30,2025-05-19 09:34:00,completed,pix,1100.16
3680,62,4,2025-02-13 03:19:00,cancelled,credit_card,3285.81
3681,327,13,2025-04-11 04:18:00,completed,boleto,2152.72
3682,906,7,2025-10-12 11:55:00,completed,boleto,1743.67
3683,281,38,2025-06-01 23:07:00,completed,credit_card,2344.09
3684,940,3,2025-07-05 13:21:00,completed,boleto,2465.59
3685,762,9,2025-04-15 00:45:00,completed,boleto,618.31
3686,227,14,2025-04-15 15:25:00,completed,boleto,2635.97
3687,639,11,2025-09-19 23:04:00,returned,boleto,2543.6
3688,58,37,2025-11-29 23:38:00,completed,credit_card,3491.41
3689,921,14,2025-04-05 15:00:00,completed,credit_card,3193.58
3690,477,19,2025-06-15 09:38:00,completed,pix,2402.62
3691,376,8,2025-06-30 03:38:00,cancelled,pix,2499.03
3692,716,7,2025-01-21 14:40:00,pending,debit_card,3312.03
3693,243,7,2025-06-12 19:13:00,completed,boleto,3385.78
3694,367,3,2025-09-11 02:06:00,returned,boleto,2897.84
3695,936,3,2025-11-21 17:36:00,completed,debit_card,2690.53
3696,844,18,2025-11-08 18:14:00,completed,credit_card,407.55
3697,500,45,2025-10-06 16:59:00,pending,credit_card,2909.52
3698,838,33,2025-10-21 18:41:00,pending,debit_card,901.12
3699,252,37,2025-12-30 10:01:00,cancelled,pix,1981.97
3700,906,28,2025-10-19 02:44:00,cancelled,pix,1430.7
3701,322,36,2025-03-10 22:04:00,returned,boleto,1222.71
3702,376,16,2025-12-08 13:40:00,completed,pix,1099.67
3703,409,15,2025-09-27 09:32:00,completed,credit_card,2996.89
3704,711,29,2025-09-06 04:35:00,completed,debit_card,2696.59
3705,488,18,2025-04-01 12:44:00,pending,debit_card,1841.6
3706,343,49,2025-10-12 21:39:00,completed,debit_card,2332.39
3707,240,46,2025-11-22 16:17:00,completed,pix,3446.16
3708,139,46,2025-10-07 20:08:00,cancelled,debit_card,1403.42
3709,122,19,2025-05-19 22:25:00,returned,debit_card,1937.83
3710,420,29,2025-02-06 04:47:00,completed,pix,1876.66
3711,561,6,2025-07-09 16:00:00,completed,credit_card,3277.18
3712,304,45,2025-03-10 20:02:00,completed,boleto,1243.44
3713,115,50,2025-08-19 22:28:00,completed,credit_card,3452.17
3714,343,47,2025-08-27 22:36:00,completed,pix,1080.35
3715,251,27,2025-08-25 00:11:00,cancelled,debit_card,399.0
3716,7,7,2025-12-02 07:43:00,completed,boleto,685.98
3717,731,27,2025-06-01 07:52:00,completed,credit_card,1503.25
3718,589,19,2025-06-13 18:51:00,completed,boleto,2281.15
3719,179,17,2025-09-05 04:13:00,completed,credit_card,1818.55
3720,145,41,2025-12-19 14:30:00,completed,credit_card,1329.45
3721,416,11,2025-03-16 19:24:00,completed,pix,1975.88
3722,666,5,2025-10-04 09:28:00,cancelled,credit_card,2939.05
3723,121,2,2025-07-11 05:41:00,completed,debit_card,2939.48
3724,124,47,2025-10-08 12:03:00,pending,pix,2547.27
3725,150,12,2025-06-21 21:41:00,completed,boleto,3334.52
3726,397,42,2025-05-01 20:01:00,completed,pix,2073.91
3727,381,42,2025-08-16 16:51:00,completed,credit_card,46.65
3728,780,11,2025-11-10 05:47:00,completed,boleto,1032.44
3729,839,10,2025-08-09 10:55:00,completed,debit_card,1162.22
3730,1,28,2025-12-17 22:09:00,completed,pix,1924.69
3731,673,7,2025-02-15 17:47:00,completed,credit_card,3169.02
3732,244,14,2025-03-03 15:40:00,completed,boleto,2936.64
3733,887,13,2025-02-09 17:16:00,completed,debit_card,827.96
3734,398,5,2025-12-14 16:13:00,completed,debit_card,1827.48
3735,251,42,2025-07-12 04:15:00,completed,pix,2313.84
3736,879,8,2025-01-01 12:07:00,completed,boleto,3456.54
3737,576,50,2025-01-31 10:22:00,completed,credit_card,128.93
3738,299,1,2025-09-11 20:23:00,completed,boleto,1634.29
3739,760,5,2025-03-19 20:33:00,completed,debit_card,3458.62
3740,954,11,2025-06-02 12:06:00,completed,boleto,3420.68
3741,297,43,2025-09-30 14:55:00,completed,pix,1170.93
3742,977,48,2025-09-29 08:12:00,completed,boleto,20.06
3743,964,10,2025-11-25 21:14:00,returned,boleto,2061.84
3744,500,15,2025-04-18 08:31:00,completed,pix,3036.95
3745,115,39,2025-10-13 03:29:00,completed,boleto,1148.55
3746,807,47,2025-05-23 18:43:00,pending,pix,3271.26
3747,1,29,2025-05-05 07:26:00,completed,pix,1177.8
3748,553,25,2025-09-16 23:49:00,completed,pix,2143.5
3749,685,48,2025-04-22 01:12:00,cancelled,debit_card,2532.72
3750,600,6,2025-01-10 05:05:00,cancelled,boleto,1222.05
3751,482,11,2025-10-04 20:00:00,completed,pix,1245.68
3752,610,17,2025-10-15 09:21:00,completed,credit_card,1655.58
3753,600,15,2025-07-26 23:53:00,pending,credit_card,2926.58
3754,763,16,2025-08-14 00:36:00,completed,debit_card,370.96
3755,510,2,2025-08-10 08:54:00,completed,pix,2217.55
3756,335,36,2025-06-03 23:11:00,completed,pix,2377.17
3757,465,19,2025-12-04 22:26:00,completed,debit_card,1961.4
3758,141,38,2025-04-29 08:57:00,completed,boleto,3276.72
3759,583,50,2025-08-24 20:06:00,completed,pix,2114.93
3760,137,21,2025-09-07 10:21:00,pending,pix,2228.33
3761,959,11,2025-03-08 04:30:00,completed,credit_card,2107.16
3762,611,41,2025-04-19 09:20:00,completed,pix,2532.63
3763,663,3,2025-08-05 00:32:00,completed,debit_card,491.22
3764,950,34,2025-03-04 09:56:00,completed,credit_card,3132.08
3765,687,18,2025-09-26 20:08:00,completed,debit_card,167.87
3766,167,15,2025-09-08 06:40:00,completed,debit_card,2249.79
3767,343,25,2025-09-09 20:41:00,completed,pix,2161.87
3768,410,50,2025-05-13 13:01:00,completed,boleto,744.26
3769,769,15,2025-06-24 18:26:00,returned,pix,161.67
3770,910,30,2025-07-07 06:30:00,completed,boleto,503.15
3771,736,17,2025-05-19 06:41:00,completed,credit_card,965.42
3772,880,18,2025-08-21 23:50:00,completed,debit_card,3089.73
3773,842,31,2025-11-11 02:53:00,completed,debit_card,2997.96
3774,65,50,2025-02-08 22:56:00,completed,pix,242.22
3775,581,43,2025-02-04 21:28:00,completed,boleto,1026.65
3776,67,18,2025-05-23 20:48:00,completed,debit_card,3114.82
3777,433,35,2025-02-25 11:28:00,completed,debit_card,843.57
3778,50,13,2025-05-24 07:14:00,completed,boleto,3485.96
3779,314,14,2025-06-16 21:46:00,completed,debit_card,913.8
3780,309,36,2025-01-30 03:14:00,completed,debit_card,2592.11
3781,603,18,2025-09-02 08:23:00,completed,debit_card,1471.37
3782,115,5,2025-07-02 10:59:00,cancelled,boleto,494.13
3783,886,14,2025-07-22 14:16:00,completed,boleto,907.94
3784,569,25,2025-06-26 22:33:00,completed,credit_card,2369.41
3785,342,44,2025-08-14 13:29:00,cancelled,debit_card,1192.96
3786,530,39,2025-07-06 04:36:00,completed,debit_card,2122.37
3787,784,12,2025-07-13 01:46:00,completed,credit_card,735.25
3788,642,40,2025-11-19 09:51:00,completed,boleto,1581.06
3789,495,28,2025-09-11 07:25:00,completed,boleto,1802.62
3790,269,35,2025-02-01 04:32:00,completed,pix,1456.49
3791,941,1,2025-01-09 22:39:00,completed,boleto,708.75
3792,80,3,2025-12-02 10:42:00,completed,pix,1626.21
3793,456,43,2025-08-23 16:15:00,completed,credit_card,2431.29
3794,299,50,2025-12-05 20:27:00,returned,boleto,3377.87
3795,968,7,2025-04-21 17:52:00,completed,credit_card,2767.54
3796,822,9,2025-04-18 08:47:00,completed,pix,581.92
3797,202,36,2025-11-22 04:15:00,completed,debit_card,969.0
3798,503,23,2025-06-25 11:52:00,completed,debit_card,294.31
3799,737,24,2025-01-03 19:35:00,completed,credit_card,492.06
3800,671,10,2025-07-28 13:14:00,completed,debit_card,892.38
3801,716,50,2025-06-09 00:56:00,pending,credit_card,714.36
3802,649,48,2025-07-21 15:55:00,pending,pix,763.5
3803,485,12,2025-02-03 08:37:00,completed,debit_card,823.08
3804,585,19,2025-03-05 23:15:00,completed,pix,1066.36
3805,560,32,2025-11-24 19:12:00,completed,boleto,457.04
3806,18,24,2025-12-02 07:50:00,completed,debit_card,986.87
3807,478,22,2025-02-18 21:20:00,returned,debit_card,2415.67
3808,992,3,2025-09-10 07:08:00,completed,debit_card,842.68
3809,488,40,2025-06-05 04:17:00,completed,credit_card,618.0
3810,983,27,2025-04-09 10:54:00,completed,boleto,255.58
3811,779,19,2025-01-11 16:25:00,completed,boleto,1759.9
3812,446,9,2025-12-20 05:50:00,returned,boleto,2950.1
3813,340,49,2025-03-23 12:09:00,pending,pix,225.38
3814,531,13,2025-03-04 02:02:00,completed,boleto,1907.29
3815,612,2,2025-06-26 04:44:00,pending,credit_card,2284.15
3816,116,36,2025-06-08 01:20:00,completed,credit_card,2081.77
3817,858,29,2025-11-25 16:39:00,completed,pix,3074.13
3818,74,11,2025-04-04 11:05:00,completed,pix,3035.06
3819,792,34,2025-03-14 07:26:00,completed,boleto,219.43
3820,269,4,2025-04-26 05:12:00,completed,boleto,1276.09
3821,637,4,2025-03-24 09:17:00,completed,credit_card,2354.49
3822,116,1,2025-01-19 07:53:00,completed,credit_card,3334.51
3823,686,25,2025-11-30 00:31:00,completed,boleto,2820.3
3824,693,26,2025-12-29 01:57:00,completed,credit_card,634.53
3825,738,11,2025-03-07 00:50:00,completed,pix,991.65
3826,669,23,2025-12-26 20:36:00,completed,credit_card,2677.31
3827,164,2,2025-02-06 03:46:00,cancelled,boleto,1660.73
3828,583,19,2025-09-17 17:14:00,completed,pix,1924.61
3829,222,29,2025-01-12 04:58:00,completed,credit_card,2139.25
3830,126,40,2025-03-24 07:58:00,completed,pix,379.45
3831,657,4,2025-06-29 12:00:00,completed,boleto,2998.75
3832,176,16,2025-10-31 23:43:00,completed,credit_card,3023.71
3833,973,47,2025-07-08 10:14:00,completed,boleto,1649.47
3834,664,37,2025-02-24 11:02:00,completed,debit_card,2201.42
3835,694,27,2025-01-21 04:46:00,pending,boleto,2316.47
3836,375,5,2025-03-29 05:24:00,completed,debit_card,680.23
3837,991,15,2025-03-24 20:44:00,completed,pix,411.8
3838,859,23,2025-11-28 02:25:00,completed,pix,91.94
3839,498,49,2025-09-29 13:45:00,completed,debit_card,3196.83
3840,85,3,2025-01-03 09:15:00,completed,pix,1223.08
3841,876,18,2025-04-22 02:54:00,completed,pix,318.69
3842,383,43,2025-10-21 05:55:00,completed,boleto,1640.98
3843,633,26,2025-09-18 20:01:00,cancelled,debit_card,283.18
3844,641,6,2025-10-23 20:42:00,completed,credit_card,316.67
3845,463,44,2025-07-23 02:01:00,pending,pix,1721.32
3846,451,17,2025-07-16 20:26:00,completed,pix,1790.75
3847,518,46,2025-10-07 19:35:00,completed,credit_card,2038.9
3848,846,38,2025-01-06 18:34:00,completed,boleto,2303.96
3849,695,42,2025-09-14 19:22:00,completed,boleto,2345.57
3850,550,48,2025-04-12 16:29:00,completed,boleto,1526.83
3851,929,50,2025-06-09 16:17:00,cancelled,credit_card,2259.5
3852,116,27,2025-07-29 03:33:00,completed,boleto,1080.49
3853,614,20,2025-07-03 06:01:00,cancelled,pix,1555.75
3854,8,6,2025-10-01 01:06:00,cancelled,boleto,1388.78
3855,218,35,2025-08-25 08:42:00,completed,pix,1165.3
3856,719,12,2025-04-21 02:51:00,completed,credit_card,850.23
3857,590,48,2025-06-17 16:34:00,completed,boleto,293.04
3858,880,3,2025-03-31 08:52:00,cancelled,boleto,1780.57
3859,404,48,2025-09-29 05:15:00,cancelled,pix,1889.76
3860,567,4,2025-04-30 12:26:00,completed,credit_card,1189.82
3861,304,45,2025-01-01 04:54:00,completed,boleto,3415.94
3862,467,4,2025-03-10 04:25:00,completed,credit_card,1958.23
3863,952,4,2025-02-10 13:02:00,pending,pix,3113.76
3864,993,39,2025-07-28 12:02:00,returned,pix,2003.9
3865,740,21,2025-08-03 03:32:00,completed,boleto,680.91
3866,88,44,2025-01-03 14:51:00,completed,credit_card,3411.69
3867,10,2,2025-08-22 12:03:00,completed,pix,3100.97
3868,308,16,2025-08-11 15:00:00,completed,credit_card,1660.03
3869,434,7,2025-03-16 20:19:00,cancelled,debit_card,865.84
3870,802,19,2025-12-04 00:39:00,completed,debit_card,794.89
3871,164,43,2025-11-30 19:14:00,completed,boleto,2824.95
3872,239,33,2025-02-24 02:44:00,completed,credit_card,260.53
3873,317,9,2025-10-01 00:25:00,completed,credit_card,2240.45
3874,996,37,2025-09-30 22:56:00,completed,pix,2247.67
3875,656,17,2025-03-03 19:51:00,pending,credit_card,654.94
3876,335,27,2025-11-21 10:26:00,completed,credit_card,2473.1
3877,18,33,2025-05-08 02:24:00,completed,pix,2474.81
3878,71,49,2025-07-16 14:55:00,completed,boleto,1238.11
3879,175,12,2025-01-20 01:52:00,completed,pix,1702.15
3880,854,45,2025-02-11 15:06:00,completed,debit_card,2918.02
3881,800,11,2025-12-13 09:02:00,completed,credit_card,1840.57
3882,811,13,2025-07-03 02:45:00,completed,credit_card,2171.19
3883,339,31,2025-01-02 22:05:00,completed,boleto,1456.44
3884,936,13,2025-07-31 22:58:00,cancelled,debit_card,540.6
3885,248,38,2025-09-11 10:19:00,completed,credit_card,3493.27
3886,193,26,2025-12-09 14:57:00,completed,pix,1869.75
3887,419,31,2025-09-12 04:47:00,completed,credit_card,1190.83
3888,325,22,2025-12-27 06:30:00,cancelled,boleto,2503.98
3889,306,6,2025-04-14 23:25:00,completed,pix,2180.46
3890,780,20,2025-11-30 06:05:00,completed,credit_card,830.52
3891,204,21,2025-01-28 07:39:00,completed,boleto,3071.7
3892,853,10,2025-10-18 22:53:00,completed,debit_card,266.74
3893,123,19,2025-07-31 11:43:00,pending,pix,2127.83
3894,570,35,2025-10-11 06:42:00,cancelled,pix,1683.05
3895,851,26,2025-12-27 09:53:00,completed,debit_card,1127.33
3896,447,7,2025-11-29 16:55:00,pending,pix,2895.8
3897,713,37,2025-04-20 09:41:00,completed,boleto,2303.84
3898,491,8,2025-04-02 22:25:00,completed,debit_card,2663.06
3899,433,5,2025-10-06 12:23:00,pending,credit_card,1463.01
3900,624,44,2025-04-08 22:02:00,completed,boleto,3299.55
3901,128,36,2025-01-03 06:45:00,completed,debit_card,1219.64
3902,548,28,2025-09-25 21:41:00,cancelled,credit_card,1868.04
3903,746,50,2025-04-13 14:56:00,completed,boleto,3269.1
3904,822,3,2025-08-20 07:52:00,completed,boleto,309.5
3905,47,39,2025-02-07 10:35:00,completed,pix,398.66
3906,505,8,2025-09-16 02:47:00,cancelled,pix,3479.77
3907,115,15,2025-05-22 07:02:00,cancelled,debit_card,3400.44
3908,416,27,2025-12-19 11:13:00,completed,credit_card,2705.52
3909,767,49,2025-11-20 21:09:00,cancelled,boleto,1704.98
3910,995,36,2025-09-17 07:30:00,completed,boleto,1781.09
3911,223,16,2025-11-03 04:44:00,completed,debit_card,915.1
3912,636,26,2025-02-06 19:39:00,pending,pix,1525.9
3913,949,45,2025-05-24 21:46:00,completed,boleto,1521.1
3914,503,44,2025-06-11 22:09:00,completed,boleto,145.59
3915,672,4,2025-08-29 10:29:00,completed,pix,1596.99
3916,958,12,2025-03-23 22:36:00,completed,credit_card,1689.68
3917,933,17,2025-09-30 16:07:00,completed,credit_card,2336.93
3918,96,41,2025-12-25 07:31:00,completed,pix,1817.26
3919,107,44,2025-02-25 12:51:00,completed,boleto,3018.66
3920,632,26,2025-10-24 12:16:00,completed,pix,1299.12
3921,613,31,2025-12-26 08:33:00,completed,credit_card,1445.82
3922,615,15,2025-10-04 02:37:00,pending,debit_card,2008.76
3923,678,34,2025-10-14 15:34:00,cancelled,debit_card,725.48
3924,926,29,2025-07-23 10:06:00,cancelled,credit_card,1389.37
3925,698,9,2025-07-05 08:46:00,completed,credit_card,2407.86
3926,32,14,2025-05-10 00:24:00,pending,credit_card,1453.09
3927,493,36,2025-06-14 11:16:00,completed,pix,3175.03
3928,66,4,2025-12-06 00:01:00,completed,debit_card,2161.25
3929,179,38,2025-04-15 12:54:00,completed,credit_card,555.11
3930,779,37,2025-05-10 08:38:00,completed,boleto,1716.31
3931,443,24,2025-03-09 16:29:00,pending,debit_card,2681.43
3932,916,17,2025-10-02 19:39:00,completed,pix,2258.84
3933,549,13,2025-11-12 09:02:00,completed,boleto,3100.72
3934,201,20,2025-04-08 17:49:00,cancelled,pix,2629.94
3935,870,17,2025-04-12 12:01:00,completed,credit_card,234.42
3936,49,27,2025-10-04 05:57:00,pending,credit_card,411.54
3937,787,33,2025-10-09 08:03:00,pending,credit_card,2281.13
3938,951,21,2025-10-04 23:05:00,completed,boleto,849.66
3939,680,17,2025-10-31 17:19:00,completed,credit_card,2065.67
3940,263,22,2025-01-16 22:16:00,completed,debit_card,2776.92
3941,133,25,2025-12-15 05:57:00,completed,credit_card,2027.72
3942,810,3,2025-06-10 03:16:00,completed,debit_card,1465.9
3943,344,27,2025-05-04 00:09:00,completed,boleto,2269.02
3944,176,27,2025-09-25 07:06:00,cancelled,pix,519.8
3945,391,46,2025-05-23 19:51:00,cancelled,pix,2536.76
3946,11,12,2025-12-31 16:02:00,completed,debit_card,2445.65
3947,201,15,2025-07-24 09:58:00,completed,boleto,1810.12
3948,945,38,2025-06-26 23:50:00,completed,debit_card,990.27
3949,926,20,2025-12-09 12:44:00,completed,credit_card,2795.52
3950,809,22,2025-04-03 11:37:00,completed,credit_card,1796.72
3951,3,2,2025-05-19 07:36:00,pending,credit_card,225.94
3952,214,4,2025-09-29 03:27:00,cancelled,pix,3216.77
3953,808,45,2025-12-14 19:30:00,completed,debit_card,2691.65
3954,307,13,2025-03-21 18:57:00,completed,boleto,2055.12
3955,980,32,2025-02-10 13:28:00,completed,debit_card,1540.15
3956,544,22,2025-04-28 04:31:00,completed,debit_card,3360.45
3957,560,25,2025-03-23 04:28:00,completed,debit_card,2717.07
3958,327,27,2025-06-20 19:53:00,completed,credit_card,1881.78
3959,764,17,2025-06-09 20:08:00,completed,credit_card,2292.98
3960,199,6,2025-12-17 23:41:00,completed,debit_card,997.01
3961,916,43,2025-03-23 19:18:00,completed,credit_card,701.09
3962,601,16,2025-06-15 05:02:00,completed,pix,971.15
3963,109,8,2025-08-11 19:27:00,completed,credit_card,1040.11
3964,291,33,2025-11-26 14:50:00,pending,pix,2594.29
3965,108,10,2025-02-13 19:19:00,returned,pix,507.41
3966,408,34,2025-08-04 10:58:00,cancelled,debit_card,2726.0
3967,552,19,2025-12-02 00:50:00,pending,debit_card,1841.42
3968,973,14,2025-12-25 14:19:00,completed,credit_card,1358.31
3969,52,3,2025-02-16 15:54:00,completed,boleto,1065.38
3970,112,41,2025-11-24 02:22:00,completed,debit_card,1805.94
3971,295,23,2025-03-20 00:13:00,completed,pix,1124.96
3972,580,40,2025-02-01 19:27:00,cancelled,pix,1514.49
3973,189,11,2025-12-26 09:13:00,pending,credit_card,2591.77
3974,844,47,2025-09-27 00:50:00,completed,pix,2198.47
3975,721,6,2025-12-20 22:58:00,completed,debit_card,2622.98
3976,65,34,2025-01-27 15:06:00,completed,credit_card,2501.15
3977,574,1,2025-08-04 06:03:00,completed,credit_card,2856.45
3978,465,35,2025-04-04 16:37:00,completed,boleto,721.88
3979,258,25,2025-09-18 04:55:00,completed,credit_card,3483.03
3980,646,29,2025-10-22 09:15:00,returned,boleto,1675.68
3981,634,23,2025-05-02 18:04:00,completed,debit_card,2519.45
3982,331,18,2025-12-16 09:50:00,completed,pix,2378.57
3983,501,14,2025-12-17 19:40:00,completed,debit_card,1990.2
3984,683,17,2025-10-12 14:24:00,returned,credit_card,3485.44
3985,210,2,2025-09-29 10:17:00,cancelled,boleto,776.26
3986,808,31,2025-05-18 01:05:00,completed,pix,1487.62
3987,89,19,2025-06-02 01:40:00,returned,credit_card,464.5
3988,679,32,2025-11-26 18:29:00,completed,debit_card,652.79
3989,28,28,2025-07-12 07:23:00,completed,credit_card,2501.11
3990,238,41,2025-11-05 12:16:00,completed,boleto,36.85
3991,336,8,2025-11-09 04:21:00,completed,debit_card,3116.58
3992,63,42,2025-12-20 14:03:00,completed,credit_card,2223.48
3993,960,41,2025-10-14 21:51:00,returned,boleto,1554.35
3994,767,40,2025-11-10 05:49:00,pending,credit_card,1173.14
3995,908,39,2025-02-16 18:39:00,completed,boleto,459.43
3996,553,22,2025-05-22 07:00:00,completed,credit_card,3227.04
3997,500,24,2025-07-12 12:55:00,completed,debit_card,2498.88
3998,541,38,2025-04-24 11:04:00,completed,debit_card,1190.65
3999,791,2,2025-07-18 19:45:00,completed,debit_card,266.86
4000,469,41,2025-04-01 14:26:00,completed,debit_card,1153.38
4001,592,41,2025-08-17 18:57:00,completed,debit_card,662.53
4002,51,19,2025-05-07 00:06:00,pending,pix,2756.23
4003,112,41,2025-10-17 17:50:00,completed,credit_card,2524.2
4004,873,2,2025-10-13 16:17:00,completed,debit_card,1753.6
4005,301,28,2025-10-06 06:26:00,completed,pix,3102.73
4006,90,32,2025-09-23 01:31:00,completed,pix,648.77
4007,229,19,2025-01-18 00:22:00,completed,credit_card,1592.84
4008,150,16,2025-01-25 19:57:00,completed,boleto,2492.96
4009,755,30,2025-08-12 01:19:00,completed,credit_card,255.95
4010,138,22,2025-03-25 04:55:00,cancelled,credit_card,1316.92
4011,135,14,2025-09-10 04:50:00,completed,boleto,2009.39
4012,457,1,2025-08-19 18:56:00,pending,boleto,1296.48
4013,601,45,2025-05-07 01:49:00,completed,debit_card,1691.09
4014,494,2,2025-04-27 15:33:00,cancelled,boleto,2136.25
4015,527,22,2025-02-06 03:01:00,completed,boleto,1302.0
4016,333,46,2025-01-21 04:52:00,completed,credit_card,388.93
4017,362,33,2025-09-14 05:47:00,completed,credit_card,505.27
4018,174,15,2025-08-06 06:25:00,completed,credit_card,1853.97
4019,602,50,2025-07-21 20:15:00,completed,boleto,628.1
4020,213,41,2025-02-20 13:02:00,returned,pix,3116.62
4021,343,22,2025-09-10 22:06:00,pending,debit_card,2922.97
4022,61,40,2025-08-06 19:31:00,completed,credit_card,1234.63
4023,876,39,2025-05-25 03:40:00,completed,pix,2911.84
4024,732,41,2025-07-09 11:07:00,completed,debit_card,1875.49
4025,61,41,2025-04-25 01:24:00,cancelled,credit_card,573.5
4026,819,11,2025-11-28 03:37:00,pending,pix,2157.46
4027,678,4,2025-02-14 16:20:00,completed,debit_card,2384.49
4028,524,7,2025-01-08 15:37:00,completed,credit_card,311.94
4029,216,21,2025-10-12 11:44:00,pending,credit_card,1114.3
4030,589,7,2025-07-08 15:15:00,completed,pix,38.74
4031,744,4,2025-05-26 15:20:00,completed,boleto,1121.17
4032,624,12,2025-03-26 01:50:00,completed,boleto,1187.35
4033,578,27,2025-07-02 07:12:00,cancelled,credit_card,2213.13
4034,694,17,2025-01-25 07:30:00,completed,pix,712.67
4035,423,20,2025-01-27 00:53:00,returned,boleto,124.72
4036,716,31,2025-12-30 08:38:00,completed,boleto,1118.41
4037,423,26,2025-03-12 15:35:00,completed,boleto,2893.16
4038,371,31,2025-02-26 02:11:00,completed,pix,1409.03
4039,206,35,2025-03-10 19:23:00,returned,pix,1464.53
4040,286,9,2025-10-04 21:50:00,completed,debit_card,1652.22
4041,105,5,2025-06-11 14:02:00,completed,boleto,2636.23
4042,754,48,2025-10-25 20:06:00,completed,pix,1690.49
4043,747,8,2025-06-09 03:31:00,completed,debit_card,337.66
4044,688,21,2025-09-17 14:39:00,cancelled,credit_card,738.27
4045,723,16,2025-04-27 08:38:00,completed,debit_card,673.88
4046,543,16,2025-07-25 20:12:00,pending,boleto,1787.36
4047,747,18,2025-03-16 12:58:00,cancelled,pix,124.15
4048,242,47,2025-11-26 13:11:00,completed,boleto,1006.99
4049,491,28,2025-07-20 08:00:00,pending,boleto,2133.04
4050,665,18,2025-03-02 12:12:00,completed,credit_card,1254.18
4051,708,14,2025-07-24 22:23:00,completed,pix,2482.84
4052,498,48,2025-04-11 06:18:00,completed,pix,1381.45
4053,435,37,2025-05-04 02:14:00,completed,credit_card,3427.82
4054,781,40,2025-11-09 04:22:00,completed,pix,3379.44
4055,484,16,2025-12-14 15:05:00,completed,debit_card,2803.45
4056,447,21,2025-01-19 21:17:00,cancelled,boleto,3341.28
4057,384,1,2025-03-17 12:55:00,pending,credit_card,732.63
4058,510,11,2025-03-19 02:30:00,completed,credit_card,2633.21
4059,170,11,2025-08-08 23:50:00,completed,boleto,1139.37
4060,950,2,2025-10-06 23:52:00,completed,credit_card,2544.02
4061,869,32,2025-02-09 09:47:00,completed,pix,1321.15
4062,323,19,2025-02-01 17:52:00,completed,pix,1027.18
4063,848,5,2025-10-05 10:09:00,completed,boleto,3356.61
4064,474,3,2025-08-20 22:04:00,completed,credit_card,750.4
4065,232,28,2025-03-29 01:02:00,pending,debit_card,2659.82
4066,696,26,2025-08-22 16:17:00,completed,boleto,2367.86
4067,359,23,2025-12-05 16:27:00,completed,pix,1076.1
4068,275,30,2025-03-05 22:51:00,completed,pix,1615.03
4069,942,8,2025-08-30 16:58:00,completed,pix,517.44
4070,911,36,2025-05-07 07:42:00,completed,debit_card,3225.81
4071,32,29,2025-10-12 23:03:00,completed,pix,3389.06
4072,177,13,2025-06-20 23:42:00,completed,boleto,2568.97
4073,917,25,2025-05-30 00:00:00,completed,boleto,2975.98
4074,65,22,2025-07-11 07:18:00,completed,boleto,307.51
4075,710,46,2025-10-20 21:03:00,completed,pix,1356.21
4076,27,33,2025-12-24 13:46:00,completed,debit_card,1171.22
4077,663,37,2025-11-27 21:32:00,completed,debit_card,1986.03
4078,815,7,2025-09-09 00:22:00,completed,pix,658.08
4079,479,23,2025-10-19 14:44:00,completed,credit_card,1980.57
4080,268,6,2025-02-16 17:40:00,returned,credit_card,2297.19
4081,597,15,2025-09-29 19:27:00,completed,boleto,480.59
4082,66,15,2025-05-13 20:05:00,pending,debit_card,478.39
4083,133,40,2025-09-19 10:20:00,pending,pix,143.27
4084,905,34,2025-03-10 17:31:00,returned,debit_card,2667.91
4085,916,14,2025-01-27 21:44:00,completed,debit_card,1171.91
4086,366,29,2025-09-20 15:46:00,cancelled,credit_card,804.46
4087,82,16,2025-08-10 22:26:00,cancelled,debit_card,2727.77
4088,893,29,2025-09-14 07:01:00,completed,debit_card,518.53
4089,831,23,2025-06-13 04:15:00,completed,pix,1506.6
4090,982,10,2025-02-03 09:53:00,returned,pix,2611.86
4091,328,47,2025-04-08 03:01:00,completed,debit_card,2016.94
4092,98,4,2025-01-23 07:25:00,completed,debit_card,1947.92
4093,585,12,2025-06-09 13:27:00,pending,pix,567.97
4094,327,42,2025-09-30 07:44:00,completed,credit_card,649.65
4095,542,34,2025-05-04 17:17:00,completed,pix,2047.3
4096,125,4,2025-08-27 08:43:00,completed,pix,102.01
4097,210,20,2025-06-26 06:07:00,completed,pix,3044.53
4098,987,28,2025-05-06 23:03:00,cancelled,pix,1239.64
4099,784,28,2025-05-18 14:19:00,completed,pix,1469.82
4100,725,6,2025-02-19 07:37:00,pending,credit_card,919.34
4101,133,14,2025-12-15 21:14:00,completed,boleto,3070.82
4102,503,35,2025-06-28 13:37:00,completed,pix,2255.91
4103,157,47,2025-07-29 01:55:00,completed,pix,1585.68
4104,559,1,2025-02-08 18:23:00,completed,credit_card,2056.87
4105,869,19,2025-01-14 01:27:00,cancelled,boleto,1343.69
4106,875,1,2025-02-18 18:48:00,completed,debit_card,1640.23
4107,382,13,2025-06-25 08:35:00,pending,credit_card,1264.56
4108,22,8,2025-03-18 17:34:00,completed,pix,1449.15
4109,974,18,2025-07-16 14:46:00,completed,debit_card,1116.12
4110,953,35,2025-06-24 03:28:00,completed,credit_card,290.19
4111,595,23,2025-06-12 09:47:00,pending,debit_card,149.97
4112,419,50,2025-03-19 22:23:00,completed,credit_card,625.89
4113,472,26,2025-09-24 09:29:00,completed,credit_card,895.7
4114,234,41,2025-10-15 08:51:00,completed,debit_card,3118.84
4115,572,38,2025-07-20 16:37:00,completed,boleto,2147.15
4116,454,20,2025-08-22 05:43:00,completed,debit_card,3354.87
4117,700,2,2025-04-16 08:53:00,completed,debit_card,1201.97
4118,570,26,2025-12-30 13:12:00,returned,boleto,1418.05
4119,771,36,2025-06-15 02:57:00,completed,debit_card,2524.74
4120,162,25,2025-04-27 08:47:00,completed,boleto,2031.1
4121,301,30,2025-01-10 12:23:00,completed,boleto,1857.02
4122,306,18,2025-02-10 14:13:00,completed,boleto,2022.96
4123,2,7,2025-12-15 10:18:00,completed,pix,2052.79
4124,271,27,2025-05-10 21:43:00,returned,credit_card,2684.78
4125,421,11,2025-09-19 10:00:00,cancelled,pix,2344.93
4126,143,37,2025-06-15 13:31:00,completed,credit_card,3351.45
4127,700,8,2025-10-07 19:32:00,completed,pix,3318.91
4128,864,11,2025-09-15 08:19:00,pending,boleto,1488.29
4129,853,24,2025-02-06 02:30:00,cancelled,pix,144.31
4130,960,30,2025-08-18 21:45:00,completed,credit_card,58.54
4131,977,30,2025-07-07 01:17:00,completed,pix,448.71
4132,994,15,2025-03-28 14:13:00,cancelled,debit_card,280.64
4133,736,35,2025-05-02 17:35:00,completed,debit_card,1319.31
4134,879,39,2025-08-18 12:35:00,completed,boleto,204.0
4135,692,24,2025-02-17 09:54:00,cancelled,pix,2194.7
4136,535,8,2025-07-04 21:58:00,pending,pix,681.81
4137,867,43,2025-07-12 22:34:00,completed,credit_card,1808.6
4138,37,42,2025-07-03 08:53:00,completed,credit_card,378.71
4139,107,20,2025-09-03 09:43:00,completed,pix,2900.5
4140,297,41,2025-08-26 14:56:00,cancelled,credit_card,2734.26
4141,741,47,2025-08-23 09:30:00,returned,debit_card,1364.98
4142,825,26,2025-04-05 14:25:00,pending,debit_card,3188.86
4143,97,24,2025-04-09 07:13:00,completed,boleto,666.24
4144,281,22,2025-03-10 22:30:00,completed,debit_card,2852.5
4145,110,5,2025-03-03 17:27:00,completed,credit_card,1919.58
4146,549,15,2025-08-27 16:06:00,completed,credit_card,1166.94
4147,552,36,2025-04-09 14:52:00,completed,credit_card,313.58
4148,597,37,2025-07-19 01:09:00,completed,credit_card,616.16
4149,814,29,2025-12-26 09:37:00,completed,pix,3022.76
4150,188,15,2025-10-01 19:23:00,returned,pix,2131.96
4151,752,27,2025-06-17 00:11:00,completed,pix,845.09
4152,870,49,2025-06-29 00:48:00,completed,pix,1745.57
4153,488,8,2025-04-15 14:35:00,completed,debit_card,395.27
4154,354,29,2025-07-14 23:12:00,completed,credit_card,363.97
4155,19,19,2025-11-21 10:50:00,completed,debit_card,3179.02
4156,859,31,2025-06-25 12:53:00,completed,credit_card,1613.34
4157,393,9,2025-07-14 00:05:00,completed,pix,1278.25
4158,837,10,2025-09-28 17:01:00,completed,debit_card,3322.77
4159,261,37,2025-05-29 09:18:00,completed,credit_card,1408.52
4160,985,10,2025-10-20 11:13:00,pending,pix,1190.12
4161,410,33,2025-11-13 10:11:00,completed,boleto,969.99
4162,403,25,2025-05-06 09:40:00,completed,credit_card,1986.42
4163,670,4,2025-12-28 01:11:00,completed,boleto,1963.27
4164,484,5,2025-05-01 01:43:00,completed,credit_card,76.36
4165,304,23,2025-10-30 21:09:00,pending,pix,2296.14
4166,624,39,2025-11-02 22:03:00,completed,debit_card,2763.31
4167,656,5,2025-03-13 11:51:00,completed,credit_card,2163.56
4168,768,8,2025-08-01 07:45:00,cancelled,boleto,3047.21
4169,967,17,2025-02-20 02:58:00,completed,pix,981.93
4170,18,1,2025-05-31 06:23:00,completed,credit_card,688.09
4171,184,50,2025-04-21 23:46:00,completed,boleto,2446.53
4172,405,12,2025-02-18 12:53:00,completed,credit_card,676.19
4173,799,35,2025-08-31 07:43:00,completed,boleto,337.04
4174,897,14,2025-12-23 09:43:00,completed,credit_card,356.22
4175,131,48,2025-07-11 05:05:00,cancelled,debit_card,2694.01
4176,479,18,2025-07-11 05:35:00,completed,debit_card,120.01
4177,793,10,2025-06-28 06:02:00,completed,debit_card,1027.31
4178,757,15,2025-06-15 21:26:00,completed,debit_card,469.57
4179,8,42,2025-10-30 13:51:00,completed,pix,2647.09
4180,705,33,2025-10-15 18:24:00,pending,debit_card,1772.16
4181,318,19,2025-10-23 17:20:00,completed,credit_card,735.11
4182,391,34,2025-04-09 09:47:00,cancelled,pix,2631.43
4183,519,45,2025-10-20 08:41:00,returned,credit_card,2631.28
4184,136,25,2025-01-09 13:36:00,completed,boleto,1840.12
4185,531,16,2025-10-20 02:28:00,pending,debit_card,979.96
4186,913,8,2025-02-27 02:12:00,completed,credit_card,2060.24
4187,651,35,2025-02-01 15:51:00,completed,credit_card,3268.68
4188,367,21,2025-10-25 16:30:00,completed,credit_card,199.69
4189,489,19,2025-07-20 22:52:00,completed,boleto,948.99
4190,689,46,2025-01-11 00:29:00,returned,boleto,1011.69
4191,11,11,2025-02-28 12:54:00,completed,boleto,2218.7
4192,998,44,2025-09-20 07:21:00,completed,credit_card,2286.05
4193,553,11,2025-05-08 20:07:00,completed,boleto,737.98
4194,446,11,2025-08-18 22:00:00,completed,debit_card,772.03
4195,114,22,2025-05-28 04:59:00,completed,boleto,3250.18
4196,692,21,2025-01-26 21:50:00,pending,boleto,2651.92
4197,706,27,2025-05-19 19:39:00,completed,credit_card,3271.26
4198,196,18,2025-10-25 13:12:00,cancelled,credit_card,2907.23
4199,860,42,2025-05-25 02:20:00,cancelled,credit_card,1419.37
4200,737,48,2025-03-11 08:22:00,completed,credit_card,444.24
4201,843,40,2025-07-29 01:13:00,completed,debit_card,2210.84
4202,323,38,2025-08-06 18:12:00,completed,credit_card,1244.93
4203,936,30,2025-09-16 18:46:00,cancelled,pix,1500.43
4204,773,45,2025-10-26 21:43:00,completed,pix,1502.06
4205,512,47,2025-09-13 12:48:00,completed,credit_card,3279.09
4206,628,45,2025-06-04 14:03:00,completed,credit_card,259.64
4207,981,33,2025-01-30 11:18:00,completed,debit_card,692.0
4208,662,21,2025-06-17 16:42:00,completed,pix,2135.64
4209,630,2,2025-12-10 09:16:00,completed,boleto,3095.48
4210,165,13,2025-12-01 03:13:00,completed,debit_card,3214.44
4211,252,2,2025-05-25 00:14:00,completed,boleto,1964.25
4212,779,43,2025-08-23 13:26:00,completed,credit_card,140.27
4213,44,45,2025-12-15 13:55:00,completed,pix,1282.83
4214,470,31,2025-02-26 21:48:00,pending,boleto,3217.54
4215,489,10,2025-06-26 20:17:00,completed,pix,1759.81
4216,181,23,2025-07-19 19:40:00,completed,boleto,2548.61
4217,77,22,2025-01-29 03:24:00,completed,debit_card,956.79
4218,374,47,2025-04-18 05:24:00,completed,credit_card,107.02
4219,628,29,2025-03-18 12:00:00,completed,pix,2032.69
4220,957,33,2025-04-12 23:16:00,completed,debit_card,2925.73
4221,67,31,2025-11-30 22:51:00,cancelled,pix,3466.14
4222,525,14,2025-04-27 06:42:00,completed,boleto,2966.26
4223,92,10,2025-09-25 07:03:00,completed,boleto,1947.9
4224,758,18,2025-07-07 01:48:00,returned,credit_card,2138.37
4225,779,11,2025-03-01 09:01:00,completed,boleto,2888.09
4226,651,39,2025-03-23 13:30:00,completed,credit_card,88.94
4227,853,47,2025-07-13 19:40:00,completed,credit_card,3331.72
4228,244,3,2025-12-08 18:14:00,returned,debit_card,1868.65
4229,341,2,2025-05-20 08:18:00,completed,credit_card,3333.14
4230,903,8,2025-09-22 06:52:00,completed,debit_card,2680.52
4231,785,31,2025-07-12 14:34:00,completed,pix,550.07
4232,304,8,2025-04-28 21:06:00,cancelled,boleto,595.1
4233,398,43,2025-12-27 01:07:00,completed,boleto,1250.69
4234,703,48,2025-03-11 11:05:00,completed,boleto,938.68
4235,448,2,2025-10-13 09:09:00,completed,credit_card,1548.76
4236,97,22,2025-04-15 23:12:00,completed,debit_card,2121.59
4237,331,5,2025-12-11 00:56:00,completed,debit_card,1539.3
4238,205,7,2025-05-09 02:44:00,pending,debit_card,216.34
4239,449,20,2025-05-12 23:23:00,completed,credit_card,3415.2
4240,418,28,2025-02-15 11:20:00,completed,boleto,1499.43
4241,649,13,2025-08-07 19:44:00,completed,boleto,2981.74
4242,77,2,2025-06-12 22:22:00,completed,debit_card,277.36
4243,896,32,2025-10-29 15:28:00,completed,credit_card,2839.03
4244,549,26,2025-10-19 23:46:00,returned,boleto,623.45
4245,798,3,2025-03-24 14:02:00,completed,credit_card,2384.33
4246,425,41,2025-12-25 17:36:00,completed,pix,2323.09
4247,429,42,2025-11-02 07:08:00,completed,pix,3186.13
4248,485,13,2025-08-01 12:20:00,completed,credit_card,1135.95
4249,815,21,2025-02-28 15:13:00,completed,pix,399.18
4250,135,45,2025-02-21 04:24:00,completed,boleto,3028.69
4251,654,37,2025-06-15 12:46:00,completed,debit_card,1173.89
4252,254,23,2025-08-14 00:58:00,completed,credit_card,829.22
4253,560,7,2025-02-14 08:48:00,completed,pix,1712.01
4254,255,17,2025-05-29 07:56:00,completed,debit_card,528.55
4255,646,28,2025-02-17 13:55:00,pending,boleto,1053.43
4256,802,47,2025-10-17 09:40:00,completed,boleto,1360.78
4257,720,30,2025-07-06 22:49:00,cancelled,credit_card,984.85
4258,499,5,2025-04-25 04:37:00,completed,debit_card,1586.9
4259,613,24,2025-05-12 04:49:00,completed,boleto,1358.58
4260,484,7,2025-04-05 22:14:00,returned,credit_card,2715.58
4261,46,34,2025-06-17 17:40:00,completed,pix,3216.06
4262,443,50,2025-06-21 03:56:00,completed,debit_card,371.21
4263,582,42,2025-09-11 03:34:00,completed,boleto,2885.09
4264,648,33,2025-09-07 07:20:00,pending,pix,3262.56
4265,792,27,2025-10-23 18:30:00,completed,debit_card,2409.41
4266,579,14,2025-01-16 23:15:00,completed,debit_card,3487.54
4267,4,19,2025-11-03 08:48:00,completed,debit_card,1185.95
4268,736,48,2025-02-19 03:59:00,pending,boleto,2909.48
4269,1,38,2025-12-13 20:31:00,completed,debit_card,2364.48
4270,290,12,2025-01-26 21:16:00,completed,pix,1145.53
4271,109,3,2025-05-17 21:27:00,completed,boleto,2472.27
4272,777,7,2025-08-08 23:19:00,pending,debit_card,1793.48
4273,575,35,2025-12-07 04:18:00,completed,pix,677.63
4274,460,25,2025-12-16 11:36:00,completed,boleto,625.1
4275,266,49,2025-01-08 07:14:00,cancelled,debit_card,2502.63
4276,138,15,2025-02-02 22:56:00,completed,credit_card,2497.52
4277,434,19,2025-01-06 00:33:00,completed,credit_card,1867.09
4278,44,19,2025-07-02 19:26:00,returned,debit_card,1764.93
4279,886,23,2025-02-15 22:13:00,cancelled,credit_card,646.53
4280,510,11,2025-11-29 05:29:00,completed,boleto,1513.92
4281,944,21,2025-10-05 09:52:00,completed,debit_card,3052.46
4282,983,34,2025-03-17 11:24:00,completed,pix,2994.45
4283,262,39,2025-08-16 01:04:00,returned,credit_card,2320.0
4284,728,7,2025-12-29 13:56:00,returned,debit_card,3490.8
4285,633,42,2025-05-26 07:52:00,completed,boleto,3128.26
4286,152,44,2025-10-30 11:43:00,completed,debit_card,525.4
4287,213,27,2025-06-03 11:14:00,cancelled,pix,1408.99
4288,234,50,2025-03-30 14:42:00,completed,pix,479.14
4289,863,23,2025-10-22 01:51:00,completed,debit_card,1641.99
4290,623,38,2025-07-29 09:17:00,completed,debit_card,2721.81
4291,954,20,2025-07-31 22:03:00,completed,debit_card,562.14
4292,361,27,2025-05-15 12:11:00,cancelled,debit_card,3083.87
4293,320,8,2025-07-13 04:27:00,cancelled,boleto,2000.32
4294,222,37,2025-11-01 16:28:00,completed,debit_card,2626.33
4295,952,3,2025-06-11 08:42:00,completed,boleto,177.14
4296,738,2,2025-05-17 19:28:00,completed,debit_card,346.56
4297,210,22,2025-07-15 09:43:00,pending,boleto,2180.6
4298,396,6,2025-04-09 06:08:00,completed,pix,2936.91
4299,931,39,2025-07-03 08:19:00,completed,credit_card,3061.05
4300,583,40,2025-12-22 20:47:00,completed,debit_card,2415.53
4301,489,36,2025-12-10 22:48:00,completed,debit_card,719.27
4302,872,44,2025-10-05 01:28:00,completed,pix,698.68
4303,601,24,2025-11-30 07:29:00,returned,credit_card,3087.14
4304,774,12,2025-05-26 04:57:00,completed,pix,414.06
4305,961,17,2025-10-02 00:09:00,completed,pix,2407.53
4306,878,22,2025-05-20 12:39:00,completed,debit_card,1876.6
4307,464,19,2025-01-08 11:54:00,completed,debit_card,1486.54
4308,700,9,2025-05-19 13:42:00,completed,pix,1552.36
4309,624,12,2025-08-23 18:34:00,completed,debit_card,3309.32
4310,452,32,2025-01-29 23:08:00,cancelled,debit_card,3017.82
4311,413,31,2025-05-02 03:49:00,completed,debit_card,3030.14
4312,934,17,2025-09-05 05:12:00,completed,credit_card,1435.03
4313,751,23,2025-10-11 18:54:00,completed,credit_card,392.29
4314,476,10,2025-04-24 13:43:00,pending,debit_card,3492.48
4315,256,30,2025-09-16 00:37:00,completed,pix,525.79
4316,150,19,2025-12-14 04:44:00,pending,credit_card,1814.23
4317,127,26,2025-02-07 15:33:00,completed,pix,940.87
4318,392,26,2025-06-15 18:17:00,completed,boleto,1797.39
4319,831,11,2025-08-30 04:48:00,completed,boleto,1081.17
4320,480,20,2025-01-04 18:35:00,returned,debit_card,3141.17
4321,993,45,2025-04-07 22:05:00,completed,pix,3389.83
4322,397,4,2025-05-22 04:19:00,completed,pix,1447.02
4323,923,47,2025-07-16 04:53:00,completed,boleto,264.26
4324,402,12,2025-01-22 20:58:00,completed,credit_card,2328.41
4325,274,25,2025-07-13 19:18:00,completed,pix,1330.66
4326,845,10,2025-01-30 17:02:00,completed,pix,3451.17
4327,982,22,2025-11-07 20:28:00,completed,credit_card,331.02
4328,958,7,2025-02-12 01:21:00,completed,debit_card,434.56
4329,910,24,2025-11-23 16:40:00,completed,boleto,2453.99
4330,139,2,2025-11-19 14:15:00,completed,pix,2660.1
4331,103,32,2025-12-08 19:52:00,completed,debit_card,1659.42
4332,242,21,2025-07-28 13:18:00,completed,debit_card,984.88
4333,117,7,2025-02-09 06:52:00,completed,debit_card,1098.14
4334,214,8,2025-10-09 10:17:00,completed,credit_card,1196.15
4335,484,38,2025-10-17 04:43:00,completed,debit_card,803.98
4336,529,21,2025-01-26 01:09:00,completed,pix,2980.24
4337,691,8,2025-09-27 09:02:00,completed,debit_card,246.47
4338,224,25,2025-03-04 23:55:00,completed,debit_card,1437.33
4339,270,28,2025-02-19 03:53:00,completed,debit_card,2621.66
4340,825,28,2025-11-02 08:37:00,completed,boleto,33.31
4341,861,31,2025-10-07 20:33:00,completed,pix,3075.55
4342,134,36,2025-04-09 20:01:00,completed,boleto,2477.9
4343,114,25,2025-01-15 20:30:00,completed,boleto,275.34
4344,441,41,2025-01-15 03:29:00,completed,debit_card,3134.59
4345,644,37,2025-04-10 23:13:00,pending,debit_card,1715.82
4346,651,38,2025-07-08 16:51:00,completed,debit_card,2289.79
4347,365,12,2025-06-06 03:52:00,returned,credit_card,3089.48
4348,232,37,2025-11-21 16:23:00,completed,pix,3086.44
4349,458,37,2025-12-01 02:47:00,pending,credit_card,1442.43
4350,375,31,2025-12-01 06:43:00,completed,pix,847.16
4351,604,18,2025-12-21 17:10:00,cancelled,debit_card,915.83
4352,779,26,2025-02-02 15:33:00,completed,pix,2685.48
4353,611,6,2025-04-12 23:06:00,completed,pix,3254.42
4354,207,9,2025-02-24 05:53:00,completed,boleto,271.36
4355,520,11,2025-12-07 04:07:00,returned,pix,72.27
4356,468,31,2025-01-25 12:02:00,returned,pix,2883.81
4357,882,46,2025-04-27 12:49:00,completed,boleto,1365.38
4358,443,2,2025-12-21 23:48:00,completed,credit_card,982.04
4359,917,29,2025-12-07 17:23:00,completed,pix,675.54
4360,321,46,2025-07-18 19:08:00,completed,credit_card,1225.75
4361,93,42,2025-10-02 14:12:00,completed,credit_card,3400.71
4362,408,5,2025-09-30 13:55:00,returned,debit_card,3420.24
4363,158,23,2025-03-09 02:51:00,completed,pix,1173.67
4364,872,36,2025-06-21 05:09:00,completed,boleto,3373.64
4365,99,7,2025-03-01 07:15:00,completed,boleto,1063.52
4366,225,13,2025-09-30 14:53:00,completed,debit_card,2993.59
4367,852,42,2025-09-12 01:17:00,completed,boleto,757.77
4368,441,10,2025-03-01 05:23:00,completed,pix,2896.18
4369,720,36,2025-01-31 21:24:00,completed,credit_card,1250.98
4370,585,16,2025-03-04 14:15:00,completed,credit_card,701.12
4371,991,15,2025-07-26 21:15:00,completed,boleto,3273.03
4372,401,43,2025-12-18 04:14:00,completed,boleto,765.36
4373,571,19,2025-05-12 01:26:00,cancelled,boleto,3471.59
4374,799,21,2025-11-02 09:16:00,completed,credit_card,397.84
4375,64,35,2025-05-29 18:23:00,pending,pix,54.87
4376,768,15,2025-03-23 12:39:00,completed,pix,3050.36
4377,560,48,2025-12-25 01:29:00,completed,pix,2061.38
4378,279,14,2025-05-06 10:45:00,completed,pix,1487.26
4379,710,29,2025-03-31 19:44:00,completed,pix,305.23
4380,670,5,2025-04-10 04:32:00,cancelled,debit_card,2020.63
4381,823,49,2025-07-19 22:26:00,completed,boleto,1390.17
4382,519,18,2025-05-07 10:18:00,completed,pix,1703.0
4383,248,1,2025-04-29 20:52:00,completed,debit_card,2213.76
4384,368,27,2025-04-05 10:56:00,completed,pix,2246.97
4385,744,27,2025-02-03 21:45:00,completed,boleto,3362.89
4386,618,25,2025-01-10 15:17:00,completed,pix,2299.59
4387,971,41,2025-10-21 21:26:00,completed,pix,1201.13
4388,98,21,2025-03-31 15:05:00,completed,pix,1167.12
4389,268,14,2025-09-09 05:16:00,completed,boleto,1680.52
4390,60,20,2025-03-23 17:14:00,completed,credit_card,922.46
4391,500,28,2025-03-21 21:54:00,completed,boleto,1330.01
4392,308,21,2025-12-26 04:57:00,completed,credit_card,2950.55
4393,493,23,2025-10-03 07:54:00,completed,debit_card,3011.97
4394,411,11,2025-06-24 22:01:00,completed,debit_card,2204.72
4395,140,2,2025-01-22 23:09:00,completed,pix,2048.29
4396,909,20,2025-04-17 23:10:00,returned,pix,1506.31
4397,328,24,2025-10-28 11:21:00,completed,pix,2232.93
4398,464,25,2025-11-23 05:51:00,completed,boleto,2825.07
4399,702,37,2025-12-05 18:49:00,cancelled,pix,2587.71
4400,637,22,2025-10-16 17:29:00,completed,credit_card,143.4
4401,925,24,2025-07-02 01:59:00,completed,debit_card,2564.33
4402,163,15,2025-03-03 14:17:00,completed,debit_card,2525.42
4403,60,12,2025-03-12 11:45:00,pending,debit_card,364.49
4404,925,46,2025-08-27 02:24:00,pending,credit_card,542.86
4405,31,31,2025-04-19 14:30:00,completed,pix,2761.92
4406,333,43,2025-01-24 10:14:00,completed,credit_card,1965.28
4407,76,31,2025-05-29 02:59:00,completed,credit_card,2879.27
4408,755,30,2025-04-10 02:48:00,completed,boleto,662.91
4409,317,41,2025-12-17 10:09:00,completed,boleto,126.54
4410,770,20,2025-10-03 14:08:00,completed,debit_card,583.56
4411,417,8,2025-08-13 22:43:00,completed,credit_card,1594.94
4412,968,44,2025-09-24 04:51:00,cancelled,debit_card,1841.06
4413,190,30,2025-03-22 23:23:00,completed,credit_card,3004.8
4414,489,35,2025-02-04 05:37:00,completed,debit_card,2512.38
4415,889,21,2025-02-11 17:47:00,cancelled,debit_card,3466.56
4416,315,47,2025-08-28 12:57:00,cancelled,pix,293.94
4417,296,40,2025-10-12 15:38:00,completed,debit_card,473.17
4418,501,28,2025-07-23 03:52:00,completed,boleto,313.56
4419,177,39,2025-04-12 17:19:00,completed,credit_card,1893.83
4420,800,17,2025-04-22 09:01:00,pending,debit_card,948.68
4421,806,12,2025-03-06 17:10:00,completed,credit_card,2399.04
4422,860,50,2025-10-14 04:31:00,completed,debit_card,481.76
4423,719,18,2025-06-01 09:04:00,completed,boleto,379.11
4424,215,47,2025-12-31 08:18:00,completed,pix,1621.38
4425,856,28,2025-09-19 08:36:00,pending,pix,1328.13
4426,653,3,2025-01-03 05:16:00,completed,credit_card,2905.49
4427,597,15,2025-12-14 23:12:00,completed,debit_card,2934.69
4428,694,16,2025-12-22 16:31:00,completed,boleto,428.65
4429,332,22,2025-06-06 22:49:00,completed,credit_card,2846.88
4430,128,49,2025-10-30 04:12:00,completed,pix,1983.29
4431,269,31,2025-12-18 18:08:00,pending,credit_card,1772.38
4432,551,31,2025-10-20 16:01:00,returned,credit_card,349.78
4433,535,1,2025-03-22 14:34:00,completed,debit_card,2593.92
4434,754,11,2025-11-11 15:52:00,completed,boleto,227.53
4435,366,6,2025-12-07 13:11:00,returned,pix,986.37
4436,619,23,2025-10-13 14:27:00,completed,pix,352.1
4437,348,9,2025-06-26 01:16:00,returned,boleto,1867.07
4438,142,16,2025-11-11 20:12:00,completed,debit_card,2265.4
4439,145,38,2025-09-19 16:26:00,completed,boleto,3120.18
4440,792,44,2025-02-09 16:55:00,completed,boleto,2573.87
4441,245,19,2025-03-12 12:31:00,cancelled,debit_card,3364.64
4442,442,45,2025-09-30 18:01:00,cancelled,debit_card,2668.11
4443,703,13,2025-12-21 12:11:00,completed,pix,1057.29
4444,290,32,2025-03-23 18:32:00,completed,pix,1925.6
4445,691,36,2025-06-26 02:04:00,completed,debit_card,1613.63
4446,112,9,2025-07-23 15:37:00,completed,credit_card,1989.57
4447,214,46,2025-05-30 14:32:00,completed,pix,2010.87
4448,650,46,2025-10-27 03:39:00,completed,debit_card,2463.31
4449,886,49,2025-04-25 22:06:00,completed,debit_card,308.99
4450,200,37,2025-08-20 16:36:00,completed,credit_card,2618.67
4451,405,31,2025-05-27 04:56:00,completed,boleto,520.23
4452,421,31,2025-02-23 06:13:00,completed,debit_card,111.2
4453,7,19,2025-01-25 09:35:00,completed,credit_card,1825.79
4454,858,2,2025-11-20 05:28:00,cancelled,credit_card,2043.54
4455,525,45,2025-04-05 15:02:00,completed,pix,141.28
4456,592,32,2025-01-04 00:11:00,completed,debit_card,1813.49
4457,286,43,2025-12-26 07:20:00,completed,pix,1880.3
4458,671,34,2025-05-08 06:18:00,cancelled,boleto,202.68
4459,389,1,2025-07-21 20:53:00,completed,boleto,2496.32
4460,416,21,2025-05-28 19:34:00,completed,pix,751.81
4461,784,3,2025-12-17 14:00:00,returned,pix,2784.72
4462,713,27,2025-05-09 03:44:00,completed,debit_card,1101.66
4463,150,44,2025-09-01 01:22:00,completed,debit_card,1683.07
4464,960,7,2025-02-28 19:07:00,completed,debit_card,3123.64
4465,428,33,2025-01-04 05:57:00,cancelled,boleto,2825.5
4466,808,9,2025-05-23 01:40:00,completed,pix,2740.89
4467,293,30,2025-04-01 12:14:00,completed,credit_card,578.31
4468,334,18,2025-11-26 05:21:00,completed,pix,187.54
4469,272,26,2025-12-11 07:04:00,completed,credit_card,2128.04
4470,43,20,2025-09-10 11:41:00,returned,debit_card,1449.21
4471,468,38,2025-10-13 23:31:00,completed,debit_card,3183.59
4472,319,41,2025-11-30 19:15:00,completed,pix,1236.58
4473,492,31,2025-05-22 21:35:00,returned,credit_card,1448.71
4474,527,8,2025-11-20 23:16:00,completed,boleto,1850.48
4475,760,23,2025-05-15 21:23:00,completed,debit_card,2791.47
4476,172,50,2025-12-22 20:45:00,completed,debit_card,953.68
4477,730,25,2025-06-28 15:11:00,completed,pix,3297.54
4478,649,47,2025-05-21 11:08:00,completed,pix,1898.93
4479,321,1,2025-03-08 00:17:00,completed,boleto,2946.6
4480,739,46,2025-01-27 16:09:00,completed,pix,1849.15
4481,44,18,2025-06-21 10:49:00,completed,boleto,2706.54
4482,532,19,2025-10-25 00:06:00,completed,credit_card,198.94
4483,631,42,2025-04-14 18:57:00,completed,boleto,2801.26
4484,454,6,2025-10-17 05:52:00,completed,credit_card,1843.38
4485,746,17,2025-08-13 21:40:00,completed,debit_card,1583.97
4486,970,46,2025-01-19 07:42:00,completed,pix,408.4
4487,880,45,2025-02-23 05:55:00,returned,debit_card,2600.64
4488,891,8,2025-02-26 09:58:00,returned,boleto,476.45
4489,929,42,2025-06-06 19:45:00,completed,boleto,689.27
4490,848,9,2025-07-10 15:41:00,returned,boleto,459.95
4491,868,37,2025-08-11 05:52:00,returned,credit_card,42.88
4492,774,27,2025-01-25 10:09:00,completed,debit_card,2323.46
4493,83,36,2025-04-21 16:53:00,completed,debit_card,962.54
4494,543,6,2025-05-04 01:36:00,returned,boleto,540.16
4495,322,6,2025-11-12 23:08:00,completed,pix,1133.5
4496,786,45,2025-02-25 02:40:00,completed,debit_card,1756.81
4497,234,4,2025-11-01 18:23:00,completed,pix,1771.88
4498,540,22,2025-03-27 21:02:00,completed,debit_card,1297.84
4499,252,40,2025-03-10 15:23:00,completed,boleto,1742.36
4500,836,27,2025-10-27 17:19:00,completed,boleto,1507.15
4501,765,37,2025-11-26 16:48:00,completed,debit_card,2882.88
4502,449,2,2025-06-06 08:01:00,completed,credit_card,123.06
4503,239,9,2025-02-08 14:52:00,cancelled,credit_card,3040.74
4504,490,11,2025-07-27 03:43:00,completed,debit_card,868.83
4505,882,20,2025-05-26 10:17:00,completed,boleto,2531.8
4506,464,43,2025-05-27 20:23:00,completed,debit_card,1429.54
4507,941,39,2025-07-06 12:42:00,completed,pix,1044.28
4508,314,14,2025-07-26 17:08:00,returned,boleto,2161.41
4509,175,26,2025-07-30 03:41:00,completed,credit_card,2695.72
4510,706,38,2025-07-24 10:06:00,completed,credit_card,1585.78
4511,180,30,2025-03-07 09:14:00,completed,debit_card,1643.61
4512,932,36,2025-10-13 02:48:00,completed,pix,224.82
4513,385,38,2025-03-06 21:56:00,completed,boleto,3235.51
4514,295,35,2025-03-21 13:20:00,completed,credit_card,2967.2
4515,215,6,2025-07-29 07:31:00,completed,debit_card,1405.01
4516,986,3,2025-07-23 13:28:00,completed,debit_card,2682.03
4517,715,1,2025-10-30 04:37:00,cancelled,boleto,1110.21
4518,762,18,2025-05-22 15:50:00,completed,debit_card,2561.87
4519,874,23,2025-11-06 15:39:00,completed,debit_card,1818.09
4520,769,32,2025-06-28 19:21:00,pending,debit_card,1623.47
4521,75,29,2025-01-01 13:21:00,cancelled,credit_card,216.7
4522,344,23,2025-07-27 00:33:00,completed,credit_card,3379.67
4523,714,36,2025-11-27 04:45:00,returned,pix,2934.18
4524,142,6,2025-03-05 15:59:00,completed,boleto,2780.99
4525,718,17,2025-07-21 17:47:00,completed,boleto,1081.11
4526,199,18,2025-04-23 08:32:00,completed,boleto,1027.77
4527,919,31,2025-06-02 05:08:00,completed,boleto,2014.71
4528,171,6,2025-07-12 08:39:00,completed,debit_card,2964.86
4529,406,34,2025-10-26 04:25:00,completed,boleto,3272.51
4530,828,44,2025-07-01 17:17:00,completed,pix,955.87
4531,228,44,2025-05-04 05:56:00,cancelled,boleto,2133.8
4532,411,27,2025-04-15 14:41:00,completed,boleto,2539.18
4533,952,36,2025-04-19 21:30:00,completed,debit_card,807.84
4534,898,48,2025-03-04 18:50:00,completed,debit_card,1437.99
4535,935,42,2025-01-14 16:51:00,completed,debit_card,672.41
4536,691,25,2025-05-09 14:09:00,pending,pix,2452.19
4537,878,10,2025-07-04 01:13:00,completed,debit_card,3025.97
4538,787,39,2025-05-24 13:49:00,completed,boleto,3073.82
4539,62,46,2025-03-01 03:52:00,completed,pix,2351.91
4540,327,39,2025-03-02 12:34:00,completed,credit_card,1228.09
4541,716,12,2025-05-25 19:42:00,completed,debit_card,2320.42
4542,963,11,2025-03-17 01:13:00,completed,pix,3027.65
4543,959,49,2025-06-02 16:54:00,completed,credit_card,2197.98
4544,879,43,2025-12-27 13:55:00,cancelled,debit_card,1456.86
4545,133,3,2025-10-20 01:07:00,completed,credit_card,3220.91
4546,584,22,2025-04-11 16:46:00,returned,debit_card,2926.55
4547,590,4,2025-10-08 01:51:00,completed,pix,3090.87
4548,189,8,2025-12-03 14:30:00,completed,debit_card,3163.11
4549,356,14,2025-05-02 05:48:00,completed,debit_card,1390.47
4550,71,20,2025-12-07 10:24:00,completed,pix,3011.54
4551,263,24,2025-07-26 02:13:00,pending,pix,2004.82
4552,306,14,2025-11-02 15:26:00,cancelled,boleto,152.79
4553,558,28,2025-12-01 13:16:00,completed,boleto,2232.71
4554,224,16,2025-03-28 15:06:00,completed,pix,1657.75
4555,328,32,2025-05-11 10:05:00,returned,debit_card,977.54
4556,762,47,2025-10-27 11:11:00,completed,credit_card,3396.93
4557,588,12,2025-08-19 19:03:00,cancelled,pix,211.65
4558,74,16,2025-07-28 21:41:00,returned,credit_card,3311.65
4559,511,19,2025-03-24 00:24:00,completed,boleto,574.25
4560,142,5,2025-01-09 21:38:00,pending,boleto,1331.92
4561,585,12,2025-12-01 07:58:00,completed,pix,1471.98
4562,102,29,2025-08-14 19:05:00,completed,pix,2563.95
4563,606,5,2025-04-18 16:09:00,completed,debit_card,770.32
4564,581,42,2025-05-26 19:26:00,completed,boleto,3451.63
4565,65,17,2025-02-20 03:24:00,completed,boleto,2626.56
4566,193,47,2025-02-01 19:04:00,cancelled,pix,2769.04
4567,953,8,2025-01-07 21:21:00,completed,credit_card,390.37
4568,62,40,2025-06-27 11:24:00,completed,debit_card,1677.57
4569,532,40,2025-02-21 16:08:00,completed,pix,3310.72
4570,241,30,2025-01-04 10:02:00,completed,credit_card,959.83
4571,715,10,2025-11-18 15:04:00,completed,debit_card,525.94
4572,410,20,2025-02-06 08:15:00,completed,credit_card,1709.17
4573,300,45,2025-04-15 11:33:00,completed,debit_card,3257.77
4574,195,16,2025-08-09 16:57:00,completed,debit_card,1714.03
4575,454,41,2025-01-16 22:28:00,cancelled,debit_card,1428.82
4576,574,16,2025-02-11 00:32:00,completed,boleto,2282.95
4577,619,42,2025-08-17 23:04:00,completed,pix,3280.36
4578,637,3,2025-02-16 07:31:00,returned,boleto,190.72
4579,301,23,2025-08-29 10:49:00,cancelled,boleto,553.82
4580,779,22,2025-01-05 22:06:00,completed,debit_card,481.98
4581,456,28,2025-09-28 19:22:00,completed,pix,316.96
4582,989,46,2025-09-10 19:49:00,pending,pix,1071.33
4583,202,45,2025-08-19 16:11:00,completed,pix,818.0
4584,674,36,2025-07-13 02:20:00,pending,pix,1929.45
4585,856,4,2025-08-08 22:09:00,completed,debit_card,1158.97
4586,302,38,2025-03-09 00:14:00,completed,pix,1430.12
4587,624,24,2025-03-22 13:01:00,completed,credit_card,3297.69
4588,337,19,2025-04-26 11:45:00,completed,credit_card,561.68
4589,32,11,2025-01-12 07:44:00,completed,boleto,1371.83
4590,971,40,2025-07-09 21:18:00,completed,debit_card,914.64
4591,98,46,2025-07-20 09:29:00,completed,boleto,1931.1
4592,984,40,2025-03-18 22:17:00,returned,boleto,2582.45
4593,759,46,2025-10-07 14:41:00,completed,pix,2863.12
4594,773,39,2025-11-21 06:42:00,completed,credit_card,1813.23
4595,191,18,2025-06-26 12:14:00,pending,credit_card,2995.11
4596,541,12,2025-06-26 07:30:00,completed,pix,2752.06
4597,48,14,2025-10-29 12:14:00,completed,pix,566.37
4598,250,47,2025-06-29 19:01:00,completed,debit_card,874.09
4599,226,18,2025-03-08 10:56:00,completed,credit_card,2357.59
4600,272,44,2025-02-16 19:41:00,completed,boleto,3412.28
4601,665,42,2025-06-14 04:36:00,cancelled,boleto,1328.93
4602,485,12,2025-11-26 22:03:00,completed,debit_card,819.73
4603,328,40,2025-07-30 05:56:00,completed,credit_card,3044.57
4604,797,27,2025-12-01 04:47:00,completed,pix,714.65
4605,180,6,2025-01-07 14:11:00,completed,boleto,2446.98
4606,814,24,2025-03-23 06:26:00,pending,credit_card,139.19
4607,665,33,2025-02-21 22:44:00,completed,credit_card,86.05
4608,746,45,2025-12-22 07:42:00,completed,credit_card,1591.45
4609,23,16,2025-12-05 10:15:00,completed,pix,2304.76
4610,930,50,2025-08-31 12:30:00,completed,boleto,515.67
4611,963,12,2025-09-10 09:15:00,completed,pix,2678.31
4612,606,31,2025-06-18 05:03:00,completed,credit_card,468.0
4613,370,37,2025-05-28 19:06:00,completed,credit_card,1877.3
4614,245,13,2025-08-01 01:24:00,cancelled,boleto,1092.88
4615,802,8,2025-08-10 00:35:00,completed,boleto,2637.84
4616,160,38,2025-12-01 16:10:00,completed,pix,2818.33
4617,373,3,2025-01-21 01:16:00,completed,pix,250.0
4618,285,20,2025-06-09 03:52:00,completed,pix,690.26
4619,521,4,2025-08-05 05:32:00,completed,credit_card,3126.4
4620,450,44,2025-06-26 22:07:00,pending,boleto,1466.33
4621,697,45,2025-06-25 05:13:00,completed,debit_card,1679.04
4622,807,2,2025-01-20 15:01:00,completed,boleto,604.72
4623,647,36,2025-03-16 00:41:00,returned,boleto,3482.23
4624,622,23,2025-02-12 13:00:00,completed,boleto,3232.21
4625,581,45,2025-12-12 23:34:00,completed,debit_card,27.05
4626,136,19,2025-11-26 13:47:00,completed,pix,1936.56
4627,96,40,2025-10-03 09:22:00,completed,debit_card,3055.49
4628,119,8,2025-12-06 16:50:00,completed,boleto,1518.26
4629,374,16,2025-08-07 08:44:00,completed,boleto,1540.11
4630,274,43,2025-04-09 21:32:00,completed,credit_card,1340.13
4631,870,18,2025-12-26 10:01:00,completed,boleto,120.32
4632,878,36,2025-11-22 05:49:00,pending,debit_card,2770.19
4633,850,24,2025-09-14 02:21:00,completed,debit_card,1609.61
4634,177,1,2025-08-08 23:43:00,completed,debit_card,1868.11
4635,873,1,2025-09-24 17:23:00,completed,pix,909.78
4636,749,46,2025-09-11 12:48:00,completed,credit_card,2748.73
4637,784,36,2025-11-29 00:16:00,completed,pix,2782.24
4638,277,11,2025-03-26 17:33:00,completed,debit_card,1944.16
4639,138,18,2025-05-07 04:13:00,completed,pix,3168.11
4640,874,16,2025-11-01 18:55:00,completed,credit_card,423.28
4641,132,17,2025-04-30 22:07:00,pending,credit_card,2757.46
4642,44,24,2025-05-05 01:05:00,completed,credit_card,1963.87
4643,123,34,2025-03-17 21:04:00,returned,credit_card,823.93
4644,136,4,2025-09-25 04:35:00,pending,debit_card,480.42
4645,367,35,2025-02-19 01:38:00,completed,boleto,1067.5
4646,373,15,2025-07-05 18:51:00,completed,debit_card,2999.98
4647,126,2,2025-09-28 15:15:00,completed,debit_card,2760.92
4648,439,31,2025-07-29 19:38:00,completed,debit_card,2265.06
4649,787,9,2025-06-12 20:04:00,completed,debit_card,334.34
4650,576,10,2025-09-21 05:36:00,completed,pix,3342.81
4651,808,25,2025-10-24 11:41:00,completed,credit_card,1082.93
4652,744,5,2025-09-26 07:14:00,completed,boleto,2132.36
4653,51,14,2025-07-02 22:56:00,returned,boleto,2814.79
4654,137,42,2025-09-27 11:06:00,completed,boleto,482.34
4655,158,48,2025-03-02 19:26:00,completed,debit_card,2289.64
4656,56,38,2025-07-16 20:33:00,completed,credit_card,132.39
4657,593,40,2025-06-13 00:30:00,cancelled,credit_card,374.23
4658,744,2,2025-03-17 03:57:00,completed,boleto,2536.54
4659,428,18,2025-12-28 01:04:00,pending,boleto,559.69
4660,443,29,2025-09-19 13:00:00,pending,debit_card,1563.4
4661,911,20,2025-07-26 19:09:00,cancelled,boleto,884.2
4662,964,8,2025-03-02 18:22:00,completed,debit_card,1485.88
4663,326,37,2025-12-04 21:58:00,completed,boleto,288.73
4664,640,49,2025-08-31 16:14:00,completed,credit_card,2647.05
4665,638,48,2025-05-29 13:33:00,completed,credit_card,295.06
4666,829,26,2025-02-06 22:15:00,completed,credit_card,2935.94
4667,80,37,2025-04-14 01:15:00,completed,pix,2325.88
4668,474,49,2025-02-05 06:02:00,completed,boleto,1469.72
4669,377,4,2025-10-25 00:29:00,completed,pix,3035.37
4670,869,33,2025-05-12 12:40:00,completed,credit_card,667.74
4671,919,22,2025-06-27 10:59:00,completed,boleto,940.68
4672,333,6,2025-01-09 11:33:00,pending,pix,497.19
4673,175,33,2025-04-21 06:25:00,completed,credit_card,1347.86
4674,657,28,2025-01-23 15:03:00,completed,credit_card,3453.83
4675,441,24,2025-02-25 12:24:00,completed,boleto,580.38
4676,126,4,2025-01-16 12:49:00,returned,boleto,2911.8
4677,694,2,2025-01-14 13:10:00,cancelled,debit_card,2288.54
4678,219,13,2025-01-09 10:00:00,completed,boleto,75.03
4679,948,46,2025-09-29 19:33:00,completed,credit_card,3308.22
4680,278,49,2025-07-05 17:19:00,completed,debit_card,3399.4
4681,485,11,2025-03-28 03:14:00,completed,debit_card,3238.65
4682,595,35,2025-05-03 03:25:00,pending,boleto,1766.05
4683,935,39,2025-05-04 05:23:00,completed,credit_card,786.91
4684,995,10,2025-05-14 05:28:00,completed,pix,1381.6
4685,141,43,2025-06-26 14:09:00,completed,credit_card,2157.39
4686,846,10,2025-04-28 16:06:00,pending,credit_card,1338.35
4687,607,8,2025-02-13 14:24:00,completed,boleto,2484.44
4688,877,5,2025-01-15 18:34:00,cancelled,pix,2788.6
4689,706,23,2025-05-31 20:20:00,completed,debit_card,748.69
4690,110,34,2025-09-09 18:58:00,completed,pix,1429.2
4691,52,47,2025-06-19 06:48:00,completed,boleto,3352.95
4692,615,32,2025-10-31 04:12:00,completed,credit_card,889.33
4693,613,16,2025-11-16 14:58:00,cancelled,credit_card,1225.64
4694,654,4,2025-04-10 14:35:00,pending,pix,144.1
4695,713,28,2025-11-29 04:45:00,completed,pix,1176.63
4696,970,48,2025-12-17 02:16:00,completed,boleto,1310.84
4697,319,44,2025-02-18 09:12:00,completed,pix,367.43
4698,199,14,2025-12-10 04:49:00,completed,boleto,25.02
4699,796,12,2025-12-04 06:14:00,completed,debit_card,2022.41
4700,729,21,2025-07-03 23:54:00,completed,pix,1069.31
4701,46,48,2025-05-25 15:11:00,cancelled,credit_card,82.03
4702,505,16,2025-07-09 19:06:00,completed,pix,3012.61
4703,540,44,2025-10-06 01:55:00,completed,credit_card,2053.75
4704,514,2,2025-03-24 04:51:00,cancelled,debit_card,615.67
4705,895,23,2025-12-23 09:34:00,completed,debit_card,3031.06
4706,17,29,2025-11-23 10:26:00,completed,pix,902.48
4707,315,46,2025-02-15 23:08:00,completed,boleto,811.51
4708,436,43,2025-05-10 04:23:00,completed,credit_card,3133.33
4709,388,9,2025-03-31 12:58:00,cancelled,debit_card,644.51
4710,77,7,2025-04-12 21:31:00,pending,pix,3078.87
4711,978,29,2025-11-20 22:01:00,completed,debit_card,2814.35
4712,899,44,2025-09-11 06:11:00,completed,pix,1098.03
4713,371,17,2025-10-20 06:00:00,completed,credit_card,139.7
4714,165,9,2025-12-03 14:36:00,completed,pix,307.35
4715,609,6,2025-08-11 03:29:00,cancelled,credit_card,401.16
4716,617,44,2025-12-23 23:11:00,returned,debit_card,3119.98
4717,24,20,2025-10-09 18:12:00,completed,credit_card,1426.05
4718,712,10,2025-05-31 15:15:00,pending,credit_card,133.2
4719,35,9,2025-04-19 06:35:00,completed,boleto,1956.79
4720,514,12,2025-04-06 03:04:00,completed,debit_card,743.81
4721,801,33,2025-06-01 16:31:00,completed,credit_card,838.24
4722,844,32,2025-04-03 05:17:00,pending,boleto,579.73
4723,854,34,2025-01-07 11:04:00,completed,boleto,2671.83
4724,461,19,2025-03-29 04:35:00,cancelled,credit_card,22.13
4725,138,33,2025-10-10 13:19:00,completed,pix,1547.66
4726,849,48,2025-08-19 21:04:00,completed,credit_card,322.31
4727,574,16,2025-12-30 09:17:00,completed,pix,1942.26
4728,811,50,2025-11-22 03:44:00,cancelled,credit_card,1224.05
4729,709,50,2025-03-07 14:48:00,completed,debit_card,118.66
4730,889,23,2025-06-29 12:10:00,pending,boleto,1624.19
4731,571,26,2025-08-23 12:55:00,completed,credit_card,2005.64
4732,265,45,2025-09-06 01:08:00,completed,credit_card,881.84
4733,333,44,2025-09-22 21:28:00,pending,credit_card,2683.98
4734,188,41,2025-12-18 14:09:00,completed,pix,1311.25
4735,63,37,2025-05-18 12:17:00,pending,debit_card,2627.73
4736,820,9,2025-01-12 08:45:00,completed,debit_card,2034.97
4737,279,30,2025-04-22 18:54:00,completed,credit_card,3045.0
4738,542,13,2025-06-11 08:46:00,completed,boleto,1923.3
4739,171,48,2025-10-01 21:31:00,cancelled,boleto,665.98
4740,503,42,2025-06-23 19:59:00,completed,credit_card,2882.62
4741,964,16,2025-01-24 14:52:00,completed,pix,2744.96
4742,533,46,2025-10-28 12:30:00,completed,boleto,3403.8
4743,299,2,2025-12-19 14:10:00,completed,debit_card,345.67
4744,201,31,2025-01-23 08:01:00,completed,boleto,2077.48
4745,135,43,2025-11-12 15:29:00,completed,boleto,1731.01
4746,272,19,2025-06-21 13:46:00,cancelled,credit_card,2354.63
4747,535,11,2025-07-03 17:06:00,pending,boleto,3431.03
4748,442,14,2025-02-13 21:10:00,completed,credit_card,1872.31
4749,87,47,2025-06-21 00:16:00,cancelled,debit_card,2406.37
4750,31,25,2025-07-11 06:19:00,completed,boleto,1228.3
4751,121,7,2025-07-02 16:13:00,completed,credit_card,1060.42
4752,69,15,2025-02-15 18:28:00,cancelled,credit_card,1186.83
4753,646,30,2025-03-30 10:17:00,cancelled,debit_card,154.36
4754,883,31,2025-01-24 16:32:00,completed,boleto,1010.9
4755,961,24,2025-01-02 16:31:00,pending,pix,621.85
4756,827,25,2025-03-02 03:10:00,completed,boleto,1611.85
4757,496,8,2025-07-24 16:48:00,cancelled,credit_card,1623.67
4758,924,30,2025-05-24 21:13:00,completed,credit_card,2683.0
4759,146,36,2025-02-12 13:04:00,pending,debit_card,1767.97
4760,984,50,2025-09-09 15:15:00,completed,debit_card,1631.52
4761,333,14,2025-11-04 17:48:00,completed,pix,826.06
4762,481,29,2025-06-09 23:55:00,completed,pix,2986.63
4763,906,27,2025-08-01 18:09:00,completed,credit_card,336.68
4764,263,50,2025-05-23 16:23:00,completed,pix,3438.39
4765,293,36,2025-04-28 20:28:00,cancelled,pix,1676.74
4766,992,34,2025-05-05 05:41:00,pending,pix,667.23
4767,429,21,2025-04-08 10:22:00,completed,boleto,1253.06
4768,86,38,2025-10-29 00:08:00,cancelled,boleto,73.49
4769,16,11,2025-12-10 10:03:00,completed,credit_card,599.5
4770,728,33,2025-06-06 20:24:00,completed,boleto,1186.98
4771,628,15,2025-07-29 19:07:00,cancelled,pix,1949.37
4772,118,12,2025-04-11 13:31:00,completed,pix,470.59
4773,270,24,2025-04-01 18:17:00,cancelled,pix,2372.35
4774,395,50,2025-05-05 14:28:00,pending,boleto,2958.08
4775,979,37,2025-07-01 12:53:00,completed,debit_card,2011.74
4776,855,11,2025-04-28 03:18:00,completed,pix,1053.22
4777,162,19,2025-10-27 21:36:00,completed,pix,442.45
4778,700,1,2025-01-26 17:47:00,returned,debit_card,74.06
4779,104,17,2025-04-29 16:43:00,completed,debit_card,2566.67
4780,653,40,2025-07-28 14:46:00,completed,credit_card,2207.11
4781,167,16,2025-12-26 16:41:00,completed,credit_card,1677.47
4782,300,26,2025-05-25 09:25:00,completed,boleto,374.94
4783,28,43,2025-10-16 00:30:00,pending,debit_card,740.45
4784,424,43,2025-12-10 12:09:00,completed,credit_card,2856.8
4785,784,15,2025-04-24 20:24:00,returned,pix,1689.88
4786,562,8,2025-12-13 11:53:00,completed,credit_card,3370.66
4787,883,30,2025-12-01 16:27:00,completed,pix,3499.9
4788,156,14,2025-12-20 12:45:00,completed,pix,2806.46
4789,324,33,2025-08-04 04:38:00,returned,pix,918.48
4790,348,42,2025-12-16 04:50:00,completed,boleto,824.28
4791,121,7,2025-09-01 00:17:00,completed,debit_card,902.65
4792,956,18,2025-12-10 18:54:00,completed,boleto,3454.01
4793,652,12,2025-01-16 10:28:00,completed,credit_card,1186.98
4794,528,2,2025-03-25 18:27:00,completed,credit_card,2478.43
4795,821,50,2025-08-25 03:48:00,completed,debit_card,3357.38
4796,950,29,2025-01-05 11:55:00,completed,debit_card,2872.19
4797,561,21,2025-06-17 15:02:00,completed,credit_card,2099.66
4798,164,7,2025-09-07 03:40:00,pending,debit_card,608.0
4799,62,27,2025-12-25 11:07:00,completed,debit_card,628.79
4800,340,12,2025-10-27 22:35:00,completed,pix,1733.63
4801,666,20,2025-10-26 15:17:00,completed,boleto,3332.77
4802,312,14,2025-07-23 07:19:00,completed,boleto,3167.64
4803,376,10,2025-11-30 02:33:00,completed,boleto,598.35
4804,346,41,2025-07-02 21:49:00,completed,pix,1021.26
4805,150,23,2025-03-23 12:48:00,completed,pix,2069.06
4806,888,30,2025-07-21 05:36:00,completed,debit_card,1681.46
4807,585,47,2025-05-11 12:45:00,completed,debit_card,435.38
4808,581,31,2025-06-11 07:38:00,returned,pix,1305.19
4809,977,10,2025-05-23 05:49:00,returned,pix,3342.41
4810,177,19,2025-08-09 16:38:00,cancelled,credit_card,3331.02
4811,354,19,2025-05-21 17:26:00,completed,pix,1966.8
4812,514,44,2025-12-07 19:43:00,completed,pix,2230.71
4813,309,23,2025-02-10 16:41:00,cancelled,boleto,792.23
4814,119,44,2025-04-12 11:54:00,completed,credit_card,2602.0
4815,519,41,2025-04-26 00:40:00,completed,boleto,202.69
4816,767,32,2025-11-19 17:10:00,completed,boleto,787.97
4817,996,20,2025-07-07 05:00:00,completed,credit_card,40.48
4818,973,4,2025-08-31 06:17:00,cancelled,credit_card,1362.24
4819,916,33,2025-01-18 01:04:00,pending,credit_card,2978.91
4820,478,48,2025-02-13 22:55:00,pending,debit_card,3439.12
4821,414,1,2025-10-09 20:14:00,pending,credit_card,2343.79
4822,587,13,2025-02-18 04:49:00,completed,boleto,2612.14
4823,351,3,2025-12-29 11:58:00,pending,credit_card,934.37
4824,506,12,2025-09-19 01:03:00,completed,debit_card,1830.76
4825,195,29,2025-07-13 23:01:00,completed,boleto,2583.29
4826,187,31,2025-05-03 15:57:00,completed,credit_card,1750.52
4827,450,41,2025-05-10 23:27:00,completed,credit_card,328.14
4828,496,36,2025-11-30 13:38:00,returned,boleto,2598.21
4829,515,2,2025-01-04 03:07:00,completed,boleto,784.08
4830,696,22,2025-01-31 13:08:00,completed,credit_card,359.99
4831,847,22,2025-09-08 09:25:00,completed,debit_card,1683.64
4832,273,41,2025-09-11 06:55:00,completed,boleto,279.64
4833,880,31,2025-09-30 01:18:00,completed,pix,2210.46
4834,52,45,2025-01-19 21:33:00,pending,credit_card,2248.85
4835,263,14,2025-02-09 21:30:00,completed,boleto,913.32
4836,368,29,2025-10-04 04:13:00,completed,boleto,3376.58
4837,133,35,2025-12-27 05:28:00,completed,credit_card,2889.09
4838,994,50,2025-01-09 20:35:00,completed,credit_card,401.36
4839,225,9,2025-04-09 18:45:00,completed,credit_card,2624.82
4840,310,47,2025-05-12 22:17:00,pending,debit_card,1248.7
4841,573,32,2025-04-28 11:29:00,pending,pix,2631.0
4842,877,27,2025-07-25 05:15:00,completed,boleto,2806.77
4843,16,10,2025-06-13 06:52:00,completed,credit_card,546.8
4844,741,25,2025-10-08 21:10:00,completed,credit_card,2323.21
4845,195,49,2025-04-04 19:30:00,completed,debit_card,3022.3
4846,763,45,2025-01-05 01:09:00,completed,pix,1145.34
4847,443,33,2025-05-28 07:53:00,completed,boleto,299.54
4848,303,11,2025-07-14 17:27:00,cancelled,pix,114.89
4849,48,37,2025-11-07 01:16:00,completed,pix,402.8
4850,747,9,2025-12-03 09:47:00,completed,credit_card,34.64
4851,121,7,2025-08-11 14:42:00,completed,credit_card,1157.77
4852,499,7,2025-12-31 04:36:00,completed,credit_card,1061.66
4853,832,34,2025-12-17 18:31:00,completed,debit_card,403.99
4854,562,19,2025-02-12 02:53:00,cancelled,debit_card,2285.89
4855,469,20,2025-05-14 17:53:00,completed,debit_card,3471.83
4856,41,50,2025-08-25 10:19:00,completed,credit_card,3155.22
4857,456,42,2025-07-23 14:59:00,completed,credit_card,899.92
4858,534,25,2025-01-07 19:15:00,completed,credit_card,2699.54
4859,371,5,2025-06-13 05:48:00,completed,pix,3280.28
4860,182,48,2025-11-18 12:10:00,completed,debit_card,3174.15
4861,517,29,2025-08-06 19:53:00,completed,debit_card,3098.23
4862,657,27,2025-11-07 17:34:00,completed,pix,2756.85
4863,869,25,2025-04-26 23:42:00,returned,boleto,1039.61
4864,590,37,2025-01-08 15:29:00,completed,pix,310.8
4865,231,15,2025-05-04 17:28:00,completed,pix,1717.61
4866,809,48,2025-09-28 18:33:00,completed,credit_card,210.67
4867,348,4,2025-08-15 21:54:00,completed,boleto,3494.69
4868,479,14,2025-02-17 07:22:00,completed,pix,1266.92
4869,209,49,2025-08-18 09:28:00,completed,boleto,3355.02
4870,675,17,2025-10-28 21:37:00,completed,boleto,2710.46
4871,680,21,2025-05-30 02:29:00,pending,credit_card,1451.29
4872,278,16,2025-02-06 14:46:00,completed,boleto,431.72
4873,749,26,2025-10-16 11:47:00,cancelled,credit_card,845.43
4874,688,9,2025-05-11 16:50:00,pending,debit_card,2362.2
4875,53,2,2025-07-31 13:27:00,completed,pix,2908.17
4876,861,43,2025-05-04 02:25:00,completed,credit_card,3428.45
4877,10,15,2025-12-28 15:19:00,completed,credit_card,479.92
4878,658,35,2025-02-26 03:37:00,completed,pix,562.7
4879,739,24,2025-09-23 16:41:00,completed,credit_card,167.69
4880,748,48,2025-06-30 03:25:00,completed,boleto,926.07
4881,464,38,2025-05-13 00:48:00,cancelled,credit_card,2877.31
4882,754,14,2025-08-28 13:10:00,completed,credit_card,709.93
4883,817,37,2025-06-22 05:38:00,completed,boleto,1926.57
4884,583,37,2025-11-18 14:54:00,completed,pix,1573.5
4885,158,6,2025-02-23 15:51:00,completed,credit_card,1153.88
4886,19,18,2025-12-06 21:44:00,cancelled,debit_card,2171.85
4887,55,22,2025-09-28 22:46:00,completed,pix,1768.09
4888,956,18,2025-12-25 01:51:00,completed,debit_card,1184.98
4889,727,2,2025-08-28 03:19:00,cancelled,debit_card,2417.2
4890,968,32,2025-01-30 20:53:00,pending,debit_card,994.29
4891,721,17,2025-09-06 18:43:00,pending,credit_card,2258.28
4892,21,1,2025-08-08 03:54:00,cancelled,boleto,3351.22
4893,282,9,2025-11-03 08:24:00,completed,credit_card,2556.75
4894,761,13,2025-09-25 05:04:00,completed,debit_card,1476.03
4895,540,36,2025-11-01 13:58:00,completed,debit_card,2621.51
4896,935,37,2025-05-31 01:50:00,completed,boleto,2836.16
4897,417,30,2025-04-02 13:12:00,completed,pix,1153.92
4898,808,31,2025-01-17 18:22:00,cancelled,debit_card,2473.86
4899,723,23,2025-09-16 13:33:00,completed,credit_card,1531.7
4900,285,50,2025-04-02 06:36:00,cancelled,debit_card,2868.46
4901,532,28,2025-07-15 19:01:00,completed,debit_card,1047.91
4902,532,10,2025-06-14 20:43:00,completed,pix,3283.4
4903,511,25,2025-08-03 04:44:00,completed,boleto,2020.26
4904,842,36,2025-01-12 04:25:00,completed,debit_card,1249.5
4905,396,26,2025-02-24 05:37:00,completed,pix,1479.41
4906,120,26,2025-07-01 17:14:00,completed,pix,1230.34
4907,97,45,2025-04-09 06:39:00,completed,debit_card,528.94
4908,120,13,2025-02-02 14:20:00,returned,debit_card,258.35
4909,537,17,2025-03-01 00:41:00,completed,boleto,1139.79
4910,153,40,2025-05-18 23:55:00,completed,credit_card,1616.24
4911,245,4,2025-01-06 12:08:00,completed,credit_card,1279.12
4912,772,23,2025-08-29 23:17:00,completed,boleto,68.44
4913,516,35,2025-03-23 14:37:00,pending,pix,2034.94
4914,393,11,2025-04-19 09:29:00,pending,pix,523.96
4915,143,12,2025-02-24 21:44:00,cancelled,boleto,754.3
4916,504,9,2025-10-10 07:29:00,completed,credit_card,440.2
4917,794,15,2025-10-02 03:35:00,completed,pix,1831.11
4918,847,45,2025-02-05 08:13:00,cancelled,credit_card,351.15
4919,858,37,2025-07-12 13:51:00,returned,pix,912.12
4920,220,5,2025-04-07 05:55:00,returned,credit_card,1591.95
4921,839,19,2025-10-20 19:35:00,completed,boleto,603.63
4922,160,11,2025-09-20 20:42:00,completed,credit_card,1572.92
4923,76,9,2025-02-26 07:00:00,completed,pix,1212.72
4924,611,35,2025-10-08 16:29:00,cancelled,pix,3014.88
4925,692,50,2025-09-25 10:34:00,cancelled,pix,2786.26
4926,639,27,2025-07-01 12:41:00,pending,debit_card,3475.13
4927,32,13,2025-04-18 21:44:00,completed,debit_card,1860.61
4928,777,12,2025-04-11 19:12:00,completed,pix,2022.38
4929,334,9,2025-01-15 11:54:00,completed,boleto,3314.33
4930,525,42,2025-11-13 11:53:00,completed,pix,1410.58
4931,440,28,2025-10-02 04:13:00,completed,boleto,1953.78
4932,892,13,2025-11-24 14:49:00,cancelled,pix,1339.22
4933,940,20,2025-03-15 10:16:00,completed,pix,1919.6
4934,993,13,2025-10-14 04:26:00,completed,boleto,301.07
4935,352,27,2025-11-13 00:00:00,completed,credit_card,2747.6
4936,339,26,2025-04-05 07:17:00,completed,debit_card,3448.77
4937,926,29,2025-10-31 01:41:00,completed,pix,248.78
4938,400,29,2025-12-03 20:37:00,returned,boleto,2807.62
4939,396,22,2025-07-11 03:16:00,completed,boleto,861.24
4940,202,9,2025-09-06 15:42:00,completed,debit_card,707.46
4941,962,24,2025-01-18 16:17:00,pending,debit_card,2432.93
4942,530,42,2025-09-03 01:35:00,completed,credit_card,173.58
4943,909,19,2025-02-13 16:14:00,completed,pix,1632.07
4944,93,38,2025-05-26 14:59:00,completed,debit_card,25.03
4945,792,31,2025-01-01 09:19:00,completed,credit_card,1949.29
4946,358,39,2025-01-26 22:41:00,completed,pix,1628.04
4947,396,15,2025-08-09 11:39:00,completed,pix,3205.88
4948,828,32,2025-09-08 11:44:00,pending,boleto,2526.55
4949,60,46,2025-06-19 09:50:00,completed,debit_card,458.5
4950,477,48,2025-10-23 16:00:00,completed,credit_card,1253.8
4951,726,46,2025-01-01 00:37:00,completed,credit_card,3261.9
4952,612,29,2025-11-24 09:29:00,completed,boleto,2544.16
4953,1,34,2025-07-30 19:24:00,completed,credit_card,2088.08
4954,555,9,2025-12-19 09:30:00,cancelled,credit_card,1965.57
4955,311,35,2025-06-29 11:10:00,completed,pix,1405.38
4956,168,6,2025-06-28 17:11:00,completed,debit_card,2056.5
4957,192,37,2025-12-31 09:20:00,cancelled,boleto,2705.39
4958,34,14,2025-12-04 01:35:00,completed,debit_card,463.83
4959,34,47,2025-05-09 15:01:00,completed,credit_card,3395.01
4960,688,50,2025-05-11 10:40:00,completed,credit_card,852.99
4961,417,49,2025-11-11 20:40:00,completed,credit_card,1578.14
4962,708,9,2025-07-25 06:23:00,completed,debit_card,99.05
4963,998,19,2025-04-25 02:49:00,completed,boleto,1935.2
4964,158,23,2025-05-03 01:06:00,completed,boleto,1348.9
4965,757,41,2025-08-06 15:12:00,completed,pix,889.15
4966,500,28,2025-11-28 02:58:00,completed,boleto,3449.62
4967,366,16,2025-11-17 06:52:00,completed,pix,1509.93
4968,340,26,2025-11-12 14:32:00,completed,credit_card,1461.75
4969,858,38,2025-05-19 18:24:00,completed,boleto,1631.6
4970,335,40,2025-05-20 16:03:00,completed,pix,424.22
4971,583,25,2025-01-16 07:56:00,completed,pix,1387.97
4972,327,35,2025-06-17 15:44:00,completed,debit_card,1190.69
4973,114,5,2025-05-24 07:44:00,completed,credit_card,1638.63
4974,797,7,2025-06-24 02:19:00,completed,boleto,3001.04
4975,919,23,2025-09-22 20:01:00,completed,boleto,690.89
4976,418,25,2025-04-11 15:38:00,pending,boleto,2134.93
4977,468,1,2025-04-24 10:57:00,completed,pix,150.98
4978,143,22,2025-05-29 14:08:00,returned,boleto,1122.44
4979,609,4,2025-09-27 17:08:00,cancelled,boleto,1664.85
4980,309,28,2025-07-24 19:57:00,returned,boleto,278.49
4981,401,48,2025-06-24 02:23:00,cancelled,credit_card,1913.01
4982,320,14,2025-10-16 19:22:00,completed,credit_card,1099.93
4983,212,33,2025-04-13 13:42:00,completed,pix,3474.98
4984,317,4,2025-03-23 21:07:00,completed,debit_card,2215.77
4985,185,42,2025-05-23 18:31:00,pending,boleto,869.73
4986,205,11,2025-10-01 12:12:00,completed,boleto,377.3
4987,364,39,2025-12-30 19:09:00,completed,pix,161.7
4988,216,32,2025-05-26 13:53:00,completed,boleto,335.89
4989,246,4,2025-11-22 00:32:00,completed,debit_card,2386.61
4990,239,1,2025-11-08 09:20:00,completed,pix,2995.37
4991,805,26,2025-03-31 03:41:00,completed,credit_card,565.43
4992,391,33,2025-09-06 12:11:00,completed,debit_card,1419.43
4993,520,17,2025-08-27 18:22:00,cancelled,boleto,1252.74
4994,983,27,2025-12-05 23:21:00,cancelled,debit_card,2262.92
4995,590,42,2025-01-26 06:22:00,pending,credit_card,655.72
4996,836,5,2025-01-17 05:01:00,completed,pix,3337.55
4997,277,7,2025-06-07 03:20:00,cancelled,debit_card,2555.38
4998,957,25,2025-05-20 13:00:00,completed,pix,3343.65
4999,202,8,2025-10-09 09:38:00,cancelled,pix,985.24
5000,214,34,2025-02-11 15:09:00,completed,boleto,2065.25
5001,606,41,2025-10-11 23:16:00,completed,boleto,2568.29
5002,478,4,2025-12-02 11:15:00,pending,pix,2494.13
5003,508,12,2025-12-22 21:12:00,completed,credit_card,94.28
5004,976,31,2025-08-16 08:10:00,completed,pix,3494.05
5005,75,11,2025-05-26 00:51:00,completed,credit_card,3249.65
5006,982,37,2025-04-21 10:11:00,completed,debit_card,436.74
5007,669,44,2025-11-12 16:21:00,completed,pix,1911.61
5008,665,36,2025-02-16 19:01:00,completed,debit_card,1114.66
5009,954,45,2025-07-13 16:30:00,completed,pix,3078.55
5010,142,22,2025-03-13 02:56:00,completed,debit_card,2447.37
5011,590,1,2025-02-03 15:38:00,completed,credit_card,797.84
5012,322,50,2025-12-22 08:34:00,completed,debit_card,137.84
5013,694,4,2025-12-15 08:08:00,completed,debit_card,1035.26
5014,461,36,2025-09-02 04:37:00,completed,boleto,152.72
5015,707,8,2025-10-24 22:02:00,completed,pix,511.76
5016,670,25,2025-05-04 13:46:00,completed,pix,2233.76
5017,146,28,2025-01-22 21:33:00,returned,pix,2612.9
5018,54,38,2025-09-25 01:06:00,cancelled,pix,1648.7
5019,356,36,2025-07-02 23:43:00,completed,boleto,2109.0
5020,277,36,2025-03-24 17:19:00,completed,credit_card,562.48
5021,821,43,2025-06-03 13:40:00,completed,debit_card,1122.45
5022,595,41,2025-07-16 04:08:00,completed,debit_card,2500.84
5023,400,46,2025-08-19 12:02:00,completed,credit_card,1289.82
5024,668,4,2025-07-16 08:25:00,cancelled,debit_card,1233.86
5025,516,13,2025-06-20 17:20:00,completed,boleto,695.09
5026,499,38,2025-09-10 04:37:00,completed,pix,2089.99
5027,311,45,2025-12-22 05:45:00,completed,pix,2837.19
5028,271,25,2025-07-23 10:06:00,completed,boleto,1653.67
5029,576,3,2025-11-04 15:55:00,completed,pix,422.08
5030,449,32,2025-09-07 11:47:00,completed,debit_card,2937.52
5031,112,39,2025-10-10 17:24:00,completed,credit_card,268.46
5032,239,1,2025-09-06 20:12:00,completed,credit_card,1661.61
5033,144,11,2025-03-26 05:32:00,completed,debit_card,928.55
5034,374,2,2025-03-04 21:30:00,pending,credit_card,3278.39
5035,20,5,2025-12-03 11:40:00,pending,credit_card,2586.65
5036,576,22,2025-03-27 23:11:00,pending,pix,1991.1
5037,289,46,2025-12-09 01:05:00,completed,debit_card,2343.79
5038,593,13,2025-12-25 02:49:00,completed,boleto,1873.89
5039,197,48,2025-11-28 05:44:00,returned,credit_card,533.65
5040,382,23,2025-09-15 15:44:00,completed,debit_card,2487.66
5041,581,47,2025-09-09 17:10:00,completed,boleto,1734.51
5042,698,31,2025-04-13 00:23:00,completed,boleto,2227.4
5043,679,35,2025-02-01 17:48:00,completed,pix,177.3
5044,717,38,2025-09-11 03:50:00,completed,pix,514.28
5045,492,41,2025-11-27 14:00:00,completed,credit_card,2071.01
5046,164,35,2025-04-26 21:06:00,completed,debit_card,1618.81
5047,606,45,2025-08-12 06:36:00,completed,debit_card,809.52
5048,249,13,2025-12-02 12:37:00,completed,pix,857.85
5049,68,7,2025-04-28 22:09:00,completed,pix,2218.17
5050,855,5,2025-04-03 20:12:00,completed,pix,225.21
5051,21,29,2025-12-10 04:06:00,completed,credit_card,1531.22
5052,831,8,2025-04-26 08:49:00,completed,debit_card,1840.4
5053,512,8,2025-02-06 19:44:00,completed,credit_card,1092.34
5054,597,7,2025-10-07 18:53:00,completed,debit_card,2875.51
5055,390,19,2025-05-02 15:43:00,completed,pix,217.56
5056,536,39,2025-04-18 17:46:00,completed,credit_card,3032.92
5057,111,23,2025-12-27 02:14:00,completed,boleto,2536.96
5058,949,36,2025-02-03 23:26:00,completed,credit_card,1572.97
5059,863,42,2025-04-27 14:52:00,completed,credit_card,3237.15
5060,595,32,2025-07-11 01:19:00,cancelled,boleto,2463.79
5061,870,45,2025-09-10 03:54:00,completed,boleto,3260.04
5062,460,4,2025-12-02 23:11:00,completed,pix,1664.61
5063,78,30,2025-02-12 18:02:00,completed,boleto,1596.35
5064,434,42,2025-07-30 02:33:00,pending,boleto,1866.98
5065,380,39,2025-12-31 16:08:00,completed,credit_card,247.68
5066,652,5,2025-01-22 22:08:00,completed,credit_card,3181.56
5067,440,3,2025-05-17 22:13:00,cancelled,pix,2343.66
5068,888,22,2025-04-01 03:09:00,completed,boleto,2169.2
5069,783,28,2025-09-14 16:04:00,completed,debit_card,3244.09
5070,339,22,2025-12-15 14:34:00,completed,credit_card,3477.86
5071,988,22,2025-02-21 21:23:00,pending,pix,588.61
5072,424,34,2025-09-12 09:38:00,completed,credit_card,2626.51
5073,169,29,2025-12-03 10:01:00,completed,credit_card,2038.21
5074,709,43,2025-08-28 07:40:00,cancelled,debit_card,1624.27
5075,965,42,2025-03-06 04:16:00,completed,pix,3422.09
5076,262,13,2025-08-07 23:15:00,completed,debit_card,2978.92
5077,727,7,2025-04-15 13:54:00,completed,debit_card,2444.69
5078,579,10,2025-12-03 18:56:00,returned,pix,1351.71
5079,229,28,2025-01-24 07:05:00,completed,boleto,2337.82
5080,161,4,2025-05-09 13:51:00,returned,debit_card,1870.3
5081,427,32,2025-01-25 20:30:00,completed,boleto,887.8
5082,122,22,2025-03-23 19:47:00,pending,credit_card,1587.33
5083,149,20,2025-06-30 15:23:00,completed,pix,758.5
5084,852,48,2025-01-10 21:40:00,pending,pix,1761.46
5085,705,20,2025-05-17 06:11:00,completed,credit_card,2526.43
5086,743,6,2025-10-30 16:52:00,completed,credit_card,147.53
5087,111,9,2025-04-08 14:27:00,completed,credit_card,2683.52
5088,657,28,2025-05-26 11:26:00,completed,debit_card,89.58
5089,221,13,2025-04-12 12:32:00,completed,debit_card,1820.13
5090,904,31,2025-10-17 03:23:00,cancelled,debit_card,2015.7
5091,64,39,2025-07-03 10:10:00,completed,debit_card,2669.13
5092,638,50,2025-02-08 12:39:00,completed,debit_card,2668.38
5093,730,14,2025-11-27 16:22:00,completed,boleto,1472.74
5094,796,22,2025-09-30 21:37:00,completed,boleto,250.98
5095,354,37,2025-07-03 13:20:00,pending,debit_card,2433.38
5096,474,45,2025-06-16 06:23:00,pending,pix,1798.23
5097,909,24,2025-09-20 00:52:00,returned,pix,1179.04
5098,748,8,2025-02-28 10:33:00,completed,boleto,837.36
5099,485,15,2025-10-19 21:31:00,completed,boleto,436.76
5100,13,41,2025-02-23 18:42:00,completed,pix,1047.1
5101,934,6,2025-02-09 16:04:00,completed,pix,1615.54
5102,153,23,2025-08-05 14:16:00,returned,pix,1682.08
5103,239,25,2025-06-30 04:48:00,completed,boleto,2047.93
5104,190,31,2025-02-24 19:47:00,completed,boleto,1281.39
5105,663,46,2025-11-03 09:29:00,completed,pix,3221.24
5106,86,29,2025-03-09 00:16:00,completed,boleto,1745.63
5107,21,23,2025-08-06 21:20:00,completed,debit_card,1494.56
5108,694,10,2025-07-01 23:17:00,pending,pix,187.62
5109,319,9,2025-12-15 13:35:00,completed,credit_card,2104.57
5110,158,49,2025-09-15 00:54:00,returned,pix,2117.98
5111,971,13,2025-06-04 04:36:00,completed,boleto,2049.85
5112,964,32,2025-11-20 17:12:00,completed,credit_card,3108.84
5113,481,49,2025-08-21 16:36:00,completed,credit_card,2674.89
5114,879,45,2025-07-07 03:22:00,completed,pix,3038.57
5115,76,41,2025-05-01 16:30:00,completed,debit_card,226.79
5116,329,1,2025-04-10 16:52:00,completed,debit_card,1127.08
5117,416,1,2025-04-10 00:57:00,completed,boleto,1129.12
5118,203,37,2025-06-03 01:06:00,completed,credit_card,2306.52
5119,229,40,2025-01-04 06:15:00,completed,debit_card,1581.18
5120,152,18,2025-10-16 13:47:00,completed,boleto,2725.6
5121,775,36,2025-09-24 06:26:00,returned,credit_card,1357.82
5122,72,31,2025-03-05 19:31:00,pending,boleto,791.19
5123,225,1,2025-11-23 10:36:00,completed,debit_card,1032.51
5124,473,47,2025-02-17 17:54:00,completed,boleto,654.99
5125,897,36,2025-10-03 00:53:00,completed,boleto,708.67
5126,643,9,2025-09-27 00:45:00,completed,debit_card,774.6
5127,360,22,2025-12-23 21:04:00,completed,debit_card,76.01
5128,540,28,2025-09-13 04:42:00,completed,boleto,2511.99
5129,811,26,2025-08-26 12:59:00,completed,debit_card,1410.62
5130,609,10,2025-06-17 17:04:00,completed,pix,98.9
5131,46,47,2025-07-22 15:33:00,pending,pix,1307.63
5132,1,3,2025-04-09 16:28:00,completed,pix,3170.68
5133,678,2,2025-04-11 18:13:00,completed,credit_card,1799.13
5134,245,37,2025-12-23 17:34:00,pending,pix,3453.9
5135,219,31,2025-03-20 22:54:00,pending,pix,1899.06
5136,614,33,2025-06-12 19:36:00,completed,pix,3370.54
5137,291,32,2025-05-28 06:39:00,cancelled,debit_card,722.27
5138,458,43,2025-06-19 15:09:00,completed,debit_card,1028.97
5139,204,12,2025-11-04 19:12:00,completed,debit_card,2455.9
5140,202,3,2025-10-17 05:00:00,completed,debit_card,3454.14
5141,566,48,2025-11-13 20:03:00,pending,debit_card,2892.03
5142,482,26,2025-03-27 15:51:00,completed,pix,1946.89
5143,792,14,2025-07-29 02:49:00,completed,pix,316.33
5144,511,12,2025-02-07 08:51:00,completed,debit_card,1288.04
5145,924,26,2025-07-04 19:45:00,completed,boleto,320.76
5146,278,16,2025-02-06 13:15:00,completed,debit_card,1103.26
5147,16,8,2025-01-15 13:06:00,completed,pix,920.6
5148,525,49,2025-09-03 07:27:00,completed,pix,1372.17
5149,356,49,2025-12-03 23:40:00,completed,debit_card,2933.72
5150,356,28,2025-03-23 18:09:00,completed,credit_card,543.31
5151,830,7,2025-07-18 11:35:00,pending,boleto,1085.1
5152,939,15,2025-11-09 20:11:00,completed,debit_card,928.69
5153,599,41,2025-10-25 17:34:00,completed,pix,1050.57
5154,78,36,2025-08-11 04:37:00,returned,boleto,1274.97
5155,928,8,2025-03-09 04:28:00,completed,credit_card,870.2
5156,67,10,2025-10-05 19:02:00,completed,boleto,3300.18
5157,859,15,2025-03-30 02:25:00,completed,debit_card,1481.95
5158,723,18,2025-08-29 01:35:00,completed,pix,417.11
5159,214,46,2025-07-29 06:44:00,completed,pix,1647.45
5160,697,37,2025-07-13 23:02:00,completed,pix,661.82
5161,449,41,2025-04-18 19:40:00,completed,boleto,772.13
5162,965,45,2025-06-05 08:07:00,completed,debit_card,1011.94
5163,433,43,2025-08-11 21:34:00,completed,debit_card,454.16
5164,545,44,2025-01-09 14:59:00,cancelled,boleto,2529.49
5165,115,35,2025-08-30 00:36:00,pending,boleto,2775.97
5166,787,2,2025-09-23 04:16:00,completed,credit_card,1392.11
5167,420,22,2025-12-12 16:24:00,completed,pix,2417.69
5168,499,15,2025-09-25 05:13:00,completed,boleto,1373.56
5169,710,37,2025-07-09 18:40:00,completed,pix,590.99
5170,380,39,2025-04-23 17:57:00,pending,credit_card,1402.14
5171,143,36,2025-03-27 12:48:00,completed,debit_card,1958.32
5172,740,5,2025-02-11 01:55:00,completed,pix,162.66
5173,632,48,2025-01-12 17:51:00,completed,boleto,2297.61
5174,865,15,2025-12-31 17:24:00,completed,boleto,2604.28
5175,24,27,2025-11-18 01:26:00,completed,credit_card,3012.7
5176,539,16,2025-07-14 09:34:00,completed,pix,377.64
5177,945,36,2025-11-27 19:37:00,completed,debit_card,20.33
5178,75,38,2025-10-04 16:22:00,returned,debit_card,274.97
5179,753,18,2025-03-26 16:17:00,completed,boleto,3235.93
5180,535,35,2025-03-01 01:33:00,cancelled,credit_card,2684.13
5181,673,25,2025-08-05 17:34:00,pending,boleto,2927.32
5182,41,22,2025-09-20 17:55:00,completed,boleto,1819.21
5183,750,31,2025-07-28 05:20:00,completed,boleto,1852.99
5184,751,37,2025-11-26 18:17:00,completed,boleto,1058.8
5185,568,34,2025-08-09 12:25:00,completed,credit_card,2952.78
5186,413,23,2025-05-18 00:18:00,completed,boleto,2907.6
5187,415,16,2025-10-24 20:39:00,completed,pix,1384.76
5188,449,6,2025-11-23 06:37:00,completed,boleto,1165.85
5189,610,15,2025-08-05 19:08:00,pending,boleto,2589.54
5190,658,18,2025-01-18 22:25:00,returned,debit_card,111.07
5191,978,38,2025-12-12 09:53:00,completed,debit_card,3012.62
5192,774,13,2025-01-26 21:11:00,completed,credit_card,1572.94
5193,436,24,2025-02-23 15:36:00,cancelled,credit_card,1555.88
5194,552,13,2025-11-02 12:28:00,completed,pix,2348.39
5195,705,1,2025-02-16 03:13:00,completed,boleto,2267.21
5196,239,48,2025-03-12 19:59:00,completed,debit_card,945.59
5197,42,36,2025-11-07 08:00:00,cancelled,pix,3302.61
5198,734,49,2025-11-27 05:51:00,completed,pix,3452.43
5199,708,18,2025-12-29 07:27:00,completed,credit_card,1850.44
5200,800,48,2025-01-26 15:48:00,completed,debit_card,1973.61
5201,10,33,2025-09-03 09:11:00,cancelled,boleto,1949.03
5202,747,38,2025-12-03 04:57:00,returned,credit_card,1710.54
5203,837,43,2025-06-12 07:46:00,completed,pix,3309.25
5204,265,6,2025-10-13 16:13:00,returned,pix,871.74
5205,581,17,2025-12-10 23:36:00,completed,debit_card,395.69
5206,445,4,2025-09-01 12:57:00,completed,debit_card,3254.82
5207,139,14,2025-06-10 22:29:00,returned,boleto,761.37
5208,867,30,2025-06-10 22:53:00,completed,debit_card,2627.06
5209,731,46,2025-08-25 08:34:00,completed,debit_card,729.48
5210,196,20,2025-05-01 22:46:00,completed,credit_card,3361.45
5211,74,8,2025-12-15 15:46:00,pending,credit_card,2773.1
5212,615,2,2025-10-04 05:11:00,cancelled,boleto,3217.14
5213,225,37,2025-11-08 23:31:00,cancelled,credit_card,3329.43
5214,635,4,2025-12-25 08:31:00,completed,boleto,313.8
5215,102,10,2025-02-02 21:27:00,cancelled,credit_card,1528.19
5216,264,20,2025-11-11 14:28:00,completed,pix,2275.39
5217,945,35,2025-11-16 00:24:00,completed,credit_card,2812.55
5218,920,48,2025-10-11 07:22:00,pending,boleto,860.32
5219,999,10,2025-09-11 06:36:00,completed,credit_card,3202.82
5220,161,28,2025-02-28 21:41:00,completed,debit_card,789.0
5221,233,15,2025-06-19 22:17:00,completed,pix,3034.29
5222,491,36,2025-01-08 02:07:00,completed,credit_card,1804.24
5223,787,1,2025-01-20 06:37:00,completed,pix,1813.67
5224,770,22,2025-11-12 17:03:00,completed,pix,1321.54
5225,311,27,2025-07-01 23:50:00,completed,pix,380.2
5226,651,29,2025-01-29 17:00:00,completed,pix,1227.87
5227,227,15,2025-06-18 17:15:00,pending,debit_card,1505.04
5228,273,10,2025-09-11 06:29:00,completed,debit_card,1686.99
5229,938,20,2025-10-25 11:33:00,completed,boleto,2592.05
5230,317,22,2025-07-15 21:21:00,completed,boleto,1245.2
5231,899,50,2025-07-09 20:03:00,cancelled,boleto,1434.94
5232,86,48,2025-01-07 12:39:00,completed,boleto,3173.22
5233,291,9,2025-06-10 20:15:00,completed,pix,2638.93
5234,469,32,2025-04-06 17:32:00,returned,pix,99.54
5235,729,17,2025-07-20 19:54:00,completed,pix,2846.07
5236,871,42,2025-08-18 17:30:00,returned,debit_card,3465.0
5237,578,19,2025-02-06 19:30:00,completed,debit_card,3290.39
5238,769,40,2025-06-11 04:04:00,completed,pix,2929.13
5239,647,27,2025-07-10 01:12:00,completed,pix,2209.52
5240,404,37,2025-05-06 11:20:00,completed,pix,988.11
5241,427,34,2025-10-05 04:10:00,cancelled,pix,2297.42
5242,375,47,2025-08-30 18:32:00,returned,debit_card,2440.66
5243,902,49,2025-02-18 11:55:00,returned,credit_card,999.82
5244,567,10,2025-12-30 00:37:00,cancelled,boleto,908.55
5245,868,30,2025-06-26 15:54:00,cancelled,boleto,1401.3
5246,755,21,2025-08-10 13:35:00,completed,credit_card,2251.19
5247,252,21,2025-03-13 14:08:00,cancelled,debit_card,1039.86
5248,533,34,2025-04-25 13:59:00,completed,debit_card,1953.72
5249,307,9,2025-07-02 07:30:00,completed,credit_card,3149.35
5250,430,34,2025-12-04 01:29:00,completed,boleto,1046.95
5251,675,50,2025-11-20 13:44:00,cancelled,boleto,3381.59
5252,868,12,2025-07-22 21:24:00,completed,credit_card,1667.25
5253,264,47,2025-06-01 05:27:00,cancelled,credit_card,371.16
5254,68,21,2025-02-12 15:14:00,completed,pix,211.54
5255,107,20,2025-05-11 04:46:00,completed,credit_card,1198.59
5256,400,6,2025-12-03 10:57:00,returned,credit_card,920.48
5257,579,50,2025-06-18 10:36:00,completed,boleto,2956.12
5258,199,45,2025-09-20 08:24:00,returned,pix,2586.98
5259,192,36,2025-09-12 13:50:00,completed,pix,3098.22
5260,514,12,2025-04-28 22:07:00,completed,boleto,2070.6
5261,769,41,2025-03-07 18:22:00,cancelled,boleto,1535.39
5262,442,31,2025-03-15 06:29:00,completed,debit_card,961.58
5263,1,2,2025-09-05 01:12:00,completed,pix,2049.22
5264,358,16,2025-03-21 09:10:00,completed,credit_card,2170.73
5265,115,1,2025-03-18 08:15:00,completed,pix,1387.46
5266,903,4,2025-06-30 20:40:00,completed,debit_card,3279.35
5267,600,47,2025-03-23 21:19:00,completed,credit_card,2247.04
5268,197,1,2025-02-18 06:39:00,returned,debit_card,2934.43
5269,981,47,2025-12-12 23:24:00,completed,boleto,2178.96
5270,604,35,2025-06-28 04:27:00,completed,debit_card,1121.55
5271,274,13,2025-04-13 20:32:00,returned,boleto,2583.43
5272,856,50,2025-02-01 02:12:00,cancelled,debit_card,821.29
5273,160,45,2025-03-27 00:31:00,completed,boleto,2096.2
5274,173,42,2025-05-16 08:24:00,completed,pix,1420.23
5275,545,31,2025-04-21 09:48:00,completed,boleto,541.6
5276,458,20,2025-12-24 11:03:00,completed,pix,1458.08
5277,585,7,2025-01-28 03:20:00,completed,boleto,1099.78
5278,433,40,2025-03-15 18:42:00,pending,debit_card,410.53
5279,929,33,2025-12-24 00:00:00,completed,debit_card,2886.92
5280,481,28,2025-01-21 04:08:00,completed,debit_card,1755.07
5281,455,50,2025-08-09 00:55:00,completed,boleto,1225.32
5282,196,44,2025-04-27 06:03:00,completed,boleto,1777.28
5283,796,50,2025-06-28 01:12:00,completed,debit_card,2645.95
5284,599,44,2025-01-15 13:28:00,pending,pix,83.67
5285,309,20,2025-11-07 13:05:00,completed,boleto,1922.7
5286,736,32,2025-06-12 18:57:00,completed,pix,1687.44
5287,556,9,2025-08-26 05:23:00,completed,boleto,3127.88
5288,848,34,2025-12-09 11:57:00,completed,debit_card,1954.78
5289,494,14,2025-04-17 11:29:00,completed,pix,497.88
5290,439,4,2025-03-11 20:28:00,completed,credit_card,1372.62
5291,650,29,2025-09-11 19:40:00,completed,boleto,2181.32
5292,782,15,2025-12-31 00:26:00,cancelled,pix,179.85
5293,359,17,2025-08-06 22:16:00,completed,debit_card,3098.58
5294,36,19,2025-12-22 22:32:00,completed,pix,255.88
5295,34,38,2025-07-17 09:37:00,completed,credit_card,126.46
5296,88,9,2025-07-02 12:38:00,completed,credit_card,27.01
5297,658,27,2025-01-11 19:48:00,completed,pix,2399.43
5298,16,49,2025-11-14 13:41:00,completed,credit_card,1606.6
5299,745,15,2025-06-20 10:56:00,completed,boleto,377.81
5300,421,37,2025-02-14 16:53:00,completed,credit_card,2999.61
5301,553,28,2025-01-28 20:56:00,completed,pix,725.47
5302,767,50,2025-02-02 21:21:00,completed,pix,1155.61
5303,793,4,2025-04-09 23:13:00,completed,boleto,638.47
5304,126,21,2025-09-22 14:50:00,pending,boleto,3245.11
5305,8,34,2025-01-11 04:37:00,completed,pix,2658.07
5306,472,19,2025-07-03 08:12:00,completed,debit_card,2539.36
5307,468,37,2025-08-17 18:08:00,cancelled,boleto,173.11
5308,880,4,2025-02-19 22:59:00,completed,debit_card,1839.0
5309,862,37,2025-07-12 23:16:00,completed,credit_card,2022.57
5310,852,32,2025-10-13 22:22:00,completed,credit_card,1351.17
5311,510,45,2025-09-08 11:41:00,completed,boleto,1139.71
5312,402,48,2025-04-04 20:54:00,pending,boleto,2984.76
5313,836,12,2025-12-10 19:02:00,completed,pix,100.1
5314,176,41,2025-03-26 23:26:00,completed,credit_card,2196.23
5315,740,16,2025-05-17 05:24:00,completed,boleto,1391.98
5316,966,14,2025-12-07 16:16:00,completed,pix,2337.51
5317,835,1,2025-09-30 18:16:00,completed,debit_card,708.75
5318,914,32,2025-08-24 13:25:00,completed,pix,850.53
5319,367,21,2025-09-05 12:40:00,completed,credit_card,2062.25
5320,488,4,2025-09-25 13:29:00,completed,pix,3430.19
5321,18,9,2025-12-18 22:07:00,completed,pix,3411.9
5322,56,46,2025-05-26 22:06:00,returned,boleto,886.45
5323,919,22,2025-05-31 05:51:00,cancelled,pix,376.18
5324,35,12,2025-08-17 06:04:00,returned,credit_card,2074.39
5325,902,30,2025-03-13 13:01:00,completed,pix,1481.54
5326,630,30,2025-01-01 03:29:00,completed,pix,2670.67
5327,794,32,2025-06-04 05:11:00,completed,credit_card,1857.38
5328,766,36,2025-05-23 12:14:00,completed,debit_card,1796.84
5329,725,7,2025-03-18 08:00:00,completed,debit_card,2269.68
5330,573,17,2025-09-29 01:00:00,completed,credit_card,459.94
5331,600,1,2025-09-09 04:52:00,completed,debit_card,2376.52
5332,783,14,2025-08-18 17:48:00,completed,pix,1720.05
5333,347,47,2025-06-09 19:44:00,completed,boleto,2874.11
5334,32,44,2025-07-05 22:31:00,completed,credit_card,502.7
5335,908,44,2025-05-31 03:14:00,completed,pix,1066.6
5336,133,38,2025-09-05 20:50:00,completed,boleto,3326.86
5337,576,26,2025-09-27 19:50:00,completed,pix,1944.69
5338,199,27,2025-05-08 02:11:00,pending,credit_card,3253.97
5339,256,45,2025-11-10 14:38:00,completed,pix,2417.84
5340,342,16,2025-01-06 03:19:00,pending,credit_card,3243.98
5341,667,46,2025-12-24 02:42:00,completed,pix,1126.04
5342,975,7,2025-03-10 12:22:00,completed,boleto,335.06
5343,231,32,2025-07-25 09:21:00,completed,boleto,2811.8
5344,301,25,2025-09-17 04:21:00,returned,boleto,2819.55
5345,547,31,2025-10-01 07:05:00,completed,debit_card,2173.52
5346,26,16,2025-07-28 20:43:00,completed,pix,2036.9
5347,535,41,2025-01-05 21:12:00,completed,pix,3203.88
5348,653,14,2025-07-28 10:58:00,completed,boleto,634.21
5349,474,25,2025-12-25 06:02:00,completed,credit_card,2165.55
5350,387,30,2025-02-03 05:30:00,completed,debit_card,193.2
5351,285,7,2025-07-14 09:16:00,completed,pix,510.21
5352,450,12,2025-08-30 20:09:00,completed,pix,1541.71
5353,320,3,2025-10-30 00:15:00,pending,debit_card,2877.8
5354,156,27,2025-01-04 04:16:00,completed,debit_card,2571.3
5355,471,46,2025-09-09 01:48:00,completed,boleto,3409.74
5356,420,19,2025-10-29 23:28:00,cancelled,debit_card,176.07
5357,113,43,2025-06-22 10:12:00,completed,boleto,1347.11
5358,902,37,2025-10-22 02:21:00,completed,debit_card,572.59
5359,651,45,2025-10-14 23:50:00,completed,debit_card,148.63
5360,422,42,2025-07-13 23:09:00,completed,pix,940.1
5361,886,7,2025-01-11 00:39:00,completed,boleto,870.76
5362,930,49,2025-09-22 03:15:00,cancelled,debit_card,1481.7
5363,721,16,2025-06-02 04:03:00,completed,debit_card,507.48
5364,835,32,2025-07-28 06:27:00,completed,pix,1720.22
5365,876,8,2025-03-22 16:29:00,returned,credit_card,3221.94
5366,942,49,2025-03-18 14:10:00,returned,pix,2623.7
5367,994,13,2025-03-28 02:20:00,completed,boleto,2950.78
5368,598,11,2025-06-07 15:41:00,completed,credit_card,2820.46
5369,285,20,2025-01-30 08:59:00,completed,debit_card,1375.9
5370,572,18,2025-01-22 21:41:00,completed,boleto,2487.18
5371,54,37,2025-08-22 02:49:00,cancelled,credit_card,2644.81
5372,605,6,2025-11-27 09:19:00,completed,boleto,735.66
5373,325,20,2025-03-31 17:08:00,completed,pix,3013.71
5374,970,32,2025-05-25 13:10:00,completed,credit_card,1612.96
5375,458,46,2025-11-27 16:26:00,completed,credit_card,76.93
5376,885,44,2025-06-02 03:13:00,completed,credit_card,2258.98
5377,265,29,2025-11-30 18:20:00,pending,debit_card,2375.14
5378,382,4,2025-11-05 02:57:00,completed,pix,1940.13
5379,213,7,2025-02-21 03:11:00,completed,credit_card,759.21
5380,333,43,2025-12-04 09:05:00,pending,boleto,1698.33
5381,10,20,2025-08-04 03:19:00,completed,debit_card,1412.44
5382,358,34,2025-10-24 21:57:00,completed,pix,3411.91
5383,203,36,2025-02-05 23:06:00,completed,pix,2889.88
5384,708,7,2025-02-17 10:24:00,completed,pix,2671.41
5385,58,33,2025-09-11 23:50:00,completed,pix,650.14
5386,494,15,2025-05-04 07:46:00,pending,debit_card,1172.02
5387,510,32,2025-10-24 15:55:00,completed,pix,1341.4
5388,768,22,2025-12-03 04:23:00,completed,boleto,1734.34
5389,223,40,2025-02-08 06:27:00,completed,boleto,125.18
5390,369,29,2025-12-29 12:58:00,completed,boleto,2083.67
5391,692,25,2025-06-20 06:31:00,completed,credit_card,1265.34
5392,418,5,2025-09-01 02:01:00,completed,pix,1974.64
5393,874,14,2025-02-20 09:37:00,cancelled,boleto,51.24
5394,547,50,2025-10-08 14:22:00,completed,pix,1138.59
5395,871,35,2025-07-01 04:53:00,completed,debit_card,2694.96
5396,103,2,2025-07-15 21:08:00,completed,boleto,1763.76
5397,161,25,2025-09-17 06:17:00,pending,credit_card,2765.33
5398,200,16,2025-01-01 18:15:00,completed,credit_card,2452.38
5399,160,46,2025-09-12 09:49:00,completed,debit_card,2995.12
5400,695,16,2025-12-05 02:44:00,completed,boleto,45.9
5401,865,11,2025-12-06 04:09:00,completed,debit_card,929.41
5402,136,49,2025-02-06 02:39:00,completed,credit_card,1929.83
5403,942,35,2025-07-14 18:48:00,pending,credit_card,3294.74
5404,398,23,2025-05-20 23:47:00,returned,pix,2385.67
5405,738,5,2025-07-02 21:16:00,completed,debit_card,1608.93
5406,392,35,2025-04-08 06:33:00,completed,credit_card,472.89
5407,755,29,2025-02-24 17:04:00,completed,boleto,1736.39
5408,106,47,2025-08-27 09:28:00,completed,boleto,1554.98
5409,583,5,2025-02-12 11:20:00,completed,credit_card,2728.98
5410,589,3,2025-07-09 11:39:00,completed,debit_card,1458.45
5411,54,6,2025-11-26 19:17:00,completed,debit_card,1129.56
5412,277,23,2025-09-29 18:17:00,completed,boleto,332.22
5413,111,46,2025-09-09 05:48:00,completed,credit_card,181.82
5414,224,2,2025-01-19 14:37:00,completed,boleto,1548.19
5415,75,18,2025-08-04 01:57:00,completed,debit_card,1227.08
5416,506,30,2025-08-16 22:06:00,completed,credit_card,1952.53
5417,14,38,2025-08-01 05:27:00,completed,boleto,2497.51
5418,971,5,2025-03-11 03:56:00,completed,credit_card,159.22
5419,770,46,2025-01-06 23:45:00,cancelled,pix,1746.84
5420,482,49,2025-07-29 06:23:00,completed,boleto,3019.66
5421,189,11,2025-09-23 21:09:00,completed,boleto,1603.98
5422,364,1,2025-10-12 03:02:00,completed,pix,1833.92
5423,239,10,2025-07-23 17:22:00,completed,debit_card,1714.04
5424,401,41,2025-09-03 21:00:00,completed,boleto,1376.48
5425,846,44,2025-03-27 13:02:00,completed,boleto,403.22
5426,985,26,2025-01-24 01:25:00,completed,debit_card,459.72
5427,304,33,2025-03-17 18:04:00,completed,credit_card,643.23
5428,91,27,2025-01-21 15:17:00,completed,pix,2778.12
5429,392,50,2025-07-28 19:46:00,completed,debit_card,978.16
5430,184,12,2025-11-18 01:26:00,completed,credit_card,3319.47
5431,17,2,2025-01-15 00:09:00,completed,pix,2839.39
5432,965,1,2025-09-02 07:34:00,pending,credit_card,2402.2
5433,12,1,2025-09-19 15:09:00,completed,boleto,2526.97
5434,166,33,2025-09-01 16:02:00,returned,pix,185.76
5435,146,22,2025-10-01 13:00:00,completed,credit_card,1997.99
5436,282,12,2025-03-13 04:57:00,completed,pix,3294.88
5437,991,39,2025-07-07 14:31:00,completed,credit_card,156.1
5438,549,36,2025-06-10 21:44:00,completed,credit_card,1032.74
5439,582,21,2025-03-23 12:59:00,cancelled,boleto,199.26
5440,169,20,2025-07-31 01:31:00,completed,debit_card,2002.7
5441,847,36,2025-06-10 06:36:00,completed,pix,424.38
5442,170,26,2025-12-30 23:54:00,completed,boleto,1687.79
5443,765,47,2025-11-08 09:22:00,completed,pix,2525.42
5444,346,31,2025-09-02 22:19:00,completed,debit_card,592.25
5445,499,1,2025-05-31 01:36:00,completed,boleto,2648.67
5446,460,38,2025-07-15 17:13:00,completed,debit_card,229.51
5447,297,14,2025-12-05 08:58:00,completed,boleto,540.69
5448,943,26,2025-08-28 20:35:00,completed,boleto,994.78
5449,142,46,2025-05-11 19:52:00,cancelled,boleto,2790.42
5450,897,42,2025-09-14 01:09:00,pending,boleto,2978.48
5451,785,7,2025-11-25 03:17:00,completed,credit_card,786.92
5452,737,12,2025-01-27 21:12:00,cancelled,pix,353.33
5453,695,24,2025-06-14 05:42:00,completed,credit_card,2970.88
5454,733,19,2025-05-17 08:29:00,completed,credit_card,2279.8
5455,53,9,2025-08-05 12:16:00,completed,credit_card,569.34
5456,118,35,2025-01-16 15:51:00,completed,boleto,1960.85
5457,365,4,2025-02-03 09:08:00,completed,boleto,3055.85
5458,671,45,2025-03-07 00:08:00,completed,debit_card,261.91
5459,958,42,2025-04-04 00:44:00,completed,pix,311.35
5460,136,32,2025-07-18 23:39:00,completed,debit_card,972.16
5461,414,46,2025-06-21 23:32:00,completed,debit_card,2289.87
5462,77,6,2025-06-24 11:07:00,pending,pix,639.47
5463,848,28,2025-08-17 02:37:00,completed,pix,2860.96
5464,962,28,2025-11-21 06:41:00,completed,debit_card,2631.5
5465,557,40,2025-12-14 01:15:00,completed,debit_card,1972.3
5466,18,29,2025-12-22 13:04:00,returned,debit_card,423.92
5467,867,42,2025-10-29 09:54:00,completed,boleto,3459.01
5468,941,5,2025-11-29 22:56:00,completed,pix,1725.32
5469,403,5,2025-03-30 07:52:00,completed,pix,1593.21
5470,205,37,2025-08-17 20:52:00,pending,credit_card,3484.58
5471,499,41,2025-08-15 00:59:00,completed,boleto,3026.26
5472,324,28,2025-11-10 12:17:00,completed,boleto,1608.16
5473,595,41,2025-11-17 22:56:00,completed,pix,1477.43
5474,562,47,2025-06-15 20:26:00,returned,boleto,353.76
5475,281,9,2025-12-01 14:09:00,completed,debit_card,3244.26
5476,166,29,2025-05-10 08:16:00,completed,pix,2956.34
5477,243,14,2025-05-01 01:45:00,completed,pix,1098.81
5478,889,38,2025-10-01 11:01:00,completed,boleto,2641.56
5479,479,40,2025-01-13 18:42:00,completed,pix,2674.3
5480,164,34,2025-05-01 18:37:00,pending,boleto,813.13
5481,324,37,2025-01-09 21:54:00,cancelled,boleto,2155.52
5482,568,49,2025-01-26 19:40:00,completed,boleto,907.5
5483,551,42,2025-10-03 18:19:00,completed,debit_card,2768.8
5484,831,14,2025-05-24 12:19:00,completed,boleto,555.26
5485,640,18,2025-09-14 00:24:00,completed,boleto,2347.79
5486,903,33,2025-03-30 06:55:00,completed,credit_card,1154.52
5487,634,34,2025-04-18 01:55:00,completed,credit_card,145.91
5488,759,28,2025-12-30 00:21:00,completed,debit_card,450.49
5489,698,36,2025-10-13 06:29:00,completed,debit_card,2299.05
5490,208,45,2025-09-05 22:54:00,cancelled,boleto,854.9
5491,315,48,2025-02-09 05:34:00,completed,credit_card,2216.0
5492,304,37,2025-10-09 14:24:00,completed,debit_card,1463.58
5493,901,23,2025-09-21 21:09:00,returned,pix,2430.64
5494,239,42,2025-02-07 23:12:00,returned,pix,1735.46
5495,727,17,2025-02-18 01:44:00,completed,boleto,1093.74
5496,804,11,2025-06-13 00:25:00,completed,credit_card,527.45
5497,224,32,2025-02-08 01:16:00,completed,pix,1207.02
5498,88,37,2025-11-01 02:42:00,completed,credit_card,2229.43
5499,537,15,2025-09-26 00:01:00,completed,debit_card,2596.85
5500,429,4,2025-07-04 20:07:00,returned,credit_card,577.98
5501,220,39,2025-04-27 12:47:00,completed,boleto,2331.67
5502,275,30,2025-12-10 13:35:00,completed,credit_card,643.89
5503,647,10,2025-12-25 03:29:00,completed,pix,791.93
5504,954,23,2025-06-09 13:26:00,pending,credit_card,1868.98
5505,745,24,2025-01-22 12:57:00,completed,credit_card,1026.42
5506,977,36,2025-09-03 23:02:00,completed,credit_card,2322.35
5507,66,5,2025-10-21 21:27:00,completed,debit_card,3346.1
5508,592,37,2025-10-06 08:50:00,completed,boleto,538.14
5509,423,43,2025-05-25 12:26:00,completed,pix,2005.38
5510,255,19,2025-07-31 08:39:00,completed,pix,3233.08
5511,125,37,2025-07-20 20:58:00,completed,credit_card,634.32
5512,146,8,2025-09-13 19:10:00,completed,credit_card,1296.64
5513,615,7,2025-11-27 11:21:00,returned,debit_card,450.19
5514,385,40,2025-07-02 08:11:00,returned,boleto,2254.29
5515,447,13,2025-01-01 13:19:00,completed,pix,2348.62
5516,387,37,2025-08-09 16:43:00,completed,boleto,2331.35
5517,383,27,2025-12-05 15:05:00,completed,pix,1906.6
5518,277,18,2025-07-19 16:35:00,returned,credit_card,2616.99
5519,382,24,2025-10-11 10:57:00,completed,debit_card,144.85
5520,124,41,2025-10-16 04:23:00,completed,debit_card,3352.15
5521,926,2,2025-12-24 00:31:00,completed,credit_card,792.89
5522,267,16,2025-02-05 21:30:00,completed,credit_card,443.04
5523,790,14,2025-03-02 08:48:00,completed,credit_card,3295.15
5524,111,17,2025-12-29 10:41:00,pending,boleto,2909.92
5525,381,6,2025-07-18 13:16:00,completed,credit_card,2681.75
5526,825,35,2025-09-17 20:35:00,completed,boleto,384.52
5527,601,17,2025-01-17 08:35:00,completed,credit_card,2830.2
5528,899,45,2025-09-28 09:23:00,pending,debit_card,2139.4
5529,158,38,2025-10-04 00:37:00,completed,boleto,2567.04
5530,728,40,2025-09-23 06:17:00,completed,debit_card,3423.68
5531,896,6,2025-08-03 08:57:00,completed,credit_card,696.66
5532,813,48,2025-07-04 04:32:00,cancelled,credit_card,1775.25
5533,548,38,2025-12-31 20:43:00,completed,pix,2641.66
5534,599,49,2025-02-20 15:08:00,completed,boleto,1529.12
5535,118,21,2025-09-15 16:47:00,completed,boleto,210.19
5536,328,35,2025-01-07 13:02:00,cancelled,boleto,407.81
5537,960,23,2025-05-02 07:38:00,completed,boleto,2115.28
5538,694,12,2025-12-06 23:32:00,completed,debit_card,1011.81
5539,68,29,2025-01-27 05:03:00,completed,boleto,499.69
5540,434,27,2025-11-09 18:55:00,completed,debit_card,1202.82
5541,359,6,2025-09-30 12:32:00,completed,credit_card,719.41
5542,671,21,2025-09-25 07:22:00,returned,debit_card,103.31
5543,797,7,2025-01-21 00:34:00,completed,boleto,548.31
5544,443,43,2025-03-02 13:32:00,returned,debit_card,3093.11
5545,164,41,2025-10-31 07:30:00,completed,boleto,61.89
5546,973,16,2025-03-01 06:30:00,returned,debit_card,2713.0
5547,361,5,2025-01-11 05:16:00,completed,pix,2642.04
5548,585,15,2025-02-11 20:21:00,completed,boleto,1983.55
5549,119,21,2025-01-11 18:42:00,completed,debit_card,745.4
5550,853,4,2025-12-13 07:05:00,completed,boleto,3075.65
5551,195,5,2025-09-30 01:36:00,completed,credit_card,1673.26
5552,601,7,2025-08-18 00:22:00,completed,debit_card,622.76
5553,857,35,2025-07-18 23:43:00,completed,debit_card,1513.0
5554,588,36,2025-06-05 08:54:00,completed,pix,698.31
5555,733,15,2025-03-27 13:02:00,pending,boleto,1328.51
5556,651,28,2025-02-03 17:51:00,completed,debit_card,1748.47
5557,884,2,2025-04-16 09:46:00,returned,pix,1272.46
5558,907,5,2025-07-26 23:01:00,returned,pix,2306.51
5559,241,7,2025-02-28 09:46:00,completed,pix,3276.99
5560,509,22,2025-09-09 09:18:00,completed,boleto,1231.56
5561,666,49,2025-04-25 05:26:00,completed,boleto,1257.97
5562,565,31,2025-03-06 05:48:00,completed,debit_card,2589.29
5563,142,32,2025-08-03 13:39:00,completed,boleto,1866.46
5564,832,8,2025-03-22 14:22:00,completed,boleto,1512.36
5565,976,41,2025-09-16 17:58:00,completed,credit_card,2852.05
5566,906,42,2025-08-12 17:36:00,completed,boleto,3120.81
5567,31,11,2025-09-18 21:05:00,completed,credit_card,2075.24
5568,223,1,2025-07-03 21:34:00,cancelled,debit_card,664.16
5569,804,47,2025-07-27 09:43:00,completed,pix,1642.67
5570,266,40,2025-03-13 22:05:00,completed,credit_card,1775.21
5571,282,19,2025-05-10 03:24:00,completed,debit_card,1524.08
5572,788,44,2025-05-11 17:59:00,completed,credit_card,933.26
5573,381,38,2025-06-21 07:01:00,completed,boleto,1663.68
5574,556,42,2025-04-25 05:52:00,completed,debit_card,1573.98
5575,62,37,2025-07-08 00:54:00,completed,pix,749.04
5576,713,7,2025-10-22 18:26:00,completed,credit_card,3163.94
5577,847,39,2025-06-30 18:20:00,completed,boleto,3100.99
5578,521,25,2025-06-16 10:04:00,completed,debit_card,2663.47
5579,71,22,2025-02-21 12:31:00,completed,boleto,1415.29
5580,602,27,2025-03-11 20:31:00,completed,debit_card,1308.79
5581,536,41,2025-12-16 15:17:00,completed,credit_card,2513.3
5582,140,47,2025-07-04 19:52:00,pending,debit_card,2136.25
5583,316,38,2025-10-31 22:40:00,completed,credit_card,2110.08
5584,340,48,2025-09-14 15:12:00,completed,debit_card,451.91
5585,888,39,2025-07-02 09:20:00,completed,boleto,2171.63
5586,590,15,2025-09-09 07:51:00,pending,boleto,3158.48
5587,726,2,2025-07-18 03:56:00,cancelled,credit_card,318.64
5588,528,8,2025-11-27 07:09:00,pending,pix,1200.32
5589,541,44,2025-03-25 09:58:00,completed,credit_card,1791.37
5590,416,43,2025-07-08 21:48:00,pending,boleto,2407.31
5591,467,6,2025-03-22 21:21:00,completed,debit_card,331.93
5592,375,20,2025-02-17 09:39:00,completed,pix,3057.37
5593,291,27,2025-02-04 14:10:00,completed,boleto,161.1
5594,43,45,2025-04-01 05:26:00,completed,pix,3004.76
5595,864,23,2025-01-12 08:55:00,completed,credit_card,116.23
5596,887,48,2025-06-15 08:37:00,completed,boleto,554.26
5597,53,40,2025-04-23 05:57:00,pending,credit_card,2805.13
5598,788,17,2025-03-13 06:54:00,cancelled,boleto,3013.37
5599,883,13,2025-05-20 10:38:00,completed,boleto,3438.29
5600,232,4,2025-04-03 07:55:00,completed,credit_card,422.69
5601,212,20,2025-02-21 17:29:00,cancelled,boleto,1852.05
5602,8,42,2025-04-11 14:27:00,pending,pix,288.5
5603,634,25,2025-02-13 17:59:00,completed,pix,564.3
5604,483,22,2025-08-05 16:51:00,completed,credit_card,627.24
5605,42,48,2025-10-19 09:47:00,completed,debit_card,240.59
5606,333,17,2025-04-16 06:46:00,completed,pix,3127.57
5607,233,40,2025-10-21 07:57:00,completed,boleto,459.72
5608,70,11,2025-09-11 14:53:00,completed,credit_card,2210.11
5609,879,25,2025-03-15 09:22:00,completed,debit_card,2197.6
5610,16,5,2025-08-29 02:33:00,completed,credit_card,711.29
5611,69,21,2025-12-20 15:00:00,pending,pix,3494.47
5612,53,26,2025-09-10 12:34:00,completed,boleto,1228.84
5613,685,16,2025-02-19 12:45:00,completed,pix,3169.73
5614,947,40,2025-09-19 12:10:00,pending,credit_card,3320.03
5615,994,21,2025-01-13 04:09:00,completed,boleto,3322.48
5616,774,48,2025-07-07 13:26:00,completed,debit_card,2639.87
5617,379,32,2025-10-13 18:32:00,completed,pix,903.24
5618,801,4,2025-07-02 06:00:00,cancelled,credit_card,439.88
5619,463,38,2025-02-17 04:25:00,returned,boleto,2003.2
5620,527,8,2025-02-11 15:40:00,completed,credit_card,1272.94
5621,782,9,2025-04-25 19:01:00,pending,debit_card,2912.02
5622,679,45,2025-02-07 02:44:00,completed,debit_card,2612.57
5623,63,17,2025-07-26 09:00:00,cancelled,pix,982.11
5624,261,41,2025-12-20 09:38:00,returned,debit_card,79.21
5625,500,13,2025-06-30 16:26:00,completed,debit_card,845.86
5626,121,9,2025-02-27 20:57:00,pending,pix,1993.56
5627,858,6,2025-08-06 18:52:00,completed,credit_card,294.91
5628,240,27,2025-02-20 14:54:00,completed,pix,2310.79
5629,465,42,2025-11-06 22:20:00,cancelled,pix,2357.5
5630,107,37,2025-07-17 17:32:00,completed,boleto,609.49
5631,180,39,2025-10-13 08:07:00,completed,debit_card,2095.19
5632,16,43,2025-02-27 15:58:00,completed,debit_card,2132.26
5633,355,24,2025-10-23 01:01:00,cancelled,credit_card,1683.36
5634,934,9,2025-09-14 11:55:00,pending,debit_card,3337.3
5635,309,42,2025-05-03 01:53:00,completed,credit_card,396.41
5636,727,11,2025-11-09 19:52:00,completed,boleto,1435.06
5637,589,35,2025-05-19 21:35:00,returned,credit_card,3092.56
5638,737,29,2025-03-28 08:18:00,completed,credit_card,1364.37
5639,605,8,2025-01-20 08:03:00,returned,boleto,1497.75
5640,181,17,2025-09-11 14:48:00,pending,pix,2345.59
5641,174,7,2025-06-08 07:57:00,completed,boleto,2336.16
5642,354,12,2025-03-29 18:57:00,completed,debit_card,99.7
5643,354,48,2025-03-22 23:05:00,completed,debit_card,1605.83
5644,219,15,2025-06-02 07:56:00,completed,boleto,1180.62
5645,655,29,2025-09-25 13:36:00,completed,credit_card,2204.38
5646,315,45,2025-12-03 12:40:00,pending,boleto,1953.84
5647,434,50,2025-11-07 05:42:00,pending,debit_card,2285.0
5648,905,50,2025-04-10 17:55:00,completed,boleto,2295.11
5649,282,24,2025-05-04 00:12:00,completed,credit_card,906.95
5650,259,37,2025-06-30 23:29:00,completed,debit_card,877.7
5651,868,14,2025-09-17 06:57:00,completed,pix,1308.58
5652,559,11,2025-06-06 19:04:00,completed,boleto,862.02
5653,5,35,2025-01-11 08:45:00,cancelled,boleto,2396.17
5654,574,17,2025-02-27 18:24:00,completed,boleto,2117.97
5655,980,27,2025-05-19 10:10:00,completed,boleto,773.03
5656,596,44,2025-08-03 00:53:00,completed,debit_card,3096.68
5657,645,3,2025-03-12 00:54:00,completed,credit_card,1623.11
5658,394,2,2025-07-24 18:09:00,completed,pix,462.15
5659,336,4,2025-05-02 12:21:00,completed,boleto,761.12
5660,63,18,2025-06-02 13:18:00,pending,debit_card,1898.68
5661,793,20,2025-03-31 05:41:00,completed,boleto,1197.72
5662,44,21,2025-03-22 19:21:00,completed,pix,2982.25
5663,153,14,2025-05-09 08:11:00,completed,boleto,1741.68
5664,926,8,2025-05-25 08:52:00,returned,credit_card,3205.23
5665,782,2,2025-07-18 04:25:00,completed,boleto,374.36
5666,854,26,2025-10-20 02:30:00,cancelled,boleto,2346.7
5667,683,19,2025-02-05 06:58:00,pending,boleto,3102.53
5668,156,42,2025-04-16 12:47:00,completed,credit_card,1039.4
5669,478,28,2025-09-04 03:31:00,cancelled,debit_card,492.19
5670,275,29,2025-05-15 08:41:00,completed,credit_card,1609.12
5671,358,5,2025-11-08 11:40:00,completed,debit_card,3365.44
5672,426,43,2025-08-17 12:24:00,completed,credit_card,2224.45
5673,532,28,2025-11-07 06:11:00,pending,credit_card,2261.04
5674,483,41,2025-03-24 09:22:00,returned,boleto,2356.82
5675,214,48,2025-08-16 11:57:00,cancelled,credit_card,158.37
5676,79,26,2025-05-16 17:08:00,completed,debit_card,1570.86
5677,139,5,2025-10-06 19:08:00,completed,debit_card,289.95
5678,950,15,2025-03-08 10:47:00,completed,debit_card,1119.19
5679,98,46,2025-12-13 08:38:00,completed,debit_card,2879.16
5680,889,9,2025-07-21 20:27:00,completed,credit_card,2303.82
5681,664,32,2025-12-24 07:13:00,completed,boleto,3484.59
5682,198,26,2025-04-09 07:14:00,returned,pix,619.1
5683,785,37,2025-03-19 20:25:00,completed,debit_card,1401.75
5684,156,15,2025-10-01 09:49:00,completed,credit_card,2837.55
5685,50,41,2025-11-09 02:10:00,completed,boleto,770.61
5686,479,4,2025-01-28 14:47:00,completed,credit_card,554.95
5687,228,36,2025-12-31 01:41:00,returned,debit_card,1508.09
5688,951,20,2025-04-11 15:05:00,completed,debit_card,1355.37
5689,457,27,2025-04-04 02:02:00,completed,boleto,3431.12
5690,522,21,2025-03-08 07:34:00,completed,credit_card,1607.76
5691,149,22,2025-02-27 10:01:00,returned,debit_card,3016.09
5692,58,7,2025-06-25 06:51:00,completed,debit_card,3110.12
5693,162,47,2025-01-10 19:26:00,completed,pix,569.39
5694,863,31,2025-08-26 02:47:00,completed,pix,2509.26
5695,477,17,2025-05-31 10:51:00,completed,debit_card,986.07
5696,107,50,2025-08-17 14:45:00,cancelled,pix,349.69
5697,427,7,2025-12-08 20:40:00,completed,pix,3063.97
5698,395,19,2025-01-12 18:58:00,completed,debit_card,1037.67
5699,801,28,2025-08-03 10:32:00,completed,credit_card,1221.87
5700,186,10,2025-07-02 18:39:00,returned,credit_card,1147.48
5701,558,27,2025-02-22 11:42:00,completed,credit_card,717.03
5702,957,13,2025-06-11 10:19:00,pending,boleto,1532.07
5703,446,2,2025-11-01 05:32:00,completed,credit_card,1510.46
5704,641,22,2025-12-22 06:19:00,cancelled,boleto,1442.46
5705,917,20,2025-10-04 17:11:00,returned,boleto,3208.72
5706,830,43,2025-11-22 02:43:00,completed,pix,1202.34
5707,448,5,2025-07-31 12:43:00,completed,boleto,125.72
5708,87,6,2025-07-27 03:47:00,completed,boleto,640.96
5709,249,35,2025-04-25 14:43:00,pending,boleto,2530.81
5710,841,1,2025-12-07 06:27:00,completed,boleto,2076.19
5711,440,35,2025-08-29 21:14:00,completed,pix,3332.04
5712,257,3,2025-07-15 13:40:00,completed,debit_card,2436.63
5713,277,36,2025-08-18 16:04:00,completed,boleto,695.96
5714,790,7,2025-06-24 21:11:00,completed,debit_card,439.84
5715,438,29,2025-08-31 04:17:00,cancelled,credit_card,1832.24
5716,516,15,2025-05-24 11:18:00,cancelled,credit_card,2335.11
5717,577,11,2025-12-12 15:12:00,completed,debit_card,596.42
5718,947,18,2025-10-06 06:43:00,completed,debit_card,2113.89
5719,202,44,2025-11-18 22:49:00,completed,credit_card,3030.3
5720,575,4,2025-05-07 02:41:00,pending,pix,2551.94
5721,655,24,2025-02-17 16:42:00,completed,pix,2331.38
5722,756,11,2025-06-04 20:49:00,completed,boleto,2766.87
5723,804,6,2025-11-07 16:32:00,completed,pix,382.21
5724,797,18,2025-06-21 05:13:00,completed,pix,729.33
5725,180,15,2025-09-03 17:37:00,completed,boleto,152.59
5726,686,3,2025-09-12 07:24:00,completed,boleto,524.52
5727,325,17,2025-02-27 15:50:00,completed,pix,3197.87
5728,925,33,2025-03-25 14:00:00,completed,debit_card,793.06
5729,623,34,2025-11-21 19:26:00,completed,boleto,2324.1
5730,687,30,2025-12-18 07:37:00,completed,debit_card,2426.65
5731,475,19,2025-03-21 10:00:00,completed,credit_card,2265.73
5732,665,9,2025-07-03 06:14:00,cancelled,boleto,1947.65
5733,976,40,2025-10-03 20:43:00,completed,debit_card,1711.73
5734,400,44,2025-04-06 00:17:00,completed,boleto,1481.32
5735,868,31,2025-05-14 21:23:00,completed,boleto,3210.81
5736,217,27,2025-09-05 03:27:00,completed,boleto,53.11
5737,809,47,2025-01-09 10:30:00,completed,boleto,206.14
5738,961,25,2025-04-15 18:13:00,pending,debit_card,1733.94
5739,453,7,2025-05-11 21:29:00,completed,debit_card,1170.18
5740,404,48,2025-05-19 17:16:00,cancelled,debit_card,1440.64
5741,965,7,2025-12-19 14:43:00,cancelled,credit_card,3492.51
5742,932,20,2025-01-13 06:29:00,completed,boleto,2717.47
5743,989,44,2025-08-21 01:14:00,pending,boleto,3073.38
5744,240,49,2025-12-18 12:39:00,completed,debit_card,1302.64
5745,738,43,2025-05-25 07:56:00,completed,debit_card,853.67
5746,186,36,2025-12-08 20:50:00,returned,boleto,2692.61
5747,48,19,2025-04-03 07:15:00,completed,boleto,2830.36
5748,978,2,2025-05-17 14:01:00,completed,credit_card,1933.65
5749,386,34,2025-08-30 22:53:00,completed,boleto,3137.88
5750,208,17,2025-04-30 08:00:00,completed,debit_card,3386.29
5751,157,24,2025-01-18 15:15:00,completed,credit_card,1659.15
5752,225,9,2025-07-16 01:46:00,cancelled,pix,794.88
5753,144,1,2025-06-09 12:27:00,completed,pix,1819.55
5754,419,42,2025-06-06 03:19:00,cancelled,boleto,3463.58
5755,111,28,2025-06-02 16:42:00,completed,debit_card,1039.39
5756,830,15,2025-06-18 14:42:00,completed,boleto,2169.25
5757,875,21,2025-11-15 05:33:00,completed,debit_card,2435.06
5758,874,15,2025-04-26 13:35:00,completed,debit_card,764.47
5759,465,23,2025-11-13 09:25:00,completed,debit_card,2067.84
5760,132,2,2025-11-24 09:46:00,returned,pix,1114.48
5761,625,46,2025-04-08 00:48:00,completed,boleto,2992.65
5762,836,36,2025-07-06 00:45:00,completed,boleto,2507.34
5763,947,50,2025-04-13 14:13:00,completed,pix,2895.41
5764,601,9,2025-07-24 20:17:00,completed,debit_card,714.89
5765,673,2,2025-02-19 11:20:00,completed,credit_card,140.32
5766,334,2,2025-08-25 00:15:00,completed,credit_card,2979.83
5767,920,18,2025-05-26 08:24:00,cancelled,pix,1365.9
5768,75,17,2025-09-05 00:54:00,pending,credit_card,645.43
5769,793,41,2025-02-25 22:02:00,completed,debit_card,339.8
5770,412,8,2025-09-17 13:58:00,completed,debit_card,1817.42
5771,519,34,2025-03-24 17:07:00,completed,boleto,542.45
5772,625,34,2025-10-06 14:16:00,completed,debit_card,1992.09
5773,36,5,2025-01-16 14:22:00,cancelled,debit_card,2551.03
5774,778,44,2025-10-19 23:54:00,cancelled,debit_card,1882.0
5775,625,29,2025-03-06 12:09:00,completed,credit_card,3164.88
5776,804,28,2025-03-03 18:32:00,completed,credit_card,561.38
5777,223,16,2025-10-16 10:11:00,completed,pix,1738.96
5778,723,14,2025-06-03 20:56:00,returned,pix,587.9
5779,530,2,2025-12-12 22:29:00,returned,credit_card,3068.14
5780,241,40,2025-07-30 06:28:00,completed,boleto,3264.19
5781,134,4,2025-08-14 13:07:00,pending,boleto,1411.99
5782,732,41,2025-07-11 06:55:00,returned,credit_card,1084.0
5783,391,31,2025-06-26 10:44:00,completed,pix,992.02
5784,102,26,2025-03-31 21:46:00,cancelled,boleto,3011.85
5785,652,27,2025-01-22 04:51:00,completed,debit_card,2394.9
5786,681,34,2025-01-11 03:08:00,completed,boleto,3084.46
5787,498,31,2025-04-10 14:52:00,completed,boleto,428.96
5788,511,48,2025-10-13 10:34:00,completed,boleto,1676.58
5789,703,11,2025-04-23 10:49:00,cancelled,pix,2373.1
5790,994,8,2025-08-29 13:38:00,completed,pix,3141.88
5791,537,12,2025-08-11 01:13:00,completed,credit_card,1349.43
5792,977,35,2025-12-12 19:41:00,completed,boleto,1109.55
5793,949,45,2025-02-10 14:40:00,completed,pix,3197.12
5794,545,34,2025-02-08 12:46:00,completed,pix,185.42
5795,343,13,2025-02-08 07:22:00,completed,credit_card,1688.99
5796,841,27,2025-01-21 18:02:00,completed,debit_card,1616.02
5797,6,8,2025-06-15 18:00:00,pending,debit_card,528.28
5798,958,47,2025-05-02 10:58:00,cancelled,boleto,1394.43
5799,194,21,2025-09-01 03:29:00,completed,debit_card,2534.65
5800,742,41,2025-08-01 14:52:00,completed,credit_card,1296.7
5801,137,11,2025-12-23 03:51:00,cancelled,pix,1097.62
5802,835,22,2025-01-21 09:22:00,completed,debit_card,2741.0
5803,912,21,2025-10-20 00:51:00,completed,boleto,3460.73
5804,473,28,2025-04-21 06:58:00,pending,boleto,2732.15
5805,216,3,2025-10-08 01:13:00,completed,pix,2965.27
5806,349,7,2025-06-18 13:21:00,completed,boleto,3289.46
5807,876,14,2025-09-17 09:19:00,cancelled,credit_card,2810.17
5808,183,15,2025-04-09 21:14:00,completed,debit_card,3431.63
5809,168,9,2025-11-24 02:58:00,cancelled,boleto,2620.55
5810,794,43,2025-06-08 11:28:00,completed,debit_card,2322.1
5811,38,7,2025-09-29 18:22:00,completed,pix,2432.85
5812,675,12,2025-03-09 07:50:00,completed,debit_card,3152.28
5813,471,19,2025-05-02 11:42:00,completed,credit_card,2396.87
5814,452,27,2025-02-15 00:29:00,cancelled,pix,2668.99
5815,955,18,2025-12-11 13:55:00,completed,boleto,771.71
5816,490,13,2025-07-30 07:45:00,cancelled,pix,3196.02
5817,142,43,2025-07-09 09:43:00,completed,debit_card,1576.3
5818,760,1,2025-08-21 10:58:00,completed,debit_card,580.51
5819,943,38,2025-11-27 12:38:00,returned,debit_card,2803.26
5820,103,21,2025-06-25 14:16:00,completed,debit_card,1260.25
5821,711,34,2025-07-17 10:13:00,pending,pix,660.73
5822,712,13,2025-04-09 02:40:00,completed,pix,911.75
5823,42,45,2025-05-17 22:10:00,cancelled,debit_card,141.62
5824,947,41,2025-09-15 18:18:00,completed,boleto,335.37
5825,147,23,2025-05-06 09:24:00,returned,pix,2082.33
5826,66,1,2025-01-15 13:11:00,cancelled,credit_card,3034.44
5827,943,23,2025-05-05 23:52:00,completed,pix,1580.89
5828,193,28,2025-04-21 17:03:00,completed,credit_card,2198.68
5829,298,32,2025-11-28 13:12:00,completed,boleto,2837.87
5830,38,8,2025-11-04 08:42:00,completed,credit_card,1261.56
5831,502,26,2025-11-22 06:01:00,completed,credit_card,2297.01
5832,653,14,2025-02-27 18:51:00,completed,boleto,1239.5
5833,618,24,2025-10-20 13:20:00,completed,debit_card,2256.65
5834,428,48,2025-11-07 11:35:00,completed,pix,777.27
5835,664,29,2025-03-29 20:54:00,cancelled,boleto,3422.88
5836,352,4,2025-09-27 16:28:00,pending,credit_card,285.1
5837,926,18,2025-10-30 21:16:00,pending,debit_card,1778.21
5838,326,14,2025-08-03 18:17:00,completed,pix,1016.31
5839,38,27,2025-10-27 14:19:00,completed,boleto,2110.92
5840,97,41,2025-05-23 01:40:00,completed,pix,1510.51
5841,108,47,2025-01-22 06:53:00,returned,debit_card,1087.2
5842,631,3,2025-03-05 19:05:00,completed,pix,890.13
5843,151,30,2025-11-28 21:36:00,completed,debit_card,655.1
5844,74,36,2025-04-12 07:11:00,completed,boleto,2744.42
5845,57,23,2025-06-22 14:15:00,completed,debit_card,793.26
5846,878,18,2025-04-06 05:16:00,completed,boleto,2711.87
5847,335,46,2025-04-15 19:43:00,completed,debit_card,1707.93
5848,252,47,2025-06-03 00:55:00,completed,pix,271.35
5849,919,40,2025-12-18 08:15:00,completed,debit_card,595.74
5850,804,10,2025-08-28 18:12:00,completed,debit_card,3127.31
5851,825,12,2025-06-13 05:00:00,completed,pix,2117.8
5852,767,41,2025-02-04 15:32:00,pending,credit_card,661.48
5853,254,8,2025-05-07 02:33:00,completed,debit_card,2469.1
5854,385,32,2025-08-28 22:55:00,completed,boleto,2884.95
5855,456,17,2025-07-14 11:44:00,cancelled,debit_card,1170.67
5856,259,41,2025-06-27 22:16:00,cancelled,credit_card,1956.95
5857,782,45,2025-04-21 15:59:00,completed,boleto,1041.21
5858,465,14,2025-03-29 07:02:00,completed,pix,298.61
5859,34,37,2025-02-21 01:27:00,pending,pix,1410.29
5860,495,9,2025-04-12 17:51:00,completed,pix,2634.98
5861,326,26,2025-07-19 09:20:00,returned,boleto,1616.21
5862,837,48,2025-06-13 09:51:00,completed,debit_card,1430.34
5863,238,24,2025-09-14 18:55:00,returned,boleto,1293.71
5864,691,23,2025-05-06 01:56:00,completed,boleto,1617.03
5865,616,31,2025-01-11 03:53:00,pending,credit_card,1127.44
5866,541,39,2025-02-24 23:24:00,completed,boleto,2150.4
5867,739,44,2025-11-11 15:56:00,returned,pix,241.21
5868,466,2,2025-03-27 17:05:00,completed,boleto,2829.71
5869,744,50,2025-09-28 14:26:00,completed,credit_card,622.62
5870,304,18,2025-07-24 23:42:00,completed,boleto,2224.39
5871,862,16,2025-05-06 02:40:00,returned,boleto,1585.59
5872,847,29,2025-05-22 20:09:00,completed,pix,2711.76
5873,117,11,2025-05-23 17:38:00,completed,boleto,2894.97
5874,207,2,2025-11-20 05:12:00,completed,debit_card,730.62
5875,912,14,2025-11-21 07:22:00,cancelled,pix,2376.58
5876,697,4,2025-07-28 12:42:00,completed,credit_card,680.88
5877,481,39,2025-05-20 21:46:00,completed,credit_card,451.51
5878,650,34,2025-11-24 22:43:00,completed,credit_card,3257.43
5879,403,46,2025-12-03 03:26:00,pending,boleto,592.07
5880,997,39,2025-05-11 00:23:00,completed,debit_card,813.9
5881,835,9,2025-08-05 06:16:00,completed,pix,473.53
5882,676,40,2025-04-06 19:40:00,completed,debit_card,1656.62
5883,900,41,2025-10-08 14:20:00,completed,debit_card,3220.23
5884,587,7,2025-08-24 14:12:00,completed,credit_card,938.91
5885,233,17,2025-10-30 23:22:00,completed,credit_card,1905.65
5886,929,23,2025-06-07 03:41:00,returned,debit_card,1451.88
5887,284,45,2025-08-28 16:53:00,completed,debit_card,1189.31
5888,480,11,2025-07-29 14:41:00,pending,pix,2011.09
5889,889,22,2025-10-13 14:09:00,completed,credit_card,1964.95
5890,767,18,2025-02-08 05:43:00,completed,credit_card,1270.6
5891,976,49,2025-01-08 09:18:00,completed,boleto,2979.96
5892,9,28,2025-06-01 09:06:00,returned,credit_card,205.04
5893,715,16,2025-08-01 19:48:00,completed,pix,316.63
5894,902,42,2025-09-01 09:40:00,completed,boleto,3467.92
5895,379,4,2025-06-03 22:28:00,completed,pix,2621.94
5896,817,36,2025-07-24 17:06:00,completed,credit_card,2817.67
5897,603,22,2025-12-24 23:58:00,completed,credit_card,2117.4
5898,381,11,2025-08-22 05:10:00,cancelled,debit_card,1481.11
5899,844,21,2025-07-31 19:39:00,pending,debit_card,2209.71
5900,662,40,2025-03-24 01:31:00,completed,pix,342.19
5901,360,41,2025-09-09 12:45:00,cancelled,boleto,2657.04
5902,176,16,2025-11-14 17:19:00,completed,credit_card,1901.79
5903,485,42,2025-11-12 07:35:00,pending,debit_card,3349.43
5904,405,9,2025-08-05 02:47:00,completed,debit_card,2238.41
5905,33,35,2025-02-24 09:43:00,cancelled,credit_card,547.89
5906,465,34,2025-08-28 17:35:00,pending,credit_card,1681.87
5907,696,9,2025-11-19 22:54:00,cancelled,boleto,221.22
5908,157,13,2025-11-03 21:13:00,completed,debit_card,2614.09
5909,565,6,2025-02-11 08:47:00,completed,boleto,1766.37
5910,808,4,2025-08-03 16:30:00,pending,boleto,1306.39
5911,202,46,2025-06-15 02:58:00,pending,credit_card,3390.55
5912,786,28,2025-04-09 10:38:00,completed,boleto,3293.28
5913,175,11,2025-07-15 03:55:00,completed,credit_card,3335.86
5914,244,34,2025-11-06 06:11:00,completed,pix,788.98
5915,269,35,2025-06-23 05:45:00,completed,boleto,2555.42
5916,923,5,2025-06-05 23:09:00,cancelled,debit_card,3309.93
5917,446,39,2025-07-16 05:26:00,cancelled,debit_card,2006.63
5918,74,11,2025-07-25 07:05:00,completed,pix,765.28
5919,96,12,2025-06-25 12:51:00,returned,pix,2865.99
5920,873,43,2025-02-10 07:11:00,completed,boleto,3082.12
5921,173,19,2025-09-04 02:38:00,completed,debit_card,2467.26
5922,899,13,2025-08-26 18:08:00,completed,debit_card,1041.56
5923,406,4,2025-10-17 08:33:00,cancelled,credit_card,683.61
5924,155,14,2025-11-19 01:48:00,pending,credit_card,2192.46
5925,183,44,2025-03-02 21:35:00,completed,debit_card,1700.15
5926,323,2,2025-04-01 07:46:00,completed,credit_card,2347.36
5927,289,8,2025-04-07 12:22:00,completed,credit_card,408.71
5928,258,22,2025-07-03 21:57:00,completed,credit_card,492.98
5929,587,13,2025-12-01 17:15:00,completed,pix,1282.86
5930,174,21,2025-05-22 21:00:00,completed,debit_card,920.49
5931,330,21,2025-07-21 20:59:00,cancelled,debit_card,2175.3
5932,231,28,2025-10-09 06:41:00,completed,debit_card,1299.04
5933,759,33,2025-12-03 02:43:00,completed,credit_card,2400.22
5934,161,29,2025-12-11 05:47:00,completed,boleto,2695.42
5935,186,37,2025-04-18 19:03:00,completed,boleto,671.34
5936,903,22,2025-12-31 02:44:00,completed,credit_card,3220.99
5937,143,26,2025-09-05 06:52:00,completed,pix,2759.32
5938,282,11,2025-12-08 07:53:00,completed,pix,2201.2
5939,907,11,2025-02-26 01:38:00,completed,debit_card,3183.07
5940,640,45,2025-08-22 03:40:00,completed,boleto,945.22
5941,678,34,2025-04-01 16:53:00,completed,pix,1487.56
5942,27,19,2025-02-21 02:41:00,returned,boleto,318.54
5943,246,48,2025-01-21 17:53:00,completed,boleto,1607.51
5944,487,37,2025-02-19 15:08:00,completed,pix,1782.27
5945,647,14,2025-01-06 18:48:00,completed,credit_card,2163.91
5946,897,29,2025-04-06 10:05:00,completed,debit_card,242.86
5947,202,19,2025-03-26 03:33:00,completed,debit_card,132.98
5948,21,37,2025-02-02 09:18:00,completed,pix,1481.22
5949,591,21,2025-05-21 01:15:00,cancelled,credit_card,678.18
5950,670,24,2025-03-21 02:40:00,pending,pix,2660.58
5951,94,26,2025-10-12 21:41:00,completed,pix,2347.2
5952,8,41,2025-10-30 18:26:00,completed,boleto,1153.88
5953,472,12,2025-01-06 11:27:00,completed,boleto,179.33
5954,339,48,2025-01-18 07:18:00,completed,debit_card,654.9
5955,259,19,2025-09-05 00:26:00,completed,boleto,2427.04
5956,55,47,2025-07-10 07:53:00,completed,boleto,3465.77
5957,911,49,2025-12-18 17:48:00,completed,credit_card,1156.08
5958,548,30,2025-12-28 08:17:00,completed,pix,2810.95
5959,6,15,2025-09-20 23:50:00,completed,pix,3037.5
5960,377,3,2025-07-21 20:50:00,completed,credit_card,187.67
5961,554,49,2025-05-26 11:36:00,completed,boleto,3208.45
5962,50,13,2025-10-24 20:59:00,completed,boleto,1642.39
5963,112,9,2025-11-24 08:26:00,completed,pix,3375.56
5964,146,13,2025-08-03 09:10:00,completed,debit_card,1894.17
5965,230,16,2025-08-30 09:28:00,completed,pix,838.3
5966,723,14,2025-03-31 01:59:00,completed,debit_card,3411.85
5967,497,8,2025-02-26 22:31:00,completed,boleto,866.7
5968,306,19,2025-09-04 09:44:00,completed,debit_card,3091.02
5969,542,32,2025-07-21 11:57:00,completed,debit_card,622.49
5970,461,35,2025-02-06 04:52:00,completed,debit_card,2368.19
5971,807,23,2025-06-27 03:09:00,completed,debit_card,1451.29
5972,628,21,2025-12-04 07:14:00,completed,debit_card,3402.62
5973,908,18,2025-03-05 15:07:00,completed,pix,663.01
5974,226,48,2025-03-27 06:12:00,completed,credit_card,1442.61
5975,59,14,2025-06-09 07:35:00,returned,boleto,2246.42
5976,76,16,2025-12-23 10:37:00,cancelled,pix,3422.12
5977,428,24,2025-06-29 20:53:00,completed,credit_card,1077.44
5978,728,49,2025-10-17 16:45:00,completed,pix,1401.11
5979,132,32,2025-01-12 04:36:00,completed,credit_card,1627.04
5980,932,11,2025-06-12 11:42:00,completed,pix,899.4
5981,498,45,2025-05-23 15:03:00,completed,boleto,2864.39
5982,816,11,2025-07-22 15:19:00,completed,boleto,340.14
5983,910,4,2025-05-12 03:54:00,completed,debit_card,2472.67
5984,593,26,2025-05-27 17:24:00,completed,credit_card,1878.07
5985,305,46,2025-10-31 02:01:00,completed,pix,861.91
5986,67,5,2025-05-13 16:42:00,returned,debit_card,1735.05
5987,230,36,2025-05-29 11:27:00,pending,pix,2908.22
5988,983,33,2025-05-17 11:23:00,pending,boleto,1570.14
5989,333,14,2025-11-26 00:58:00,completed,boleto,444.2
5990,905,32,2025-07-15 03:59:00,completed,credit_card,161.99
5991,277,7,2025-06-13 19:32:00,pending,pix,2726.73
5992,873,10,2025-06-18 13:18:00,returned,pix,1169.91
5993,584,2,2025-03-01 11:17:00,completed,debit_card,3260.73
5994,721,10,2025-11-27 00:43:00,returned,boleto,2167.67
5995,784,35,2025-09-14 13:58:00,completed,debit_card,1538.27
5996,144,21,2025-03-07 23:48:00,completed,debit_card,1984.34
5997,251,40,2025-07-02 05:19:00,completed,credit_card,1610.82
5998,796,42,2025-12-24 17:52:00,completed,debit_card,3172.22
5999,691,8,2025-05-25 04:27:00,pending,credit_card,1613.92
6000,952,46,2025-12-14 14:29:00,completed,boleto,382.14
6001,80,18,2025-07-08 02:48:00,cancelled,debit_card,2097.87
6002,57,9,2025-10-18 06:12:00,completed,debit_card,2187.97
6003,366,41,2025-02-12 18:36:00,completed,debit_card,2683.35
6004,308,30,2025-09-23 03:04:00,pending,debit_card,3267.83
6005,174,4,2025-05-04 00:55:00,completed,boleto,1561.92
6006,462,35,2025-04-17 06:48:00,pending,credit_card,1245.23
6007,750,14,2025-10-01 11:27:00,completed,boleto,1727.88
6008,678,14,2025-01-05 08:37:00,completed,credit_card,3152.69
6009,596,48,2025-04-03 14:12:00,completed,credit_card,3430.34
6010,493,37,2025-06-17 00:35:00,cancelled,debit_card,3399.9
6011,560,20,2025-07-19 05:25:00,completed,debit_card,819.34
6012,639,29,2025-09-23 04:24:00,completed,debit_card,1749.2
6013,681,23,2025-07-27 21:15:00,pending,credit_card,922.97
6014,866,47,2025-10-29 21:58:00,completed,pix,1300.58
6015,374,21,2025-07-06 19:33:00,cancelled,pix,130.26
6016,955,31,2025-12-05 01:54:00,completed,pix,578.89
6017,349,32,2025-08-31 21:20:00,completed,boleto,1401.82
6018,67,41,2025-03-07 15:15:00,completed,credit_card,1289.17
6019,330,7,2025-04-15 12:14:00,completed,pix,990.34
6020,852,13,2025-05-11 14:48:00,completed,credit_card,821.48
6021,194,23,2025-06-02 12:01:00,completed,credit_card,2626.37
6022,155,8,2025-07-25 16:17:00,completed,boleto,1045.03
6023,160,12,2025-07-01 01:05:00,completed,debit_card,2478.77
6024,696,36,2025-11-13 02:49:00,completed,debit_card,1302.82
6025,266,16,2025-01-09 23:38:00,completed,boleto,2810.89
6026,168,26,2025-04-01 20:42:00,completed,boleto,601.97
6027,145,29,2025-07-03 14:58:00,pending,credit_card,568.46
6028,186,29,2025-10-23 03:51:00,completed,pix,2385.26
6029,886,6,2025-11-22 20:34:00,completed,credit_card,3203.91
6030,865,37,2025-04-15 04:33:00,completed,credit_card,517.59
6031,774,33,2025-01-14 22:04:00,completed,pix,276.49
6032,423,31,2025-03-11 00:12:00,completed,debit_card,3272.54
6033,786,46,2025-07-12 06:10:00,pending,credit_card,428.3
6034,457,41,2025-04-06 04:06:00,cancelled,debit_card,891.28
6035,840,18,2025-08-24 03:28:00,pending,debit_card,3254.64
6036,345,38,2025-06-26 10:03:00,completed,debit_card,2814.15
6037,735,47,2025-08-14 14:48:00,completed,credit_card,1212.8
6038,554,31,2025-11-18 13:06:00,cancelled,pix,3341.76
6039,516,16,2025-06-22 21:26:00,completed,pix,1996.81
6040,788,40,2025-11-06 05:32:00,returned,debit_card,271.42
6041,796,37,2025-04-06 21:57:00,completed,debit_card,2466.67
6042,936,14,2025-08-11 01:27:00,returned,pix,1889.73
6043,705,39,2025-01-21 15:14:00,returned,boleto,2012.61
6044,104,4,2025-09-15 22:27:00,completed,boleto,3479.48
6045,247,30,2025-07-07 23:46:00,completed,debit_card,550.75
6046,812,33,2025-08-09 06:32:00,completed,pix,2305.65
6047,23,36,2025-09-04 19:59:00,cancelled,boleto,1616.42
6048,953,30,2025-01-09 08:26:00,cancelled,pix,966.19
6049,815,14,2025-03-15 17:07:00,completed,credit_card,2433.54
6050,525,23,2025-07-20 16:28:00,completed,debit_card,2345.38
6051,144,48,2025-09-02 19:59:00,cancelled,boleto,3000.6
6052,730,28,2025-05-25 20:14:00,completed,debit_card,3078.46
6053,695,7,2025-05-29 20:20:00,cancelled,credit_card,1975.13
6054,863,42,2025-02-07 23:48:00,cancelled,pix,1152.99
6055,754,10,2025-11-14 11:01:00,cancelled,debit_card,1862.94
6056,193,4,2025-08-30 10:52:00,completed,boleto,1270.21
6057,465,44,2025-10-14 03:08:00,completed,credit_card,985.2
6058,784,38,2025-06-11 09:29:00,completed,boleto,1939.48
6059,375,13,2025-06-26 16:51:00,returned,pix,2309.61
6060,677,21,2025-06-21 15:34:00,completed,boleto,2075.19
6061,692,33,2025-11-02 10:44:00,completed,boleto,3341.38
6062,629,40,2025-06-02 13:40:00,completed,boleto,1059.25
6063,266,28,2025-07-19 11:29:00,completed,credit_card,1315.75
6064,378,23,2025-12-24 07:39:00,pending,boleto,2343.4
6065,550,32,2025-08-19 01:41:00,pending,boleto,2109.25
6066,556,48,2025-10-23 14:18:00,completed,credit_card,26.48
6067,863,5,2025-08-31 14:59:00,completed,credit_card,1106.75
6068,74,26,2025-07-03 16:11:00,cancelled,credit_card,903.09
6069,438,39,2025-04-13 21:42:00,completed,pix,2942.9
6070,881,26,2025-05-15 04:42:00,completed,credit_card,3034.55
6071,226,3,2025-11-13 15:47:00,completed,pix,1007.95
6072,819,24,2025-03-28 18:06:00,completed,credit_card,375.21
6073,308,34,2025-02-26 08:27:00,completed,credit_card,734.1
6074,966,34,2025-08-04 11:19:00,completed,debit_card,634.46
6075,348,20,2025-05-08 05:28:00,completed,debit_card,846.28
6076,476,30,2025-10-26 11:11:00,completed,debit_card,836.56
6077,315,42,2025-06-03 09:08:00,completed,debit_card,1689.84
6078,525,20,2025-03-25 21:07:00,cancelled,credit_card,1132.35
6079,425,41,2025-03-21 11:07:00,completed,credit_card,1968.18
6080,524,18,2025-04-13 19:43:00,completed,pix,1217.59
6081,562,38,2025-06-03 07:42:00,completed,credit_card,2855.08
6082,1000,20,2025-12-06 07:53:00,cancelled,pix,3328.76
6083,825,6,2025-03-29 05:27:00,completed,boleto,1425.64
6084,946,42,2025-02-25 11:16:00,returned,boleto,192.15
6085,249,25,2025-12-08 17:48:00,completed,credit_card,853.73
6086,631,41,2025-04-27 00:31:00,completed,boleto,374.47
6087,569,41,2025-11-13 14:04:00,completed,credit_card,1219.78
6088,182,3,2025-11-18 05:50:00,completed,pix,2265.0
6089,962,44,2025-11-16 22:45:00,completed,debit_card,1825.8
6090,776,43,2025-06-19 06:02:00,completed,boleto,865.21
6091,106,46,2025-12-11 20:04:00,completed,credit_card,2690.06
6092,191,19,2025-08-23 16:07:00,completed,debit_card,477.55
6093,137,10,2025-08-09 09:59:00,cancelled,pix,814.12
6094,700,5,2025-02-20 03:39:00,pending,credit_card,2372.64
6095,120,22,2025-08-11 17:39:00,completed,boleto,706.38
6096,754,9,2025-09-12 04:42:00,completed,pix,2382.09
6097,831,33,2025-07-21 17:55:00,completed,credit_card,3419.76
6098,72,15,2025-11-18 05:34:00,completed,boleto,2913.11
6099,755,24,2025-04-22 01:50:00,completed,pix,576.84
6100,131,30,2025-04-27 03:09:00,completed,pix,1831.33
6101,457,36,2025-01-05 02:34:00,completed,debit_card,1489.68
6102,781,39,2025-05-30 03:32:00,pending,debit_card,3471.01
6103,905,6,2025-07-20 22:04:00,completed,debit_card,3376.11
6104,479,15,2025-06-08 00:41:00,completed,credit_card,462.35
6105,985,38,2025-05-11 03:55:00,completed,pix,3182.38
6106,52,39,2025-10-20 01:36:00,returned,debit_card,693.1
6107,574,22,2025-10-10 09:49:00,pending,boleto,1131.69
6108,119,3,2025-03-29 21:59:00,completed,credit_card,1249.86
6109,877,29,2025-05-13 00:13:00,completed,debit_card,1018.14
6110,264,29,2025-02-21 12:16:00,completed,credit_card,2989.29
6111,239,31,2025-03-07 19:59:00,completed,pix,1168.16
6112,351,45,2025-03-03 17:59:00,completed,boleto,2862.25
6113,893,2,2025-05-05 13:00:00,returned,pix,3480.43
6114,255,35,2025-01-22 15:19:00,completed,boleto,2945.85
6115,685,45,2025-01-30 04:39:00,completed,pix,1224.58
6116,309,9,2025-02-03 04:40:00,completed,credit_card,2495.16
6117,749,22,2025-07-30 08:25:00,cancelled,pix,1878.05
6118,831,19,2025-11-29 20:39:00,completed,boleto,2757.08
6119,607,50,2025-03-24 04:48:00,completed,credit_card,552.78
6120,849,37,2025-03-24 15:18:00,completed,credit_card,2240.71
6121,495,10,2025-06-17 14:04:00,completed,boleto,2712.36
6122,57,46,2025-12-20 22:22:00,cancelled,boleto,2669.09
6123,950,21,2025-10-25 15:03:00,returned,credit_card,3373.3
6124,403,17,2025-12-23 14:40:00,completed,boleto,223.27
6125,67,3,2025-08-12 15:18:00,completed,pix,1223.31
6126,46,7,2025-06-11 23:09:00,cancelled,pix,1678.41
6127,606,41,2025-02-12 21:08:00,completed,pix,1097.98
6128,650,37,2025-01-29 14:30:00,completed,credit_card,1098.07
6129,369,36,2025-01-28 23:58:00,completed,pix,632.93
6130,605,3,2025-03-28 03:58:00,completed,credit_card,2849.07
6131,232,13,2025-01-28 14:39:00,returned,boleto,3180.08
6132,402,41,2025-12-11 09:26:00,completed,pix,306.5
6133,908,30,2025-09-21 07:39:00,completed,credit_card,559.05
6134,561,23,2025-09-13 02:55:00,completed,debit_card,815.02
6135,23,7,2025-10-29 06:55:00,pending,pix,1791.28
6136,574,30,2025-07-18 08:26:00,completed,pix,2773.28
6137,267,29,2025-08-19 02:36:00,completed,credit_card,268.67
6138,841,8,2025-11-08 10:37:00,pending,credit_card,2236.11
6139,118,10,2025-11-30 16:53:00,completed,boleto,539.69
6140,952,33,2025-10-02 11:32:00,completed,credit_card,3400.67
6141,600,20,2025-10-12 19:40:00,completed,boleto,3147.73
6142,601,29,2025-09-29 23:17:00,completed,debit_card,3324.55
6143,55,29,2025-02-11 19:24:00,returned,boleto,389.45
6144,153,21,2025-06-22 19:07:00,completed,pix,1718.37
6145,239,1,2025-06-20 07:36:00,returned,credit_card,595.06
6146,265,34,2025-08-27 22:47:00,completed,debit_card,2109.24
6147,268,44,2025-01-15 22:38:00,returned,debit_card,829.93
6148,907,32,2025-10-12 21:55:00,completed,credit_card,2701.8
6149,113,45,2025-02-19 16:04:00,completed,pix,2261.13
6150,166,14,2025-12-27 07:35:00,completed,credit_card,2009.18
6151,668,37,2025-07-15 23:07:00,completed,credit_card,2891.79
6152,8,35,2025-01-02 16:19:00,completed,credit_card,1760.95
6153,714,24,2025-03-26 14:31:00,completed,boleto,959.08
6154,217,49,2025-10-31 06:20:00,completed,debit_card,2180.06
6155,431,1,2025-05-16 09:01:00,completed,debit_card,3350.58
6156,292,46,2025-05-03 10:02:00,completed,pix,2112.03
6157,893,6,2025-08-25 13:21:00,completed,debit_card,2211.08
6158,50,49,2025-04-06 12:39:00,pending,credit_card,3272.93
6159,107,4,2025-06-16 00:00:00,completed,debit_card,1813.16
6160,9,38,2025-08-28 17:02:00,cancelled,pix,3487.32
6161,745,1,2025-12-18 22:45:00,completed,boleto,575.62
6162,700,41,2025-07-04 03:21:00,returned,boleto,1888.9
6163,456,31,2025-08-30 22:45:00,completed,credit_card,760.89
6164,323,36,2025-05-13 18:36:00,returned,credit_card,1597.58
6165,309,9,2025-11-05 10:45:00,completed,debit_card,613.6
6166,850,41,2025-06-13 05:47:00,pending,debit_card,794.4
6167,622,45,2025-10-03 06:52:00,pending,pix,753.58
6168,995,23,2025-08-23 04:32:00,completed,credit_card,1133.71
6169,145,31,2025-05-06 13:06:00,completed,pix,488.43
6170,740,29,2025-07-24 05:05:00,pending,boleto,2836.51
6171,821,49,2025-02-15 09:10:00,completed,debit_card,787.95
6172,412,21,2025-05-06 23:37:00,completed,credit_card,1469.66
6173,114,3,2025-06-17 03:18:00,completed,debit_card,75.88
6174,575,26,2025-08-27 09:15:00,completed,credit_card,384.99
6175,399,6,2025-01-16 07:43:00,pending,boleto,3139.03
6176,275,20,2025-11-19 21:12:00,completed,pix,2933.32
6177,124,47,2025-08-25 20:50:00,completed,credit_card,2946.41
6178,86,46,2025-05-03 22:43:00,completed,debit_card,1451.51
6179,582,13,2025-04-04 12:30:00,completed,credit_card,512.53
6180,47,41,2025-01-08 08:04:00,returned,pix,395.47
6181,711,23,2025-12-25 23:39:00,completed,boleto,2127.5
6182,876,15,2025-08-05 13:49:00,completed,debit_card,2902.11
6183,944,46,2025-03-15 13:40:00,completed,boleto,3152.4
6184,201,31,2025-07-09 04:09:00,cancelled,boleto,1024.79
6185,276,4,2025-04-08 18:17:00,completed,pix,1137.17
6186,549,11,2025-05-10 09:51:00,completed,credit_card,371.05
6187,715,2,2025-03-05 06:00:00,completed,credit_card,2714.95
6188,130,16,2025-11-25 12:10:00,completed,credit_card,979.4
6189,448,31,2025-11-13 19:15:00,completed,credit_card,1693.63
6190,982,48,2025-08-09 19:32:00,completed,debit_card,3252.56
6191,804,39,2025-12-08 06:22:00,pending,boleto,2637.71
6192,389,43,2025-09-21 05:08:00,returned,credit_card,203.53
6193,576,44,2025-11-30 04:26:00,pending,boleto,48.38
6194,263,4,2025-07-07 22:28:00,completed,debit_card,2760.18
6195,966,48,2025-08-14 13:12:00,completed,debit_card,1942.7
6196,632,28,2025-08-12 16:09:00,completed,debit_card,2526.76
6197,278,16,2025-03-01 22:52:00,pending,boleto,565.72
6198,714,39,2025-11-30 17:39:00,completed,credit_card,3054.73
6199,46,25,2025-06-27 11:00:00,cancelled,boleto,2711.17
6200,168,13,2025-06-26 18:27:00,completed,credit_card,3120.12
6201,445,5,2025-08-04 08:32:00,pending,pix,1207.01
6202,622,30,2025-07-08 08:51:00,completed,credit_card,979.45
6203,46,1,2025-12-24 11:16:00,completed,credit_card,548.03
6204,724,5,2025-07-04 17:33:00,completed,credit_card,3256.71
6205,540,14,2025-11-13 14:31:00,returned,debit_card,635.37
6206,87,11,2025-11-12 00:38:00,cancelled,pix,435.22
6207,803,34,2025-07-19 20:35:00,completed,credit_card,690.52
6208,385,29,2025-08-10 14:38:00,completed,pix,2704.41
6209,669,18,2025-12-10 09:49:00,cancelled,boleto,3115.56
6210,265,15,2025-01-17 06:46:00,completed,boleto,2841.98
6211,777,46,2025-04-28 11:40:00,completed,debit_card,1980.07
6212,22,25,2025-04-11 08:46:00,completed,boleto,3478.72
6213,768,30,2025-05-23 11:22:00,completed,pix,259.61
6214,703,45,2025-02-17 04:45:00,completed,pix,3037.83
6215,450,2,2025-11-20 17:56:00,pending,pix,1508.44
6216,976,40,2025-07-09 08:14:00,completed,pix,1603.83
6217,232,27,2025-10-31 15:41:00,completed,pix,464.03
6218,186,49,2025-11-20 12:59:00,completed,debit_card,136.35
6219,326,15,2025-03-15 13:35:00,completed,credit_card,1121.87
6220,183,32,2025-12-15 05:23:00,completed,boleto,628.49
6221,397,20,2025-06-26 08:58:00,completed,pix,1702.02
6222,481,14,2025-09-19 18:04:00,completed,boleto,532.71
6223,403,27,2025-09-27 05:28:00,completed,debit_card,499.99
6224,463,3,2025-12-25 14:44:00,completed,debit_card,3071.89
6225,417,49,2025-08-23 15:04:00,completed,credit_card,3226.11
6226,202,3,2025-01-16 07:52:00,completed,debit_card,3375.47
6227,65,13,2025-02-26 06:15:00,completed,credit_card,2388.15
6228,956,25,2025-06-06 07:15:00,completed,pix,2703.14
6229,908,18,2025-02-20 12:26:00,completed,debit_card,2928.53
6230,555,1,2025-05-03 18:14:00,completed,boleto,2313.05
6231,733,39,2025-09-11 01:24:00,completed,debit_card,1169.25
6232,17,5,2025-10-05 06:33:00,completed,debit_card,564.23
6233,836,2,2025-03-31 01:39:00,pending,pix,845.71
6234,797,30,2025-01-22 11:16:00,completed,credit_card,2944.64
6235,183,17,2025-01-17 03:39:00,cancelled,credit_card,2442.42
6236,391,29,2025-11-07 06:39:00,pending,debit_card,1606.17
6237,44,42,2025-07-25 20:37:00,pending,boleto,122.33
6238,973,4,2025-01-05 21:23:00,completed,debit_card,946.39
6239,901,9,2025-03-16 07:29:00,cancelled,boleto,2556.56
6240,700,21,2025-05-26 05:37:00,completed,pix,1803.11
6241,902,43,2025-04-23 11:00:00,completed,pix,1535.65
6242,482,12,2025-12-27 17:46:00,completed,credit_card,1111.6
6243,263,12,2025-03-12 00:04:00,returned,boleto,2132.12
6244,174,50,2025-02-17 22:00:00,completed,debit_card,3383.02
6245,441,4,2025-02-28 10:59:00,cancelled,debit_card,3155.91
6246,566,28,2025-11-26 15:46:00,completed,debit_card,126.13
6247,220,9,2025-01-17 14:00:00,cancelled,debit_card,1693.72
6248,558,40,2025-10-01 05:51:00,cancelled,pix,1166.55
6249,394,32,2025-10-02 02:38:00,returned,boleto,1796.9
6250,772,13,2025-11-22 17:34:00,completed,pix,2129.62
6251,195,34,2025-04-30 17:58:00,cancelled,boleto,716.1
6252,409,19,2025-10-20 02:41:00,returned,credit_card,2739.86
6253,471,14,2025-11-06 09:44:00,completed,boleto,1673.24
6254,347,5,2025-08-20 19:58:00,completed,debit_card,3472.18
6255,462,27,2025-10-05 02:22:00,completed,pix,107.44
6256,61,28,2025-11-29 23:30:00,completed,debit_card,680.22
6257,166,26,2025-02-09 09:31:00,pending,boleto,2419.91
6258,672,10,2025-02-22 02:10:00,completed,boleto,2439.23
6259,151,24,2025-06-22 23:31:00,completed,credit_card,2046.02
6260,111,17,2025-07-24 16:23:00,completed,boleto,3402.42
6261,488,16,2025-02-19 12:46:00,completed,boleto,1465.3
6262,549,17,2025-08-23 14:50:00,completed,debit_card,1471.29
6263,3,1,2025-12-15 06:18:00,cancelled,boleto,3188.46
6264,483,21,2025-03-21 20:58:00,completed,boleto,1893.78
6265,13,47,2025-11-05 17:40:00,pending,pix,1250.97
6266,162,49,2025-12-06 13:28:00,pending,pix,2521.9
6267,344,43,2025-11-15 03:28:00,completed,credit_card,2176.45
6268,449,22,2025-02-07 22:45:00,completed,credit_card,1086.31
6269,332,5,2025-11-24 09:06:00,completed,debit_card,1056.79
6270,264,36,2025-02-26 15:48:00,completed,debit_card,1396.73
6271,83,21,2025-05-05 17:34:00,completed,pix,269.24
6272,777,9,2025-03-20 22:53:00,completed,pix,3300.31
6273,924,27,2025-01-08 08:07:00,returned,pix,656.91
6274,334,48,2025-07-02 06:23:00,completed,credit_card,694.51
6275,380,12,2025-03-04 12:05:00,completed,credit_card,2271.69
6276,219,18,2025-11-29 20:56:00,returned,boleto,2540.38
6277,658,35,2025-01-04 07:51:00,cancelled,credit_card,2584.19
6278,810,15,2025-12-07 14:48:00,cancelled,boleto,1325.26
6279,809,50,2025-04-02 06:01:00,cancelled,debit_card,3059.18
6280,454,44,2025-05-23 16:19:00,completed,credit_card,1913.12
6281,673,30,2025-02-12 09:12:00,cancelled,debit_card,1546.28
6282,741,45,2025-11-05 10:41:00,returned,boleto,2840.14
6283,746,33,2025-05-14 01:54:00,completed,debit_card,867.59
6284,89,36,2025-08-14 20:59:00,completed,debit_card,3013.45
6285,333,40,2025-06-02 04:42:00,completed,credit_card,1895.13
6286,310,30,2025-01-20 05:16:00,completed,boleto,3152.2
6287,727,26,2025-11-12 22:06:00,completed,boleto,721.61
6288,420,21,2025-04-27 15:55:00,completed,pix,3277.5
6289,609,37,2025-07-22 17:46:00,completed,credit_card,2413.81
6290,725,43,2025-09-02 18:35:00,completed,credit_card,2171.78
6291,354,31,2025-11-13 18:00:00,completed,boleto,1488.79
6292,824,17,2025-03-28 15:46:00,pending,credit_card,3347.98
6293,100,17,2025-01-07 11:04:00,completed,debit_card,1564.84
6294,145,34,2025-04-01 04:11:00,completed,pix,1754.93
6295,10,24,2025-09-23 21:13:00,completed,boleto,2739.61
6296,983,33,2025-02-11 09:42:00,completed,credit_card,1011.25
6297,44,4,2025-08-08 16:39:00,completed,credit_card,1034.4
6298,763,9,2025-10-09 18:17:00,completed,debit_card,2718.04
6299,386,2,2025-06-22 23:49:00,pending,credit_card,467.46
6300,739,35,2025-07-18 17:32:00,completed,credit_card,2883.92
6301,910,38,2025-07-21 00:05:00,completed,debit_card,2195.61
6302,761,45,2025-07-28 10:39:00,completed,credit_card,1896.01
6303,495,15,2025-05-02 16:31:00,completed,pix,817.3
6304,493,43,2025-08-01 09:38:00,cancelled,debit_card,2756.56
6305,169,42,2025-02-26 01:22:00,completed,boleto,2821.24
6306,642,3,2025-07-19 13:34:00,pending,pix,1700.64
6307,531,31,2025-02-04 05:02:00,completed,credit_card,1374.31
6308,336,41,2025-01-29 23:22:00,completed,debit_card,876.64
6309,747,42,2025-06-17 04:20:00,cancelled,debit_card,2644.73
6310,857,23,2025-03-12 00:08:00,pending,credit_card,2245.29
6311,513,12,2025-06-27 08:56:00,cancelled,boleto,739.08
6312,130,8,2025-07-02 00:48:00,completed,pix,2784.75
6313,539,21,2025-10-04 16:55:00,cancelled,credit_card,3090.07
6314,514,21,2025-08-06 09:10:00,completed,boleto,226.18
6315,250,32,2025-10-19 22:51:00,cancelled,debit_card,2708.02
6316,734,17,2025-03-14 16:57:00,completed,debit_card,2987.75
6317,947,37,2025-12-05 22:35:00,completed,debit_card,3470.45
6318,138,24,2025-06-10 19:32:00,cancelled,credit_card,846.85
6319,275,8,2025-04-14 14:17:00,completed,boleto,1311.09
6320,464,18,2025-04-22 16:11:00,completed,credit_card,3382.35
6321,141,11,2025-12-19 01:17:00,cancelled,credit_card,347.17
6322,944,10,2025-04-24 05:21:00,completed,pix,1842.5
6323,256,26,2025-10-02 07:52:00,completed,pix,1783.47
6324,882,47,2025-06-28 19:11:00,completed,pix,2130.79
6325,824,6,2025-03-05 21:39:00,completed,boleto,1171.16
6326,456,17,2025-03-17 16:57:00,completed,debit_card,3242.19
6327,952,23,2025-06-01 13:00:00,completed,pix,959.81
6328,434,42,2025-03-15 00:33:00,completed,debit_card,2280.94
6329,607,37,2025-09-06 20:29:00,completed,boleto,1745.83
6330,173,28,2025-01-09 21:29:00,completed,pix,948.02
6331,473,16,2025-07-28 17:32:00,pending,pix,677.21
6332,955,12,2025-03-19 04:06:00,completed,debit_card,3348.84
6333,423,21,2025-09-02 18:25:00,pending,credit_card,1973.29
6334,917,24,2025-09-29 06:59:00,completed,boleto,2122.58
6335,439,28,2025-01-13 07:18:00,completed,boleto,2744.48
6336,57,37,2025-07-13 15:29:00,completed,pix,302.67
6337,498,21,2025-08-31 21:22:00,cancelled,boleto,2503.9
6338,614,33,2025-02-13 11:18:00,completed,debit_card,594.69
6339,169,2,2025-07-10 13:03:00,cancelled,credit_card,2596.87
6340,989,37,2025-04-12 10:35:00,completed,credit_card,511.82
6341,582,19,2025-04-17 07:00:00,pending,boleto,2917.08
6342,850,28,2025-11-08 21:10:00,completed,credit_card,2389.94
6343,561,15,2025-12-24 21:00:00,cancelled,debit_card,1362.9
6344,428,1,2025-06-03 19:56:00,completed,pix,1268.74
6345,419,43,2025-09-04 16:47:00,completed,pix,538.34
6346,347,28,2025-02-16 03:26:00,completed,boleto,3166.11
6347,517,50,2025-01-24 09:57:00,completed,boleto,432.48
6348,455,35,2025-06-01 16:17:00,completed,boleto,1662.83
6349,714,32,2025-04-20 12:43:00,completed,pix,843.08
6350,202,28,2025-09-21 10:26:00,completed,boleto,3487.22
6351,179,9,2025-09-25 00:53:00,returned,credit_card,2058.74
6352,57,24,2025-03-18 01:25:00,completed,pix,540.55
6353,698,4,2025-11-14 01:26:00,cancelled,debit_card,2343.12
6354,604,45,2025-05-28 23:32:00,returned,boleto,3470.8
6355,804,41,2025-01-04 05:26:00,returned,pix,2125.55
6356,906,3,2025-07-29 14:57:00,cancelled,boleto,1611.68
6357,946,48,2025-08-18 05:20:00,cancelled,pix,1040.58
6358,995,22,2025-05-02 19:23:00,completed,pix,340.59
6359,501,40,2025-07-17 10:49:00,completed,pix,814.3
6360,739,39,2025-08-29 13:27:00,completed,debit_card,1946.6
6361,933,49,2025-11-16 06:50:00,completed,pix,2643.17
6362,112,25,2025-07-12 22:45:00,completed,credit_card,3075.2
6363,148,48,2025-05-19 23:44:00,completed,boleto,2782.12
6364,781,22,2025-12-10 23:39:00,completed,boleto,456.62
6365,715,50,2025-03-10 22:40:00,cancelled,boleto,2711.64
6366,378,48,2025-01-27 20:25:00,completed,pix,2043.98
6367,877,47,2025-07-13 03:01:00,completed,boleto,1652.49
6368,915,34,2025-03-21 01:08:00,completed,credit_card,2013.22
6369,348,20,2025-03-05 01:35:00,completed,credit_card,48.1
6370,358,36,2025-05-16 08:14:00,returned,credit_card,255.7
6371,56,37,2025-04-25 09:14:00,completed,debit_card,1849.96
6372,813,39,2025-01-23 11:16:00,completed,credit_card,624.19
6373,316,27,2025-07-04 16:33:00,completed,credit_card,1918.48
6374,964,47,2025-07-08 14:49:00,completed,boleto,1252.66
6375,185,49,2025-08-22 07:48:00,completed,pix,3177.79
6376,54,32,2025-05-17 08:02:00,completed,boleto,3324.9
6377,37,42,2025-02-01 23:03:00,completed,debit_card,3429.65
6378,723,29,2025-05-04 09:36:00,completed,debit_card,3148.3
6379,805,41,2025-10-24 04:12:00,cancelled,debit_card,3450.9
6380,270,48,2025-05-26 21:24:00,completed,credit_card,2477.39
6381,863,32,2025-04-04 09:51:00,completed,credit_card,3362.69
6382,732,24,2025-11-29 16:24:00,completed,credit_card,2253.44
6383,508,3,2025-02-24 15:12:00,completed,pix,2836.07
6384,228,27,2025-11-25 09:59:00,cancelled,boleto,479.05
6385,428,9,2025-01-13 00:20:00,completed,credit_card,2395.45
6386,870,40,2025-08-12 21:53:00,returned,debit_card,3260.24
6387,723,23,2025-10-12 23:58:00,completed,pix,1899.37
6388,810,7,2025-11-19 00:43:00,cancelled,pix,670.13
6389,1,17,2025-11-05 10:08:00,completed,debit_card,1853.57
6390,23,37,2025-01-14 15:39:00,completed,credit_card,2480.15
6391,503,7,2025-06-20 07:39:00,completed,pix,2698.86
6392,448,30,2025-10-24 09:22:00,completed,debit_card,1842.48
6393,796,13,2025-01-08 04:40:00,completed,credit_card,776.44
6394,496,18,2025-12-16 14:47:00,completed,pix,3244.88
6395,900,31,2025-02-03 21:11:00,pending,pix,2712.19
6396,425,22,2025-10-03 04:41:00,completed,boleto,962.0
6397,700,14,2025-12-20 08:10:00,completed,boleto,2845.11
6398,18,18,2025-07-10 14:04:00,cancelled,pix,1230.56
6399,959,35,2025-01-19 21:29:00,completed,pix,1107.26
6400,445,17,2025-12-15 06:23:00,cancelled,pix,3023.51
6401,561,19,2025-07-16 13:51:00,completed,boleto,3058.86
6402,559,31,2025-12-16 17:43:00,completed,credit_card,1406.72
6403,627,39,2025-09-26 02:20:00,completed,boleto,51.05
6404,39,36,2025-06-22 11:02:00,cancelled,debit_card,669.25
6405,729,15,2025-10-18 11:58:00,cancelled,pix,3184.35
6406,210,29,2025-02-10 03:23:00,returned,debit_card,3147.65
6407,774,40,2025-10-28 15:59:00,completed,debit_card,1597.64
6408,211,16,2025-04-03 19:04:00,pending,debit_card,1078.33
6409,565,33,2025-08-26 11:14:00,completed,boleto,1073.56
6410,972,25,2025-02-01 12:20:00,completed,boleto,3142.24
6411,281,16,2025-04-22 08:02:00,cancelled,credit_card,1150.07
6412,867,30,2025-12-16 00:50:00,completed,debit_card,1800.3
6413,833,34,2025-09-23 14:25:00,completed,debit_card,2563.92
6414,133,2,2025-12-27 15:39:00,completed,boleto,748.99
6415,449,40,2025-07-09 08:27:00,pending,debit_card,903.36
6416,264,44,2025-08-02 15:54:00,completed,boleto,1266.06
6417,807,43,2025-03-19 19:15:00,completed,pix,2296.7
6418,111,38,2025-05-03 00:37:00,returned,pix,2864.87
6419,555,18,2025-11-13 05:18:00,completed,debit_card,1922.54
6420,850,5,2025-08-26 10:46:00,completed,credit_card,482.59
6421,238,47,2025-08-25 11:26:00,completed,boleto,1572.93
6422,891,40,2025-04-27 18:37:00,pending,pix,464.36
6423,457,6,2025-11-05 17:33:00,completed,pix,327.27
6424,901,12,2025-04-11 09:02:00,completed,debit_card,2071.87
6425,759,12,2025-09-14 15:21:00,completed,boleto,3347.62
6426,516,12,2025-05-26 22:34:00,completed,debit_card,2934.89
6427,876,9,2025-05-29 04:36:00,completed,boleto,2715.16
6428,861,42,2025-05-07 06:44:00,completed,credit_card,2550.15
6429,897,22,2025-12-30 01:17:00,completed,boleto,3142.0
6430,862,49,2025-09-02 01:24:00,returned,pix,2639.87
6431,824,50,2025-07-06 15:34:00,completed,debit_card,2201.53
6432,173,16,2025-09-08 16:53:00,returned,boleto,1289.09
6433,193,4,2025-04-12 08:11:00,completed,pix,371.28
6434,515,50,2025-10-15 18:39:00,completed,debit_card,1624.4
6435,790,3,2025-06-08 16:15:00,completed,debit_card,3238.25
6436,968,16,2025-06-26 22:49:00,cancelled,credit_card,2049.19
6437,568,14,2025-01-11 10:21:00,completed,pix,662.07
6438,786,41,2025-11-08 15:41:00,returned,boleto,2278.6
6439,409,38,2025-11-03 10:19:00,completed,pix,1639.81
6440,688,4,2025-02-14 16:41:00,completed,debit_card,3261.2
6441,628,2,2025-03-10 15:21:00,completed,credit_card,580.07
6442,84,10,2025-06-21 01:00:00,completed,boleto,2497.8
6443,671,11,2025-04-22 15:46:00,completed,credit_card,2391.98
6444,798,39,2025-08-17 12:55:00,completed,credit_card,3442.72
6445,80,26,2025-10-31 08:41:00,completed,pix,1985.89
6446,578,37,2025-06-29 11:46:00,completed,debit_card,3053.08
6447,209,26,2025-11-29 18:38:00,completed,debit_card,106.0
6448,522,4,2025-07-04 16:34:00,completed,boleto,447.66
6449,199,26,2025-06-29 09:08:00,completed,credit_card,1223.87
6450,571,38,2025-03-11 08:15:00,completed,credit_card,2175.26
6451,234,28,2025-03-26 12:21:00,completed,credit_card,1582.8
6452,819,2,2025-12-08 20:41:00,cancelled,pix,725.38
6453,244,2,2025-08-25 05:51:00,completed,debit_card,2070.43
6454,891,16,2025-03-18 22:11:00,returned,credit_card,1992.11
6455,393,23,2025-01-05 06:43:00,completed,credit_card,1845.08
6456,566,23,2025-01-12 03:45:00,completed,debit_card,335.14
6457,446,13,2025-09-24 23:47:00,completed,boleto,3246.05
6458,849,21,2025-08-29 00:00:00,completed,pix,2081.05
6459,393,39,2025-12-12 15:21:00,completed,pix,938.69
6460,9,25,2025-06-22 20:44:00,completed,pix,2412.22
6461,613,37,2025-08-07 13:31:00,completed,debit_card,1126.32
6462,920,49,2025-08-05 13:37:00,completed,pix,1780.38
6463,807,13,2025-05-24 16:55:00,pending,credit_card,1207.14
6464,715,15,2025-02-20 12:03:00,completed,pix,3083.77
6465,904,28,2025-06-07 03:33:00,completed,debit_card,3479.05
6466,153,3,2025-05-13 06:37:00,returned,pix,580.91
6467,110,23,2025-04-26 07:00:00,completed,boleto,102.05
6468,834,4,2025-07-28 09:05:00,completed,boleto,783.24
6469,266,47,2025-11-20 11:07:00,cancelled,debit_card,2073.03
6470,373,50,2025-11-23 13:03:00,completed,debit_card,625.35
6471,152,3,2025-12-21 23:34:00,completed,boleto,2843.97
6472,976,39,2025-10-15 16:47:00,completed,pix,1442.17
6473,595,8,2025-05-05 13:14:00,completed,credit_card,2144.65
6474,955,43,2025-08-11 15:09:00,completed,debit_card,1605.55
6475,415,25,2025-08-28 03:12:00,completed,boleto,3163.58
6476,907,41,2025-11-08 03:12:00,completed,pix,142.27
6477,646,12,2025-09-13 20:27:00,completed,debit_card,2557.97
6478,326,5,2025-03-01 13:39:00,pending,pix,2289.56
6479,672,33,2025-01-03 03:00:00,pending,credit_card,2280.31
6480,551,46,2025-07-11 13:55:00,pending,debit_card,1460.68
6481,176,25,2025-08-25 02:14:00,cancelled,credit_card,74.55
6482,525,25,2025-12-24 08:23:00,completed,credit_card,2418.56
6483,315,35,2025-01-11 02:31:00,cancelled,credit_card,2906.56
6484,67,15,2025-09-04 19:51:00,completed,boleto,316.6
6485,952,42,2025-07-18 21:42:00,completed,credit_card,1556.83
6486,760,26,2025-12-03 09:25:00,completed,credit_card,585.83
6487,553,10,2025-01-11 12:21:00,completed,pix,2146.06
6488,184,24,2025-08-18 04:57:00,pending,boleto,2753.9
6489,35,35,2025-07-21 02:36:00,completed,boleto,2340.14
6490,934,29,2025-10-16 20:21:00,completed,boleto,1126.85
6491,505,38,2025-03-20 20:15:00,completed,boleto,506.27
6492,849,5,2025-04-10 03:30:00,completed,credit_card,2784.05
6493,963,24,2025-06-16 15:07:00,cancelled,pix,1147.23
6494,802,19,2025-07-03 16:29:00,returned,credit_card,97.05
6495,76,46,2025-04-03 09:01:00,completed,credit_card,2008.55
6496,472,49,2025-09-15 06:40:00,completed,boleto,878.44
6497,582,44,2025-01-23 03:52:00,completed,boleto,2947.4
6498,746,9,2025-02-09 13:07:00,cancelled,debit_card,518.53
6499,523,26,2025-12-23 17:16:00,completed,pix,1533.11
6500,880,25,2025-12-07 21:53:00,returned,boleto,900.89
6501,283,35,2025-01-31 19:47:00,completed,boleto,2419.81
6502,816,50,2025-07-13 12:12:00,cancelled,credit_card,1928.89
6503,536,36,2025-08-02 16:56:00,completed,credit_card,2772.64
6504,274,14,2025-01-02 07:59:00,completed,credit_card,1615.97
6505,539,6,2025-04-08 16:49:00,completed,boleto,36.73
6506,54,32,2025-11-22 08:04:00,cancelled,pix,768.88
6507,55,26,2025-01-24 02:58:00,cancelled,boleto,3497.07
6508,888,15,2025-06-14 17:45:00,completed,boleto,1430.6
6509,745,49,2025-06-12 07:25:00,completed,pix,2178.42
6510,277,31,2025-07-12 02:00:00,returned,boleto,3169.16
6511,443,37,2025-03-18 02:39:00,returned,boleto,91.42
6512,883,38,2025-02-28 03:21:00,completed,pix,2315.43
6513,418,37,2025-08-31 17:25:00,completed,boleto,1023.55
6514,632,19,2025-07-08 10:52:00,completed,debit_card,991.78
6515,225,14,2025-11-14 05:11:00,cancelled,debit_card,802.48
6516,570,36,2025-09-30 16:13:00,completed,credit_card,2883.1
6517,255,37,2025-08-20 20:29:00,completed,boleto,1317.86
6518,176,11,2025-04-23 00:18:00,completed,pix,253.57
6519,566,27,2025-05-22 19:42:00,completed,pix,357.04
6520,146,2,2025-08-12 02:03:00,completed,debit_card,537.18
6521,771,22,2025-03-20 03:57:00,completed,credit_card,3148.27
6522,664,2,2025-12-11 17:29:00,completed,boleto,1507.5
6523,385,20,2025-07-02 10:21:00,pending,pix,3207.85
6524,262,44,2025-04-01 21:18:00,returned,pix,2864.83
6525,531,48,2025-11-14 02:10:00,completed,boleto,2935.83
6526,854,17,2025-05-17 21:18:00,completed,credit_card,1018.17
6527,371,4,2025-05-18 07:45:00,completed,debit_card,964.17
6528,683,14,2025-06-24 13:26:00,pending,boleto,1969.04
6529,891,7,2025-09-28 02:18:00,pending,boleto,1474.38
6530,904,15,2025-12-04 22:49:00,completed,boleto,1791.53
6531,197,30,2025-02-21 16:42:00,cancelled,debit_card,205.15
6532,948,16,2025-04-03 20:46:00,completed,pix,3401.13
6533,585,40,2025-03-30 09:49:00,completed,boleto,222.43
6534,815,2,2025-12-23 16:44:00,completed,boleto,642.33
6535,597,19,2025-05-09 06:01:00,cancelled,boleto,2380.14
6536,284,1,2025-10-08 05:52:00,completed,boleto,561.15
6537,302,31,2025-08-03 17:01:00,returned,credit_card,391.91
6538,132,4,2025-04-13 06:38:00,pending,credit_card,554.6
6539,120,27,2025-01-31 06:03:00,completed,credit_card,235.48
6540,728,25,2025-01-13 18:01:00,completed,pix,894.59
6541,136,22,2025-02-21 17:09:00,completed,boleto,963.5
6542,628,43,2025-12-28 12:21:00,pending,boleto,1755.2
6543,573,10,2025-12-21 13:31:00,completed,boleto,1546.75
6544,529,50,2025-06-12 16:55:00,completed,boleto,1668.52
6545,34,33,2025-01-19 14:59:00,cancelled,debit_card,2163.82
6546,532,49,2025-09-24 23:54:00,cancelled,debit_card,823.75
6547,208,48,2025-01-07 02:38:00,completed,debit_card,488.77
6548,970,44,2025-10-23 19:23:00,pending,boleto,3078.5
6549,674,30,2025-06-26 06:00:00,completed,debit_card,2226.12
6550,299,30,2025-10-11 11:44:00,completed,debit_card,231.11
6551,522,16,2025-11-14 13:31:00,completed,pix,3364.46
6552,94,9,2025-10-06 16:56:00,pending,pix,2431.88
6553,414,17,2025-01-13 14:50:00,completed,debit_card,547.93
6554,371,35,2025-01-12 06:59:00,completed,debit_card,3392.59
6555,409,50,2025-07-17 09:23:00,completed,pix,1291.62
6556,383,47,2025-04-08 17:21:00,returned,debit_card,3446.1
6557,441,15,2025-03-31 20:34:00,completed,boleto,379.4
6558,878,48,2025-08-12 04:42:00,completed,debit_card,576.69
6559,447,28,2025-04-30 12:29:00,completed,boleto,2307.82
6560,619,20,2025-07-10 05:49:00,completed,debit_card,97.06
6561,617,33,2025-12-20 14:52:00,completed,credit_card,85.04
6562,71,33,2025-06-26 19:19:00,pending,debit_card,2776.1
6563,943,36,2025-01-30 23:07:00,completed,credit_card,603.88
6564,84,13,2025-02-21 14:00:00,returned,debit_card,3217.39
6565,209,4,2025-05-04 00:05:00,completed,debit_card,1502.12
6566,259,23,2025-09-14 04:41:00,completed,boleto,3060.31
6567,239,8,2025-12-03 12:49:00,completed,pix,1473.82
6568,302,13,2025-09-29 04:23:00,completed,pix,1865.2
6569,232,24,2025-02-22 22:15:00,returned,boleto,1121.47
6570,932,40,2025-09-06 06:29:00,pending,pix,2310.11
6571,282,46,2025-07-09 16:09:00,completed,credit_card,1127.34
6572,394,30,2025-07-10 15:35:00,completed,credit_card,796.63
6573,418,30,2025-07-01 22:08:00,completed,debit_card,302.04
6574,206,25,2025-07-25 21:48:00,completed,credit_card,220.69
6575,264,33,2025-08-28 06:23:00,pending,pix,1084.79
6576,311,9,2025-12-07 10:51:00,pending,credit_card,2582.93
6577,859,26,2025-12-23 23:40:00,completed,debit_card,735.56
6578,906,24,2025-06-05 20:02:00,completed,credit_card,1061.31
6579,697,33,2025-05-10 20:08:00,completed,pix,3170.0
6580,626,39,2025-12-15 12:14:00,cancelled,boleto,2244.27
6581,79,25,2025-08-30 15:22:00,completed,debit_card,3220.63
6582,869,45,2025-08-20 11:04:00,completed,boleto,3191.07
6583,342,15,2025-03-31 00:05:00,completed,credit_card,240.67
6584,813,41,2025-06-09 22:34:00,completed,debit_card,3343.43
6585,562,48,2025-10-06 17:52:00,completed,debit_card,198.1
6586,832,49,2025-07-25 07:53:00,pending,credit_card,3241.15
6587,95,41,2025-11-09 05:42:00,returned,debit_card,1922.63
6588,770,6,2025-08-02 04:43:00,completed,credit_card,1875.5
6589,941,20,2025-06-10 01:42:00,completed,boleto,2502.16
6590,351,44,2025-12-28 15:26:00,completed,boleto,3079.66
6591,62,16,2025-07-29 16:31:00,pending,pix,2167.18
6592,142,21,2025-09-29 03:29:00,completed,pix,1500.39
6593,842,15,2025-08-06 00:19:00,cancelled,credit_card,409.37
6594,734,39,2025-12-11 04:55:00,cancelled,credit_card,2766.45
6595,868,42,2025-07-08 02:15:00,completed,boleto,466.46
6596,111,4,2025-11-13 20:55:00,completed,debit_card,2547.75
6597,616,24,2025-01-06 11:44:00,completed,credit_card,1857.18
6598,527,3,2025-03-25 08:35:00,completed,debit_card,1362.71
6599,782,50,2025-05-10 06:48:00,completed,pix,2153.19
6600,671,1,2025-06-03 22:26:00,completed,boleto,2707.8
6601,157,30,2025-07-04 04:37:00,completed,credit_card,3295.17
6602,539,13,2025-07-19 08:22:00,pending,pix,941.15
6603,597,18,2025-05-15 12:28:00,completed,credit_card,3316.01
6604,9,40,2025-04-08 13:06:00,completed,pix,3364.1
6605,276,11,2025-03-28 11:01:00,pending,boleto,2851.43
6606,227,42,2025-03-07 01:48:00,completed,credit_card,3087.4
6607,186,29,2025-06-13 14:43:00,pending,credit_card,2429.65
6608,591,4,2025-12-24 13:48:00,completed,debit_card,156.06
6609,216,25,2025-12-30 13:26:00,completed,debit_card,2021.27
6610,433,36,2025-04-19 21:57:00,completed,credit_card,2620.27
6611,569,36,2025-10-02 16:36:00,returned,boleto,3297.13
6612,656,44,2025-12-27 21:16:00,pending,debit_card,2005.17
6613,356,40,2025-07-12 11:29:00,completed,credit_card,2783.82
6614,843,28,2025-07-07 00:09:00,returned,credit_card,2473.53
6615,392,45,2025-05-10 18:29:00,pending,pix,997.19
6616,579,8,2025-10-17 13:28:00,completed,boleto,558.45
6617,275,21,2025-03-17 02:18:00,completed,debit_card,2633.15
6618,494,35,2025-02-13 02:00:00,completed,debit_card,833.51
6619,617,44,2025-12-17 13:08:00,completed,pix,871.53
6620,451,18,2025-11-14 23:04:00,completed,credit_card,2260.93
6621,420,47,2025-02-09 10:55:00,completed,debit_card,2765.96
6622,985,25,2025-05-31 12:21:00,completed,credit_card,2046.52
6623,700,46,2025-03-20 07:49:00,completed,debit_card,3099.74
6624,164,41,2025-10-25 20:26:00,completed,debit_card,755.82
6625,779,5,2025-04-27 10:04:00,completed,credit_card,898.4
6626,563,47,2025-05-09 13:02:00,completed,credit_card,2236.61
6627,638,8,2025-08-18 04:48:00,completed,debit_card,2906.2
6628,592,23,2025-06-14 21:49:00,returned,pix,1896.94
6629,183,3,2025-02-23 12:48:00,completed,pix,56.13
6630,310,44,2025-12-14 18:52:00,completed,pix,2375.76
6631,17,37,2025-06-13 03:07:00,completed,pix,2851.27
6632,446,31,2025-02-09 23:20:00,completed,pix,982.37
6633,170,29,2025-05-30 00:41:00,completed,credit_card,208.61
6634,280,41,2025-09-19 12:46:00,completed,debit_card,1822.47
6635,913,20,2025-05-08 23:26:00,completed,pix,166.7
6636,816,3,2025-07-14 13:01:00,completed,boleto,1467.74
6637,340,23,2025-03-26 05:06:00,completed,debit_card,82.01
6638,726,40,2025-01-03 13:19:00,completed,boleto,802.88
6639,710,21,2025-12-06 01:21:00,completed,credit_card,1373.1
6640,519,13,2025-05-24 02:56:00,completed,debit_card,408.74
6641,910,8,2025-11-07 12:34:00,pending,credit_card,417.26
6642,11,5,2025-06-07 12:12:00,completed,boleto,2898.17
6643,524,25,2025-01-17 05:42:00,completed,debit_card,164.16
6644,622,39,2025-04-21 02:19:00,completed,debit_card,2417.6
6645,133,37,2025-11-11 06:12:00,returned,credit_card,2854.4
6646,901,41,2025-09-18 03:32:00,completed,debit_card,474.91
6647,640,5,2025-01-05 16:44:00,completed,boleto,699.89
6648,148,8,2025-02-12 22:36:00,completed,credit_card,2252.4
6649,566,44,2025-07-24 05:07:00,completed,boleto,1118.45
6650,823,4,2025-06-27 02:33:00,completed,debit_card,1677.95
6651,954,41,2025-01-12 07:32:00,returned,boleto,2929.29
6652,79,22,2025-07-16 14:03:00,completed,debit_card,500.18
6653,346,14,2025-06-19 06:52:00,cancelled,boleto,2176.39
6654,609,19,2025-01-14 01:20:00,completed,boleto,3299.54
6655,249,13,2025-02-09 04:40:00,cancelled,pix,219.98
6656,639,35,2025-10-17 05:02:00,completed,debit_card,228.82
6657,542,4,2025-11-06 17:41:00,completed,pix,1950.5
6658,24,33,2025-11-09 13:07:00,cancelled,pix,3361.06
6659,471,22,2025-09-04 23:22:00,completed,credit_card,787.25
6660,201,1,2025-04-28 18:13:00,returned,credit_card,1171.16
6661,131,11,2025-02-09 17:27:00,completed,boleto,363.29
6662,634,16,2025-02-13 03:57:00,returned,debit_card,1280.62
6663,356,4,2025-04-04 06:08:00,completed,credit_card,174.28
6664,944,29,2025-03-07 02:58:00,pending,pix,1374.05
6665,839,39,2025-04-01 06:56:00,completed,debit_card,1953.1
6666,150,44,2025-04-27 19:24:00,completed,boleto,3413.02
6667,526,38,2025-03-18 18:53:00,pending,boleto,2867.99
6668,304,24,2025-03-25 20:10:00,pending,credit_card,2880.79
6669,541,9,2025-02-14 13:46:00,completed,credit_card,813.94
6670,50,8,2025-12-17 22:29:00,completed,credit_card,323.58
6671,464,14,2025-01-14 01:01:00,completed,boleto,2118.7
6672,240,15,2025-06-15 01:17:00,completed,pix,1833.56
6673,482,22,2025-06-28 19:46:00,completed,credit_card,1817.43
6674,906,37,2025-01-22 14:46:00,pending,boleto,399.35
6675,455,15,2025-06-15 10:17:00,completed,debit_card,1738.72
6676,985,6,2025-10-16 17:54:00,completed,boleto,543.24
6677,283,1,2025-12-24 23:14:00,returned,debit_card,1488.96
6678,335,20,2025-07-14 11:07:00,completed,debit_card,236.33
6679,352,41,2025-08-10 04:51:00,completed,pix,3001.99
6680,668,36,2025-07-01 08:41:00,pending,credit_card,65.87
6681,649,2,2025-02-16 00:26:00,pending,debit_card,3288.84
6682,327,6,2025-12-31 03:04:00,completed,credit_card,3022.86
6683,336,2,2025-07-23 21:21:00,pending,boleto,2639.08
6684,666,3,2025-10-02 14:59:00,completed,credit_card,3439.28
6685,995,7,2025-11-08 06:47:00,completed,boleto,207.29
6686,81,20,2025-04-03 04:53:00,pending,debit_card,2252.76
6687,87,49,2025-08-22 07:43:00,completed,pix,2975.57
6688,776,41,2025-02-25 23:56:00,completed,debit_card,460.63
6689,258,41,2025-09-14 20:01:00,pending,boleto,2055.02
6690,991,5,2025-02-16 04:03:00,completed,debit_card,1390.85
6691,185,25,2025-01-15 05:45:00,completed,pix,1536.68
6692,692,38,2025-10-05 14:49:00,returned,credit_card,3195.58
6693,698,18,2025-05-27 20:34:00,pending,boleto,1894.51
6694,123,1,2025-03-08 16:08:00,returned,credit_card,344.55
6695,889,25,2025-01-31 19:08:00,returned,pix,3281.51
6696,96,17,2025-07-07 02:17:00,completed,debit_card,664.53
6697,605,46,2025-08-15 15:40:00,pending,pix,3126.38
6698,515,15,2025-04-04 11:27:00,completed,boleto,3398.8
6699,904,5,2025-03-16 09:57:00,pending,boleto,3074.87
6700,443,17,2025-12-31 17:16:00,pending,debit_card,2376.43
6701,514,21,2025-06-25 04:59:00,completed,boleto,2607.56
6702,991,23,2025-05-20 17:45:00,completed,pix,2455.54
6703,958,43,2025-03-17 05:52:00,completed,boleto,1622.62
6704,371,10,2025-03-08 15:27:00,pending,credit_card,974.98
6705,305,17,2025-09-01 20:13:00,pending,pix,1011.81
6706,357,1,2025-05-28 15:48:00,completed,pix,2564.46
6707,148,37,2025-03-19 16:49:00,completed,boleto,2198.61
6708,285,48,2025-07-01 23:43:00,cancelled,debit_card,2055.4
6709,657,7,2025-08-05 07:07:00,completed,debit_card,2291.08
6710,842,12,2025-09-02 11:33:00,completed,debit_card,2716.26
6711,873,40,2025-02-02 00:25:00,completed,boleto,2624.23
6712,918,50,2025-10-22 00:20:00,cancelled,boleto,386.78
6713,262,1,2025-04-03 07:57:00,pending,boleto,1283.36
6714,574,20,2025-01-01 17:29:00,completed,pix,938.61
6715,491,44,2025-08-01 02:15:00,completed,pix,1893.07
6716,738,31,2025-02-16 07:37:00,completed,boleto,233.73
6717,31,4,2025-11-16 03:27:00,cancelled,debit_card,2673.37
6718,702,26,2025-01-26 08:54:00,completed,credit_card,390.72
6719,887,12,2025-03-06 14:34:00,completed,debit_card,964.48
6720,268,22,2025-02-10 08:17:00,completed,pix,2743.94
6721,12,1,2025-07-19 10:21:00,cancelled,pix,199.43
6722,191,1,2025-10-26 01:43:00,completed,debit_card,2317.5
6723,400,3,2025-11-25 06:14:00,completed,debit_card,3237.18
6724,537,12,2025-12-21 15:48:00,pending,pix,2169.38
6725,918,21,2025-09-08 21:57:00,returned,pix,2500.05
6726,91,13,2025-01-04 06:14:00,completed,boleto,2777.09
6727,600,13,2025-05-16 19:03:00,completed,credit_card,793.42
6728,844,41,2025-05-05 16:39:00,completed,boleto,2041.75
6729,501,18,2025-12-09 22:57:00,completed,boleto,1095.52
6730,786,33,2025-12-25 13:04:00,completed,debit_card,888.24
6731,301,6,2025-02-20 05:56:00,completed,debit_card,689.75
6732,111,25,2025-06-30 12:05:00,completed,credit_card,2057.3
6733,80,23,2025-06-20 15:02:00,cancelled,boleto,2784.97
6734,836,24,2025-01-23 08:15:00,completed,boleto,3068.09
6735,652,37,2025-07-14 07:39:00,completed,pix,1511.48
6736,433,26,2025-10-31 00:54:00,completed,pix,1317.69
6737,417,4,2025-09-30 14:24:00,completed,credit_card,2411.83
6738,214,38,2025-08-25 16:22:00,completed,debit_card,2735.65
6739,447,35,2025-02-13 15:01:00,cancelled,pix,901.55
6740,18,49,2025-12-21 13:19:00,completed,credit_card,1054.57
6741,54,11,2025-01-09 11:24:00,completed,boleto,1876.21
6742,880,36,2025-06-21 03:44:00,completed,credit_card,1566.46
6743,609,25,2025-01-24 07:53:00,completed,credit_card,2476.14
6744,795,20,2025-05-25 15:00:00,completed,pix,1775.61
6745,746,1,2025-03-21 21:44:00,completed,pix,408.36
6746,979,30,2025-12-09 00:12:00,cancelled,boleto,597.52
6747,240,4,2025-02-07 01:25:00,cancelled,boleto,3158.64
6748,846,23,2025-06-03 03:11:00,completed,boleto,811.35
6749,921,35,2025-12-08 20:34:00,completed,credit_card,194.3
6750,418,42,2025-10-20 15:16:00,completed,credit_card,2565.46
6751,856,22,2025-11-30 05:51:00,returned,pix,2400.36
6752,486,31,2025-05-24 17:31:00,completed,boleto,2108.26
6753,444,1,2025-03-14 00:20:00,completed,pix,1767.85
6754,566,4,2025-09-07 11:01:00,completed,boleto,3394.14
6755,599,19,2025-10-03 11:21:00,completed,boleto,437.02
6756,773,30,2025-02-17 09:27:00,completed,pix,1795.37
6757,748,1,2025-05-07 19:51:00,completed,pix,1982.88
6758,123,48,2025-04-19 12:30:00,completed,pix,98.28
6759,420,19,2025-04-17 15:20:00,completed,boleto,1453.73
6760,566,21,2025-12-20 21:47:00,completed,credit_card,2744.15
6761,216,22,2025-07-21 10:02:00,completed,pix,1659.42
6762,420,50,2025-10-02 09:35:00,completed,pix,3065.97
6763,709,2,2025-05-06 19:02:00,completed,credit_card,2263.9
6764,551,6,2025-03-09 03:47:00,completed,credit_card,2685.98
6765,966,21,2025-09-17 16:01:00,completed,debit_card,2819.59
6766,877,33,2025-02-02 15:23:00,completed,pix,2419.46
6767,228,19,2025-10-11 02:10:00,completed,debit_card,2627.84
6768,237,27,2025-10-26 12:25:00,completed,debit_card,2439.68
6769,644,37,2025-10-02 10:55:00,completed,credit_card,1935.61
6770,330,29,2025-04-12 08:01:00,completed,boleto,1991.53
6771,833,28,2025-11-23 03:35:00,returned,boleto,680.8
6772,469,34,2025-12-18 13:00:00,completed,credit_card,2899.49
6773,680,1,2025-12-20 03:24:00,returned,debit_card,1106.24
6774,487,48,2025-01-22 15:13:00,cancelled,debit_card,1884.36
6775,549,25,2025-04-04 08:11:00,completed,debit_card,888.42
6776,579,21,2025-10-14 12:50:00,cancelled,debit_card,2441.61
6777,623,34,2025-08-08 10:55:00,completed,pix,3413.59
6778,415,26,2025-11-24 00:58:00,completed,debit_card,2810.75
6779,219,36,2025-07-26 01:51:00,completed,credit_card,2174.45
6780,721,35,2025-02-06 03:35:00,completed,debit_card,1994.92
6781,381,23,2025-03-14 13:49:00,completed,debit_card,1724.4
6782,87,17,2025-04-05 01:47:00,completed,credit_card,733.3
6783,461,47,2025-10-11 16:26:00,completed,debit_card,1231.07
6784,815,42,2025-03-02 21:27:00,completed,boleto,1434.25
6785,411,12,2025-08-16 05:42:00,completed,credit_card,3307.1
6786,691,44,2025-10-03 15:07:00,completed,pix,1501.03
6787,916,20,2025-10-06 06:06:00,returned,pix,2059.94
6788,525,39,2025-03-13 06:52:00,completed,credit_card,3230.04
6789,447,27,2025-08-14 22:21:00,completed,pix,1824.12
6790,300,42,2025-12-28 00:06:00,completed,pix,895.05
6791,408,37,2025-05-21 17:48:00,pending,pix,1345.9
6792,637,20,2025-10-04 01:16:00,completed,credit_card,1326.88
6793,375,11,2025-02-13 11:21:00,returned,debit_card,2507.22
6794,233,28,2025-04-05 19:59:00,completed,pix,1050.5
6795,763,2,2025-01-26 04:42:00,completed,boleto,2561.4
6796,899,24,2025-06-07 00:57:00,returned,debit_card,3114.56
6797,638,16,2025-09-20 05:11:00,returned,debit_card,1189.53
6798,747,12,2025-04-22 00:36:00,completed,pix,490.99
6799,650,16,2025-07-09 19:02:00,completed,pix,2242.17
6800,961,36,2025-05-23 12:29:00,pending,debit_card,1275.77
6801,49,2,2025-01-08 07:47:00,completed,pix,1878.27
6802,892,25,2025-09-01 15:37:00,completed,credit_card,2226.9
6803,186,29,2025-07-03 18:03:00,completed,credit_card,1438.95
6804,205,28,2025-02-13 20:26:00,completed,pix,3237.94
6805,78,10,2025-09-11 23:21:00,pending,debit_card,1410.66
6806,481,45,2025-09-12 01:51:00,completed,pix,1089.66
6807,386,23,2025-08-06 02:04:00,returned,boleto,3102.15
6808,194,32,2025-02-27 14:50:00,completed,credit_card,494.33
6809,103,31,2025-04-28 13:59:00,completed,debit_card,452.25
6810,617,19,2025-01-03 00:41:00,completed,boleto,3276.23
6811,376,15,2025-11-29 18:17:00,cancelled,pix,747.21
6812,287,33,2025-11-04 13:40:00,returned,credit_card,536.56
6813,836,17,2025-04-11 08:55:00,pending,boleto,1882.39
6814,482,36,2025-12-29 00:37:00,completed,debit_card,182.82
6815,723,20,2025-11-16 14:21:00,returned,credit_card,2177.65
6816,250,9,2025-02-20 13:48:00,cancelled,pix,1596.2
6817,805,38,2025-09-01 21:26:00,completed,pix,2248.63
6818,201,3,2025-02-08 07:12:00,completed,credit_card,1008.1
6819,536,2,2025-06-02 19:53:00,completed,boleto,3171.04
6820,461,18,2025-09-07 01:15:00,completed,credit_card,961.62
6821,300,23,2025-06-05 03:13:00,returned,credit_card,2238.73
6822,478,19,2025-03-02 02:49:00,completed,credit_card,3308.92
6823,83,7,2025-10-12 10:19:00,completed,boleto,1414.82
6824,809,35,2025-11-11 01:00:00,completed,credit_card,581.76
6825,458,50,2025-03-27 02:17:00,completed,debit_card,257.97
6826,691,20,2025-02-07 08:46:00,pending,pix,3371.3
6827,298,20,2025-07-17 13:04:00,completed,boleto,2677.68
6828,364,19,2025-08-25 21:15:00,completed,debit_card,3217.95
6829,718,41,2025-05-01 06:57:00,returned,credit_card,2451.94
6830,40,16,2025-05-16 06:00:00,pending,debit_card,1211.72
6831,816,38,2025-08-04 18:45:00,completed,boleto,448.1
6832,625,21,2025-02-18 11:57:00,completed,pix,3253.99
6833,340,29,2025-06-01 22:51:00,completed,boleto,1723.87
6834,516,44,2025-08-13 01:46:00,pending,credit_card,1399.85
6835,998,38,2025-12-26 08:07:00,cancelled,credit_card,2030.72
6836,108,45,2025-03-19 20:19:00,completed,pix,390.83
6837,316,24,2025-03-01 00:55:00,completed,boleto,1096.03
6838,114,37,2025-05-04 00:51:00,completed,boleto,2239.81
6839,167,29,2025-10-01 06:42:00,completed,boleto,368.43
6840,261,31,2025-09-01 11:59:00,completed,debit_card,490.64
6841,618,45,2025-03-14 10:52:00,completed,pix,1796.85
6842,224,39,2025-09-17 23:04:00,completed,boleto,2189.63
6843,262,12,2025-07-14 00:40:00,pending,pix,670.77
6844,251,30,2025-05-06 14:49:00,completed,debit_card,135.13
6845,526,4,2025-12-14 04:00:00,pending,boleto,3355.12
6846,710,30,2025-07-25 11:03:00,completed,debit_card,115.67
6847,126,5,2025-02-01 17:44:00,pending,credit_card,27.14
6848,206,16,2025-08-26 14:15:00,completed,credit_card,1145.23
6849,140,27,2025-08-25 10:52:00,completed,credit_card,794.14
6850,62,4,2025-06-07 13:24:00,completed,pix,2016.08
6851,283,8,2025-04-27 13:28:00,completed,boleto,3131.85
6852,54,48,2025-07-09 00:44:00,pending,boleto,1694.25
6853,346,8,2025-11-24 15:28:00,completed,debit_card,2711.09
6854,524,17,2025-08-05 17:07:00,completed,debit_card,3184.11
6855,136,46,2025-02-24 13:23:00,completed,credit_card,679.11
6856,330,44,2025-03-04 08:19:00,returned,pix,1719.32
6857,144,3,2025-03-11 05:44:00,completed,pix,2254.4
6858,436,27,2025-07-01 18:37:00,completed,debit_card,1174.95
6859,282,34,2025-03-18 13:14:00,cancelled,debit_card,2594.34
6860,136,45,2025-08-13 21:11:00,completed,boleto,2474.5
6861,489,21,2025-01-26 08:11:00,completed,boleto,1485.41
6862,813,43,2025-08-29 05:22:00,completed,debit_card,326.08
6863,733,24,2025-01-15 04:48:00,completed,boleto,60.26
6864,852,44,2025-12-17 06:33:00,completed,debit_card,1305.34
6865,721,50,2025-08-06 20:14:00,completed,pix,305.6
6866,915,41,2025-07-16 22:30:00,cancelled,credit_card,2740.05
6867,401,29,2025-08-24 05:23:00,pending,debit_card,1183.45
6868,871,39,2025-03-01 10:55:00,returned,debit_card,2338.02
6869,892,6,2025-01-12 21:01:00,completed,boleto,1225.4
6870,449,14,2025-07-21 12:00:00,completed,debit_card,2789.87
6871,635,50,2025-11-01 01:49:00,returned,pix,3111.68
6872,628,14,2025-05-26 20:05:00,completed,credit_card,2934.55
6873,669,37,2025-02-02 07:39:00,pending,boleto,1705.97
6874,270,24,2025-10-17 01:12:00,completed,pix,312.15
6875,17,13,2025-05-10 08:32:00,pending,credit_card,1313.55
6876,269,1,2025-11-25 19:24:00,returned,boleto,1497.11
6877,861,12,2025-11-11 22:23:00,completed,pix,3361.68
6878,482,42,2025-03-21 21:22:00,completed,debit_card,1987.93
6879,219,24,2025-03-30 20:02:00,completed,boleto,2250.14
6880,319,37,2025-03-06 04:47:00,completed,debit_card,2741.37
6881,238,20,2025-08-28 23:06:00,completed,boleto,1997.34
6882,545,6,2025-07-31 15:11:00,completed,credit_card,2102.73
6883,285,12,2025-04-21 04:53:00,completed,boleto,873.74
6884,37,21,2025-01-09 21:43:00,completed,boleto,224.86
6885,103,3,2025-01-21 19:46:00,completed,pix,2530.42
6886,723,27,2025-12-21 05:59:00,completed,boleto,2973.42
6887,430,46,2025-09-28 21:09:00,completed,credit_card,1453.76
6888,792,36,2025-06-23 22:36:00,completed,pix,1930.22
6889,654,17,2025-02-10 02:51:00,cancelled,debit_card,1089.35
6890,239,49,2025-02-08 04:13:00,completed,boleto,1586.77
6891,741,46,2025-03-02 07:19:00,completed,credit_card,746.94
6892,645,15,2025-04-27 09:25:00,pending,credit_card,2664.41
6893,125,39,2025-12-25 20:34:00,completed,boleto,1731.85
6894,565,4,2025-03-12 05:31:00,completed,boleto,1924.1
6895,600,17,2025-08-17 23:38:00,completed,debit_card,149.07
6896,610,38,2025-01-02 06:32:00,completed,debit_card,2185.95
6897,882,11,2025-12-01 11:21:00,completed,debit_card,725.24
6898,607,12,2025-03-15 05:54:00,returned,debit_card,1354.21
6899,926,47,2025-01-27 02:10:00,completed,debit_card,1456.25
6900,188,32,2025-12-01 03:53:00,cancelled,debit_card,1581.59
6901,888,27,2025-01-27 14:31:00,completed,pix,811.48
6902,256,44,2025-09-02 17:09:00,pending,pix,2978.38
6903,585,43,2025-03-02 07:59:00,completed,credit_card,1508.92
6904,987,27,2025-02-15 23:22:00,completed,pix,2150.23
6905,924,49,2025-03-10 11:00:00,pending,boleto,2156.5
6906,874,40,2025-02-25 06:39:00,cancelled,boleto,2132.31
6907,794,44,2025-07-29 10:54:00,completed,boleto,1966.43
6908,530,29,2025-08-23 02:29:00,pending,credit_card,2882.74
6909,676,9,2025-09-27 01:56:00,completed,pix,2847.91
6910,392,43,2025-09-30 02:25:00,pending,boleto,1471.66
6911,658,3,2025-07-28 10:21:00,completed,pix,2232.74
6912,468,39,2025-05-13 15:32:00,completed,boleto,377.85
6913,826,29,2025-04-24 00:56:00,completed,debit_card,335.89
6914,253,21,2025-09-24 21:46:00,completed,pix,1690.11
6915,672,35,2025-10-20 18:47:00,returned,pix,3152.71
6916,861,48,2025-01-02 18:06:00,completed,boleto,2282.0
6917,561,10,2025-07-06 14:38:00,completed,pix,2348.87
6918,176,23,2025-07-08 02:37:00,completed,debit_card,568.7
6919,466,39,2025-08-05 23:14:00,completed,boleto,1597.5
6920,839,25,2025-08-21 14:17:00,completed,debit_card,1414.75
6921,577,24,2025-01-26 00:51:00,completed,boleto,2744.76
6922,988,20,2025-01-12 01:09:00,cancelled,pix,499.63
6923,289,15,2025-12-02 08:18:00,completed,boleto,1896.38
6924,50,21,2025-02-23 16:58:00,completed,credit_card,3191.5
6925,4,42,2025-12-28 11:51:00,returned,boleto,3125.76
6926,631,12,2025-07-21 13:57:00,completed,pix,2986.13
6927,852,18,2025-05-07 09:00:00,pending,debit_card,1324.95
6928,885,23,2025-10-08 21:34:00,pending,debit_card,3295.03
6929,500,41,2025-09-17 12:10:00,completed,credit_card,2822.45
6930,676,29,2025-08-08 19:43:00,completed,boleto,2981.97
6931,223,41,2025-06-11 01:46:00,completed,boleto,3264.59
6932,870,36,2025-11-09 15:00:00,completed,debit_card,3280.76
6933,668,5,2025-04-25 00:04:00,completed,debit_card,855.43
6934,899,39,2025-03-04 02:07:00,completed,pix,464.35
6935,262,26,2025-05-24 06:49:00,completed,credit_card,2424.24
6936,685,39,2025-12-12 06:05:00,completed,debit_card,1979.98
6937,535,11,2025-11-18 16:38:00,completed,boleto,1159.44
6938,903,42,2025-06-06 10:55:00,returned,debit_card,2401.88
6939,376,11,2025-01-02 09:39:00,completed,pix,235.75
6940,61,18,2025-04-15 00:16:00,completed,boleto,184.28
6941,356,12,2025-04-14 13:02:00,returned,pix,1253.0
6942,833,16,2025-09-28 03:47:00,completed,pix,694.59
6943,646,27,2025-01-03 09:00:00,returned,pix,2520.58
6944,24,36,2025-05-05 02:45:00,completed,credit_card,3319.12
6945,293,17,2025-08-16 08:47:00,cancelled,boleto,2322.46
6946,557,49,2025-11-05 18:48:00,completed,boleto,2298.65
6947,691,21,2025-11-15 04:29:00,pending,pix,42.95
6948,356,37,2025-08-04 03:35:00,cancelled,credit_card,1802.72
6949,984,31,2025-06-20 08:09:00,completed,debit_card,2863.51
6950,870,45,2025-03-04 01:02:00,completed,boleto,2296.34
6951,941,35,2025-07-15 08:35:00,pending,debit_card,812.68
6952,575,27,2025-05-31 20:01:00,completed,boleto,2972.69
6953,29,23,2025-06-30 10:20:00,pending,pix,3376.03
6954,357,32,2025-05-10 16:44:00,completed,boleto,990.9
6955,365,17,2025-02-10 15:41:00,cancelled,pix,740.69
6956,608,11,2025-01-07 13:50:00,completed,boleto,1198.07
6957,409,1,2025-04-05 05:09:00,completed,pix,239.79
6958,266,28,2025-04-23 09:40:00,completed,debit_card,3059.55
6959,291,18,2025-02-04 08:37:00,completed,debit_card,3253.96
6960,567,49,2025-07-25 00:15:00,completed,debit_card,2223.89
6961,153,41,2025-11-19 02:19:00,completed,boleto,2679.89
6962,219,20,2025-11-13 01:39:00,completed,credit_card,2346.9
6963,173,7,2025-02-19 00:00:00,cancelled,debit_card,1333.19
6964,608,37,2025-11-09 23:48:00,completed,boleto,2219.51
6965,635,16,2025-10-23 03:06:00,pending,pix,2930.39
6966,12,39,2025-08-24 08:26:00,completed,credit_card,2838.48
6967,516,45,2025-04-26 14:31:00,completed,credit_card,302.08
6968,362,45,2025-12-24 03:35:00,completed,credit_card,1629.85
6969,858,47,2025-06-19 17:33:00,completed,debit_card,1402.68
6970,579,23,2025-05-11 21:51:00,completed,debit_card,2636.99
6971,657,32,2025-09-16 09:47:00,completed,debit_card,1764.79
6972,969,49,2025-06-08 18:29:00,completed,debit_card,1236.96
6973,477,17,2025-03-17 13:26:00,completed,pix,2478.1
6974,577,19,2025-04-23 01:46:00,completed,boleto,1668.05
6975,82,42,2025-01-25 09:09:00,completed,credit_card,913.05
6976,617,34,2025-08-04 00:42:00,completed,boleto,3118.65
6977,693,14,2025-08-09 19:12:00,completed,credit_card,413.41
6978,340,3,2025-09-19 02:27:00,completed,credit_card,82.95
6979,441,39,2025-12-18 22:15:00,completed,credit_card,520.81
6980,617,25,2025-08-22 17:24:00,completed,credit_card,589.48
6981,226,11,2025-10-21 03:22:00,completed,pix,1892.39
6982,371,49,2025-09-14 15:51:00,completed,pix,2194.53
6983,28,15,2025-11-19 17:02:00,completed,credit_card,1581.17
6984,995,19,2025-02-16 10:56:00,pending,credit_card,730.52
6985,16,43,2025-03-13 19:51:00,completed,debit_card,480.02
6986,277,15,2025-10-16 07:22:00,completed,credit_card,1732.69
6987,333,15,2025-05-23 14:18:00,completed,boleto,1987.88
6988,483,38,2025-12-25 23:15:00,completed,pix,1077.79
6989,810,15,2025-01-20 06:18:00,cancelled,boleto,787.13
6990,566,9,2025-10-06 22:39:00,pending,debit_card,300.46
6991,288,5,2025-02-09 16:33:00,completed,pix,111.33
6992,114,19,2025-02-12 08:49:00,returned,debit_card,387.96
6993,38,24,2025-12-03 10:29:00,completed,debit_card,2602.44
6994,454,29,2025-08-10 02:55:00,completed,boleto,1217.18
6995,882,5,2025-08-30 20:34:00,completed,credit_card,115.42
6996,742,22,2025-02-19 23:02:00,completed,pix,1788.42
6997,166,13,2025-03-23 23:45:00,cancelled,pix,1885.51
6998,694,50,2025-07-11 17:49:00,cancelled,credit_card,1511.84
6999,956,49,2025-07-11 13:57:00,completed,boleto,405.18
7000,205,47,2025-11-07 00:39:00,completed,debit_card,2647.29
7001,878,46,2025-09-28 08:46:00,completed,boleto,2418.0
7002,245,29,2025-12-27 23:10:00,pending,debit_card,1393.66
7003,871,16,2025-04-27 07:06:00,completed,pix,1345.24
7004,333,36,2025-09-15 07:22:00,completed,credit_card,562.65
7005,943,17,2025-07-21 16:31:00,completed,credit_card,2642.35
7006,396,20,2025-02-27 00:24:00,cancelled,pix,2106.52
7007,821,14,2025-08-31 09:40:00,pending,debit_card,318.56
7008,507,50,2025-11-21 03:43:00,completed,boleto,1335.66
7009,929,6,2025-11-30 19:39:00,completed,debit_card,3164.39
7010,924,22,2025-06-11 08:01:00,cancelled,credit_card,1594.26
7011,121,40,2025-04-06 17:17:00,cancelled,boleto,1150.75
7012,259,9,2025-11-05 22:02:00,completed,boleto,2260.37
7013,722,32,2025-04-09 12:39:00,completed,debit_card,726.34
7014,410,24,2025-01-08 02:04:00,cancelled,debit_card,1842.84
7015,310,33,2025-03-13 11:03:00,cancelled,debit_card,2349.94
7016,808,13,2025-10-16 19:14:00,pending,boleto,2994.98
7017,706,35,2025-08-11 16:52:00,completed,pix,2429.91
7018,68,6,2025-09-08 09:51:00,pending,boleto,1357.75
7019,114,49,2025-08-22 11:59:00,completed,credit_card,2691.94
7020,220,40,2025-03-05 14:34:00,cancelled,pix,3146.43
7021,220,30,2025-09-01 08:25:00,completed,pix,1682.62
7022,473,38,2025-12-16 06:19:00,completed,debit_card,35.66
7023,730,16,2025-05-01 13:40:00,completed,boleto,3085.59
7024,749,1,2025-04-09 10:33:00,pending,credit_card,595.74
7025,943,42,2025-04-06 20:56:00,completed,boleto,459.61
7026,386,18,2025-04-21 04:11:00,completed,debit_card,1090.72
7027,298,22,2025-06-12 17:47:00,completed,boleto,1342.34
7028,930,26,2025-10-20 02:15:00,completed,credit_card,2801.83
7029,606,14,2025-01-01 15:44:00,completed,debit_card,1374.36
7030,253,37,2025-07-08 08:58:00,returned,boleto,189.9
7031,405,49,2025-05-26 02:00:00,completed,credit_card,2233.15
7032,492,14,2025-06-28 08:05:00,completed,credit_card,2355.85
7033,357,26,2025-07-24 16:20:00,completed,debit_card,2853.49
7034,428,50,2025-06-27 02:35:00,pending,debit_card,1408.05
7035,215,36,2025-04-21 13:06:00,pending,pix,319.53
7036,993,23,2025-08-29 23:10:00,completed,pix,1944.66
7037,380,2,2025-10-05 06:23:00,returned,credit_card,441.07
7038,770,39,2025-07-22 00:31:00,completed,debit_card,79.42
7039,859,7,2025-07-13 09:31:00,completed,debit_card,2729.47
7040,752,39,2025-03-12 21:03:00,pending,boleto,1423.87
7041,827,45,2025-09-15 10:49:00,completed,boleto,1847.02
7042,214,22,2025-02-16 19:58:00,completed,boleto,2326.72
7043,98,28,2025-03-08 21:59:00,returned,boleto,1415.58
7044,528,38,2025-10-22 06:36:00,completed,pix,197.94
7045,916,20,2025-12-10 02:47:00,completed,boleto,899.55
7046,666,49,2025-11-22 15:42:00,completed,debit_card,696.31
7047,528,18,2025-11-14 08:25:00,completed,credit_card,3421.33
7048,710,24,2025-01-20 05:30:00,cancelled,credit_card,2593.48
7049,620,33,2025-03-13 21:33:00,completed,credit_card,1591.39
7050,535,45,2025-02-16 21:46:00,completed,pix,240.52
7051,554,26,2025-10-06 04:33:00,cancelled,credit_card,423.16
7052,549,19,2025-08-25 14:36:00,completed,pix,2848.89
7053,328,48,2025-04-27 16:50:00,completed,pix,3310.16
7054,902,42,2025-12-20 12:42:00,cancelled,credit_card,129.1
7055,165,13,2025-12-23 17:12:00,pending,pix,3188.18
7056,116,10,2025-02-07 22:07:00,pending,boleto,1344.36
7057,150,14,2025-11-09 22:26:00,completed,boleto,763.44
7058,518,9,2025-01-16 06:36:00,completed,boleto,375.77
7059,32,11,2025-02-28 02:57:00,completed,pix,2705.69
7060,657,3,2025-08-03 00:06:00,completed,boleto,1651.81
7061,806,40,2025-09-03 01:08:00,completed,credit_card,2916.83
7062,913,12,2025-06-16 02:30:00,completed,credit_card,807.03
7063,293,35,2025-01-07 04:08:00,completed,pix,2381.42
7064,919,39,2025-10-30 08:53:00,completed,pix,431.06
7065,689,46,2025-06-03 18:32:00,completed,boleto,332.33
7066,957,39,2025-09-08 18:05:00,completed,debit_card,484.23
7067,177,32,2025-07-14 01:57:00,completed,credit_card,2834.98
7068,61,39,2025-12-15 08:16:00,completed,debit_card,2301.56
7069,589,14,2025-06-10 01:27:00,completed,boleto,597.55
7070,416,44,2025-11-21 09:19:00,cancelled,pix,1359.01
7071,383,1,2025-06-23 05:14:00,cancelled,boleto,2677.63
7072,598,27,2025-08-23 14:19:00,completed,debit_card,1014.15
7073,703,37,2025-05-06 15:26:00,completed,boleto,3226.0
7074,7,43,2025-12-14 15:58:00,completed,pix,3202.82
7075,918,1,2025-06-28 00:29:00,completed,debit_card,1944.09
7076,85,45,2025-10-13 05:49:00,pending,boleto,2219.27
7077,774,29,2025-08-03 15:31:00,completed,pix,2293.2
7078,957,24,2025-10-20 11:32:00,completed,boleto,919.47
7079,398,17,2025-11-10 18:13:00,completed,boleto,1291.32
7080,912,35,2025-06-09 12:05:00,completed,pix,493.08
7081,771,31,2025-08-16 12:08:00,pending,pix,3238.55
7082,393,42,2025-04-04 18:24:00,completed,boleto,2539.0
7083,47,32,2025-05-08 06:33:00,completed,credit_card,181.32
7084,341,19,2025-03-28 10:04:00,completed,boleto,1931.87
7085,498,31,2025-09-17 22:39:00,completed,pix,1213.9
7086,606,39,2025-07-31 12:44:00,pending,credit_card,2857.2
7087,478,20,2025-04-17 20:28:00,completed,pix,1216.42
7088,426,28,2025-04-24 01:38:00,pending,boleto,2261.64
7089,426,3,2025-11-30 08:01:00,completed,debit_card,596.78
7090,736,32,2025-01-01 00:15:00,completed,pix,1964.47
7091,791,22,2025-04-20 01:09:00,pending,pix,1042.72
7092,515,44,2025-09-25 05:58:00,returned,debit_card,593.81
7093,129,42,2025-04-24 03:48:00,completed,pix,2175.02
7094,835,44,2025-02-02 16:06:00,completed,pix,2242.47
7095,249,15,2025-01-07 18:39:00,completed,pix,3442.07
7096,741,38,2025-05-05 15:44:00,completed,debit_card,2348.49
7097,839,19,2025-07-06 11:56:00,completed,boleto,1814.67
7098,131,31,2025-11-10 04:13:00,completed,pix,3195.92
7099,740,26,2025-07-16 06:48:00,completed,credit_card,2902.42
7100,689,5,2025-09-15 09:24:00,cancelled,boleto,1929.64
7101,323,20,2025-07-07 22:51:00,completed,boleto,1799.49
7102,823,2,2025-01-15 14:50:00,returned,credit_card,3298.05
7103,900,21,2025-10-04 09:56:00,pending,credit_card,2167.6
7104,543,36,2025-12-04 18:23:00,cancelled,credit_card,2503.95
7105,66,28,2025-03-11 13:13:00,returned,debit_card,321.64
7106,718,20,2025-06-10 15:29:00,pending,pix,2519.7
7107,101,37,2025-11-01 15:55:00,pending,boleto,941.09
7108,832,39,2025-04-06 18:32:00,completed,credit_card,422.07
7109,31,36,2025-12-11 20:26:00,completed,pix,2976.84
7110,885,11,2025-09-25 14:07:00,returned,pix,2425.34
7111,191,3,2025-08-17 02:03:00,completed,debit_card,1438.32
7112,578,37,2025-01-28 02:23:00,completed,boleto,1521.33
7113,415,20,2025-05-06 18:21:00,pending,pix,705.97
7114,815,32,2025-07-29 18:45:00,completed,credit_card,53.24
7115,747,47,2025-11-07 12:46:00,pending,credit_card,1235.77
7116,790,25,2025-02-22 19:34:00,completed,debit_card,536.48
7117,714,21,2025-08-16 10:27:00,completed,credit_card,1487.61
7118,500,50,2025-12-15 10:52:00,completed,credit_card,2921.71
7119,862,16,2025-12-08 01:12:00,cancelled,debit_card,419.35
7120,737,48,2025-04-21 14:05:00,completed,debit_card,339.3
7121,595,42,2025-10-07 14:11:00,cancelled,credit_card,3159.32
7122,46,1,2025-06-17 16:03:00,completed,boleto,2613.09
7123,89,23,2025-11-28 21:59:00,completed,boleto,204.68
7124,698,43,2025-03-13 22:31:00,completed,debit_card,296.91
7125,375,49,2025-06-22 22:45:00,completed,boleto,2403.54
7126,701,24,2025-02-13 11:03:00,completed,boleto,1308.8
7127,246,47,2025-06-27 17:31:00,completed,boleto,2540.12
7128,558,25,2025-04-22 02:36:00,completed,debit_card,1427.5
7129,257,7,2025-11-20 17:45:00,completed,boleto,3387.9
7130,352,38,2025-07-22 22:48:00,cancelled,credit_card,2436.57
7131,921,47,2025-07-04 14:08:00,completed,credit_card,182.22
7132,573,47,2025-11-12 12:57:00,completed,debit_card,1170.15
7133,105,39,2025-05-21 01:04:00,completed,boleto,1981.35
7134,337,35,2025-07-24 21:23:00,cancelled,pix,513.72
7135,526,14,2025-05-23 14:00:00,cancelled,pix,28.77
7136,301,9,2025-01-22 18:26:00,cancelled,credit_card,295.99
7137,77,3,2025-09-12 13:55:00,completed,credit_card,1844.44
7138,511,38,2025-10-30 09:16:00,cancelled,pix,2220.25
7139,230,20,2025-04-14 11:34:00,pending,debit_card,343.3
7140,679,41,2025-01-02 09:36:00,cancelled,boleto,2334.74
7141,578,33,2025-12-30 07:55:00,completed,pix,2167.59
7142,32,41,2025-01-11 22:28:00,cancelled,boleto,3290.84
7143,608,44,2025-10-15 01:51:00,completed,pix,2945.55
7144,58,32,2025-12-12 18:46:00,completed,credit_card,3302.48
7145,104,36,2025-10-24 18:25:00,completed,boleto,3382.05
7146,312,26,2025-05-20 15:21:00,completed,debit_card,1554.01
7147,646,48,2025-10-17 09:06:00,completed,boleto,1717.93
7148,729,5,2025-04-30 19:07:00,completed,boleto,1000.04
7149,67,49,2025-12-28 05:00:00,pending,pix,1789.34
7150,978,30,2025-06-04 21:03:00,completed,debit_card,544.49
7151,690,17,2025-08-28 18:10:00,completed,credit_card,2356.58
7152,374,6,2025-08-08 23:42:00,completed,boleto,106.77
7153,759,15,2025-02-17 23:12:00,returned,boleto,839.98
7154,806,1,2025-02-16 17:49:00,completed,pix,744.09
7155,235,13,2025-04-22 18:46:00,completed,credit_card,3283.85
7156,643,48,2025-12-15 10:55:00,pending,pix,524.26
7157,112,34,2025-09-26 15:48:00,completed,debit_card,3119.9
7158,389,30,2025-05-09 21:59:00,completed,credit_card,452.77
7159,408,19,2025-09-24 08:36:00,completed,debit_card,2284.43
7160,54,2,2025-10-18 20:10:00,completed,pix,1133.2
7161,802,44,2025-07-31 17:33:00,completed,credit_card,1119.69
7162,239,12,2025-06-24 19:49:00,completed,debit_card,3493.98
7163,752,40,2025-07-07 00:04:00,returned,debit_card,806.63
7164,295,44,2025-08-14 22:50:00,completed,pix,724.91
7165,112,24,2025-10-11 09:57:00,completed,credit_card,2070.88
7166,88,11,2025-07-16 06:35:00,returned,debit_card,2597.82
7167,740,2,2025-05-19 19:28:00,completed,boleto,3439.12
7168,476,1,2025-04-26 07:32:00,completed,credit_card,2460.92
7169,304,28,2025-12-18 21:33:00,completed,credit_card,1975.31
7170,305,4,2025-06-07 08:37:00,completed,boleto,1443.78
7171,290,41,2025-01-06 14:38:00,completed,credit_card,2090.99
7172,208,30,2025-03-31 15:41:00,returned,credit_card,2110.91
7173,868,7,2025-12-02 05:37:00,completed,boleto,777.64
7174,903,22,2025-11-03 21:20:00,completed,pix,2355.81
7175,786,26,2025-11-25 11:46:00,returned,debit_card,731.39
7176,582,29,2025-12-20 06:35:00,returned,boleto,1725.04
7177,370,25,2025-10-19 09:34:00,completed,credit_card,924.35
7178,220,10,2025-05-28 16:10:00,cancelled,debit_card,1108.55
7179,231,20,2025-09-07 15:40:00,completed,debit_card,2156.29
7180,802,14,2025-09-19 00:15:00,completed,debit_card,244.41
7181,819,33,2025-04-16 07:13:00,completed,pix,61.88
7182,873,5,2025-01-24 23:12:00,completed,credit_card,474.56
7183,349,45,2025-06-06 09:46:00,completed,credit_card,607.1
7184,255,6,2025-05-25 18:27:00,completed,debit_card,708.6
7185,452,22,2025-11-19 08:15:00,completed,debit_card,2713.28
7186,142,17,2025-03-23 12:03:00,completed,pix,1575.07
7187,69,15,2025-08-06 05:29:00,completed,pix,1655.38
7188,89,39,2025-05-07 03:55:00,returned,debit_card,2262.28
7189,871,40,2025-04-16 15:10:00,completed,credit_card,2557.3
7190,136,28,2025-12-06 23:22:00,completed,boleto,32.21
7191,655,2,2025-04-26 22:44:00,cancelled,pix,3001.4
7192,851,18,2025-10-02 06:49:00,completed,credit_card,3459.75
7193,699,27,2025-03-23 01:37:00,completed,pix,443.89
7194,523,21,2025-11-13 16:36:00,completed,credit_card,2285.76
7195,660,23,2025-07-02 14:48:00,completed,debit_card,28.4
7196,951,7,2025-10-10 16:56:00,pending,pix,190.62
7197,804,48,2025-08-17 07:21:00,returned,boleto,1011.8
7198,850,19,2025-07-10 01:01:00,completed,debit_card,2965.49
7199,910,9,2025-10-12 18:52:00,completed,pix,2290.7
7200,442,12,2025-09-11 14:52:00,completed,debit_card,1571.46
7201,38,46,2025-11-21 07:38:00,completed,boleto,1546.32
7202,857,30,2025-11-30 04:58:00,pending,pix,1641.87
7203,208,7,2025-05-26 11:25:00,completed,pix,1102.4
7204,210,2,2025-07-08 23:26:00,completed,pix,3074.45
7205,513,17,2025-10-19 12:54:00,cancelled,credit_card,1996.18
7206,360,11,2025-04-12 04:31:00,completed,credit_card,1704.15
7207,577,50,2025-01-07 17:35:00,returned,pix,1638.47
7208,1,12,2025-02-03 17:42:00,completed,debit_card,3276.68
7209,755,3,2025-07-23 15:18:00,completed,debit_card,2538.34
7210,981,21,2025-07-17 10:51:00,completed,pix,523.95
7211,381,14,2025-12-27 16:22:00,completed,boleto,1540.66
7212,828,15,2025-04-13 02:49:00,pending,boleto,1023.54
7213,537,42,2025-11-01 04:55:00,completed,boleto,3454.3
7214,859,41,2025-11-10 06:10:00,cancelled,credit_card,1465.58
7215,394,10,2025-09-10 11:44:00,completed,credit_card,256.19
7216,50,36,2025-06-13 21:14:00,returned,credit_card,1451.02
7217,396,10,2025-05-23 01:33:00,returned,credit_card,1138.3
7218,860,17,2025-02-12 00:01:00,completed,debit_card,2106.55
7219,753,44,2025-07-21 07:24:00,completed,pix,806.75
7220,32,25,2025-12-11 22:53:00,cancelled,pix,145.19
7221,545,27,2025-07-10 07:05:00,completed,pix,353.66
7222,712,33,2025-07-27 17:40:00,cancelled,debit_card,1005.35
7223,234,11,2025-02-15 22:06:00,completed,boleto,1232.16
7224,26,13,2025-08-10 07:15:00,pending,boleto,2923.89
7225,554,1,2025-01-19 03:19:00,completed,credit_card,959.84
7226,434,31,2025-03-23 04:14:00,pending,credit_card,129.6
7227,61,33,2025-04-21 09:47:00,completed,debit_card,2736.95
7228,553,21,2025-10-02 22:44:00,pending,debit_card,3043.83
7229,441,16,2025-10-27 23:25:00,completed,boleto,1733.23
7230,130,39,2025-02-01 05:49:00,completed,pix,1011.55
7231,867,23,2025-01-05 13:13:00,returned,pix,2707.05
7232,354,10,2025-01-01 22:59:00,pending,debit_card,50.97
7233,198,48,2025-09-03 02:15:00,returned,debit_card,3235.62
7234,799,33,2025-09-13 10:08:00,completed,debit_card,3032.05
7235,663,22,2025-02-18 03:06:00,completed,credit_card,1916.02
7236,716,41,2025-10-14 18:22:00,completed,pix,985.98
7237,694,6,2025-06-19 07:45:00,completed,debit_card,134.3
7238,371,47,2025-10-24 21:30:00,completed,debit_card,3499.39
7239,924,36,2025-12-21 21:10:00,completed,credit_card,2672.02
7240,719,47,2025-07-13 09:34:00,cancelled,debit_card,1198.71
7241,147,10,2025-12-14 11:55:00,completed,pix,87.07
7242,716,16,2025-03-11 03:59:00,returned,credit_card,2244.74
7243,498,13,2025-08-26 06:13:00,completed,debit_card,3454.43
7244,48,20,2025-08-03 05:49:00,returned,pix,2480.61
7245,770,4,2025-08-05 21:29:00,completed,pix,311.33
7246,651,20,2025-03-29 20:45:00,pending,credit_card,1419.93
7247,172,22,2025-10-02 04:36:00,completed,pix,399.96
7248,613,29,2025-01-14 14:29:00,cancelled,credit_card,3194.32
7249,699,16,2025-07-04 01:06:00,completed,pix,1169.84
7250,896,43,2025-05-06 06:34:00,completed,debit_card,2572.15
7251,315,47,2025-10-18 02:20:00,completed,credit_card,314.72
7252,376,43,2025-01-12 00:21:00,completed,pix,466.88
7253,806,23,2025-08-08 17:25:00,cancelled,credit_card,2384.62
7254,921,30,2025-08-22 12:39:00,completed,pix,2955.31
7255,875,30,2025-06-03 01:41:00,pending,credit_card,721.05
7256,533,43,2025-06-19 18:57:00,completed,debit_card,1475.81
7257,810,3,2025-10-21 13:57:00,returned,credit_card,2175.57
7258,420,24,2025-01-31 19:57:00,returned,credit_card,2791.04
7259,905,49,2025-10-20 03:09:00,completed,debit_card,2206.12
7260,396,37,2025-11-13 08:41:00,completed,pix,352.08
7261,522,13,2025-10-10 00:42:00,completed,boleto,1909.01
7262,187,42,2025-07-12 10:52:00,completed,debit_card,3098.43
7263,645,32,2025-04-21 06:35:00,completed,credit_card,3040.72
7264,33,37,2025-04-21 01:42:00,completed,debit_card,2055.85
7265,69,12,2025-10-23 15:51:00,completed,debit_card,3485.02
7266,592,8,2025-05-19 13:48:00,completed,credit_card,385.83
7267,191,24,2025-06-28 22:13:00,completed,credit_card,1685.51
7268,101,44,2025-01-31 20:20:00,completed,boleto,2717.43
7269,485,16,2025-11-20 09:53:00,completed,debit_card,510.81
7270,285,32,2025-10-29 04:34:00,completed,credit_card,3405.17
7271,914,34,2025-05-17 23:21:00,completed,pix,1252.08
7272,733,35,2025-06-23 12:23:00,completed,pix,1238.49
7273,390,32,2025-01-19 00:48:00,cancelled,pix,761.92
7274,565,50,2025-02-13 09:48:00,completed,pix,1022.3
7275,978,17,2025-09-18 19:39:00,cancelled,debit_card,2030.01
7276,160,2,2025-03-01 06:46:00,completed,debit_card,1514.15
7277,892,26,2025-01-03 03:38:00,completed,boleto,692.96
7278,554,44,2025-03-08 06:24:00,completed,debit_card,2835.81
7279,47,17,2025-07-28 14:28:00,completed,credit_card,236.59
7280,159,38,2025-03-29 01:09:00,pending,boleto,2924.59
7281,446,49,2025-05-20 22:15:00,completed,debit_card,976.79
7282,696,2,2025-03-23 10:46:00,returned,debit_card,1745.74
7283,758,8,2025-02-22 02:28:00,completed,credit_card,1346.1
7284,523,46,2025-01-27 18:55:00,completed,credit_card,2005.7
7285,666,6,2025-11-08 10:44:00,completed,credit_card,2790.05
7286,732,9,2025-03-25 04:23:00,completed,pix,3462.83
7287,155,1,2025-04-23 04:34:00,completed,debit_card,1085.09
7288,339,5,2025-05-05 12:20:00,completed,debit_card,1947.24
7289,953,39,2025-02-04 19:26:00,pending,debit_card,1641.71
7290,365,9,2025-02-08 06:34:00,pending,boleto,3496.27
7291,795,14,2025-09-05 03:24:00,completed,boleto,2835.02
7292,699,27,2025-05-24 08:22:00,completed,boleto,1401.85
7293,574,9,2025-03-26 05:24:00,completed,boleto,1679.54
7294,148,36,2025-08-07 11:46:00,completed,boleto,875.93
7295,899,29,2025-05-16 01:09:00,pending,credit_card,2648.26
7296,144,20,2025-04-09 19:30:00,completed,boleto,2961.34
7297,103,15,2025-08-20 18:15:00,cancelled,debit_card,3378.15
7298,812,36,2025-05-07 19:35:00,returned,pix,1989.08
7299,93,3,2025-07-31 05:04:00,completed,debit_card,2353.98
7300,975,23,2025-09-01 16:11:00,completed,debit_card,1572.28
7301,286,46,2025-04-23 06:46:00,completed,credit_card,2139.77
7302,424,9,2025-09-25 15:18:00,completed,pix,1233.65
7303,119,30,2025-11-17 00:28:00,completed,debit_card,2587.16
7304,961,19,2025-09-22 16:28:00,cancelled,credit_card,99.0
7305,29,38,2025-07-21 11:44:00,completed,pix,119.03
7306,511,3,2025-04-01 13:59:00,pending,pix,2512.1
7307,30,50,2025-06-16 10:51:00,pending,credit_card,3258.78
7308,872,48,2025-03-24 19:57:00,cancelled,boleto,2220.23
7309,366,3,2025-07-23 03:27:00,completed,credit_card,2548.32
7310,800,34,2025-04-10 04:57:00,cancelled,credit_card,2887.29
7311,138,2,2025-09-19 02:22:00,completed,boleto,1278.63
7312,475,27,2025-03-09 12:04:00,completed,credit_card,396.24
7313,563,23,2025-02-11 18:35:00,returned,credit_card,3267.16
7314,392,42,2025-08-10 03:37:00,returned,credit_card,3286.23
7315,435,32,2025-12-26 16:33:00,completed,debit_card,1557.61
7316,804,47,2025-12-27 09:45:00,cancelled,credit_card,775.75
7317,234,35,2025-04-14 03:15:00,completed,credit_card,3125.39
7318,55,40,2025-10-23 11:06:00,completed,pix,2485.32
7319,931,18,2025-04-03 08:34:00,completed,pix,48.63
7320,292,27,2025-03-14 12:05:00,completed,pix,394.86
7321,752,11,2025-06-20 00:26:00,completed,credit_card,3441.53
7322,312,39,2025-06-26 06:56:00,completed,boleto,152.69
7323,548,19,2025-12-27 20:37:00,completed,credit_card,1003.29
7324,89,25,2025-10-23 10:26:00,completed,debit_card,1928.77
7325,212,7,2025-08-16 13:00:00,completed,debit_card,661.56
7326,957,31,2025-02-07 22:04:00,completed,debit_card,827.55
7327,318,2,2025-12-20 01:30:00,completed,debit_card,1248.33
7328,877,38,2025-01-04 09:29:00,completed,credit_card,958.05
7329,757,5,2025-06-14 17:50:00,completed,pix,2815.68
7330,465,14,2025-06-13 23:39:00,completed,credit_card,1760.96
7331,87,18,2025-03-04 10:02:00,completed,credit_card,989.6
7332,409,36,2025-07-28 09:42:00,completed,credit_card,1109.57
7333,240,4,2025-07-05 23:45:00,cancelled,credit_card,158.73
7334,832,24,2025-03-12 19:42:00,completed,boleto,191.88
7335,700,13,2025-02-02 13:10:00,completed,pix,2518.32
7336,57,21,2025-05-29 03:28:00,completed,pix,412.93
7337,113,33,2025-04-21 13:44:00,completed,debit_card,1675.77
7338,735,20,2025-05-12 00:51:00,completed,credit_card,2951.43
7339,70,5,2025-08-04 14:55:00,returned,debit_card,1302.22
7340,739,24,2025-10-15 09:50:00,completed,pix,1223.22
7341,768,35,2025-05-14 14:26:00,completed,pix,3058.21
7342,692,30,2025-07-03 00:32:00,completed,debit_card,3029.68
7343,184,28,2025-12-29 08:57:00,completed,pix,3082.88
7344,703,45,2025-03-16 08:02:00,returned,pix,2010.26
7345,964,7,2025-05-07 03:24:00,completed,boleto,3334.02
7346,744,42,2025-12-10 16:17:00,completed,credit_card,2869.99
7347,276,35,2025-09-24 21:33:00,completed,credit_card,1466.41
7348,233,30,2025-02-18 08:34:00,completed,pix,2210.85
7349,54,34,2025-09-21 14:10:00,completed,pix,443.83
7350,257,39,2025-04-07 07:31:00,completed,boleto,1938.64
7351,90,9,2025-10-09 08:35:00,completed,debit_card,935.76
7352,738,12,2025-01-13 15:46:00,completed,boleto,1006.74
7353,759,29,2025-01-18 14:02:00,completed,boleto,457.5
7354,906,10,2025-03-07 20:35:00,returned,debit_card,1266.53
7355,663,27,2025-06-27 02:27:00,completed,pix,1695.24
7356,435,19,2025-02-20 17:59:00,completed,credit_card,2109.23
7357,625,13,2025-01-17 15:06:00,completed,boleto,1080.95
7358,408,42,2025-01-06 00:53:00,completed,boleto,2777.02
7359,269,37,2025-02-25 01:51:00,completed,credit_card,1832.94
7360,669,32,2025-08-04 15:09:00,completed,boleto,2240.42
7361,954,15,2025-04-14 19:25:00,completed,debit_card,987.94
7362,366,21,2025-06-07 12:33:00,completed,credit_card,2853.19
7363,859,3,2025-05-19 09:44:00,completed,credit_card,2192.48
7364,351,8,2025-11-28 19:19:00,completed,debit_card,3020.97
7365,299,6,2025-08-07 02:01:00,completed,debit_card,576.63
7366,906,29,2025-01-04 11:24:00,completed,credit_card,1344.71
7367,159,19,2025-08-02 22:28:00,cancelled,debit_card,413.3
7368,487,17,2025-10-16 00:05:00,completed,boleto,770.04
7369,842,10,2025-01-26 19:30:00,completed,pix,1393.03
7370,984,33,2025-10-11 05:58:00,completed,boleto,3133.15
7371,737,13,2025-03-24 00:35:00,completed,debit_card,1958.5
7372,526,27,2025-05-04 22:35:00,completed,boleto,1169.72
7373,355,42,2025-07-27 07:09:00,completed,pix,2619.21
7374,621,12,2025-08-14 05:32:00,completed,pix,88.5
7375,930,2,2025-09-08 12:57:00,completed,pix,1307.92
7376,401,10,2025-02-14 01:51:00,returned,debit_card,2110.89
7377,405,21,2025-10-12 23:32:00,completed,debit_card,2049.67
7378,96,23,2025-10-02 05:01:00,completed,debit_card,2134.3
7379,707,1,2025-08-12 01:40:00,completed,pix,756.02
7380,570,33,2025-12-05 18:01:00,completed,debit_card,1193.04
7381,975,26,2025-02-04 19:51:00,completed,credit_card,3261.85
7382,392,15,2025-09-09 09:29:00,completed,boleto,3409.43
7383,352,22,2025-02-20 14:07:00,completed,boleto,1105.89
7384,806,25,2025-05-28 02:11:00,completed,credit_card,2262.87
7385,666,1,2025-12-09 18:10:00,cancelled,debit_card,859.71
7386,576,26,2025-10-21 23:59:00,returned,boleto,1302.48
7387,670,21,2025-09-01 00:04:00,completed,pix,2777.32
7388,777,41,2025-10-19 17:54:00,cancelled,boleto,1764.1
7389,633,24,2025-12-26 11:29:00,cancelled,boleto,2976.57
7390,288,39,2025-03-11 09:19:00,returned,boleto,2208.02
7391,523,16,2025-09-18 09:58:00,completed,debit_card,2208.65
7392,726,32,2025-05-31 12:26:00,pending,credit_card,137.9
7393,162,16,2025-05-15 17:40:00,completed,boleto,2628.85
7394,617,13,2025-01-31 01:02:00,completed,pix,3422.98
7395,914,42,2025-10-04 21:22:00,completed,boleto,1666.14
7396,659,32,2025-07-21 15:35:00,pending,debit_card,571.86
7397,182,50,2025-02-23 13:23:00,completed,debit_card,3419.88
7398,850,41,2025-08-31 14:35:00,cancelled,pix,1029.64
7399,549,44,2025-10-27 21:18:00,completed,boleto,1444.01
7400,82,24,2025-04-21 09:24:00,completed,boleto,289.24
7401,524,13,2025-04-28 04:47:00,completed,pix,405.71
7402,4,11,2025-10-04 04:14:00,cancelled,credit_card,773.65
7403,495,15,2025-11-28 06:32:00,returned,debit_card,1928.66
7404,555,10,2025-11-18 15:39:00,pending,credit_card,1961.11
7405,923,42,2025-04-19 17:07:00,completed,credit_card,2129.73
7406,51,41,2025-04-16 16:25:00,completed,boleto,2051.68
7407,261,3,2025-02-08 17:06:00,completed,pix,1743.42
7408,134,16,2025-04-27 22:33:00,completed,debit_card,2811.3
7409,973,44,2025-07-16 20:13:00,completed,credit_card,3269.97
7410,599,17,2025-07-21 14:40:00,completed,credit_card,958.77
7411,362,25,2025-08-29 21:12:00,completed,boleto,473.07
7412,568,30,2025-06-02 20:04:00,cancelled,boleto,1499.3
7413,217,47,2025-09-04 20:06:00,completed,boleto,111.95
7414,878,35,2025-05-31 14:57:00,pending,pix,3093.95
7415,68,37,2025-03-07 04:38:00,completed,debit_card,854.18
7416,864,13,2025-03-29 02:07:00,completed,debit_card,1931.55
7417,556,24,2025-06-28 23:16:00,completed,boleto,420.53
7418,143,38,2025-01-12 14:58:00,completed,credit_card,1945.34
7419,346,26,2025-04-03 20:23:00,completed,boleto,155.7
7420,554,9,2025-12-21 08:01:00,completed,boleto,2695.45
7421,651,19,2025-09-24 12:40:00,cancelled,pix,3344.87
7422,585,28,2025-01-19 01:34:00,cancelled,boleto,1088.28
7423,779,7,2025-05-06 22:30:00,completed,debit_card,918.59
7424,194,45,2025-12-03 16:59:00,completed,boleto,1579.02
7425,667,22,2025-12-07 12:19:00,returned,debit_card,2177.51
7426,246,30,2025-01-30 07:12:00,pending,credit_card,677.59
7427,314,37,2025-09-08 21:13:00,completed,debit_card,2815.51
7428,730,16,2025-01-31 12:03:00,pending,debit_card,710.9
7429,968,36,2025-09-11 04:33:00,completed,boleto,39.05
7430,384,5,2025-09-24 14:11:00,completed,debit_card,1844.39
7431,765,29,2025-10-12 00:35:00,completed,debit_card,420.72
7432,789,23,2025-10-06 00:07:00,completed,credit_card,2449.87
7433,277,6,2025-06-27 07:15:00,completed,debit_card,602.8
7434,72,36,2025-07-20 17:48:00,completed,debit_card,2864.48
7435,129,33,2025-11-06 15:59:00,cancelled,boleto,1656.88
7436,358,49,2025-07-24 16:01:00,completed,pix,1990.65
7437,698,41,2025-04-07 09:03:00,completed,boleto,669.32
7438,525,16,2025-06-28 16:08:00,completed,credit_card,530.47
7439,841,34,2025-12-09 10:05:00,completed,boleto,2216.9
7440,220,43,2025-12-10 21:07:00,completed,debit_card,909.0
7441,6,26,2025-06-13 18:35:00,pending,pix,1363.02
7442,751,37,2025-09-02 10:32:00,pending,boleto,1688.48
7443,983,13,2025-05-24 02:44:00,completed,boleto,819.12
7444,624,17,2025-09-27 03:14:00,completed,credit_card,2788.07
7445,228,32,2025-11-23 14:56:00,pending,debit_card,3289.2
7446,954,32,2025-05-25 11:52:00,completed,boleto,1522.99
7447,17,28,2025-06-22 05:49:00,completed,boleto,3213.07
7448,585,29,2025-05-26 04:07:00,completed,pix,3091.74
7449,12,25,2025-09-11 14:09:00,returned,credit_card,597.84
7450,598,47,2025-04-01 15:09:00,completed,debit_card,623.37
7451,499,22,2025-07-24 22:27:00,cancelled,boleto,1681.37
7452,692,27,2025-04-16 22:46:00,completed,pix,1849.98
7453,634,44,2025-01-03 05:32:00,completed,boleto,1207.13
7454,716,38,2025-06-11 04:51:00,completed,boleto,1108.97
7455,502,20,2025-11-28 00:17:00,completed,credit_card,1521.16
7456,70,45,2025-04-02 18:32:00,completed,pix,2422.87
7457,108,50,2025-07-24 17:39:00,completed,pix,313.69
7458,201,24,2025-01-16 06:47:00,completed,debit_card,2492.83
7459,52,47,2025-08-28 10:25:00,completed,boleto,3243.32
7460,549,47,2025-08-15 04:57:00,pending,pix,2677.0
7461,629,8,2025-12-22 16:04:00,completed,boleto,687.04
7462,259,14,2025-02-24 04:38:00,returned,boleto,324.43
7463,482,39,2025-09-05 06:03:00,pending,debit_card,1726.52
7464,264,14,2025-01-12 10:33:00,completed,debit_card,3348.29
7465,906,5,2025-03-29 08:41:00,completed,pix,2870.33
7466,303,47,2025-12-19 22:52:00,cancelled,boleto,1978.31
7467,937,21,2025-06-06 07:37:00,completed,pix,517.58
7468,576,15,2025-07-27 14:44:00,completed,boleto,2504.15
7469,554,36,2025-05-30 22:53:00,pending,pix,2849.23
7470,555,33,2025-08-11 00:53:00,completed,pix,3274.04
7471,125,17,2025-07-14 19:58:00,cancelled,boleto,2150.16
7472,905,20,2025-09-28 12:02:00,completed,credit_card,1810.34
7473,270,1,2025-01-17 19:40:00,completed,debit_card,2174.75
7474,997,16,2025-09-16 10:26:00,pending,boleto,3302.52
7475,859,45,2025-12-19 08:49:00,completed,pix,2205.88
7476,745,18,2025-01-07 12:27:00,returned,credit_card,916.42
7477,480,10,2025-06-20 15:52:00,returned,pix,2233.81
7478,132,23,2025-06-23 16:59:00,completed,credit_card,3081.51
7479,2,18,2025-12-14 09:08:00,completed,boleto,1993.17
7480,115,49,2025-06-21 04:29:00,completed,debit_card,1769.39
7481,481,9,2025-01-10 10:20:00,completed,pix,2572.12
7482,981,46,2025-08-28 23:50:00,cancelled,credit_card,2320.24
7483,1,30,2025-11-22 16:08:00,completed,credit_card,217.27
7484,331,13,2025-12-02 21:03:00,completed,debit_card,2544.08
7485,577,31,2025-10-25 06:42:00,completed,pix,1438.27
7486,942,46,2025-05-29 00:45:00,completed,boleto,3294.33
7487,955,43,2025-10-09 13:07:00,cancelled,boleto,3398.39
7488,971,13,2025-11-11 00:41:00,completed,pix,1581.61
7489,637,32,2025-04-25 03:00:00,completed,debit_card,3391.41
7490,768,17,2025-07-31 18:40:00,completed,debit_card,1101.66
7491,391,3,2025-03-04 03:00:00,cancelled,debit_card,2395.6
7492,834,1,2025-08-01 16:16:00,pending,credit_card,281.19
7493,143,5,2025-02-05 10:48:00,pending,credit_card,524.56
7494,328,32,2025-04-03 06:10:00,completed,debit_card,3028.55
7495,758,25,2025-11-29 01:53:00,completed,pix,3130.37
7496,628,45,2025-08-02 03:32:00,returned,boleto,1873.49
7497,377,5,2025-07-05 08:11:00,returned,credit_card,1202.41
7498,815,37,2025-12-31 02:53:00,completed,debit_card,1589.56
7499,90,23,2025-04-08 20:46:00,completed,credit_card,3046.29
7500,808,12,2025-05-08 04:28:00,returned,credit_card,754.26
7501,42,34,2025-04-25 20:08:00,completed,debit_card,1046.15
7502,947,23,2025-12-10 09:36:00,completed,pix,2753.34
7503,35,16,2025-01-14 12:15:00,completed,boleto,3274.74
7504,494,49,2025-11-20 00:19:00,returned,pix,343.39
7505,553,5,2025-06-11 00:57:00,completed,credit_card,2817.13
7506,853,44,2025-10-28 08:29:00,pending,pix,2264.84
7507,124,47,2025-12-09 02:46:00,completed,pix,823.08
7508,57,28,2025-09-23 16:45:00,completed,boleto,2650.24
7509,806,6,2025-08-27 17:42:00,completed,debit_card,2553.15
7510,456,13,2025-04-27 21:32:00,returned,debit_card,514.26
7511,235,43,2025-03-11 21:27:00,completed,debit_card,1767.83
7512,608,30,2025-03-31 11:04:00,completed,pix,2658.85
7513,392,26,2025-07-05 22:04:00,returned,pix,686.57
7514,492,17,2025-07-05 19:04:00,completed,boleto,1630.43
7515,970,9,2025-03-30 09:59:00,cancelled,debit_card,440.18
7516,831,16,2025-12-22 16:33:00,completed,boleto,1087.79
7517,343,49,2025-11-29 21:49:00,completed,boleto,778.45
7518,644,18,2025-03-16 06:40:00,completed,pix,1777.65
7519,176,13,2025-01-28 02:15:00,returned,debit_card,511.43
7520,52,29,2025-08-20 20:17:00,completed,credit_card,1353.36
7521,550,43,2025-04-11 18:29:00,cancelled,credit_card,977.57
7522,478,45,2025-11-28 14:28:00,completed,pix,2616.25
7523,489,24,2025-03-03 15:14:00,completed,pix,2454.85
7524,855,45,2025-06-04 00:15:00,completed,pix,350.36
7525,5,44,2025-08-01 00:12:00,cancelled,pix,3338.12
7526,725,46,2025-02-09 11:59:00,completed,credit_card,2611.5
7527,632,13,2025-03-25 06:14:00,completed,debit_card,2163.54
7528,838,25,2025-01-21 15:56:00,pending,boleto,1682.4
7529,881,41,2025-05-06 09:17:00,completed,credit_card,639.17
7530,209,46,2025-06-09 05:43:00,completed,debit_card,3367.82
7531,217,1,2025-10-08 17:21:00,completed,pix,47.35
7532,536,9,2025-12-08 09:19:00,completed,boleto,2429.83
7533,342,4,2025-12-10 22:43:00,completed,debit_card,1785.91
7534,717,28,2025-04-13 21:48:00,cancelled,debit_card,3160.98
7535,401,12,2025-03-28 14:17:00,completed,boleto,1344.83
7536,462,24,2025-11-30 21:15:00,completed,debit_card,1824.88
7537,738,46,2025-10-02 13:00:00,pending,debit_card,2603.34
7538,730,9,2025-06-13 21:48:00,completed,boleto,185.53
7539,211,35,2025-01-05 23:36:00,returned,boleto,209.57
7540,26,38,2025-11-15 01:54:00,completed,credit_card,756.62
7541,252,35,2025-12-23 16:11:00,completed,pix,529.56
7542,3,33,2025-04-14 23:48:00,completed,pix,42.42
7543,2,35,2025-02-01 08:57:00,completed,debit_card,2188.0
7544,604,46,2025-12-02 18:32:00,completed,pix,2789.86
7545,2,20,2025-03-18 19:43:00,completed,credit_card,3350.76
7546,150,2,2025-12-31 18:45:00,completed,debit_card,1554.33
7547,583,44,2025-11-11 06:26:00,completed,pix,993.43
7548,4,26,2025-12-11 13:44:00,completed,pix,3026.38
7549,497,42,2025-06-21 19:59:00,completed,debit_card,2958.5
7550,550,13,2025-03-08 04:07:00,completed,boleto,2194.45
7551,871,30,2025-03-25 00:54:00,completed,credit_card,970.56
7552,468,32,2025-03-26 09:09:00,completed,debit_card,3181.64
7553,70,36,2025-08-30 09:11:00,completed,debit_card,640.84
7554,201,19,2025-11-08 22:21:00,completed,pix,171.89
7555,308,22,2025-08-27 09:28:00,completed,boleto,2792.23
7556,252,1,2025-05-14 17:49:00,completed,pix,1981.53
7557,287,11,2025-09-05 12:59:00,completed,debit_card,877.71
7558,922,26,2025-12-06 09:20:00,cancelled,debit_card,2354.72
7559,292,48,2025-01-03 20:10:00,completed,pix,2688.17
7560,154,19,2025-10-18 09:21:00,completed,boleto,2959.02
7561,924,19,2025-01-03 14:23:00,completed,debit_card,1001.8
7562,133,12,2025-01-22 11:24:00,returned,credit_card,109.04
7563,883,3,2025-04-09 02:28:00,pending,boleto,1794.94
7564,586,18,2025-08-18 20:44:00,completed,debit_card,2999.15
7565,274,49,2025-06-09 10:42:00,completed,boleto,743.22
7566,783,5,2025-08-26 21:03:00,cancelled,boleto,1485.52
7567,697,48,2025-12-20 10:08:00,completed,credit_card,912.34
7568,509,24,2025-03-14 04:56:00,completed,debit_card,66.5
7569,353,14,2025-04-18 18:23:00,completed,boleto,3146.86
7570,5,38,2025-06-28 18:43:00,completed,debit_card,489.99
7571,293,3,2025-02-12 18:40:00,completed,debit_card,2688.35
7572,360,6,2025-03-27 15:23:00,completed,boleto,1226.18
7573,598,12,2025-05-10 05:50:00,cancelled,pix,986.33
7574,214,11,2025-07-07 12:41:00,completed,boleto,3294.78
7575,406,39,2025-03-16 06:48:00,pending,pix,2307.05
7576,436,26,2025-01-18 05:35:00,completed,pix,2410.49
7577,15,1,2025-10-24 05:33:00,returned,pix,2663.59
7578,273,16,2025-11-22 05:04:00,cancelled,pix,1206.45
7579,563,48,2025-11-19 07:51:00,completed,boleto,1981.55
7580,765,49,2025-05-13 10:52:00,completed,pix,960.38
7581,45,47,2025-05-17 12:39:00,completed,debit_card,2924.2
7582,703,9,2025-05-16 00:51:00,completed,boleto,2105.59
7583,634,5,2025-09-05 16:46:00,completed,credit_card,867.06
7584,412,8,2025-08-17 07:16:00,cancelled,pix,3151.16
7585,187,21,2025-04-07 01:07:00,completed,boleto,2041.32
7586,726,33,2025-03-03 15:17:00,completed,pix,1742.71
7587,661,39,2025-10-12 11:13:00,completed,debit_card,140.02
7588,170,43,2025-07-26 01:53:00,completed,pix,3186.11
7589,721,20,2025-06-26 12:40:00,completed,boleto,3333.91
7590,965,45,2025-11-13 17:29:00,returned,debit_card,1977.84
7591,594,22,2025-08-14 06:17:00,completed,pix,1559.95
7592,401,13,2025-09-17 10:27:00,returned,credit_card,1271.29
7593,708,39,2025-04-18 06:33:00,pending,pix,952.81
7594,246,11,2025-11-21 18:27:00,pending,pix,2019.36
7595,903,18,2025-11-25 05:30:00,completed,debit_card,465.77
7596,857,30,2025-11-16 21:45:00,completed,pix,3218.72
7597,869,33,2025-09-11 07:05:00,completed,boleto,632.34
7598,552,44,2025-12-04 09:00:00,completed,boleto,2614.39
7599,680,3,2025-10-02 09:58:00,returned,debit_card,1087.97
7600,43,1,2025-05-17 18:25:00,completed,boleto,806.73
7601,841,36,2025-07-09 00:41:00,completed,credit_card,1961.38
7602,723,6,2025-09-30 15:33:00,completed,pix,2682.63
7603,179,37,2025-03-21 13:47:00,completed,debit_card,2549.04
7604,457,29,2025-06-11 20:36:00,completed,boleto,833.47
7605,535,11,2025-11-24 00:17:00,completed,credit_card,1170.15
7606,607,13,2025-01-28 00:06:00,pending,credit_card,3043.54
7607,672,11,2025-09-01 20:49:00,completed,debit_card,2536.89
7608,244,38,2025-12-07 03:08:00,completed,debit_card,2500.17
7609,927,25,2025-03-08 01:49:00,completed,boleto,955.79
7610,17,15,2025-01-17 07:06:00,completed,pix,2776.17
7611,112,13,2025-06-15 00:26:00,completed,credit_card,1267.29
7612,615,42,2025-12-21 03:26:00,returned,credit_card,1416.84
7613,826,33,2025-10-03 15:04:00,completed,debit_card,1020.71
7614,598,13,2025-10-23 15:16:00,completed,credit_card,442.44
7615,547,38,2025-08-02 22:54:00,returned,debit_card,1482.97
7616,30,24,2025-06-11 07:15:00,pending,pix,78.95
7617,192,20,2025-10-07 18:14:00,completed,debit_card,1606.57
7618,437,44,2025-05-06 18:56:00,completed,pix,2543.02
7619,179,17,2025-04-27 17:22:00,cancelled,boleto,3363.39
7620,616,50,2025-06-25 21:41:00,completed,debit_card,293.57
7621,677,24,2025-03-27 19:14:00,completed,boleto,998.89
7622,474,26,2025-10-02 01:35:00,completed,pix,1739.58
7623,634,40,2025-11-29 11:26:00,completed,credit_card,612.95
7624,134,32,2025-06-04 09:10:00,completed,boleto,426.56
7625,802,29,2025-12-13 18:24:00,completed,debit_card,1594.07
7626,312,14,2025-11-04 20:53:00,completed,debit_card,2040.94
7627,736,37,2025-11-02 16:27:00,pending,boleto,2874.32
7628,25,22,2025-07-06 20:32:00,completed,boleto,3492.36
7629,371,34,2025-05-23 20:39:00,completed,boleto,2714.46
7630,525,27,2025-03-22 16:36:00,completed,debit_card,790.26
7631,319,28,2025-01-07 12:44:00,completed,boleto,2622.96
7632,230,22,2025-10-24 10:15:00,completed,boleto,1889.29
7633,102,43,2025-11-12 03:34:00,pending,pix,1588.82
7634,450,3,2025-09-23 06:05:00,completed,boleto,3276.34
7635,378,22,2025-07-03 21:46:00,completed,boleto,2463.28
7636,888,48,2025-03-19 05:06:00,cancelled,debit_card,2392.29
7637,901,21,2025-07-26 02:24:00,cancelled,debit_card,60.91
7638,203,16,2025-11-23 10:58:00,completed,credit_card,3030.45
7639,267,9,2025-01-29 02:51:00,completed,debit_card,2780.69
7640,984,13,2025-02-13 18:43:00,completed,debit_card,1060.32
7641,462,10,2025-03-31 06:48:00,completed,debit_card,1036.55
7642,365,49,2025-09-19 09:14:00,completed,debit_card,206.11
7643,734,21,2025-03-30 23:31:00,completed,boleto,196.98
7644,104,49,2025-02-01 14:40:00,returned,credit_card,2346.71
7645,111,42,2025-08-14 17:43:00,cancelled,debit_card,668.11
7646,428,40,2025-04-17 03:22:00,completed,boleto,3233.95
7647,995,7,2025-09-13 03:10:00,completed,debit_card,2951.57
7648,469,46,2025-09-16 05:11:00,pending,credit_card,1234.12
7649,581,22,2025-12-29 20:05:00,completed,pix,1342.64
7650,870,18,2025-12-31 06:12:00,completed,pix,1158.92
7651,770,21,2025-11-10 03:53:00,completed,credit_card,341.53
7652,680,50,2025-05-04 07:21:00,completed,boleto,129.38
7653,805,14,2025-07-21 18:14:00,completed,boleto,1593.42
7654,886,10,2025-05-19 23:23:00,returned,credit_card,3301.78
7655,561,33,2025-10-25 03:34:00,completed,pix,3212.03
7656,250,9,2025-12-01 00:58:00,completed,debit_card,2838.24
7657,482,18,2025-05-24 23:58:00,completed,pix,2207.51
7658,331,13,2025-12-25 15:36:00,cancelled,debit_card,2999.65
7659,932,17,2025-04-07 15:08:00,cancelled,credit_card,1812.44
7660,587,23,2025-04-12 11:23:00,completed,credit_card,646.96
7661,201,25,2025-10-04 01:30:00,cancelled,credit_card,2400.91
7662,454,16,2025-12-10 00:53:00,completed,pix,3223.85
7663,504,24,2025-01-08 02:36:00,completed,credit_card,88.23
7664,546,31,2025-01-25 16:48:00,completed,pix,895.03
7665,826,11,2025-06-27 14:25:00,completed,boleto,943.72
7666,111,23,2025-09-16 13:32:00,completed,debit_card,364.66
7667,933,41,2025-12-03 21:19:00,completed,debit_card,804.72
7668,864,39,2025-07-13 09:36:00,completed,debit_card,1356.26
7669,828,22,2025-06-30 01:31:00,completed,credit_card,3290.63
7670,908,33,2025-11-01 18:26:00,completed,debit_card,3013.72
7671,749,41,2025-10-08 06:02:00,completed,credit_card,3312.1
7672,544,42,2025-02-08 19:44:00,completed,pix,439.59
7673,209,48,2025-07-13 05:32:00,completed,credit_card,117.61
7674,644,18,2025-12-29 16:07:00,pending,debit_card,402.39
7675,618,14,2025-08-29 11:40:00,cancelled,credit_card,3201.75
7676,33,28,2025-07-04 22:40:00,completed,credit_card,568.06
7677,555,11,2025-10-19 01:36:00,completed,pix,2012.78
7678,880,24,2025-05-10 02:42:00,completed,credit_card,811.99
7679,107,36,2025-04-06 18:21:00,returned,debit_card,91.81
7680,265,19,2025-03-27 13:45:00,completed,credit_card,314.48
7681,226,13,2025-12-09 15:26:00,cancelled,boleto,2490.09
7682,487,33,2025-06-03 23:38:00,completed,credit_card,654.64
7683,179,19,2025-11-28 23:56:00,returned,boleto,817.4
7684,222,47,2025-06-18 13:26:00,completed,debit_card,1332.85
7685,370,32,2025-07-30 06:51:00,returned,boleto,2307.2
7686,637,15,2025-10-25 22:59:00,completed,boleto,1653.42
7687,788,11,2025-10-22 06:39:00,returned,boleto,3307.24
7688,167,23,2025-11-20 14:36:00,completed,boleto,1530.95
7689,663,5,2025-01-05 14:11:00,completed,boleto,712.98
7690,553,22,2025-09-01 07:46:00,pending,credit_card,1885.78
7691,300,42,2025-07-24 23:47:00,pending,pix,1589.1
7692,381,18,2025-04-05 16:23:00,completed,boleto,2759.24
7693,35,7,2025-08-24 13:53:00,completed,debit_card,3274.22
7694,407,33,2025-12-07 08:12:00,pending,debit_card,2930.31
7695,502,3,2025-05-13 01:51:00,returned,credit_card,1373.86
7696,314,28,2025-07-19 00:48:00,completed,pix,772.08
7697,816,1,2025-06-23 01:40:00,completed,pix,3202.42
7698,743,49,2025-10-30 19:36:00,cancelled,boleto,1363.07
7699,727,47,2025-03-05 17:48:00,completed,debit_card,2700.32
7700,826,37,2025-11-22 03:59:00,pending,debit_card,3463.56
7701,101,22,2025-06-19 17:57:00,cancelled,credit_card,2029.5
7702,569,48,2025-02-04 16:46:00,pending,boleto,1689.98
7703,215,44,2025-05-10 01:26:00,completed,debit_card,2455.55
7704,935,19,2025-07-09 06:10:00,returned,boleto,694.88
7705,668,14,2025-04-12 14:17:00,cancelled,pix,1719.07
7706,576,3,2025-10-12 15:49:00,pending,boleto,1106.91
7707,62,19,2025-08-21 04:21:00,completed,boleto,591.51
7708,851,33,2025-01-30 21:01:00,completed,credit_card,2143.28
7709,369,21,2025-09-22 14:59:00,completed,credit_card,2023.46
7710,368,1,2025-04-14 16:53:00,completed,pix,2668.99
7711,574,26,2025-10-20 01:54:00,completed,pix,3057.94
7712,94,10,2025-03-02 05:55:00,completed,boleto,786.91
7713,469,35,2025-02-16 01:30:00,completed,debit_card,2733.37
7714,984,13,2025-06-13 00:09:00,pending,boleto,1298.5
7715,853,6,2025-07-20 19:36:00,cancelled,pix,2208.24
7716,26,43,2025-12-03 22:19:00,cancelled,credit_card,2978.84
7717,435,6,2025-04-14 01:50:00,completed,credit_card,911.52
7718,121,35,2025-09-06 05:50:00,completed,pix,2111.35
7719,50,16,2025-08-30 21:01:00,completed,boleto,1691.51
7720,883,41,2025-11-03 23:17:00,completed,debit_card,2771.21
7721,764,8,2025-01-20 16:45:00,completed,credit_card,2446.4
7722,36,3,2025-07-11 04:53:00,completed,boleto,2698.32
7723,410,5,2025-11-23 08:45:00,completed,debit_card,1022.04
7724,289,21,2025-01-04 00:49:00,completed,pix,2471.16
7725,379,31,2025-11-14 08:19:00,completed,boleto,2128.2
7726,100,14,2025-11-07 21:35:00,completed,debit_card,1609.25
7727,324,37,2025-09-12 01:43:00,completed,boleto,1336.64
7728,329,19,2025-04-30 09:55:00,completed,credit_card,1173.97
7729,648,37,2025-09-21 01:44:00,completed,pix,53.67
7730,706,20,2025-07-07 05:14:00,completed,credit_card,610.06
7731,221,2,2025-04-04 01:17:00,completed,credit_card,225.24
7732,791,7,2025-11-25 15:47:00,returned,boleto,2972.28
7733,838,33,2025-02-04 21:52:00,completed,pix,3013.11
7734,567,50,2025-01-04 16:30:00,completed,boleto,2964.75
7735,939,42,2025-01-23 02:17:00,cancelled,debit_card,2866.36
7736,996,6,2025-12-20 00:30:00,completed,pix,790.23
7737,110,7,2025-12-04 14:40:00,completed,credit_card,1731.42
7738,149,44,2025-10-31 23:44:00,completed,credit_card,3179.3
7739,406,18,2025-02-27 09:21:00,completed,credit_card,2664.04
7740,777,43,2025-01-30 09:11:00,completed,boleto,26.33
7741,674,29,2025-04-16 12:38:00,completed,boleto,1618.8
7742,699,19,2025-11-23 14:48:00,cancelled,boleto,57.13
7743,410,25,2025-11-05 09:33:00,completed,pix,996.7
7744,129,4,2025-09-07 16:51:00,cancelled,pix,1536.45
7745,484,13,2025-04-25 02:54:00,returned,pix,3127.29
7746,108,32,2025-10-01 01:58:00,returned,pix,2297.26
7747,389,27,2025-04-24 11:14:00,pending,debit_card,1281.45
7748,425,34,2025-02-03 23:29:00,completed,credit_card,1727.48
7749,447,28,2025-09-20 01:49:00,completed,boleto,2864.52
7750,918,9,2025-11-06 18:58:00,completed,boleto,1062.8
7751,68,8,2025-08-21 09:58:00,cancelled,debit_card,2160.32
7752,944,21,2025-07-29 18:54:00,completed,credit_card,932.62
7753,66,46,2025-02-28 00:56:00,completed,credit_card,1690.27
7754,656,30,2025-01-15 06:37:00,cancelled,debit_card,105.81
7755,976,29,2025-07-08 07:02:00,completed,pix,2985.92
7756,565,9,2025-01-26 01:20:00,completed,credit_card,188.25
7757,640,13,2025-05-12 03:49:00,completed,pix,800.77
7758,504,18,2025-12-09 22:44:00,completed,debit_card,1180.62
7759,504,38,2025-03-25 12:43:00,completed,boleto,2195.56
7760,982,22,2025-01-10 06:18:00,completed,boleto,2525.72
7761,321,31,2025-11-19 17:36:00,cancelled,boleto,299.97
7762,719,35,2025-05-05 07:02:00,completed,boleto,171.26
7763,832,42,2025-03-17 22:47:00,completed,credit_card,2800.48
7764,728,42,2025-08-16 19:22:00,pending,pix,2498.34
7765,580,10,2025-08-31 03:24:00,completed,boleto,2913.8
7766,447,9,2025-12-10 14:15:00,completed,boleto,2374.35
7767,574,31,2025-11-05 05:33:00,completed,boleto,2633.52
7768,210,44,2025-10-06 10:46:00,completed,debit_card,1339.05
7769,849,40,2025-09-05 23:13:00,completed,credit_card,2073.84
7770,839,24,2025-12-13 21:55:00,completed,debit_card,2822.77
7771,370,41,2025-02-14 02:48:00,completed,pix,618.97
7772,941,49,2025-12-20 09:47:00,completed,boleto,1491.42
7773,564,8,2025-07-17 20:51:00,completed,credit_card,2596.9
7774,628,50,2025-09-20 07:57:00,pending,credit_card,1873.58
7775,893,20,2025-03-14 20:07:00,cancelled,credit_card,2392.17
7776,458,17,2025-02-12 10:06:00,completed,debit_card,1039.18
7777,895,28,2025-06-27 10:14:00,completed,debit_card,132.55
7778,577,6,2025-12-20 09:29:00,returned,debit_card,121.43
7779,642,42,2025-07-13 00:21:00,completed,debit_card,3300.88
7780,689,33,2025-07-05 17:26:00,returned,pix,3307.0
7781,790,28,2025-11-13 22:28:00,completed,boleto,755.26
7782,992,1,2025-04-02 15:40:00,cancelled,boleto,533.18
7783,925,41,2025-11-26 01:55:00,completed,debit_card,83.13
7784,163,35,2025-04-10 23:09:00,completed,debit_card,824.77
7785,977,24,2025-07-11 22:23:00,returned,debit_card,1183.54
7786,332,6,2025-01-19 23:13:00,returned,pix,859.52
7787,664,7,2025-01-30 05:43:00,completed,pix,2794.9
7788,350,9,2025-05-05 15:20:00,returned,credit_card,2628.02
7789,748,37,2025-11-27 21:07:00,completed,boleto,301.93
7790,670,16,2025-03-03 15:31:00,completed,debit_card,2446.68
7791,468,34,2025-03-29 15:48:00,completed,credit_card,1831.64
7792,426,35,2025-03-05 15:45:00,completed,boleto,479.94
7793,327,35,2025-07-08 01:24:00,pending,credit_card,2593.58
7794,106,20,2025-09-22 10:55:00,completed,pix,319.44
7795,818,23,2025-12-03 04:11:00,completed,pix,636.48
7796,255,42,2025-04-01 05:09:00,completed,credit_card,539.31
7797,358,35,2025-10-28 17:19:00,completed,credit_card,3287.84
7798,967,47,2025-11-08 20:18:00,completed,boleto,2449.58
7799,444,46,2025-04-08 16:48:00,completed,debit_card,1451.28
7800,113,23,2025-02-22 18:16:00,cancelled,boleto,2881.27
7801,30,4,2025-05-05 20:50:00,completed,boleto,771.54
7802,524,10,2025-07-11 03:31:00,completed,pix,3260.2
7803,689,43,2025-07-13 19:27:00,completed,pix,2445.55
7804,991,11,2025-01-29 06:45:00,completed,credit_card,1967.34
7805,850,40,2025-12-13 10:24:00,completed,pix,2785.38
7806,46,9,2025-07-13 11:26:00,completed,boleto,2263.84
7807,171,40,2025-08-26 01:36:00,completed,credit_card,3107.14
7808,130,12,2025-11-06 17:35:00,cancelled,credit_card,2905.45
7809,757,17,2025-12-02 01:57:00,completed,pix,708.45
7810,353,32,2025-09-28 12:49:00,cancelled,debit_card,854.03
7811,203,23,2025-03-20 17:54:00,completed,pix,246.54
7812,226,15,2025-04-14 10:20:00,completed,credit_card,786.29
7813,80,28,2025-08-27 06:53:00,completed,credit_card,1215.34
7814,310,38,2025-01-16 10:22:00,completed,debit_card,120.32
7815,35,5,2025-02-25 09:54:00,completed,boleto,1116.07
7816,564,40,2025-09-11 13:30:00,returned,credit_card,2704.98
7817,161,18,2025-06-11 21:27:00,completed,debit_card,2944.34
7818,981,21,2025-12-17 07:14:00,completed,boleto,50.88
7819,596,15,2025-04-09 02:55:00,completed,pix,44.87
7820,840,3,2025-05-05 11:18:00,completed,debit_card,529.15
7821,435,46,2025-01-28 08:09:00,completed,boleto,3056.57
7822,538,26,2025-08-20 20:22:00,cancelled,credit_card,1653.09
7823,225,15,2025-07-07 13:54:00,completed,credit_card,3440.5
7824,446,45,2025-02-03 06:42:00,pending,debit_card,3107.91
7825,317,20,2025-12-09 18:54:00,completed,pix,3117.65
7826,666,21,2025-01-14 11:36:00,completed,debit_card,467.1
7827,805,26,2025-01-10 11:52:00,completed,credit_card,1673.8
7828,414,41,2025-11-28 00:44:00,completed,boleto,3477.7
7829,95,23,2025-03-30 23:45:00,completed,pix,538.67
7830,225,49,2025-01-01 01:04:00,completed,boleto,2018.33
7831,779,25,2025-02-17 19:15:00,completed,debit_card,1218.09
7832,949,4,2025-05-20 21:37:00,cancelled,debit_card,1369.75
7833,553,10,2025-06-22 01:55:00,completed,boleto,3119.96
7834,645,22,2025-10-08 17:51:00,pending,boleto,2065.9
7835,66,3,2025-08-31 20:58:00,completed,boleto,2660.54
7836,397,19,2025-05-16 15:46:00,cancelled,debit_card,2362.86
7837,959,31,2025-07-09 14:10:00,completed,boleto,1860.97
7838,210,9,2025-01-03 16:49:00,completed,credit_card,2775.15
7839,474,29,2025-03-24 01:54:00,returned,boleto,3398.15
7840,665,37,2025-03-28 14:34:00,completed,credit_card,3384.53
7841,684,46,2025-02-05 02:27:00,completed,credit_card,2767.29
7842,910,7,2025-04-20 04:34:00,completed,boleto,1715.91
7843,837,38,2025-07-09 16:19:00,completed,pix,587.79
7844,571,24,2025-11-09 07:04:00,returned,pix,174.76
7845,696,8,2025-01-02 19:51:00,cancelled,pix,825.43
7846,490,34,2025-04-06 03:59:00,cancelled,credit_card,1204.1
7847,180,26,2025-08-31 15:42:00,returned,pix,471.88
7848,834,28,2025-07-27 19:40:00,completed,pix,802.18
7849,836,28,2025-10-24 20:03:00,completed,boleto,310.74
7850,524,46,2025-03-02 15:42:00,pending,debit_card,1842.4
7851,459,7,2025-01-11 00:07:00,completed,credit_card,459.59
7852,68,3,2025-03-21 02:46:00,completed,debit_card,2604.83
7853,939,22,2025-08-12 03:45:00,completed,credit_card,1177.62
7854,329,38,2025-11-07 19:24:00,returned,credit_card,2358.78
7855,202,46,2025-02-27 17:00:00,completed,pix,3091.17
7856,475,44,2025-11-08 13:16:00,cancelled,boleto,319.34
7857,518,18,2025-12-10 06:28:00,completed,debit_card,3461.72
7858,15,12,2025-06-04 21:39:00,completed,debit_card,2265.45
7859,42,31,2025-06-23 21:16:00,cancelled,pix,205.71
7860,543,39,2025-08-09 03:26:00,returned,debit_card,1112.73
7861,982,5,2025-01-20 10:44:00,completed,debit_card,3104.13
7862,693,44,2025-12-31 01:32:00,completed,credit_card,2094.89
7863,774,41,2025-05-13 19:19:00,completed,boleto,1019.53
7864,289,29,2025-11-28 06:44:00,pending,boleto,3292.92
7865,925,43,2025-08-29 08:33:00,completed,debit_card,2759.64
7866,533,36,2025-01-11 02:48:00,completed,debit_card,2579.67
7867,892,14,2025-06-04 06:09:00,completed,credit_card,3111.73
7868,694,44,2025-04-12 18:19:00,completed,pix,2698.83
7869,696,18,2025-04-13 14:28:00,completed,credit_card,1017.85
7870,244,7,2025-03-07 19:51:00,cancelled,pix,2051.92
7871,862,23,2025-09-01 08:34:00,cancelled,pix,2951.16
7872,661,33,2025-02-23 23:01:00,returned,credit_card,649.35
7873,768,45,2025-06-09 03:24:00,completed,boleto,587.32
7874,612,16,2025-11-11 14:35:00,cancelled,credit_card,573.24
7875,567,37,2025-12-18 08:00:00,pending,pix,696.01
7876,698,25,2025-08-14 14:48:00,completed,boleto,379.24
7877,832,9,2025-03-26 08:09:00,completed,boleto,2934.95
7878,598,28,2025-06-28 20:51:00,completed,credit_card,2867.75
7879,174,9,2025-11-18 21:06:00,completed,boleto,546.76
7880,980,12,2025-10-31 19:49:00,pending,boleto,2475.27
7881,534,18,2025-07-02 21:29:00,pending,credit_card,2201.87
7882,509,27,2025-11-18 12:42:00,completed,debit_card,981.16
7883,244,26,2025-04-12 16:44:00,completed,boleto,811.24
7884,60,26,2025-03-18 16:01:00,completed,credit_card,892.04
7885,104,10,2025-06-07 12:01:00,returned,credit_card,2562.59
7886,651,17,2025-12-16 16:55:00,completed,debit_card,1131.22
7887,303,32,2025-04-28 12:59:00,completed,boleto,987.3
7888,671,24,2025-06-21 15:05:00,completed,pix,98.23
7889,744,43,2025-08-04 17:05:00,completed,pix,3180.66
7890,77,48,2025-01-31 22:32:00,completed,boleto,2639.41
7891,18,8,2025-05-19 05:21:00,pending,boleto,1665.29
7892,534,30,2025-05-25 04:06:00,completed,credit_card,3301.39
7893,184,26,2025-10-05 19:54:00,completed,credit_card,1041.49
7894,657,24,2025-02-21 17:14:00,completed,pix,2367.97
7895,550,27,2025-07-19 12:32:00,completed,boleto,1081.92
7896,281,15,2025-05-21 10:52:00,returned,credit_card,1114.71
7897,288,28,2025-08-13 17:19:00,completed,pix,2959.59
7898,655,11,2025-08-22 23:40:00,completed,pix,2758.84
7899,525,39,2025-09-24 21:25:00,returned,debit_card,1043.49
7900,698,2,2025-06-25 00:51:00,completed,boleto,303.24
7901,474,9,2025-03-12 13:31:00,completed,debit_card,1264.39
7902,946,50,2025-01-12 10:48:00,completed,credit_card,2665.0
7903,267,45,2025-05-12 21:13:00,completed,credit_card,369.89
7904,781,23,2025-09-22 08:25:00,completed,pix,2358.91
7905,609,33,2025-01-13 18:34:00,completed,credit_card,3116.38
7906,946,19,2025-05-03 21:38:00,cancelled,debit_card,643.71
7907,357,13,2025-02-11 04:52:00,cancelled,boleto,3020.47
7908,806,14,2025-04-27 22:17:00,completed,pix,198.75
7909,1,32,2025-01-30 14:28:00,completed,pix,2340.74
7910,807,49,2025-11-30 06:18:00,cancelled,credit_card,2772.82
7911,27,22,2025-02-06 02:33:00,completed,pix,1567.79
7912,548,20,2025-04-29 08:58:00,completed,pix,728.98
7913,160,33,2025-11-09 16:41:00,completed,boleto,3238.06
7914,937,5,2025-11-29 10:40:00,completed,pix,89.49
7915,399,20,2025-12-18 15:17:00,completed,boleto,1951.65
7916,543,14,2025-01-06 22:19:00,completed,debit_card,1317.52
7917,127,27,2025-04-02 21:35:00,completed,pix,1624.48
7918,774,26,2025-10-10 07:21:00,cancelled,debit_card,1887.25
7919,857,32,2025-06-16 21:10:00,completed,boleto,1880.93
7920,948,30,2025-05-24 15:53:00,completed,pix,728.61
7921,210,27,2025-08-05 03:31:00,completed,credit_card,2385.36
7922,150,26,2025-12-04 19:56:00,pending,credit_card,86.64
7923,31,18,2025-09-09 05:59:00,completed,pix,93.72
7924,612,45,2025-03-15 06:14:00,completed,boleto,1685.14
7925,841,23,2025-06-06 22:37:00,pending,credit_card,1905.82
7926,302,44,2025-02-05 23:18:00,completed,debit_card,976.62
7927,963,47,2025-10-19 03:10:00,completed,boleto,1939.83
7928,865,24,2025-07-07 04:58:00,returned,boleto,1816.06
7929,731,4,2025-02-16 22:13:00,completed,pix,1235.29
7930,765,41,2025-11-21 15:48:00,completed,debit_card,2288.18
7931,683,3,2025-05-04 04:38:00,completed,boleto,3353.62
7932,257,43,2025-08-28 16:03:00,cancelled,pix,1727.99
7933,940,30,2025-07-13 13:47:00,completed,debit_card,2755.46
7934,57,47,2025-08-16 20:05:00,pending,boleto,881.64
7935,9,16,2025-01-30 13:57:00,pending,credit_card,2671.59
7936,5,7,2025-10-30 17:35:00,completed,debit_card,2278.19
7937,847,39,2025-07-31 00:55:00,pending,boleto,2246.15
7938,114,22,2025-03-02 09:38:00,completed,debit_card,3127.76
7939,777,41,2025-07-14 07:57:00,completed,credit_card,832.06
7940,685,31,2025-12-02 05:57:00,completed,boleto,1302.21
7941,732,49,2025-04-28 04:49:00,completed,credit_card,309.07
7942,205,13,2025-09-05 16:28:00,completed,pix,2546.9
7943,24,41,2025-09-08 00:13:00,completed,pix,2956.66
7944,493,41,2025-08-15 08:49:00,completed,boleto,1432.3
7945,970,29,2025-09-30 15:39:00,completed,boleto,1261.76
7946,682,28,2025-06-15 07:58:00,pending,debit_card,2312.11
7947,406,44,2025-06-16 18:20:00,completed,boleto,283.05
7948,103,19,2025-10-10 22:35:00,cancelled,pix,1042.57
7949,60,23,2025-01-30 20:56:00,pending,boleto,1294.42
7950,86,47,2025-11-05 06:08:00,completed,debit_card,1824.69
7951,767,50,2025-07-18 21:40:00,completed,pix,1678.46
7952,677,8,2025-08-21 05:04:00,completed,boleto,746.21
7953,372,25,2025-05-10 17:27:00,cancelled,credit_card,1901.94
7954,679,38,2025-11-09 00:23:00,completed,credit_card,3242.02
7955,596,38,2025-10-07 23:29:00,completed,credit_card,114.27
7956,970,35,2025-01-19 10:47:00,completed,credit_card,2387.47
7957,202,26,2025-11-12 02:19:00,completed,debit_card,2193.99
7958,602,3,2025-02-13 13:08:00,completed,credit_card,3237.01
7959,89,2,2025-03-29 15:26:00,completed,credit_card,2265.8
7960,437,5,2025-11-17 09:25:00,completed,boleto,2194.45
7961,120,20,2025-08-02 08:48:00,cancelled,credit_card,2698.92
7962,156,12,2025-06-13 23:09:00,returned,credit_card,951.96
7963,973,38,2025-12-11 09:51:00,completed,boleto,2093.15
7964,399,16,2025-07-19 01:20:00,pending,pix,1827.59
7965,700,37,2025-03-05 08:57:00,returned,debit_card,1545.88
7966,188,38,2025-01-03 10:35:00,completed,debit_card,296.62
7967,774,36,2025-06-14 16:25:00,completed,pix,1038.35
7968,52,46,2025-01-16 21:13:00,cancelled,boleto,994.34
7969,652,29,2025-07-11 13:51:00,completed,pix,2540.39
7970,531,35,2025-06-08 16:17:00,returned,debit_card,3223.88
7971,480,49,2025-05-09 10:52:00,completed,debit_card,823.14
7972,587,37,2025-12-21 07:57:00,completed,pix,279.69
7973,230,21,2025-10-15 21:06:00,completed,credit_card,3499.85
7974,481,21,2025-09-14 13:12:00,completed,debit_card,2425.39
7975,130,28,2025-06-19 06:41:00,completed,pix,3104.92
7976,55,6,2025-06-18 15:01:00,completed,credit_card,520.7
7977,271,20,2025-01-09 22:35:00,completed,credit_card,2806.67
7978,960,36,2025-10-30 10:05:00,completed,boleto,2850.37
7979,100,13,2025-08-26 10:45:00,completed,pix,547.18
7980,69,40,2025-01-05 11:37:00,pending,debit_card,581.69
7981,911,11,2025-01-23 23:04:00,completed,boleto,1048.17
7982,299,24,2025-05-26 15:27:00,cancelled,debit_card,774.42
7983,970,19,2025-04-22 08:33:00,cancelled,credit_card,3414.43
7984,529,23,2025-06-14 12:07:00,completed,pix,1283.04
7985,354,31,2025-10-23 03:57:00,completed,credit_card,2669.35
7986,628,37,2025-05-28 22:57:00,cancelled,credit_card,2821.58
7987,152,37,2025-11-27 13:35:00,pending,credit_card,1363.07
7988,330,3,2025-08-23 02:08:00,completed,pix,2395.4
7989,116,34,2025-03-03 21:42:00,completed,boleto,395.14
7990,542,29,2025-01-20 04:03:00,completed,debit_card,1401.43
7991,323,3,2025-02-19 00:45:00,completed,credit_card,3386.24
7992,563,15,2025-07-15 16:07:00,completed,debit_card,606.49
7993,572,7,2025-09-05 04:50:00,completed,debit_card,1362.28
7994,229,3,2025-07-21 02:44:00,returned,boleto,2771.01
7995,771,47,2025-05-29 16:37:00,cancelled,pix,2335.67
7996,360,43,2025-11-21 02:47:00,completed,debit_card,2217.68
7997,5,16,2025-03-18 15:33:00,completed,boleto,2989.34
7998,28,45,2025-07-05 10:14:00,completed,debit_card,121.25
7999,766,34,2025-01-14 03:09:00,completed,credit_card,2703.65
8000,364,20,2025-07-08 09:01:00,completed,boleto,3091.27
8001,462,44,2025-06-23 14:15:00,completed,pix,76.29
8002,231,39,2025-10-31 20:18:00,completed,pix,1965.19
8003,395,33,2025-03-30 12:23:00,completed,credit_card,1233.09
8004,968,14,2025-03-12 12:16:00,returned,credit_card,196.65
8005,869,42,2025-06-24 23:41:00,returned,debit_card,1473.76
8006,712,35,2025-12-07 15:33:00,completed,boleto,2261.22
8007,844,11,2025-08-18 23:05:00,completed,boleto,3218.17
8008,271,20,2025-05-06 11:25:00,completed,boleto,2179.45
8009,851,30,2025-12-12 07:55:00,completed,boleto,3001.47
8010,304,28,2025-04-15 14:19:00,cancelled,debit_card,443.07
8011,383,15,2025-01-01 00:05:00,completed,boleto,752.61
8012,558,38,2025-06-12 14:32:00,completed,boleto,3396.62
8013,28,50,2025-07-06 22:22:00,completed,pix,3108.15
8014,519,13,2025-11-30 22:35:00,returned,pix,838.59
8015,744,47,2025-10-02 21:02:00,completed,debit_card,2180.99
8016,199,35,2025-05-21 22:25:00,completed,credit_card,1281.96
8017,606,47,2025-09-02 12:51:00,returned,pix,1650.72
8018,82,24,2025-06-04 18:33:00,completed,credit_card,3015.86
8019,88,1,2025-06-04 09:22:00,completed,debit_card,2580.28
8020,390,42,2025-01-15 11:55:00,completed,pix,849.78
8021,698,24,2025-07-11 02:41:00,cancelled,pix,1119.66
8022,755,27,2025-01-23 12:00:00,cancelled,debit_card,1028.19
8023,580,18,2025-11-19 16:34:00,completed,boleto,2736.71
8024,823,26,2025-02-17 15:27:00,completed,debit_card,1725.51
8025,451,29,2025-07-21 03:27:00,completed,credit_card,3328.52
8026,433,8,2025-10-17 13:41:00,completed,credit_card,2862.07
8027,374,44,2025-03-12 04:56:00,completed,boleto,754.96
8028,435,26,2025-07-01 14:58:00,completed,debit_card,2755.08
8029,187,5,2025-02-28 13:35:00,completed,debit_card,1781.16
8030,751,33,2025-09-10 04:13:00,returned,boleto,902.91
8031,390,40,2025-02-26 18:28:00,completed,debit_card,1284.39
8032,218,5,2025-02-15 06:35:00,completed,pix,3403.0
8033,108,49,2025-07-29 05:26:00,completed,debit_card,1704.19
8034,819,47,2025-02-19 16:20:00,completed,pix,2524.23
8035,550,36,2025-08-24 11:32:00,completed,debit_card,1680.26
8036,907,13,2025-01-09 03:55:00,completed,pix,1313.02
8037,948,17,2025-09-21 23:29:00,pending,credit_card,2791.54
8038,349,13,2025-04-04 17:22:00,returned,boleto,2972.17
8039,788,25,2025-06-28 07:20:00,completed,credit_card,270.17
8040,522,2,2025-01-12 22:15:00,completed,pix,990.84
8041,26,24,2025-12-01 09:03:00,completed,boleto,1787.39
8042,48,36,2025-02-02 09:09:00,pending,credit_card,1121.41
8043,859,25,2025-05-05 05:12:00,completed,credit_card,2746.87
8044,370,34,2025-11-24 01:30:00,completed,pix,419.27
8045,14,12,2025-08-18 14:57:00,returned,debit_card,2796.34
8046,612,19,2025-04-22 04:14:00,pending,debit_card,2170.24
8047,187,50,2025-02-10 05:41:00,cancelled,pix,1027.0
8048,524,42,2025-08-01 05:37:00,cancelled,credit_card,1218.7
8049,884,30,2025-01-12 03:20:00,completed,debit_card,656.49
8050,891,37,2025-02-18 11:26:00,pending,debit_card,898.96
8051,279,43,2025-05-20 00:51:00,completed,credit_card,2516.1
8052,341,1,2025-02-08 19:56:00,returned,pix,1328.08
8053,328,3,2025-10-02 15:47:00,completed,pix,2412.44
8054,679,49,2025-10-10 04:19:00,completed,debit_card,1809.09
8055,634,26,2025-05-09 14:57:00,completed,pix,525.64
8056,905,15,2025-05-21 02:30:00,completed,credit_card,1756.77
8057,984,46,2025-06-02 16:14:00,completed,pix,2652.52
8058,607,47,2025-08-21 18:46:00,completed,boleto,1055.91
8059,25,48,2025-04-15 11:14:00,completed,pix,2275.32
8060,529,28,2025-12-17 14:29:00,completed,pix,712.63
8061,426,4,2025-04-12 17:14:00,completed,pix,492.23
8062,29,19,2025-07-01 18:25:00,completed,boleto,1273.59
8063,956,24,2025-09-04 09:40:00,completed,credit_card,1374.43
8064,323,40,2025-05-07 15:54:00,pending,pix,2668.31
8065,853,6,2025-10-18 08:47:00,completed,debit_card,1621.07
8066,313,16,2025-02-10 08:42:00,completed,pix,302.7
8067,584,32,2025-06-11 13:41:00,completed,boleto,2226.32
8068,270,30,2025-07-04 10:31:00,cancelled,boleto,1653.0
8069,762,35,2025-05-08 22:15:00,completed,debit_card,1174.12
8070,295,8,2025-01-08 09:42:00,completed,boleto,2811.72
8071,656,5,2025-11-13 19:37:00,cancelled,boleto,557.26
8072,786,37,2025-10-04 11:15:00,cancelled,boleto,3197.98
8073,223,12,2025-05-01 08:05:00,pending,credit_card,1182.53
8074,75,25,2025-06-12 22:31:00,completed,boleto,1624.08
8075,102,33,2025-02-28 04:45:00,pending,pix,3253.73
8076,532,39,2025-03-28 14:18:00,completed,debit_card,2669.11
8077,629,24,2025-04-28 07:02:00,pending,pix,278.57
8078,686,11,2025-01-08 10:32:00,cancelled,pix,2032.47
8079,885,42,2025-08-27 15:51:00,cancelled,debit_card,1100.06
8080,173,35,2025-12-27 04:40:00,completed,credit_card,1789.54
8081,4,40,2025-05-17 09:57:00,cancelled,credit_card,2605.53
8082,852,1,2025-09-09 09:15:00,completed,boleto,1746.68
8083,479,8,2025-10-22 11:02:00,completed,credit_card,267.16
8084,660,23,2025-01-26 16:12:00,completed,credit_card,1864.33
8085,395,20,2025-07-25 18:00:00,completed,boleto,103.97
8086,626,32,2025-10-31 19:53:00,completed,credit_card,1232.46
8087,833,11,2025-08-26 00:44:00,completed,credit_card,1683.55
8088,914,7,2025-08-19 23:17:00,completed,boleto,2263.46
8089,167,30,2025-01-03 02:52:00,completed,pix,1781.6
8090,300,48,2025-07-20 23:36:00,cancelled,pix,548.77
8091,993,39,2025-07-30 14:54:00,pending,debit_card,3264.12
8092,118,13,2025-04-14 01:08:00,completed,credit_card,2283.04
8093,512,42,2025-11-07 03:25:00,returned,boleto,1123.05
8094,612,49,2025-08-18 19:18:00,completed,boleto,3381.47
8095,786,3,2025-10-01 11:01:00,pending,credit_card,3091.37
8096,175,7,2025-01-12 08:55:00,completed,credit_card,519.35
8097,159,43,2025-09-14 08:50:00,returned,boleto,2300.89
8098,384,13,2025-11-30 17:05:00,cancelled,boleto,1969.04
8099,227,37,2025-01-20 03:57:00,completed,boleto,690.98
8100,935,25,2025-08-22 15:13:00,completed,debit_card,832.49
8101,38,23,2025-10-27 17:33:00,completed,pix,1981.93
8102,463,47,2025-03-01 12:07:00,completed,boleto,1138.08
8103,431,33,2025-03-24 14:48:00,completed,pix,2925.21
8104,710,5,2025-11-21 14:53:00,completed,credit_card,360.13
8105,648,32,2025-05-22 08:50:00,completed,pix,3200.83
8106,104,30,2025-10-27 14:13:00,completed,pix,2945.12
8107,982,31,2025-08-30 07:49:00,cancelled,pix,2590.41
8108,193,13,2025-07-26 12:31:00,pending,credit_card,933.73
8109,250,42,2025-09-23 01:28:00,completed,pix,2508.05
8110,13,5,2025-05-24 17:54:00,completed,pix,1546.92
8111,567,23,2025-10-01 08:50:00,completed,debit_card,2225.48
8112,856,1,2025-07-19 03:48:00,completed,credit_card,1107.69
8113,597,10,2025-08-29 06:08:00,completed,pix,2928.79
8114,621,50,2025-12-24 14:02:00,pending,credit_card,161.2
8115,555,27,2025-10-28 13:29:00,cancelled,boleto,2426.28
8116,388,8,2025-10-28 05:31:00,completed,pix,2903.64
8117,71,3,2025-07-26 16:25:00,completed,credit_card,2269.57
8118,956,19,2025-06-07 08:17:00,completed,pix,688.13
8119,780,2,2025-08-21 01:52:00,returned,pix,1011.73
8120,571,49,2025-12-24 11:31:00,cancelled,boleto,1811.87
8121,973,31,2025-05-08 17:51:00,completed,debit_card,1166.48
8122,438,48,2025-04-09 09:08:00,completed,credit_card,37.11
8123,44,10,2025-11-12 04:45:00,completed,pix,161.56
8124,272,16,2025-10-14 21:46:00,completed,boleto,2691.83
8125,902,37,2025-05-05 07:42:00,completed,boleto,311.3
8126,14,20,2025-07-15 00:31:00,completed,debit_card,3249.52
8127,371,3,2025-11-06 18:09:00,cancelled,debit_card,1560.72
8128,112,35,2025-03-27 02:20:00,completed,boleto,2658.49
8129,379,34,2025-07-16 11:02:00,returned,boleto,456.76
8130,314,21,2025-02-02 13:41:00,completed,credit_card,3244.25
8131,415,36,2025-11-28 01:28:00,completed,credit_card,137.65
8132,740,32,2025-09-12 04:56:00,completed,boleto,166.64
8133,485,18,2025-12-07 03:58:00,completed,boleto,209.96
8134,169,34,2025-10-02 23:51:00,pending,debit_card,379.86
8135,888,38,2025-12-16 16:08:00,completed,credit_card,1714.17
8136,803,3,2025-12-27 12:29:00,pending,boleto,2763.2
8137,246,3,2025-06-25 16:30:00,completed,credit_card,1011.62
8138,266,27,2025-07-14 23:19:00,completed,credit_card,2615.3
8139,849,2,2025-01-16 20:38:00,cancelled,boleto,2713.73
8140,243,3,2025-07-30 07:52:00,returned,boleto,3180.81
8141,670,17,2025-08-07 17:02:00,completed,pix,539.74
8142,300,46,2025-11-20 14:32:00,returned,credit_card,491.66
8143,951,39,2025-04-11 10:08:00,completed,credit_card,444.89
8144,327,38,2025-04-05 23:32:00,completed,debit_card,1270.4
8145,530,40,2025-02-01 10:51:00,pending,debit_card,1723.16
8146,595,19,2025-05-30 23:23:00,completed,debit_card,1626.4
8147,847,19,2025-03-29 05:32:00,completed,credit_card,914.53
8148,743,44,2025-10-14 14:19:00,completed,boleto,2184.49
8149,342,5,2025-01-31 10:15:00,completed,boleto,1197.19
8150,765,5,2025-03-14 21:57:00,completed,boleto,1293.97
8151,679,14,2025-02-12 02:11:00,completed,credit_card,387.24
8152,554,27,2025-10-18 04:36:00,pending,boleto,2080.97
8153,249,49,2025-09-12 21:37:00,completed,debit_card,2300.38
8154,760,48,2025-01-30 05:22:00,completed,boleto,2657.67
8155,950,36,2025-04-13 07:30:00,cancelled,boleto,3165.95
8156,380,40,2025-03-08 03:00:00,completed,debit_card,2685.7
8157,798,35,2025-03-05 19:00:00,completed,pix,840.39
8158,532,21,2025-11-11 04:36:00,cancelled,pix,840.08
8159,894,5,2025-01-16 03:17:00,cancelled,pix,3204.5
8160,864,24,2025-06-06 05:57:00,completed,credit_card,2769.66
8161,381,39,2025-11-13 18:03:00,completed,credit_card,2742.22
8162,42,50,2025-10-06 01:24:00,completed,debit_card,2524.6
8163,345,24,2025-07-18 12:00:00,completed,pix,949.86
8164,599,40,2025-01-02 09:44:00,completed,credit_card,2968.99
8165,261,43,2025-10-26 01:21:00,completed,boleto,517.24
8166,306,46,2025-09-03 05:42:00,completed,pix,1238.06
8167,809,50,2025-04-20 19:16:00,completed,pix,1225.73
8168,862,13,2025-07-05 17:09:00,completed,credit_card,1969.26
8169,240,38,2025-11-13 21:31:00,cancelled,pix,1632.78
8170,679,45,2025-01-13 10:23:00,completed,debit_card,1620.13
8171,313,1,2025-09-13 01:44:00,completed,debit_card,1946.43
8172,731,43,2025-10-25 12:16:00,completed,credit_card,1465.66
8173,441,39,2025-05-20 21:54:00,completed,pix,889.94
8174,933,10,2025-10-10 11:42:00,completed,debit_card,2331.14
8175,903,2,2025-09-14 15:16:00,completed,pix,2771.4
8176,133,16,2025-12-09 13:41:00,completed,debit_card,1686.91
8177,719,37,2025-09-02 20:34:00,pending,debit_card,2280.2
8178,51,16,2025-11-05 06:04:00,completed,pix,1883.06
8179,618,23,2025-09-16 11:42:00,completed,credit_card,225.31
8180,392,26,2025-05-09 23:15:00,completed,credit_card,1492.33
8181,696,16,2025-04-17 12:45:00,completed,credit_card,54.29
8182,713,27,2025-10-12 03:34:00,completed,pix,2323.34
8183,523,47,2025-10-15 14:50:00,completed,pix,1788.4
8184,766,41,2025-06-10 05:55:00,returned,pix,461.37
8185,508,30,2025-03-04 05:10:00,completed,credit_card,1906.83
8186,662,33,2025-09-15 10:34:00,completed,pix,3146.52
8187,354,32,2025-07-24 00:45:00,completed,credit_card,1204.91
8188,867,9,2025-01-12 22:24:00,cancelled,debit_card,3438.64
8189,973,11,2025-11-13 07:59:00,completed,credit_card,3358.64
8190,395,37,2025-05-25 02:57:00,completed,credit_card,2752.88
8191,956,6,2025-05-08 13:59:00,cancelled,boleto,2852.02
8192,96,30,2025-03-26 04:46:00,returned,boleto,1448.7
8193,106,40,2025-08-24 22:29:00,completed,credit_card,1420.84
8194,655,15,2025-04-15 10:48:00,completed,boleto,3341.3
8195,678,48,2025-06-14 21:19:00,completed,pix,1294.36
8196,513,30,2025-08-29 17:35:00,completed,boleto,357.12
8197,558,18,2025-10-18 13:21:00,completed,boleto,551.4
8198,242,12,2025-02-22 17:11:00,pending,boleto,2492.19
8199,856,4,2025-03-06 08:03:00,pending,credit_card,1352.77
8200,939,16,2025-06-30 03:03:00,completed,debit_card,713.71
8201,488,23,2025-09-10 07:09:00,completed,debit_card,2851.98
8202,790,11,2025-05-03 16:42:00,cancelled,debit_card,1720.58
8203,515,24,2025-03-08 23:33:00,returned,debit_card,1995.39
8204,654,22,2025-08-23 17:10:00,completed,debit_card,555.74
8205,898,39,2025-10-14 05:27:00,completed,debit_card,690.78
8206,61,15,2025-12-04 00:40:00,completed,credit_card,457.98
8207,416,49,2025-10-11 15:29:00,completed,pix,1810.61
8208,294,15,2025-11-22 21:24:00,completed,pix,2719.29
8209,737,10,2025-07-31 12:32:00,completed,debit_card,2568.35
8210,302,28,2025-10-15 21:22:00,completed,boleto,929.08
8211,170,36,2025-11-13 03:15:00,completed,boleto,2983.39
8212,646,17,2025-12-07 17:54:00,completed,credit_card,387.7
8213,41,36,2025-12-09 16:56:00,completed,debit_card,416.89
8214,231,22,2025-11-24 00:37:00,completed,debit_card,2975.58
8215,409,23,2025-06-02 21:32:00,completed,boleto,870.58
8216,738,29,2025-01-18 13:41:00,completed,debit_card,2484.24
8217,651,22,2025-04-16 10:37:00,completed,debit_card,51.6
8218,622,11,2025-01-06 03:45:00,returned,boleto,345.73
8219,997,36,2025-07-10 23:21:00,completed,pix,2140.32
8220,297,44,2025-05-08 16:03:00,completed,pix,654.81
8221,455,29,2025-09-04 15:03:00,completed,credit_card,118.18
8222,57,42,2025-10-16 15:40:00,completed,boleto,1644.97
8223,942,32,2025-12-11 02:16:00,completed,credit_card,1170.21
8224,635,14,2025-10-01 13:20:00,completed,debit_card,2811.85
8225,240,18,2025-03-19 04:33:00,cancelled,boleto,2869.52
8226,598,38,2025-05-14 17:03:00,pending,pix,2158.19
8227,176,37,2025-11-29 19:54:00,completed,debit_card,1039.76
8228,63,34,2025-07-14 18:04:00,completed,pix,1626.46
8229,551,45,2025-10-06 06:37:00,completed,pix,2463.85
8230,138,23,2025-01-02 06:45:00,completed,credit_card,261.19
8231,981,32,2025-03-24 21:02:00,pending,boleto,1177.09
8232,454,46,2025-11-09 19:59:00,completed,boleto,2881.85
8233,753,3,2025-06-22 19:30:00,completed,boleto,1432.98
8234,449,43,2025-06-22 00:08:00,completed,credit_card,2193.84
8235,226,22,2025-07-14 16:51:00,completed,pix,355.24
8236,443,23,2025-12-28 17:59:00,cancelled,credit_card,2724.12
8237,206,4,2025-03-08 03:39:00,completed,boleto,369.62
8238,676,13,2025-03-28 10:11:00,completed,debit_card,3018.11
8239,27,32,2025-11-03 00:51:00,completed,boleto,390.97
8240,457,29,2025-01-12 22:55:00,completed,boleto,3120.31
8241,695,40,2025-04-01 16:17:00,completed,pix,1285.92
8242,710,40,2025-02-19 08:34:00,completed,boleto,2193.37
8243,991,45,2025-03-16 03:19:00,completed,boleto,2966.0
8244,849,10,2025-03-31 05:11:00,completed,pix,55.64
8245,949,13,2025-10-11 12:35:00,completed,boleto,944.61
8246,107,45,2025-04-25 20:09:00,completed,boleto,3181.02
8247,444,17,2025-03-14 21:19:00,completed,pix,1370.85
8248,701,38,2025-06-16 04:37:00,completed,debit_card,2478.19
8249,36,2,2025-08-12 16:31:00,returned,pix,507.24
8250,597,17,2025-04-01 02:25:00,completed,boleto,2380.73
8251,155,44,2025-02-07 21:43:00,completed,credit_card,274.6
8252,169,26,2025-11-05 22:06:00,pending,debit_card,2516.29
8253,796,38,2025-03-19 07:59:00,completed,pix,1146.84
8254,272,37,2025-12-24 20:49:00,pending,debit_card,1641.15
8255,547,5,2025-02-11 03:43:00,cancelled,debit_card,598.59
8256,420,25,2025-02-12 03:04:00,completed,credit_card,2204.91
8257,184,9,2025-10-18 04:56:00,returned,credit_card,1194.74
8258,611,28,2025-08-24 11:52:00,completed,credit_card,1354.15
8259,237,22,2025-10-03 10:08:00,completed,boleto,2289.63
8260,915,29,2025-11-13 07:13:00,pending,pix,642.44
8261,509,35,2025-02-17 02:04:00,completed,boleto,2984.99
8262,441,20,2025-10-26 10:47:00,completed,pix,2592.72
8263,981,5,2025-05-27 14:07:00,cancelled,boleto,2030.5
8264,122,39,2025-11-03 12:11:00,returned,boleto,466.6
8265,417,44,2025-03-03 00:53:00,completed,credit_card,2411.14
8266,535,32,2025-01-07 05:41:00,returned,boleto,82.99
8267,375,39,2025-10-15 16:08:00,completed,credit_card,2819.3
8268,575,10,2025-08-08 14:35:00,completed,pix,1077.22
8269,326,40,2025-03-16 09:54:00,completed,credit_card,427.9
8270,480,17,2025-07-18 23:52:00,completed,debit_card,592.42
8271,150,37,2025-11-27 15:54:00,completed,debit_card,3371.71
8272,707,15,2025-05-14 10:02:00,completed,boleto,2712.93
8273,995,9,2025-01-03 12:57:00,completed,debit_card,847.79
8274,592,32,2025-05-29 10:46:00,completed,pix,3372.86
8275,490,23,2025-05-01 10:12:00,returned,boleto,507.61
8276,827,11,2025-01-04 00:09:00,completed,credit_card,2572.67
8277,153,13,2025-07-26 22:49:00,completed,boleto,2305.45
8278,17,18,2025-12-28 00:57:00,pending,boleto,2878.74
8279,551,49,2025-01-27 07:09:00,completed,debit_card,1348.31
8280,845,9,2025-05-18 11:37:00,pending,boleto,1418.39
8281,348,42,2025-12-12 23:05:00,completed,pix,2193.49
8282,459,5,2025-02-28 07:44:00,completed,boleto,1405.76
8283,202,43,2025-03-12 04:29:00,completed,credit_card,163.9
8284,423,22,2025-06-22 14:57:00,completed,credit_card,2559.38
8285,280,32,2025-08-17 01:16:00,completed,debit_card,2250.49
8286,422,47,2025-08-26 04:10:00,completed,boleto,1494.52
8287,600,2,2025-03-24 10:48:00,cancelled,credit_card,1073.85
8288,993,21,2025-12-30 18:46:00,completed,boleto,1136.13
8289,465,28,2025-01-18 22:01:00,completed,boleto,2598.78
8290,953,24,2025-08-08 00:54:00,pending,credit_card,2557.48
8291,812,24,2025-11-19 19:18:00,completed,boleto,2869.84
8292,804,14,2025-06-27 11:20:00,pending,debit_card,2672.39
8293,355,37,2025-01-12 06:20:00,completed,debit_card,2657.65
8294,582,27,2025-07-11 08:16:00,completed,credit_card,896.17
8295,378,24,2025-11-29 12:03:00,completed,pix,373.61
8296,124,6,2025-10-02 15:02:00,completed,pix,2670.9
8297,80,26,2025-07-15 22:34:00,completed,boleto,363.19
8298,557,15,2025-03-30 03:51:00,returned,debit_card,3437.75
8299,988,29,2025-08-18 12:22:00,completed,credit_card,3065.31
8300,233,36,2025-12-02 16:59:00,completed,debit_card,1876.45
8301,480,10,2025-04-13 23:46:00,completed,pix,1245.6
8302,154,28,2025-11-04 09:47:00,completed,pix,1853.41
8303,907,9,2025-03-28 23:03:00,completed,boleto,2575.37
8304,692,21,2025-12-30 02:46:00,completed,credit_card,2652.03
8305,409,10,2025-10-16 04:40:00,completed,boleto,276.36
8306,31,4,2025-01-01 18:02:00,completed,debit_card,2820.89
8307,597,4,2025-10-08 19:24:00,cancelled,debit_card,2252.41
8308,557,6,2025-04-21 02:46:00,completed,pix,161.22
8309,503,26,2025-08-07 02:56:00,completed,boleto,1109.8
8310,371,40,2025-01-26 11:59:00,pending,debit_card,1797.03
8311,323,16,2025-02-03 20:17:00,returned,debit_card,675.81
8312,332,8,2025-11-11 08:29:00,completed,debit_card,560.24
8313,243,28,2025-03-16 11:51:00,cancelled,credit_card,69.7
8314,552,16,2025-05-07 03:56:00,completed,pix,3192.2
8315,430,38,2025-11-05 08:49:00,completed,boleto,215.26
8316,182,49,2025-07-29 18:29:00,cancelled,debit_card,1293.72
8317,809,1,2025-05-07 10:35:00,cancelled,credit_card,736.09
8318,473,19,2025-11-04 00:33:00,completed,debit_card,2598.8
8319,376,50,2025-03-02 22:25:00,completed,debit_card,2481.0
8320,81,17,2025-03-29 16:58:00,completed,pix,2825.65
8321,550,49,2025-07-31 09:51:00,completed,credit_card,2166.49
8322,868,28,2025-10-23 23:48:00,pending,debit_card,2078.95
8323,420,44,2025-09-15 23:07:00,completed,pix,1436.75
8324,467,12,2025-11-17 12:11:00,completed,credit_card,2234.53
8325,428,6,2025-11-02 08:27:00,completed,debit_card,420.92
8326,57,7,2025-06-02 18:53:00,cancelled,boleto,2402.1
8327,322,8,2025-11-10 18:00:00,completed,pix,381.56
8328,977,3,2025-05-06 11:37:00,completed,debit_card,3018.85
8329,542,49,2025-01-10 12:18:00,returned,debit_card,1779.78
8330,495,21,2025-01-11 16:16:00,completed,credit_card,1865.64
8331,266,8,2025-11-28 03:50:00,cancelled,boleto,2055.3
8332,227,28,2025-07-11 03:41:00,completed,pix,2720.66
8333,829,30,2025-06-14 07:11:00,completed,credit_card,1685.08
8334,959,32,2025-10-27 10:12:00,completed,debit_card,1508.01
8335,804,11,2025-02-03 21:06:00,completed,pix,1023.4
8336,54,20,2025-06-01 23:30:00,completed,debit_card,465.58
8337,609,50,2025-08-17 05:04:00,completed,debit_card,682.39
8338,961,16,2025-09-17 03:26:00,completed,boleto,21.84
8339,978,25,2025-10-16 16:38:00,completed,debit_card,3045.59
8340,4,45,2025-11-04 19:06:00,completed,pix,2682.06
8341,439,9,2025-03-06 06:09:00,completed,debit_card,781.01
8342,310,39,2025-11-21 09:21:00,completed,pix,28.32
8343,879,49,2025-11-02 08:25:00,completed,boleto,1732.56
8344,603,40,2025-11-26 10:21:00,completed,debit_card,1455.75
8345,89,40,2025-11-25 08:03:00,completed,credit_card,2720.5
8346,320,3,2025-12-04 16:35:00,completed,pix,1422.08
8347,375,16,2025-05-26 17:50:00,completed,debit_card,3027.11
8348,604,12,2025-07-14 00:13:00,completed,credit_card,353.52
8349,501,15,2025-03-09 17:55:00,completed,pix,1293.19
8350,662,4,2025-03-09 13:29:00,pending,credit_card,3270.11
8351,234,23,2025-10-19 18:09:00,completed,debit_card,60.82
8352,921,27,2025-02-10 03:08:00,completed,boleto,1379.95
8353,337,39,2025-04-16 09:04:00,completed,boleto,923.77
8354,571,43,2025-04-28 18:38:00,returned,credit_card,1870.88
8355,185,37,2025-10-14 06:30:00,completed,debit_card,990.11
8356,438,13,2025-12-03 10:55:00,completed,debit_card,3047.28
8357,556,43,2025-07-30 01:08:00,cancelled,pix,3281.24
8358,180,37,2025-12-19 14:25:00,completed,debit_card,2974.99
8359,76,40,2025-06-07 10:30:00,completed,boleto,1407.02
8360,656,21,2025-03-27 22:55:00,completed,debit_card,3464.97
8361,613,29,2025-02-24 16:23:00,completed,pix,2577.93
8362,893,29,2025-08-30 12:26:00,completed,pix,1257.52
8363,272,49,2025-09-30 00:51:00,completed,debit_card,346.05
8364,977,11,2025-11-13 21:56:00,pending,debit_card,2341.32
8365,55,50,2025-12-18 01:33:00,completed,pix,2555.41
8366,701,28,2025-07-03 16:51:00,pending,pix,446.16
8367,863,10,2025-05-11 00:32:00,pending,credit_card,1933.08
8368,847,5,2025-04-03 06:31:00,completed,boleto,3455.07
8369,77,25,2025-03-24 16:55:00,completed,boleto,1155.32
8370,296,33,2025-03-04 19:30:00,completed,credit_card,1070.59
8371,219,17,2025-10-29 02:35:00,completed,credit_card,3163.49
8372,277,49,2025-08-02 13:58:00,completed,boleto,428.61
8373,578,33,2025-12-14 20:04:00,completed,pix,3268.68
8374,648,25,2025-02-24 13:51:00,pending,boleto,2732.61
8375,746,33,2025-07-05 00:41:00,completed,pix,1380.12
8376,711,9,2025-03-10 13:52:00,completed,boleto,310.75
8377,266,27,2025-04-05 12:00:00,cancelled,pix,86.73
8378,953,25,2025-06-01 07:25:00,completed,boleto,1327.89
8379,900,4,2025-09-20 05:45:00,completed,credit_card,2474.63
8380,43,9,2025-04-13 16:52:00,completed,debit_card,1716.6
8381,361,46,2025-11-19 18:04:00,completed,debit_card,2590.51
8382,228,15,2025-04-17 11:25:00,completed,debit_card,2353.59
8383,227,16,2025-10-21 08:18:00,returned,pix,2013.72
8384,63,16,2025-02-11 20:23:00,completed,debit_card,3386.9
8385,171,13,2025-03-24 09:12:00,completed,boleto,2554.78
8386,963,14,2025-01-12 12:15:00,completed,debit_card,3202.85
8387,762,22,2025-07-10 12:28:00,completed,pix,862.72
8388,850,21,2025-01-09 07:12:00,completed,pix,2503.47
8389,762,9,2025-12-27 23:46:00,completed,pix,2100.35
8390,307,41,2025-02-27 20:43:00,completed,boleto,3236.55
8391,750,4,2025-04-25 13:04:00,completed,pix,1796.38
8392,568,10,2025-04-10 02:32:00,completed,boleto,993.15
8393,683,35,2025-07-20 09:41:00,returned,pix,1359.24
8394,920,9,2025-03-30 06:49:00,completed,credit_card,781.53
8395,992,48,2025-05-30 03:36:00,completed,pix,785.51
8396,34,16,2025-08-01 04:05:00,completed,debit_card,1657.07
8397,827,49,2025-11-04 18:12:00,completed,debit_card,3126.14
8398,642,18,2025-08-11 06:58:00,completed,credit_card,687.71
8399,130,10,2025-07-18 15:25:00,completed,pix,1021.79
8400,394,21,2025-09-12 05:39:00,returned,debit_card,2988.4
8401,151,15,2025-08-12 14:01:00,pending,debit_card,1200.61
8402,655,15,2025-06-27 20:14:00,completed,boleto,3369.2
8403,630,11,2025-11-18 08:33:00,pending,boleto,955.84
8404,716,40,2025-07-17 23:24:00,completed,pix,1558.66
8405,384,48,2025-03-05 13:44:00,completed,credit_card,352.72
8406,747,42,2025-09-04 14:33:00,completed,pix,3472.77
8407,17,41,2025-03-16 07:21:00,completed,boleto,3117.69
8408,594,47,2025-03-02 22:05:00,completed,boleto,2865.12
8409,14,37,2025-09-20 10:48:00,completed,pix,567.55
8410,81,20,2025-03-18 20:35:00,completed,pix,3393.37
8411,207,34,2025-03-07 11:06:00,completed,pix,3253.45
8412,204,22,2025-07-08 11:00:00,completed,pix,1536.14
8413,379,48,2025-05-30 10:36:00,cancelled,credit_card,2392.1
8414,784,18,2025-04-04 17:34:00,completed,debit_card,3473.76
8415,544,16,2025-07-25 21:48:00,completed,pix,1445.91
8416,23,5,2025-09-05 14:34:00,completed,debit_card,413.4
8417,614,1,2025-04-15 23:28:00,completed,boleto,3039.87
8418,162,19,2025-04-10 08:52:00,returned,debit_card,1678.17
8419,610,10,2025-06-17 16:32:00,completed,pix,3454.65
8420,144,21,2025-08-01 16:57:00,completed,debit_card,1937.11
8421,930,13,2025-04-30 16:29:00,completed,pix,122.58
8422,104,24,2025-07-28 18:46:00,cancelled,pix,1731.21
8423,382,23,2025-01-11 21:15:00,cancelled,boleto,2518.86
8424,455,23,2025-03-24 05:04:00,cancelled,pix,110.58
8425,417,11,2025-02-24 07:49:00,completed,boleto,1458.8
8426,324,47,2025-09-01 23:01:00,completed,credit_card,561.35
8427,171,2,2025-06-02 23:59:00,completed,pix,2257.98
8428,576,6,2025-02-08 01:15:00,completed,boleto,3351.56
8429,756,11,2025-09-15 03:23:00,completed,boleto,2193.56
8430,583,15,2025-03-14 02:45:00,completed,pix,2438.17
8431,274,9,2025-08-05 18:10:00,pending,debit_card,1400.04
8432,452,12,2025-08-23 09:40:00,completed,boleto,1979.73
8433,881,36,2025-06-26 04:50:00,cancelled,credit_card,1912.62
8434,125,28,2025-05-22 06:26:00,completed,debit_card,2663.43
8435,383,23,2025-06-09 06:13:00,completed,debit_card,3002.05
8436,317,27,2025-09-17 04:18:00,completed,pix,2326.84
8437,843,24,2025-11-28 04:28:00,completed,boleto,3429.73
8438,107,14,2025-08-29 10:28:00,completed,credit_card,2902.44
8439,660,35,2025-04-29 17:11:00,cancelled,boleto,453.77
8440,907,27,2025-10-18 06:23:00,completed,credit_card,1786.01
8441,463,21,2025-06-22 15:15:00,cancelled,boleto,3163.26
8442,430,49,2025-05-05 19:29:00,cancelled,pix,3304.89
8443,704,13,2025-04-07 22:10:00,completed,credit_card,1343.12
8444,337,8,2025-05-23 04:19:00,cancelled,pix,2545.45
8445,738,44,2025-07-19 11:31:00,cancelled,boleto,1448.7
8446,754,44,2025-03-31 23:36:00,returned,credit_card,450.34
8447,496,44,2025-01-07 18:45:00,cancelled,credit_card,3098.45
8448,972,34,2025-09-20 11:32:00,cancelled,boleto,3263.2
8449,362,42,2025-01-07 22:42:00,completed,pix,1776.53
8450,796,23,2025-05-02 21:08:00,completed,credit_card,83.71
8451,432,9,2025-06-29 11:26:00,cancelled,credit_card,2859.81
8452,675,1,2025-11-28 17:38:00,pending,credit_card,1679.82
8453,520,36,2025-06-20 13:40:00,completed,boleto,281.1
8454,859,46,2025-10-24 11:25:00,completed,debit_card,679.08
8455,406,16,2025-03-19 03:59:00,completed,boleto,549.38
8456,377,25,2025-10-28 08:45:00,completed,pix,2408.25
8457,152,18,2025-07-12 21:28:00,completed,debit_card,1061.95
8458,322,34,2025-01-07 22:06:00,completed,credit_card,464.36
8459,607,38,2025-06-03 01:42:00,pending,credit_card,3213.42
8460,214,3,2025-04-25 18:21:00,completed,debit_card,3348.73
8461,576,20,2025-02-19 12:21:00,completed,credit_card,502.24
8462,65,19,2025-10-13 00:39:00,pending,credit_card,821.22
8463,893,13,2025-12-11 02:41:00,pending,boleto,2080.58
8464,270,17,2025-08-25 08:07:00,completed,boleto,543.77
8465,537,14,2025-01-04 10:39:00,completed,pix,571.9
8466,996,30,2025-08-06 07:46:00,completed,credit_card,1191.28
8467,100,22,2025-09-26 00:19:00,pending,pix,3323.11
8468,105,43,2025-01-19 21:35:00,completed,pix,3369.3
8469,131,48,2025-02-08 05:26:00,completed,debit_card,2949.42
8470,389,43,2025-09-05 17:37:00,cancelled,debit_card,2441.08
8471,321,29,2025-10-24 17:50:00,returned,credit_card,2527.94
8472,438,50,2025-04-27 02:38:00,completed,debit_card,1654.11
8473,19,2,2025-08-25 22:20:00,completed,pix,1864.94
8474,225,8,2025-08-18 20:52:00,completed,boleto,2227.9
8475,618,14,2025-08-05 15:59:00,completed,debit_card,2564.88
8476,566,34,2025-08-10 18:29:00,completed,pix,357.02
8477,990,13,2025-05-29 15:31:00,completed,debit_card,802.61
8478,460,10,2025-11-01 09:50:00,completed,credit_card,3371.04
8479,394,8,2025-12-31 23:49:00,completed,debit_card,1186.3
8480,226,7,2025-08-11 08:01:00,cancelled,boleto,954.29
8481,912,13,2025-05-31 21:31:00,completed,credit_card,1488.25
8482,360,26,2025-07-17 15:19:00,completed,debit_card,1032.4
8483,430,32,2025-08-10 15:37:00,returned,boleto,337.31
8484,925,19,2025-12-17 04:43:00,completed,pix,743.7
8485,15,15,2025-12-16 12:14:00,returned,debit_card,2247.76
8486,560,2,2025-05-12 13:12:00,completed,debit_card,796.68
8487,651,37,2025-11-27 07:14:00,completed,pix,2273.88
8488,546,19,2025-09-14 07:08:00,completed,pix,368.28
8489,932,33,2025-01-23 17:35:00,completed,debit_card,165.73
8490,414,39,2025-06-17 12:07:00,completed,boleto,3018.26
8491,355,50,2025-03-31 02:25:00,completed,pix,2664.89
8492,457,33,2025-10-16 03:27:00,completed,pix,2337.78
8493,722,1,2025-07-05 22:54:00,completed,boleto,127.53
8494,531,39,2025-02-15 11:28:00,completed,debit_card,852.95
8495,999,28,2025-04-04 05:58:00,completed,credit_card,2846.85
8496,196,17,2025-12-29 12:59:00,completed,debit_card,523.44
8497,838,6,2025-07-15 04:57:00,returned,debit_card,2848.73
8498,115,44,2025-09-10 03:16:00,completed,credit_card,2053.13
8499,417,20,2025-06-29 19:46:00,returned,debit_card,2596.48
8500,352,47,2025-02-24 19:30:00,completed,debit_card,2262.88
8501,976,13,2025-05-10 20:28:00,completed,pix,1471.12
8502,75,12,2025-07-02 18:51:00,completed,boleto,1036.08
8503,662,30,2025-08-06 05:22:00,cancelled,debit_card,2361.1
8504,36,21,2025-08-27 03:25:00,pending,credit_card,2828.06
8505,242,2,2025-04-08 20:51:00,pending,credit_card,175.67
8506,663,18,2025-03-14 21:06:00,completed,pix,1342.08
8507,63,28,2025-05-28 05:05:00,cancelled,debit_card,1240.54
8508,666,4,2025-09-08 23:15:00,completed,debit_card,1966.96
8509,509,42,2025-11-09 20:31:00,completed,debit_card,416.46
8510,188,43,2025-06-24 14:42:00,completed,debit_card,3268.3
8511,735,6,2025-07-10 22:42:00,completed,credit_card,1928.82
8512,93,38,2025-07-08 12:39:00,pending,credit_card,3234.66
8513,5,9,2025-12-15 07:31:00,completed,pix,2862.95
8514,438,20,2025-08-09 05:52:00,completed,debit_card,686.9
8515,166,45,2025-06-28 02:05:00,completed,credit_card,480.54
8516,446,30,2025-07-04 12:41:00,returned,debit_card,3017.15
8517,25,37,2025-02-21 07:56:00,completed,boleto,1885.63
8518,508,38,2025-10-23 22:21:00,completed,boleto,88.7
8519,98,4,2025-02-11 04:34:00,completed,credit_card,3271.11
8520,268,38,2025-10-08 18:31:00,pending,boleto,1666.14
8521,662,50,2025-06-14 06:56:00,returned,boleto,1067.26
8522,393,13,2025-02-09 08:40:00,completed,credit_card,1817.76
8523,764,35,2025-01-20 17:20:00,completed,pix,2883.76
8524,596,30,2025-12-18 15:27:00,cancelled,boleto,403.82
8525,285,42,2025-03-02 11:50:00,returned,debit_card,1269.09
8526,684,4,2025-07-21 21:06:00,completed,boleto,1129.66
8527,733,25,2025-01-13 20:30:00,completed,pix,2941.98
8528,109,31,2025-11-20 09:45:00,pending,pix,2729.07
8529,27,47,2025-08-07 06:46:00,completed,pix,1412.36
8530,758,12,2025-12-12 05:25:00,completed,pix,2332.42
8531,55,15,2025-06-11 09:00:00,completed,pix,1392.67
8532,977,26,2025-03-01 14:34:00,completed,boleto,2008.17
8533,133,10,2025-09-15 17:26:00,completed,boleto,3469.43
8534,52,12,2025-11-12 06:02:00,returned,boleto,1883.8
8535,493,22,2025-02-06 15:08:00,completed,boleto,3460.24
8536,765,40,2025-02-13 12:11:00,cancelled,pix,2620.25
8537,781,21,2025-07-27 14:31:00,pending,pix,440.11
8538,298,35,2025-01-20 21:49:00,completed,debit_card,2789.96
8539,399,7,2025-10-06 02:58:00,cancelled,boleto,581.27
8540,591,18,2025-07-20 11:23:00,completed,pix,1872.5
8541,18,27,2025-06-12 06:30:00,completed,debit_card,2154.09
8542,818,35,2025-10-01 19:29:00,completed,debit_card,3124.96
8543,770,47,2025-01-18 21:01:00,completed,credit_card,752.28
8544,855,2,2025-04-17 11:58:00,completed,boleto,3068.28
8545,619,32,2025-01-03 11:59:00,completed,pix,3272.04
8546,909,15,2025-03-31 05:53:00,completed,boleto,331.42
8547,964,45,2025-07-12 17:33:00,completed,debit_card,3100.79
8548,559,24,2025-12-16 05:05:00,returned,boleto,921.95
8549,246,20,2025-07-10 14:22:00,returned,credit_card,301.88
8550,503,10,2025-07-04 03:59:00,completed,credit_card,3355.84
8551,89,24,2025-03-14 18:57:00,completed,pix,1384.87
8552,203,24,2025-01-04 05:22:00,completed,pix,2187.98
8553,946,24,2025-12-04 10:30:00,completed,pix,1944.0
8554,240,40,2025-08-26 13:52:00,cancelled,pix,761.87
8555,490,48,2025-11-11 11:14:00,cancelled,boleto,2350.09
8556,780,48,2025-12-29 00:35:00,completed,boleto,180.48
8557,13,34,2025-10-19 03:40:00,completed,debit_card,726.77
8558,649,41,2025-04-17 06:43:00,completed,debit_card,3307.43
8559,315,40,2025-09-16 06:26:00,completed,pix,3338.21
8560,685,11,2025-02-21 06:20:00,pending,boleto,1699.64
8561,742,26,2025-12-29 13:57:00,completed,pix,608.37
8562,198,1,2025-11-13 14:19:00,pending,debit_card,1487.24
8563,243,30,2025-03-25 13:55:00,completed,boleto,3072.21
8564,507,43,2025-02-18 15:27:00,completed,pix,264.55
8565,43,18,2025-04-09 12:28:00,completed,credit_card,464.98
8566,330,26,2025-01-03 16:41:00,completed,debit_card,3136.87
8567,791,47,2025-06-10 23:09:00,pending,credit_card,1465.53
8568,591,9,2025-04-25 20:24:00,cancelled,credit_card,310.44
8569,429,9,2025-01-20 12:26:00,pending,boleto,504.45
8570,791,1,2025-08-12 07:06:00,completed,credit_card,3090.92
8571,744,7,2025-03-26 11:29:00,pending,credit_card,1725.56
8572,613,44,2025-09-12 05:14:00,completed,pix,587.22
8573,162,42,2025-12-09 03:05:00,completed,boleto,3131.33
8574,656,16,2025-11-21 21:34:00,completed,pix,2961.57
8575,959,38,2025-06-22 18:05:00,completed,pix,100.12
8576,621,11,2025-07-05 04:11:00,pending,pix,2041.85
8577,435,25,2025-05-04 04:15:00,completed,boleto,870.29
8578,233,29,2025-03-13 05:12:00,completed,debit_card,1875.31
8579,111,19,2025-04-19 03:39:00,completed,boleto,991.85
8580,928,18,2025-04-01 15:14:00,completed,pix,1119.25
8581,934,47,2025-11-21 03:39:00,completed,debit_card,2114.45
8582,232,29,2025-01-18 17:30:00,completed,credit_card,1895.23
8583,952,16,2025-06-17 14:28:00,pending,debit_card,1395.27
8584,750,46,2025-01-11 15:05:00,completed,boleto,394.34
8585,709,40,2025-03-17 18:17:00,cancelled,pix,3393.6
8586,273,8,2025-11-29 22:25:00,completed,credit_card,627.63
8587,598,34,2025-12-08 16:49:00,completed,credit_card,2223.25
8588,807,6,2025-02-06 03:24:00,completed,pix,307.95
8589,41,45,2025-04-01 13:56:00,completed,credit_card,2415.33
8590,560,45,2025-03-04 01:23:00,completed,credit_card,350.04
8591,466,30,2025-08-11 21:21:00,completed,credit_card,818.69
8592,924,44,2025-10-19 05:49:00,returned,boleto,2271.51
8593,77,34,2025-11-14 11:43:00,completed,debit_card,1004.61
8594,690,21,2025-10-10 02:01:00,returned,boleto,1874.32
8595,490,12,2025-01-16 15:25:00,completed,credit_card,453.28
8596,769,49,2025-03-19 23:33:00,pending,boleto,724.35
8597,117,6,2025-03-12 04:06:00,completed,credit_card,2573.54
8598,434,39,2025-01-26 23:23:00,completed,boleto,142.28
8599,19,6,2025-04-27 20:25:00,completed,debit_card,409.06
8600,994,4,2025-12-14 08:21:00,completed,pix,768.05
8601,571,9,2025-10-03 17:26:00,pending,debit_card,90.26
8602,196,5,2025-04-02 09:25:00,cancelled,boleto,351.92
8603,619,10,2025-04-16 13:38:00,completed,boleto,999.24
8604,451,47,2025-07-18 08:48:00,completed,debit_card,343.35
8605,425,8,2025-08-09 17:39:00,completed,boleto,3034.1
8606,394,23,2025-01-29 23:21:00,completed,pix,249.94
8607,284,4,2025-03-19 11:57:00,completed,pix,3016.22
8608,34,37,2025-05-01 02:02:00,completed,debit_card,2883.55
8609,295,7,2025-09-09 22:43:00,completed,credit_card,370.65
8610,251,6,2025-07-26 03:47:00,completed,pix,107.67
8611,638,45,2025-09-10 06:44:00,completed,boleto,193.97
8612,339,42,2025-04-16 19:43:00,completed,credit_card,2074.52
8613,618,15,2025-09-21 06:49:00,completed,pix,2352.83
8614,440,35,2025-08-30 18:05:00,completed,credit_card,2179.87
8615,180,50,2025-10-01 04:39:00,cancelled,boleto,1904.34
8616,622,32,2025-11-28 22:22:00,completed,debit_card,627.9
8617,228,14,2025-05-15 20:42:00,completed,debit_card,2946.52
8618,633,35,2025-08-12 10:01:00,pending,boleto,1159.89
8619,619,11,2025-07-20 02:32:00,completed,debit_card,3451.9
8620,643,10,2025-11-03 08:37:00,completed,boleto,1359.31
8621,23,17,2025-10-20 10:48:00,completed,debit_card,935.26
8622,657,13,2025-05-07 04:51:00,completed,pix,3131.99
8623,327,34,2025-05-28 15:04:00,completed,debit_card,1994.6
8624,154,45,2025-07-28 20:47:00,completed,credit_card,2532.04
8625,619,5,2025-02-09 08:50:00,completed,debit_card,1441.23
8626,146,48,2025-03-10 17:40:00,completed,debit_card,3106.47
8627,252,10,2025-10-17 11:30:00,completed,debit_card,3213.68
8628,302,32,2025-12-26 16:06:00,pending,debit_card,1539.96
8629,70,12,2025-12-25 03:17:00,completed,pix,857.72
8630,543,13,2025-08-02 11:30:00,completed,boleto,2273.9
8631,93,21,2025-04-22 20:40:00,completed,pix,3341.95
8632,649,48,2025-11-13 17:22:00,completed,pix,2186.11
8633,886,33,2025-09-21 13:18:00,pending,credit_card,3340.69
8634,163,41,2025-11-03 05:50:00,pending,boleto,1216.45
8635,81,48,2025-11-21 20:26:00,completed,boleto,3204.48
8636,828,47,2025-07-02 19:34:00,cancelled,credit_card,411.73
8637,588,50,2025-11-26 23:57:00,completed,boleto,1268.74
8638,63,32,2025-04-02 06:58:00,completed,debit_card,1740.76
8639,612,12,2025-05-30 10:32:00,completed,boleto,2292.82
8640,436,46,2025-06-18 06:02:00,completed,credit_card,1043.6
8641,48,35,2025-05-21 22:09:00,completed,credit_card,3236.35
8642,445,36,2025-01-22 22:06:00,completed,credit_card,3164.17
8643,920,38,2025-06-17 13:40:00,completed,credit_card,2801.69
8644,74,48,2025-01-17 12:38:00,returned,pix,417.98
8645,826,28,2025-10-10 11:41:00,completed,boleto,292.45
8646,704,13,2025-01-16 23:47:00,completed,pix,1753.5
8647,542,12,2025-12-14 09:32:00,completed,credit_card,2683.4
8648,157,22,2025-12-07 20:47:00,completed,credit_card,448.86
8649,487,44,2025-06-16 09:48:00,returned,pix,2252.2
8650,266,2,2025-02-10 12:14:00,returned,debit_card,1856.94
8651,256,29,2025-08-21 06:27:00,completed,boleto,2546.44
8652,39,13,2025-10-19 17:31:00,completed,pix,1535.11
8653,55,35,2025-12-30 14:44:00,completed,boleto,2432.67
8654,28,13,2025-04-17 16:52:00,completed,credit_card,575.44
8655,914,34,2025-06-30 00:01:00,completed,credit_card,766.79
8656,937,19,2025-08-05 07:33:00,completed,credit_card,3163.6
8657,118,9,2025-04-07 10:46:00,completed,boleto,1166.23
8658,370,31,2025-10-31 00:50:00,completed,boleto,3449.56
8659,209,33,2025-04-07 11:23:00,completed,pix,180.79
8660,587,27,2025-04-03 03:12:00,pending,credit_card,1745.65
8661,577,45,2025-02-09 07:34:00,completed,pix,1150.96
8662,849,2,2025-05-22 07:14:00,cancelled,debit_card,3485.96
8663,868,15,2025-03-30 00:25:00,completed,credit_card,3465.32
8664,612,19,2025-05-12 07:39:00,completed,credit_card,838.65
8665,558,31,2025-12-29 02:35:00,completed,debit_card,950.05
8666,316,16,2025-11-13 16:21:00,returned,pix,2628.86
8667,393,43,2025-09-18 02:37:00,completed,boleto,3116.07
8668,941,15,2025-08-14 17:55:00,completed,credit_card,2329.67
8669,444,6,2025-09-07 06:43:00,completed,boleto,3029.19
8670,668,14,2025-03-13 22:52:00,completed,credit_card,240.26
8671,752,27,2025-03-01 19:20:00,completed,credit_card,2249.04
8672,865,38,2025-04-27 12:37:00,returned,boleto,2456.59
8673,259,19,2025-08-06 19:58:00,returned,credit_card,682.31
8674,947,37,2025-09-26 23:35:00,pending,debit_card,2727.34
8675,648,43,2025-08-28 23:24:00,returned,pix,3306.04
8676,882,4,2025-05-04 23:27:00,completed,debit_card,3144.92
8677,198,26,2025-08-29 00:32:00,completed,pix,872.49
8678,699,9,2025-12-23 19:16:00,completed,debit_card,1147.49
8679,628,41,2025-05-08 10:25:00,completed,debit_card,1758.65
8680,445,49,2025-07-08 18:55:00,returned,pix,571.1
8681,570,40,2025-03-01 17:29:00,completed,credit_card,3339.76
8682,582,15,2025-02-11 17:07:00,cancelled,boleto,582.36
8683,605,41,2025-12-23 21:59:00,pending,boleto,2669.75
8684,741,37,2025-05-28 21:56:00,completed,boleto,1208.17
8685,908,4,2025-12-13 20:39:00,completed,credit_card,2016.55
8686,649,26,2025-10-14 02:38:00,completed,debit_card,184.16
8687,617,18,2025-11-20 04:00:00,completed,debit_card,733.44
8688,305,41,2025-12-15 06:45:00,completed,debit_card,1566.48
8689,339,35,2025-07-26 14:06:00,completed,credit_card,2376.63
8690,529,41,2025-03-01 13:05:00,completed,pix,2725.92
8691,54,41,2025-06-12 22:48:00,pending,credit_card,124.89
8692,112,29,2025-08-10 21:40:00,completed,boleto,550.67
8693,684,24,2025-03-21 17:56:00,completed,debit_card,2559.68
8694,928,4,2025-03-16 07:18:00,pending,credit_card,2849.43
8695,419,21,2025-02-04 17:41:00,completed,credit_card,843.27
8696,974,39,2025-11-18 00:33:00,completed,credit_card,819.19
8697,305,7,2025-12-28 09:30:00,pending,pix,326.34
8698,438,23,2025-04-01 17:52:00,returned,debit_card,543.02
8699,656,40,2025-09-22 09:03:00,cancelled,credit_card,47.9
8700,85,21,2025-10-22 10:58:00,completed,credit_card,2072.61
8701,524,1,2025-11-30 07:29:00,completed,boleto,3165.54
8702,252,41,2025-11-05 21:39:00,completed,debit_card,540.52
8703,728,25,2025-09-11 08:33:00,returned,credit_card,2635.02
8704,126,31,2025-02-25 18:11:00,completed,credit_card,2016.33
8705,610,44,2025-08-05 20:42:00,completed,credit_card,3290.93
8706,904,38,2025-06-03 14:03:00,cancelled,credit_card,2797.47
8707,405,45,2025-03-29 05:33:00,returned,debit_card,2987.5
8708,304,5,2025-03-12 21:11:00,completed,credit_card,2244.21
8709,904,31,2025-12-17 18:16:00,completed,pix,2843.45
8710,28,1,2025-03-18 18:52:00,completed,credit_card,1241.03
8711,848,30,2025-04-07 12:37:00,pending,pix,747.38
8712,266,18,2025-03-01 23:48:00,completed,debit_card,3195.57
8713,52,8,2025-02-21 13:38:00,completed,credit_card,2575.49
8714,655,26,2025-12-21 00:40:00,completed,boleto,335.65
8715,644,40,2025-10-06 12:59:00,cancelled,pix,3036.85
8716,858,15,2025-04-13 23:09:00,completed,pix,1234.19
8717,511,19,2025-09-13 14:26:00,completed,credit_card,1058.01
8718,207,10,2025-01-24 07:10:00,completed,boleto,2189.13
8719,996,24,2025-07-12 05:06:00,completed,boleto,1998.72
8720,992,16,2025-10-18 03:19:00,returned,credit_card,1893.13
8721,574,43,2025-07-01 09:08:00,completed,debit_card,906.97
8722,875,31,2025-08-14 02:38:00,completed,debit_card,3360.01
8723,511,44,2025-09-16 15:09:00,completed,credit_card,3326.42
8724,998,16,2025-03-04 22:29:00,completed,debit_card,34.48
8725,644,16,2025-12-19 13:44:00,pending,boleto,1195.64
8726,553,28,2025-08-24 09:34:00,cancelled,debit_card,178.51
8727,201,20,2025-08-02 16:02:00,completed,debit_card,2978.87
8728,611,35,2025-08-03 21:34:00,completed,debit_card,3105.08
8729,823,9,2025-03-22 01:06:00,completed,credit_card,1823.68
8730,284,40,2025-05-11 19:22:00,cancelled,credit_card,2942.08
8731,357,10,2025-11-07 07:30:00,completed,pix,2467.69
8732,47,45,2025-06-10 14:01:00,pending,debit_card,1758.52
8733,137,18,2025-06-24 11:29:00,completed,credit_card,1286.06
8734,130,45,2025-02-16 11:12:00,returned,boleto,946.46
8735,195,45,2025-02-24 23:43:00,cancelled,pix,922.81
8736,629,15,2025-02-11 20:42:00,completed,boleto,1975.98
8737,364,45,2025-02-10 10:49:00,pending,debit_card,600.49
8738,432,30,2025-03-28 00:04:00,completed,boleto,628.28
8739,69,48,2025-09-12 16:11:00,completed,pix,56.17
8740,458,32,2025-08-21 00:43:00,completed,debit_card,2154.38
8741,540,40,2025-04-16 16:55:00,completed,credit_card,3480.32
8742,335,27,2025-10-09 05:24:00,completed,boleto,3114.48
8743,526,27,2025-09-05 08:55:00,completed,boleto,2475.8
8744,558,19,2025-02-02 19:32:00,completed,pix,2753.63
8745,983,10,2025-11-13 22:35:00,completed,credit_card,1470.65
8746,909,44,2025-02-06 15:16:00,completed,debit_card,1057.32
8747,16,46,2025-09-02 22:10:00,completed,debit_card,1302.83
8748,990,6,2025-10-01 01:56:00,completed,debit_card,303.35
8749,936,24,2025-05-27 18:05:00,completed,pix,2225.61
8750,456,9,2025-09-15 08:05:00,cancelled,boleto,628.53
8751,510,27,2025-08-17 07:39:00,completed,boleto,2674.82
8752,209,7,2025-05-19 08:45:00,completed,boleto,681.12
8753,158,6,2025-12-13 17:04:00,completed,boleto,813.87
8754,337,33,2025-03-01 06:13:00,completed,pix,3351.42
8755,739,21,2025-07-09 13:11:00,completed,pix,386.78
8756,961,46,2025-01-05 10:42:00,completed,credit_card,1755.97
8757,241,38,2025-01-04 03:21:00,completed,pix,238.15
8758,58,44,2025-01-06 19:42:00,completed,boleto,334.56
8759,984,17,2025-12-25 12:03:00,completed,debit_card,2224.58
8760,816,31,2025-12-11 08:33:00,completed,credit_card,2214.93
8761,305,37,2025-08-30 09:34:00,completed,debit_card,692.06
8762,345,11,2025-01-11 00:25:00,completed,debit_card,3056.25
8763,642,28,2025-04-30 08:31:00,completed,boleto,2463.61
8764,729,5,2025-08-27 07:50:00,completed,pix,1066.12
8765,14,12,2025-11-24 03:09:00,completed,pix,884.39
8766,359,3,2025-01-02 12:15:00,returned,pix,2644.91
8767,377,41,2025-07-09 22:05:00,completed,boleto,2573.01
8768,243,38,2025-11-12 08:31:00,completed,boleto,537.94
8769,993,2,2025-05-12 05:21:00,completed,debit_card,1235.17
8770,145,26,2025-06-01 12:56:00,completed,credit_card,774.04
8771,891,2,2025-08-28 18:19:00,completed,pix,1043.62
8772,415,12,2025-07-23 00:18:00,completed,pix,1020.72
8773,394,40,2025-10-25 06:13:00,completed,credit_card,3416.56
8774,838,2,2025-11-17 21:50:00,completed,debit_card,2630.74
8775,615,41,2025-02-28 13:58:00,completed,debit_card,2734.58
8776,729,16,2025-04-30 21:28:00,completed,credit_card,985.43
8777,358,30,2025-09-11 06:12:00,completed,pix,21.83
8778,933,47,2025-03-09 01:14:00,cancelled,boleto,222.39
8779,576,46,2025-10-05 04:02:00,completed,boleto,1944.44
8780,158,36,2025-01-29 07:11:00,completed,credit_card,1013.47
8781,674,4,2025-05-20 08:31:00,completed,pix,691.48
8782,18,11,2025-03-17 12:30:00,completed,credit_card,192.75
8783,728,24,2025-02-21 12:20:00,completed,debit_card,3068.07
8784,831,18,2025-05-23 04:30:00,completed,debit_card,2108.44
8785,561,27,2025-01-24 06:41:00,completed,boleto,393.66
8786,568,37,2025-10-20 00:35:00,cancelled,debit_card,2687.09
8787,347,2,2025-11-03 08:54:00,completed,debit_card,2650.27
8788,58,15,2025-05-10 23:10:00,completed,credit_card,1027.12
8789,155,11,2025-10-10 09:17:00,returned,credit_card,675.73
8790,567,27,2025-09-01 16:11:00,completed,pix,2852.66
8791,487,49,2025-09-16 00:31:00,pending,credit_card,1166.89
8792,853,48,2025-03-04 15:17:00,cancelled,pix,2969.05
8793,531,47,2025-01-30 14:37:00,completed,boleto,171.91
8794,487,23,2025-12-11 18:24:00,completed,credit_card,1757.53
8795,151,35,2025-01-17 20:36:00,pending,credit_card,644.99
8796,359,30,2025-04-19 02:07:00,pending,credit_card,2358.72
8797,368,47,2025-10-29 19:37:00,completed,boleto,3490.3
8798,620,24,2025-07-30 16:14:00,completed,credit_card,1455.54
8799,47,19,2025-09-26 05:10:00,completed,debit_card,369.08
8800,207,29,2025-03-31 22:46:00,cancelled,credit_card,1125.5
8801,875,13,2025-12-19 14:03:00,completed,pix,3122.44
8802,450,48,2025-11-17 17:13:00,returned,debit_card,2684.85
8803,483,23,2025-10-11 22:33:00,returned,credit_card,828.1
8804,947,12,2025-07-26 09:23:00,pending,credit_card,3338.52
8805,852,49,2025-01-02 01:32:00,completed,boleto,2185.21
8806,924,48,2025-12-27 18:38:00,completed,pix,604.81
8807,640,41,2025-03-13 07:06:00,completed,debit_card,2011.68
8808,697,29,2025-02-26 15:11:00,completed,debit_card,1590.44
8809,570,6,2025-04-28 05:48:00,completed,boleto,2872.55
8810,143,23,2025-03-16 02:54:00,completed,debit_card,1217.68
8811,400,31,2025-03-20 13:23:00,completed,debit_card,3064.92
8812,97,45,2025-10-05 12:05:00,completed,pix,2845.66
8813,47,21,2025-03-03 00:57:00,pending,credit_card,2367.62
8814,191,24,2025-07-14 23:46:00,completed,credit_card,919.95
8815,140,8,2025-09-14 06:06:00,completed,debit_card,3396.75
8816,615,44,2025-06-22 17:51:00,completed,pix,1929.36
8817,231,9,2025-01-26 08:29:00,returned,boleto,3178.15
8818,939,22,2025-03-31 07:53:00,pending,credit_card,770.74
8819,340,4,2025-08-05 04:14:00,completed,debit_card,3442.16
8820,925,13,2025-05-22 19:16:00,completed,debit_card,2859.89
8821,491,34,2025-01-01 15:03:00,returned,pix,3323.31
8822,49,3,2025-06-17 09:04:00,completed,pix,759.03
8823,899,37,2025-05-12 16:37:00,completed,pix,1518.69
8824,624,28,2025-05-01 16:35:00,completed,debit_card,359.77
8825,453,26,2025-01-25 16:52:00,completed,pix,496.65
8826,316,50,2025-03-10 17:53:00,completed,debit_card,1008.18
8827,322,46,2025-08-31 12:07:00,completed,credit_card,3331.66
8828,87,34,2025-10-21 05:07:00,completed,debit_card,2341.83
8829,894,15,2025-12-11 11:07:00,completed,debit_card,1114.92
8830,474,8,2025-02-07 04:13:00,completed,credit_card,3341.92
8831,282,48,2025-05-06 10:53:00,completed,pix,2594.27
8832,839,35,2025-03-25 14:28:00,completed,pix,3176.29
8833,764,24,2025-03-27 18:02:00,completed,debit_card,3246.73
8834,74,37,2025-06-27 00:56:00,completed,debit_card,2632.68
8835,453,4,2025-03-02 16:28:00,completed,credit_card,866.1
8836,47,12,2025-11-05 03:29:00,completed,pix,3488.13
8837,588,19,2025-03-20 12:36:00,completed,credit_card,1151.32
8838,96,15,2025-02-19 20:32:00,completed,debit_card,2357.54
8839,938,30,2025-10-20 19:28:00,completed,debit_card,2959.94
8840,31,45,2025-01-06 19:27:00,completed,credit_card,629.53
8841,534,37,2025-04-05 18:10:00,completed,credit_card,2139.47
8842,17,12,2025-08-16 18:25:00,completed,boleto,1325.6
8843,212,19,2025-02-11 08:27:00,completed,boleto,870.13
8844,660,34,2025-01-06 12:13:00,pending,pix,60.97
8845,235,7,2025-08-28 22:49:00,pending,credit_card,3054.47
8846,392,28,2025-11-24 12:53:00,cancelled,pix,492.87
8847,354,28,2025-09-13 22:23:00,completed,boleto,3075.85
8848,305,29,2025-08-12 02:49:00,completed,pix,2110.4
8849,599,37,2025-05-02 07:22:00,cancelled,boleto,2181.27
8850,550,20,2025-08-10 23:44:00,completed,credit_card,2903.71
8851,565,11,2025-05-21 18:02:00,completed,credit_card,1792.86
8852,540,50,2025-05-07 18:52:00,completed,pix,1263.35
8853,589,50,2025-09-22 17:54:00,cancelled,credit_card,503.05
8854,925,39,2025-05-31 17:34:00,completed,pix,2005.05
8855,509,42,2025-12-05 09:35:00,completed,pix,1945.02
8856,712,23,2025-10-18 06:45:00,completed,boleto,1042.76
8857,395,46,2025-10-02 04:33:00,completed,debit_card,2108.2
8858,431,20,2025-06-30 08:31:00,returned,pix,1549.0
8859,685,20,2025-04-04 08:05:00,completed,boleto,2823.24
8860,786,11,2025-01-28 18:42:00,completed,boleto,1967.01
8861,562,2,2025-06-27 11:09:00,completed,boleto,3269.2
8862,857,13,2025-12-02 07:23:00,pending,debit_card,1822.58
8863,177,13,2025-10-01 10:07:00,cancelled,credit_card,3108.48
8864,406,41,2025-09-18 09:54:00,pending,pix,1831.43
8865,301,49,2025-11-27 03:08:00,cancelled,pix,1961.96
8866,445,15,2025-01-23 01:46:00,completed,credit_card,1296.49
8867,739,31,2025-11-21 16:52:00,returned,credit_card,1412.59
8868,127,23,2025-07-27 05:08:00,completed,boleto,3267.19
8869,349,22,2025-02-16 17:01:00,cancelled,boleto,797.02
8870,21,16,2025-07-14 21:01:00,completed,credit_card,442.67
8871,711,42,2025-07-07 22:40:00,completed,pix,2909.13
8872,701,29,2025-03-25 16:42:00,completed,credit_card,2027.65
8873,844,20,2025-10-09 14:06:00,completed,credit_card,1010.57
8874,420,28,2025-07-16 10:28:00,completed,debit_card,1524.75
8875,152,27,2025-07-23 04:00:00,completed,debit_card,1846.67
8876,160,44,2025-11-26 10:46:00,completed,boleto,2080.65
8877,859,29,2025-03-06 23:26:00,returned,boleto,2877.26
8878,480,5,2025-06-25 01:01:00,cancelled,pix,1392.35
8879,443,49,2025-03-30 07:52:00,cancelled,credit_card,2374.23
8880,96,42,2025-10-07 02:34:00,pending,credit_card,2924.99
8881,352,38,2025-05-20 21:44:00,completed,debit_card,2956.33
8882,986,38,2025-11-21 23:57:00,completed,pix,904.77
8883,75,44,2025-03-23 10:15:00,completed,credit_card,1238.6
8884,878,2,2025-01-26 22:35:00,cancelled,pix,2090.27
8885,594,45,2025-01-27 04:10:00,cancelled,debit_card,3102.49
8886,640,20,2025-10-27 07:50:00,pending,credit_card,2770.75
8887,359,43,2025-05-22 12:51:00,returned,debit_card,2052.19
8888,133,47,2025-05-05 11:23:00,completed,debit_card,3443.39
8889,400,13,2025-12-26 03:56:00,completed,debit_card,1547.68
8890,139,26,2025-12-27 22:37:00,returned,credit_card,2951.73
8891,246,35,2025-06-16 02:44:00,completed,pix,2868.1
8892,291,46,2025-07-13 00:21:00,completed,credit_card,3179.97
8893,112,8,2025-09-22 04:45:00,completed,debit_card,3457.12
8894,715,28,2025-08-07 07:40:00,completed,boleto,1745.02
8895,170,41,2025-12-28 08:15:00,pending,pix,700.79
8896,599,15,2025-05-22 02:46:00,completed,boleto,1623.92
8897,631,50,2025-11-07 05:10:00,completed,debit_card,2991.52
8898,610,8,2025-09-24 14:18:00,completed,credit_card,2929.65
8899,240,11,2025-03-05 11:46:00,completed,pix,1189.18
8900,337,29,2025-10-11 00:02:00,cancelled,boleto,184.63
8901,138,5,2025-12-22 12:13:00,completed,credit_card,1794.25
8902,594,47,2025-05-04 21:37:00,completed,pix,1669.87
8903,236,47,2025-04-10 06:37:00,completed,debit_card,318.46
8904,648,7,2025-03-09 14:55:00,returned,debit_card,2786.22
8905,794,18,2025-09-02 03:51:00,completed,debit_card,1006.89
8906,3,28,2025-03-06 02:33:00,returned,credit_card,2267.22
8907,571,12,2025-02-25 18:14:00,completed,credit_card,373.18
8908,116,12,2025-03-08 00:17:00,completed,debit_card,3015.25
8909,472,36,2025-04-16 06:41:00,pending,debit_card,2592.68
8910,131,29,2025-09-24 13:09:00,completed,pix,1371.71
8911,934,11,2025-03-09 07:17:00,completed,boleto,2210.62
8912,898,6,2025-12-10 03:32:00,completed,pix,672.34
8913,483,21,2025-07-23 12:36:00,completed,boleto,3449.27
8914,401,10,2025-12-24 20:23:00,completed,credit_card,2790.46
8915,201,32,2025-07-03 08:52:00,completed,pix,2765.51
8916,292,47,2025-12-18 21:05:00,completed,credit_card,553.76
8917,342,33,2025-10-22 03:34:00,completed,credit_card,81.71
8918,991,17,2025-06-26 08:08:00,pending,boleto,2057.09
8919,610,3,2025-05-28 07:04:00,completed,boleto,521.54
8920,216,43,2025-01-03 00:48:00,completed,pix,2735.91
8921,636,18,2025-04-23 07:04:00,completed,pix,1467.94
8922,585,10,2025-01-23 10:29:00,completed,pix,1198.31
8923,366,41,2025-01-29 02:09:00,completed,boleto,276.3
8924,890,39,2025-08-20 00:03:00,cancelled,debit_card,3486.31
8925,642,43,2025-09-16 11:29:00,pending,debit_card,3346.92
8926,469,8,2025-12-17 17:54:00,completed,boleto,477.96
8927,418,34,2025-11-13 21:39:00,completed,pix,1178.18
8928,27,37,2025-12-31 18:35:00,completed,debit_card,1379.94
8929,677,41,2025-05-18 21:33:00,returned,credit_card,1052.87
8930,455,33,2025-06-14 08:52:00,completed,debit_card,3271.95
8931,918,49,2025-01-19 01:35:00,completed,debit_card,2530.27
8932,580,10,2025-12-05 20:23:00,completed,boleto,3346.59
8933,14,40,2025-09-18 01:34:00,completed,boleto,3063.28
8934,98,18,2025-03-23 01:51:00,completed,debit_card,2645.8
8935,279,25,2025-02-03 11:51:00,pending,credit_card,2445.45
8936,940,42,2025-07-21 16:49:00,completed,credit_card,3034.25
8937,490,41,2025-02-07 17:06:00,completed,pix,2400.84
8938,985,36,2025-06-02 06:08:00,completed,debit_card,676.74
8939,961,2,2025-03-26 02:59:00,completed,debit_card,2275.48
8940,883,19,2025-04-11 05:18:00,completed,credit_card,1812.21
8941,759,10,2025-04-24 15:54:00,completed,boleto,3436.99
8942,624,49,2025-07-17 00:48:00,completed,debit_card,1794.68
8943,207,3,2025-01-19 00:48:00,completed,credit_card,153.82
8944,864,19,2025-05-23 05:50:00,cancelled,debit_card,939.38
8945,846,26,2025-07-19 17:08:00,completed,boleto,3212.49
8946,233,47,2025-06-13 02:16:00,completed,pix,3369.0
8947,573,25,2025-12-25 13:28:00,completed,boleto,2555.18
8948,597,50,2025-09-13 17:05:00,completed,boleto,217.89
8949,695,17,2025-02-13 09:37:00,completed,credit_card,101.92
8950,239,10,2025-01-26 06:08:00,completed,credit_card,1688.99
8951,250,46,2025-01-31 15:09:00,completed,boleto,3498.86
8952,583,50,2025-05-12 01:17:00,completed,credit_card,3045.15
8953,740,11,2025-01-20 01:06:00,pending,boleto,3267.21
8954,597,11,2025-09-24 22:52:00,completed,boleto,2189.92
8955,306,12,2025-11-11 05:23:00,cancelled,debit_card,3009.75
8956,1000,40,2025-04-19 07:24:00,completed,boleto,1132.55
8957,908,48,2025-12-23 08:48:00,completed,pix,115.23
8958,463,8,2025-02-01 03:38:00,completed,credit_card,3215.51
8959,783,24,2025-06-03 03:10:00,completed,pix,780.14
8960,913,14,2025-09-02 13:46:00,completed,credit_card,2555.13
8961,802,23,2025-11-13 19:05:00,completed,boleto,2313.21
8962,236,50,2025-01-29 16:11:00,completed,pix,570.41
8963,291,36,2025-01-27 22:45:00,completed,debit_card,701.31
8964,39,17,2025-03-10 15:11:00,returned,boleto,1165.17
8965,998,45,2025-04-14 19:55:00,pending,boleto,2654.12
8966,718,5,2025-01-07 10:50:00,returned,boleto,156.57
8967,183,3,2025-10-01 05:07:00,returned,debit_card,1436.6
8968,699,9,2025-08-29 02:58:00,completed,pix,2334.59
8969,645,20,2025-03-01 03:46:00,completed,boleto,616.72
8970,30,50,2025-07-14 08:20:00,completed,pix,435.57
8971,388,20,2025-10-05 19:16:00,cancelled,boleto,1377.94
8972,767,19,2025-03-24 21:34:00,completed,boleto,1017.23
8973,143,21,2025-07-31 23:22:00,completed,boleto,2278.85
8974,615,16,2025-08-08 00:27:00,completed,debit_card,3394.1
8975,419,33,2025-09-19 23:55:00,completed,boleto,35.55
8976,74,5,2025-12-30 21:10:00,completed,pix,3160.28
8977,55,24,2025-06-04 15:22:00,completed,boleto,1527.62
8978,962,15,2025-08-01 20:09:00,cancelled,pix,2330.75
8979,748,26,2025-03-21 19:21:00,completed,pix,2981.57
8980,572,44,2025-04-02 06:58:00,returned,credit_card,2015.64
8981,24,25,2025-08-17 16:34:00,completed,pix,358.65
8982,988,28,2025-01-29 09:18:00,returned,credit_card,509.27
8983,22,33,2025-05-20 09:41:00,completed,debit_card,2766.69
8984,428,46,2025-04-28 15:41:00,completed,boleto,817.26
8985,32,18,2025-12-24 18:28:00,completed,debit_card,2000.25
8986,863,18,2025-10-16 00:25:00,completed,debit_card,1509.72
8987,339,38,2025-10-29 21:37:00,cancelled,pix,1076.66
8988,947,33,2025-05-13 00:11:00,completed,boleto,2758.65
8989,981,27,2025-08-29 02:21:00,completed,boleto,2564.63
8990,515,49,2025-01-11 11:55:00,completed,debit_card,2268.46
8991,512,50,2025-02-22 08:19:00,completed,credit_card,1316.9
8992,70,15,2025-06-12 04:33:00,completed,credit_card,808.12
8993,672,44,2025-09-29 11:29:00,completed,pix,1815.31
8994,898,13,2025-10-11 01:29:00,completed,credit_card,2863.52
8995,88,34,2025-10-25 15:16:00,completed,credit_card,2023.31
8996,877,4,2025-09-30 13:48:00,cancelled,debit_card,3396.09
8997,571,35,2025-06-04 17:05:00,completed,credit_card,73.72
8998,764,19,2025-12-09 17:15:00,completed,boleto,3494.25
8999,219,31,2025-12-14 08:44:00,completed,debit_card,2426.1
9000,713,25,2025-02-25 23:56:00,completed,debit_card,2917.71
9001,589,40,2025-05-08 06:53:00,completed,credit_card,1185.63
9002,767,12,2025-03-10 08:53:00,completed,boleto,1789.03
9003,759,12,2025-10-13 04:06:00,returned,boleto,2793.52
9004,270,42,2025-02-07 20:06:00,pending,credit_card,2667.06
9005,819,25,2025-12-07 04:41:00,completed,boleto,1182.44
9006,651,33,2025-06-30 17:23:00,completed,pix,1148.95
9007,78,37,2025-08-21 14:36:00,completed,pix,2326.58
9008,592,28,2025-08-16 22:31:00,returned,credit_card,3269.13
9009,10,43,2025-06-20 00:56:00,returned,debit_card,1546.98
9010,468,9,2025-10-06 23:02:00,completed,debit_card,1248.24
9011,336,14,2025-02-04 10:47:00,completed,boleto,3133.51
9012,636,3,2025-10-07 20:01:00,completed,pix,2397.04
9013,186,5,2025-09-14 02:48:00,completed,debit_card,1371.2
9014,546,26,2025-05-26 13:25:00,completed,boleto,219.32
9015,121,41,2025-12-12 08:57:00,completed,pix,2530.78
9016,592,18,2025-06-03 18:37:00,completed,debit_card,1248.04
9017,718,38,2025-08-01 03:20:00,completed,boleto,265.57
9018,565,21,2025-07-29 01:45:00,completed,credit_card,2150.77
9019,668,39,2025-01-05 13:49:00,completed,credit_card,1144.06
9020,274,16,2025-01-26 06:15:00,completed,debit_card,1197.83
9021,410,40,2025-01-30 22:05:00,completed,boleto,1687.51
9022,358,23,2025-01-22 12:22:00,completed,pix,2516.81
9023,647,29,2025-07-21 20:18:00,completed,credit_card,981.63
9024,941,10,2025-05-17 02:01:00,completed,pix,301.69
9025,98,5,2025-10-03 17:47:00,completed,boleto,1497.0
9026,241,11,2025-09-08 08:52:00,completed,credit_card,211.14
9027,557,29,2025-11-13 19:21:00,completed,debit_card,2446.49
9028,711,45,2025-02-01 03:25:00,completed,credit_card,3358.17
9029,993,27,2025-06-26 13:39:00,completed,debit_card,2312.48
9030,803,34,2025-03-17 06:57:00,completed,pix,978.36
9031,948,14,2025-03-20 18:36:00,pending,credit_card,652.32
9032,114,41,2025-06-15 09:58:00,completed,boleto,830.09
9033,487,42,2025-07-16 17:43:00,completed,pix,791.2
9034,789,10,2025-12-06 02:08:00,completed,pix,1112.13
9035,241,42,2025-03-04 08:28:00,completed,debit_card,358.77
9036,156,11,2025-06-14 04:44:00,completed,boleto,3137.1
9037,352,11,2025-01-16 10:05:00,cancelled,pix,3100.22
9038,44,35,2025-07-07 05:28:00,completed,credit_card,2161.02
9039,592,19,2025-05-22 11:29:00,completed,debit_card,235.48
9040,312,24,2025-07-08 21:04:00,returned,boleto,2817.92
9041,138,1,2025-12-11 07:52:00,completed,debit_card,235.02
9042,663,12,2025-07-30 08:32:00,completed,debit_card,390.35
9043,944,47,2025-01-11 15:29:00,completed,pix,1152.03
9044,436,14,2025-01-11 23:11:00,cancelled,credit_card,1521.52
9045,754,3,2025-08-07 14:11:00,completed,credit_card,1251.53
9046,143,45,2025-09-29 13:09:00,cancelled,boleto,595.0
9047,823,50,2025-12-04 13:46:00,completed,boleto,410.21
9048,299,32,2025-09-16 02:58:00,cancelled,credit_card,3010.76
9049,562,16,2025-04-01 13:56:00,returned,debit_card,1283.87
9050,262,38,2025-03-02 11:13:00,completed,debit_card,780.73
9051,512,10,2025-06-23 12:54:00,completed,credit_card,1714.73
9052,673,17,2025-07-25 21:54:00,completed,pix,148.15
9053,62,49,2025-02-05 16:48:00,pending,debit_card,2108.98
9054,567,40,2025-09-03 04:45:00,cancelled,credit_card,884.74
9055,423,4,2025-10-17 12:39:00,completed,pix,2101.72
9056,396,15,2025-04-12 14:26:00,pending,debit_card,2157.16
9057,884,33,2025-04-07 06:04:00,pending,boleto,2836.1
9058,996,39,2025-07-26 15:20:00,completed,debit_card,820.07
9059,31,10,2025-02-20 07:19:00,completed,debit_card,1632.86
9060,330,7,2025-06-16 10:07:00,completed,credit_card,3367.37
9061,949,33,2025-07-24 11:18:00,completed,debit_card,2550.39
9062,802,17,2025-10-03 15:00:00,pending,debit_card,3414.2
9063,169,12,2025-10-17 14:11:00,returned,pix,3247.23
9064,266,17,2025-12-26 06:31:00,completed,credit_card,2145.41
9065,308,47,2025-11-18 02:43:00,completed,pix,938.48
9066,459,16,2025-04-09 06:23:00,pending,boleto,2654.1
9067,185,14,2025-11-22 14:43:00,pending,debit_card,2449.45
9068,334,3,2025-09-02 06:51:00,completed,credit_card,2069.34
9069,515,44,2025-03-04 18:21:00,completed,boleto,2448.45
9070,441,50,2025-09-02 13:31:00,pending,credit_card,2155.28
9071,673,30,2025-06-25 10:41:00,pending,debit_card,1827.44
9072,391,46,2025-03-07 09:36:00,pending,credit_card,1467.53
9073,772,41,2025-08-21 15:34:00,pending,credit_card,175.59
9074,935,35,2025-12-18 15:59:00,completed,pix,3032.59
9075,560,26,2025-03-05 09:31:00,returned,credit_card,3032.08
9076,254,12,2025-02-11 07:26:00,pending,credit_card,2087.28
9077,586,31,2025-10-21 15:50:00,completed,pix,952.24
9078,335,17,2025-01-28 06:04:00,returned,debit_card,117.9
9079,400,37,2025-10-05 04:38:00,cancelled,boleto,24.97
9080,166,8,2025-02-05 04:57:00,pending,pix,273.72
9081,260,19,2025-02-26 07:38:00,completed,debit_card,1272.4
9082,4,26,2025-12-19 03:39:00,completed,debit_card,675.62
9083,888,4,2025-03-16 20:12:00,completed,boleto,942.4
9084,119,15,2025-03-23 21:28:00,completed,debit_card,2454.82
9085,996,47,2025-02-02 22:19:00,completed,pix,3357.84
9086,923,14,2025-09-10 22:36:00,completed,debit_card,739.58
9087,470,30,2025-08-10 00:09:00,completed,boleto,1640.44
9088,470,48,2025-05-17 18:59:00,returned,boleto,3470.35
9089,785,42,2025-01-17 06:04:00,completed,pix,3262.23
9090,493,24,2025-04-05 23:34:00,completed,pix,1246.06
9091,738,46,2025-11-21 08:59:00,completed,debit_card,1132.52
9092,864,43,2025-03-12 02:45:00,completed,boleto,862.75
9093,500,34,2025-04-29 09:31:00,cancelled,boleto,560.8
9094,70,19,2025-09-17 09:39:00,completed,debit_card,1620.98
9095,694,3,2025-12-01 05:34:00,completed,boleto,1207.1
9096,865,4,2025-03-17 04:29:00,completed,pix,2612.03
9097,776,11,2025-10-28 07:38:00,completed,pix,844.3
9098,370,13,2025-01-24 17:02:00,completed,debit_card,2582.44
9099,181,50,2025-03-18 04:19:00,completed,debit_card,1022.75
9100,996,18,2025-07-07 04:17:00,completed,debit_card,2082.7
9101,5,19,2025-03-13 00:41:00,completed,pix,2241.74
9102,197,44,2025-10-21 03:09:00,pending,pix,2357.8
9103,47,33,2025-12-22 01:55:00,completed,boleto,630.18
9104,970,38,2025-12-14 13:48:00,completed,pix,1003.84
9105,552,3,2025-02-13 17:29:00,completed,debit_card,876.48
9106,634,49,2025-03-03 23:24:00,completed,credit_card,2025.04
9107,647,35,2025-05-15 18:28:00,completed,credit_card,283.6
9108,140,1,2025-10-01 03:27:00,completed,credit_card,1823.53
9109,862,35,2025-06-07 12:45:00,completed,credit_card,324.39
9110,665,36,2025-12-17 11:40:00,completed,credit_card,1192.95
9111,540,38,2025-07-14 09:53:00,completed,pix,2409.74
9112,427,39,2025-11-21 11:01:00,completed,debit_card,1455.72
9113,589,25,2025-07-21 11:11:00,returned,debit_card,995.59
9114,687,40,2025-01-17 06:24:00,completed,boleto,2163.18
9115,561,13,2025-10-14 14:27:00,completed,debit_card,2596.14
9116,854,4,2025-05-06 08:46:00,returned,boleto,905.96
9117,310,6,2025-08-19 16:53:00,completed,debit_card,1061.91
9118,274,11,2025-05-08 01:57:00,completed,boleto,2248.22
9119,539,1,2025-07-21 08:45:00,completed,boleto,3378.98
9120,840,8,2025-10-20 19:06:00,completed,debit_card,764.27
9121,390,34,2025-02-23 23:34:00,completed,credit_card,2296.78
9122,459,40,2025-11-14 08:22:00,cancelled,debit_card,3174.93
9123,733,9,2025-06-06 22:02:00,completed,debit_card,1627.64
9124,634,36,2025-12-20 21:42:00,completed,credit_card,1122.62
9125,361,49,2025-10-06 01:05:00,completed,debit_card,2340.71
9126,69,39,2025-09-07 17:09:00,completed,boleto,129.38
9127,583,42,2025-05-17 08:19:00,completed,credit_card,1273.36
9128,662,37,2025-04-21 07:09:00,completed,credit_card,917.75
9129,699,42,2025-02-14 08:27:00,completed,pix,801.68
9130,431,44,2025-10-12 08:22:00,completed,boleto,645.56
9131,885,21,2025-01-18 08:36:00,cancelled,boleto,2584.98
9132,758,20,2025-08-06 16:16:00,completed,debit_card,3343.75
9133,708,38,2025-07-09 07:31:00,completed,debit_card,1359.0
9134,32,1,2025-06-17 16:12:00,completed,boleto,190.88
9135,979,35,2025-07-21 23:26:00,completed,boleto,2521.81
9136,621,28,2025-08-08 12:16:00,completed,boleto,1892.95
9137,865,7,2025-01-12 16:29:00,pending,debit_card,2538.28
9138,513,43,2025-01-04 03:22:00,completed,boleto,2274.71
9139,182,44,2025-10-25 14:15:00,completed,boleto,3170.92
9140,686,9,2025-09-23 14:38:00,cancelled,credit_card,508.73
9141,681,1,2025-03-24 08:16:00,completed,boleto,608.68
9142,248,36,2025-12-11 16:16:00,pending,pix,1208.66
9143,620,34,2025-04-23 04:25:00,completed,debit_card,1730.03
9144,882,34,2025-02-17 08:05:00,completed,credit_card,3241.48
9145,297,17,2025-10-29 03:51:00,returned,boleto,3176.24
9146,776,32,2025-01-22 07:56:00,pending,boleto,3054.11
9147,928,2,2025-01-05 17:54:00,completed,credit_card,794.39
9148,30,36,2025-12-25 22:13:00,completed,credit_card,2559.27
9149,302,25,2025-07-01 16:09:00,completed,credit_card,1354.55
9150,476,43,2025-01-13 14:59:00,completed,pix,3260.52
9151,873,26,2025-07-20 06:03:00,cancelled,pix,766.58
9152,948,45,2025-03-13 15:13:00,completed,credit_card,511.58
9153,352,26,2025-11-26 13:39:00,completed,boleto,2951.5
9154,985,21,2025-02-01 23:05:00,pending,debit_card,2514.84
9155,482,18,2025-06-30 18:01:00,cancelled,pix,2878.55
9156,317,29,2025-08-12 15:10:00,completed,debit_card,569.64
9157,737,24,2025-10-17 10:19:00,pending,debit_card,3099.08
9158,397,47,2025-09-05 08:51:00,completed,pix,2378.12
9159,89,28,2025-08-02 15:13:00,pending,debit_card,2287.43
9160,234,12,2025-01-23 16:24:00,completed,boleto,2047.39
9161,168,11,2025-04-10 15:32:00,cancelled,pix,2681.77
9162,743,27,2025-11-19 07:33:00,completed,pix,1466.32
9163,126,23,2025-06-06 16:48:00,completed,debit_card,482.22
9164,573,33,2025-12-08 01:27:00,completed,debit_card,1896.64
9165,120,16,2025-02-14 09:10:00,pending,credit_card,2623.39
9166,428,28,2025-08-09 21:03:00,pending,pix,554.69
9167,190,28,2025-12-11 13:02:00,completed,debit_card,799.59
9168,633,45,2025-10-03 22:28:00,completed,boleto,2443.98
9169,428,38,2025-09-28 08:17:00,completed,pix,958.39
9170,560,6,2025-01-29 21:18:00,completed,credit_card,611.39
9171,202,42,2025-12-05 05:08:00,completed,boleto,3115.08
9172,59,29,2025-12-13 04:35:00,completed,credit_card,579.92
9173,697,34,2025-08-23 01:24:00,completed,credit_card,1217.64
9174,223,3,2025-01-19 06:16:00,completed,boleto,1510.94
9175,492,6,2025-04-14 13:38:00,returned,credit_card,1676.97
9176,11,48,2025-04-22 02:04:00,completed,credit_card,1277.36
9177,793,38,2025-11-23 01:09:00,completed,credit_card,3195.63
9178,701,13,2025-02-14 23:31:00,completed,credit_card,2312.02
9179,512,36,2025-12-14 05:30:00,completed,credit_card,1271.04
9180,814,15,2025-03-10 19:14:00,completed,pix,1264.86
9181,310,6,2025-12-30 06:56:00,completed,debit_card,1770.27
9182,749,33,2025-10-19 21:31:00,completed,pix,137.15
9183,34,41,2025-07-26 23:10:00,completed,pix,3244.72
9184,340,12,2025-04-08 21:33:00,completed,debit_card,797.12
9185,647,43,2025-02-27 13:50:00,completed,debit_card,2447.62
9186,481,13,2025-05-06 15:34:00,completed,boleto,2726.48
9187,574,33,2025-09-22 16:16:00,completed,credit_card,2899.29
9188,825,28,2025-12-23 10:31:00,completed,debit_card,596.44
9189,739,36,2025-12-17 17:22:00,completed,boleto,1887.69
9190,93,5,2025-04-24 19:18:00,completed,boleto,311.19
9191,628,25,2025-04-18 07:25:00,completed,pix,2820.68
9192,844,17,2025-11-18 22:49:00,returned,boleto,1712.85
9193,133,37,2025-11-10 21:49:00,completed,credit_card,571.54
9194,844,19,2025-09-11 06:19:00,completed,pix,2521.0
9195,989,35,2025-10-07 12:41:00,completed,debit_card,1172.47
9196,419,43,2025-01-23 16:06:00,completed,pix,418.48
9197,468,34,2025-02-22 20:46:00,completed,pix,1624.54
9198,805,46,2025-12-24 00:36:00,completed,credit_card,838.66
9199,444,6,2025-06-27 05:37:00,pending,credit_card,3326.77
9200,705,19,2025-09-24 22:22:00,completed,pix,1277.54
9201,912,1,2025-02-21 13:16:00,returned,debit_card,2012.14
9202,30,7,2025-02-22 19:47:00,completed,credit_card,3320.3
9203,969,34,2025-01-07 20:39:00,completed,pix,1390.15
9204,298,19,2025-04-05 20:55:00,completed,credit_card,1266.28
9205,61,33,2025-05-05 07:16:00,completed,credit_card,585.17
9206,458,26,2025-10-30 11:24:00,returned,boleto,3285.3
9207,973,41,2025-08-29 11:01:00,completed,debit_card,2806.59
9208,304,49,2025-05-26 23:10:00,completed,pix,789.12
9209,958,42,2025-12-03 00:03:00,completed,pix,1177.71
9210,340,27,2025-09-18 04:33:00,completed,boleto,3203.89
9211,861,38,2025-12-23 10:24:00,completed,pix,1889.73
9212,448,26,2025-03-04 14:21:00,completed,pix,1956.04
9213,953,35,2025-09-19 21:57:00,completed,boleto,2275.54
9214,836,20,2025-07-24 00:52:00,returned,boleto,2672.33
9215,302,24,2025-04-04 21:03:00,completed,pix,3288.71
9216,881,47,2025-10-18 05:02:00,completed,boleto,2811.74
9217,540,21,2025-05-22 09:43:00,completed,credit_card,3272.23
9218,485,26,2025-01-12 10:50:00,cancelled,credit_card,2875.72
9219,77,20,2025-10-25 12:10:00,completed,credit_card,181.59
9220,633,6,2025-11-07 05:32:00,cancelled,credit_card,429.02
9221,515,3,2025-12-01 16:26:00,completed,boleto,3099.43
9222,549,10,2025-01-27 11:30:00,completed,debit_card,116.38
9223,944,12,2025-11-18 20:05:00,completed,debit_card,2783.73
9224,659,33,2025-09-14 13:18:00,returned,pix,2977.46
9225,92,22,2025-09-18 19:41:00,completed,debit_card,1465.82
9226,851,16,2025-04-11 20:50:00,completed,credit_card,1254.89
9227,785,17,2025-05-07 13:15:00,completed,boleto,696.53
9228,466,10,2025-10-09 00:56:00,completed,credit_card,190.24
9229,466,12,2025-10-31 12:50:00,completed,credit_card,2613.93
9230,889,19,2025-10-05 15:02:00,pending,boleto,276.57
9231,599,40,2025-08-30 06:55:00,cancelled,credit_card,3307.45
9232,40,23,2025-12-11 06:13:00,returned,credit_card,1052.67
9233,690,40,2025-08-21 10:25:00,completed,boleto,2783.97
9234,329,10,2025-10-14 13:19:00,completed,boleto,227.7
9235,285,10,2025-03-06 00:39:00,completed,pix,1886.25
9236,947,50,2025-04-25 14:24:00,completed,pix,1234.87
9237,554,10,2025-01-22 14:59:00,pending,credit_card,124.4
9238,797,39,2025-12-18 08:30:00,completed,pix,2302.18
9239,66,30,2025-05-14 06:49:00,cancelled,debit_card,3302.21
9240,636,4,2025-08-22 04:22:00,pending,debit_card,57.42
9241,657,1,2025-08-21 11:56:00,completed,credit_card,961.12
9242,632,43,2025-06-29 04:06:00,completed,pix,2468.55
9243,109,19,2025-12-20 21:23:00,completed,credit_card,3051.96
9244,415,5,2025-08-19 16:27:00,completed,pix,683.91
9245,92,30,2025-02-11 14:39:00,completed,boleto,266.09
9246,368,26,2025-08-28 00:39:00,returned,boleto,50.07
9247,820,40,2025-11-16 23:37:00,completed,boleto,768.92
9248,423,34,2025-10-27 04:38:00,completed,boleto,268.18
9249,572,2,2025-07-28 12:39:00,pending,credit_card,1270.65
9250,862,24,2025-07-22 16:00:00,pending,credit_card,1551.64
9251,739,14,2025-04-04 15:25:00,pending,credit_card,1690.13
9252,240,41,2025-01-18 07:56:00,completed,debit_card,515.31
9253,435,42,2025-07-03 02:32:00,completed,boleto,1634.68
9254,212,13,2025-09-28 18:45:00,completed,boleto,51.5
9255,400,29,2025-03-02 01:31:00,completed,boleto,853.19
9256,610,1,2025-01-31 23:08:00,completed,pix,1304.42
9257,526,46,2025-05-21 00:57:00,completed,pix,431.86
9258,730,34,2025-03-10 20:32:00,returned,debit_card,2852.74
9259,468,4,2025-10-15 07:27:00,completed,debit_card,720.22
9260,170,28,2025-08-23 17:57:00,completed,pix,2647.02
9261,819,19,2025-01-12 05:27:00,completed,pix,1669.15
9262,792,1,2025-03-18 22:22:00,completed,credit_card,1689.51
9263,875,36,2025-12-01 00:45:00,completed,credit_card,2265.28
9264,210,43,2025-04-01 19:35:00,completed,pix,174.09
9265,256,13,2025-01-25 05:29:00,cancelled,boleto,294.08
9266,683,50,2025-08-02 18:22:00,completed,pix,1157.42
9267,73,42,2025-06-07 05:26:00,completed,credit_card,1470.54
9268,147,5,2025-04-05 06:33:00,completed,debit_card,1516.19
9269,340,33,2025-06-09 08:49:00,completed,pix,2375.57
9270,317,14,2025-10-10 13:46:00,cancelled,pix,22.45
9271,618,16,2025-07-06 12:57:00,completed,boleto,3357.69
9272,606,32,2025-10-14 00:45:00,completed,debit_card,627.22
9273,575,50,2025-05-16 01:39:00,completed,boleto,885.24
9274,154,27,2025-12-30 17:24:00,pending,debit_card,3171.58
9275,255,35,2025-05-15 01:53:00,completed,boleto,39.11
9276,351,3,2025-09-22 16:30:00,completed,debit_card,3469.75
9277,547,4,2025-07-09 13:36:00,completed,pix,145.13
9278,835,7,2025-12-06 15:54:00,returned,pix,439.5
9279,312,13,2025-04-12 05:40:00,pending,pix,855.57
9280,808,41,2025-11-10 18:16:00,completed,credit_card,1546.75
9281,765,3,2025-08-28 12:11:00,cancelled,debit_card,1824.21
9282,669,17,2025-08-16 11:32:00,completed,debit_card,384.42
9283,134,47,2025-01-08 15:22:00,completed,boleto,276.39
9284,948,10,2025-01-23 14:36:00,completed,credit_card,130.87
9285,129,47,2025-12-10 07:21:00,pending,boleto,913.49
9286,436,1,2025-06-03 23:46:00,completed,credit_card,3226.93
9287,280,28,2025-01-05 13:23:00,pending,boleto,1376.65
9288,358,10,2025-05-27 12:35:00,completed,credit_card,2678.75
9289,930,7,2025-04-17 14:40:00,pending,boleto,681.85
9290,883,39,2025-12-07 01:16:00,completed,boleto,245.08
9291,252,3,2025-10-21 11:38:00,completed,credit_card,1948.89
9292,135,7,2025-07-05 01:36:00,completed,debit_card,2880.88
9293,843,9,2025-07-02 04:08:00,completed,boleto,3146.64
9294,523,40,2025-07-11 23:43:00,completed,credit_card,1920.79
9295,804,35,2025-03-25 16:17:00,completed,credit_card,1043.23
9296,660,26,2025-04-16 05:21:00,returned,debit_card,401.1
9297,319,5,2025-08-10 03:57:00,completed,debit_card,2344.02
9298,80,13,2025-11-09 08:34:00,completed,debit_card,995.92
9299,191,45,2025-03-23 02:15:00,completed,debit_card,2956.99
9300,453,30,2025-01-24 04:08:00,completed,boleto,2125.82
9301,344,40,2025-03-14 02:41:00,completed,boleto,3008.9
9302,30,50,2025-12-07 20:46:00,pending,pix,1991.95
9303,414,39,2025-09-21 02:48:00,completed,boleto,2705.66
9304,871,10,2025-05-27 17:33:00,pending,pix,1044.18
9305,368,42,2025-01-07 01:24:00,completed,pix,1770.64
9306,741,23,2025-10-04 14:20:00,returned,boleto,87.53
9307,993,11,2025-02-24 18:32:00,completed,pix,2135.25
9308,596,12,2025-12-17 20:41:00,completed,debit_card,1877.41
9309,502,13,2025-06-09 03:36:00,completed,pix,2648.38
9310,662,40,2025-03-03 00:04:00,returned,boleto,2556.77
9311,873,49,2025-03-04 07:51:00,completed,credit_card,2204.11
9312,701,46,2025-04-01 03:37:00,completed,boleto,217.27
9313,21,49,2025-11-23 18:27:00,completed,credit_card,3162.47
9314,549,16,2025-02-10 12:06:00,cancelled,credit_card,82.71
9315,246,9,2025-12-30 09:32:00,completed,pix,2815.37
9316,283,10,2025-05-01 04:34:00,completed,pix,1688.13
9317,614,29,2025-01-17 16:22:00,pending,credit_card,2866.62
9318,931,9,2025-02-28 15:38:00,cancelled,pix,1638.44
9319,806,33,2025-04-13 23:57:00,completed,debit_card,2271.34
9320,232,24,2025-10-08 00:43:00,returned,boleto,1284.16
9321,316,35,2025-10-10 18:42:00,completed,pix,2608.0
9322,838,11,2025-10-03 12:22:00,completed,credit_card,904.53
9323,800,39,2025-08-01 20:25:00,completed,credit_card,2523.36
9324,336,50,2025-12-30 13:18:00,completed,boleto,692.97
9325,988,13,2025-01-21 12:13:00,pending,pix,2533.14
9326,976,23,2025-06-11 03:13:00,cancelled,pix,1041.98
9327,411,25,2025-04-14 17:48:00,completed,credit_card,989.64
9328,245,50,2025-04-08 01:31:00,completed,boleto,2844.0
9329,387,16,2025-03-12 02:40:00,completed,credit_card,2851.65
9330,689,48,2025-04-13 14:25:00,completed,boleto,2426.08
9331,725,21,2025-07-18 06:59:00,completed,pix,3235.2
9332,358,10,2025-03-14 08:02:00,pending,pix,563.55
9333,614,41,2025-04-01 18:24:00,completed,boleto,957.24
9334,798,40,2025-04-18 11:39:00,completed,credit_card,1043.17
9335,22,19,2025-11-28 22:05:00,completed,credit_card,1082.4
9336,19,35,2025-02-22 17:37:00,pending,credit_card,1161.55
9337,287,28,2025-09-30 20:08:00,completed,boleto,2445.59
9338,276,41,2025-04-08 02:30:00,pending,boleto,962.24
9339,659,2,2025-10-10 06:57:00,completed,credit_card,1015.01
9340,898,30,2025-06-29 23:48:00,completed,credit_card,2005.04
9341,552,40,2025-06-20 09:00:00,completed,boleto,692.89
9342,679,50,2025-01-23 14:28:00,completed,boleto,1289.81
9343,603,40,2025-09-13 15:21:00,completed,credit_card,221.63
9344,72,5,2025-06-06 01:31:00,cancelled,credit_card,3334.86
9345,365,38,2025-04-18 14:26:00,completed,pix,1124.23
9346,950,42,2025-12-01 15:15:00,completed,debit_card,2978.15
9347,795,15,2025-10-16 13:05:00,completed,boleto,1864.21
9348,335,36,2025-06-24 08:20:00,completed,debit_card,814.18
9349,652,3,2025-10-04 13:50:00,completed,boleto,693.13
9350,751,24,2025-03-11 11:00:00,completed,pix,2438.46
9351,590,41,2025-12-18 03:06:00,pending,boleto,3377.74
9352,199,48,2025-02-16 10:06:00,completed,boleto,657.08
9353,17,48,2025-09-05 19:06:00,completed,debit_card,421.67
9354,218,47,2025-11-04 15:05:00,completed,pix,1367.11
9355,741,41,2025-07-22 09:36:00,completed,pix,1390.46
9356,852,49,2025-12-07 02:13:00,completed,pix,2825.76
9357,650,12,2025-09-19 08:10:00,returned,pix,1651.73
9358,147,8,2025-10-12 01:42:00,completed,boleto,237.36
9359,210,14,2025-10-16 16:19:00,pending,debit_card,3223.92
9360,670,18,2025-12-12 10:25:00,completed,pix,1318.69
9361,414,44,2025-08-04 15:46:00,completed,credit_card,2346.49
9362,665,46,2025-09-05 15:31:00,completed,pix,2342.86
9363,856,20,2025-04-24 07:08:00,completed,debit_card,216.07
9364,330,23,2025-03-22 10:27:00,completed,debit_card,32.54
9365,895,5,2025-11-22 06:20:00,completed,debit_card,326.37
9366,962,1,2025-07-21 21:14:00,cancelled,debit_card,3348.73
9367,870,45,2025-03-03 02:35:00,returned,credit_card,2783.1
9368,352,46,2025-01-29 05:38:00,completed,pix,479.4
9369,163,2,2025-11-11 04:00:00,completed,boleto,2159.75
9370,819,16,2025-09-23 19:44:00,completed,boleto,2149.67
9371,101,5,2025-08-11 10:58:00,completed,credit_card,21.95
9372,327,22,2025-05-18 21:39:00,cancelled,pix,1513.14
9373,327,1,2025-09-17 17:36:00,completed,pix,2496.98
9374,155,12,2025-11-06 22:08:00,pending,boleto,670.04
9375,10,19,2025-06-24 23:13:00,completed,credit_card,2981.15
9376,353,22,2025-02-17 15:02:00,completed,boleto,2317.86
9377,939,42,2025-10-31 23:34:00,completed,credit_card,44.1
9378,183,44,2025-04-10 20:15:00,cancelled,debit_card,2995.1
9379,455,48,2025-07-07 15:07:00,completed,pix,87.51
9380,646,17,2025-09-11 17:16:00,completed,pix,3109.99
9381,6,13,2025-12-27 09:03:00,completed,pix,1181.34
9382,333,39,2025-08-18 12:04:00,completed,pix,2451.3
9383,944,28,2025-04-09 02:08:00,completed,pix,2760.26
9384,333,3,2025-10-03 19:12:00,pending,pix,998.82
9385,258,5,2025-08-28 10:16:00,cancelled,debit_card,1260.4
9386,211,36,2025-09-01 16:32:00,pending,pix,1793.21
9387,51,15,2025-01-31 15:58:00,cancelled,debit_card,2047.77
9388,445,17,2025-05-31 03:17:00,pending,pix,1036.31
9389,659,44,2025-11-05 10:20:00,returned,pix,3473.54
9390,377,46,2025-10-21 02:18:00,completed,credit_card,2584.78
9391,640,29,2025-03-02 16:07:00,completed,pix,974.05
9392,486,4,2025-08-16 10:46:00,returned,boleto,2248.7
9393,770,32,2025-02-21 14:39:00,completed,credit_card,1535.09
9394,51,49,2025-07-09 19:14:00,cancelled,credit_card,3013.94
9395,154,43,2025-06-02 12:43:00,completed,credit_card,1164.75
9396,582,38,2025-05-27 00:04:00,cancelled,boleto,673.73
9397,788,4,2025-01-11 09:50:00,completed,debit_card,180.55
9398,791,13,2025-12-25 18:41:00,completed,credit_card,3445.4
9399,310,20,2025-03-31 19:27:00,completed,credit_card,1270.09
9400,399,47,2025-07-20 16:46:00,completed,credit_card,787.4
9401,134,18,2025-10-20 00:09:00,cancelled,pix,1731.35
9402,220,49,2025-05-22 02:01:00,completed,debit_card,1034.9
9403,163,42,2025-09-01 16:53:00,cancelled,boleto,830.49
9404,971,37,2025-09-02 03:55:00,completed,boleto,2165.02
9405,648,12,2025-03-23 19:02:00,returned,debit_card,280.47
9406,569,25,2025-08-21 04:28:00,completed,debit_card,1791.3
9407,502,30,2025-10-04 12:56:00,completed,debit_card,1368.26
9408,946,15,2025-02-06 10:59:00,completed,pix,1873.2
9409,689,36,2025-06-28 11:43:00,returned,credit_card,1135.13
9410,115,8,2025-08-19 02:35:00,completed,pix,2004.72
9411,499,28,2025-04-10 23:39:00,completed,debit_card,304.73
9412,472,22,2025-04-14 01:28:00,completed,pix,1329.03
9413,149,49,2025-09-16 01:23:00,completed,boleto,846.5
9414,241,38,2025-08-25 00:59:00,cancelled,pix,1544.55
9415,123,16,2025-08-18 19:27:00,completed,debit_card,1406.21
9416,804,5,2025-10-16 14:36:00,completed,credit_card,2216.52
9417,839,46,2025-09-11 16:16:00,returned,pix,2208.08
9418,69,34,2025-04-20 23:12:00,completed,debit_card,1458.51
9419,826,49,2025-04-17 04:51:00,cancelled,pix,652.05
9420,63,38,2025-06-10 00:13:00,completed,boleto,2045.06
9421,733,11,2025-11-03 16:18:00,returned,pix,3383.47
9422,16,2,2025-04-07 18:14:00,completed,pix,665.34
9423,390,25,2025-04-12 19:46:00,pending,credit_card,260.33
9424,590,25,2025-02-26 02:39:00,completed,pix,940.67
9425,634,1,2025-06-13 04:58:00,completed,pix,1456.96
9426,948,31,2025-07-13 22:57:00,completed,boleto,1085.54
9427,258,5,2025-02-11 05:13:00,completed,boleto,2924.79
9428,217,40,2025-06-19 09:07:00,completed,boleto,1735.74
9429,479,4,2025-04-18 21:15:00,completed,credit_card,876.53
9430,114,5,2025-11-02 07:25:00,returned,boleto,3326.69
9431,882,5,2025-01-21 01:27:00,completed,boleto,455.22
9432,973,16,2025-11-02 03:08:00,completed,pix,447.73
9433,380,18,2025-07-25 10:45:00,completed,pix,873.59
9434,658,43,2025-04-30 20:46:00,completed,credit_card,287.17
9435,977,17,2025-06-24 14:20:00,completed,boleto,2635.75
9436,237,35,2025-11-22 22:43:00,returned,debit_card,1108.58
9437,476,18,2025-10-19 18:21:00,cancelled,pix,2559.84
9438,972,4,2025-08-28 02:38:00,completed,debit_card,2674.33
9439,931,31,2025-06-02 19:59:00,completed,debit_card,846.56
9440,598,31,2025-06-18 17:11:00,completed,boleto,1823.91
9441,679,9,2025-05-22 23:50:00,completed,debit_card,1828.18
9442,129,31,2025-08-01 09:48:00,completed,credit_card,3052.35
9443,510,5,2025-10-12 06:16:00,pending,credit_card,109.2
9444,165,36,2025-12-10 22:22:00,completed,pix,1122.47
9445,277,16,2025-04-03 10:27:00,returned,debit_card,3091.06
9446,257,42,2025-02-06 08:15:00,completed,credit_card,844.08
9447,132,41,2025-01-31 01:55:00,completed,credit_card,496.34
9448,992,16,2025-08-03 10:11:00,cancelled,debit_card,2024.96
9449,570,20,2025-10-06 19:59:00,completed,credit_card,1084.45
9450,257,30,2025-12-16 05:10:00,completed,debit_card,1646.18
9451,141,26,2025-02-04 06:14:00,completed,credit_card,2873.64
9452,686,49,2025-05-10 20:04:00,completed,debit_card,1832.03
9453,687,31,2025-05-14 12:28:00,completed,credit_card,1815.3
9454,209,50,2025-01-28 14:06:00,completed,credit_card,988.08
9455,716,15,2025-12-09 19:37:00,completed,credit_card,2779.17
9456,519,41,2025-05-24 15:03:00,pending,boleto,2594.55
9457,51,38,2025-04-23 17:25:00,completed,boleto,834.74
9458,503,38,2025-05-09 12:06:00,completed,credit_card,1133.62
9459,259,43,2025-10-12 19:41:00,completed,boleto,2764.43
9460,178,20,2025-07-20 19:29:00,completed,debit_card,1264.86
9461,922,35,2025-10-17 09:49:00,completed,boleto,1424.39
9462,543,23,2025-12-27 09:42:00,completed,pix,1288.15
9463,356,44,2025-07-16 15:02:00,completed,pix,582.48
9464,318,47,2025-08-13 13:52:00,completed,credit_card,1206.32
9465,666,39,2025-07-18 01:21:00,cancelled,boleto,2814.21
9466,963,25,2025-05-30 02:00:00,cancelled,pix,1728.94
9467,364,50,2025-05-21 01:43:00,completed,credit_card,1614.6
9468,55,22,2025-09-07 10:15:00,completed,pix,564.1
9469,156,47,2025-12-25 03:28:00,completed,credit_card,637.94
9470,44,8,2025-02-16 15:33:00,completed,pix,169.47
9471,593,9,2025-01-27 21:34:00,completed,pix,68.57
9472,678,15,2025-11-14 15:11:00,returned,boleto,1718.29
9473,542,48,2025-06-12 12:46:00,completed,credit_card,1444.13
9474,322,20,2025-05-16 07:35:00,returned,pix,978.31
9475,648,35,2025-09-05 10:58:00,completed,credit_card,3465.36
9476,14,37,2025-06-01 11:26:00,completed,boleto,1405.03
9477,357,3,2025-11-05 12:18:00,completed,pix,2765.19
9478,483,34,2025-04-08 01:01:00,pending,debit_card,752.7
9479,618,34,2025-10-14 04:46:00,completed,debit_card,879.7
9480,359,36,2025-02-09 13:19:00,completed,debit_card,1998.0
9481,318,35,2025-03-28 14:36:00,completed,credit_card,34.02
9482,75,9,2025-09-24 05:13:00,pending,boleto,80.64
9483,959,30,2025-01-07 21:07:00,pending,credit_card,514.92
9484,591,26,2025-11-10 06:15:00,completed,credit_card,796.46
9485,194,12,2025-11-15 13:15:00,completed,debit_card,1856.92
9486,997,24,2025-07-07 05:49:00,returned,boleto,2408.08
9487,363,41,2025-08-05 10:31:00,cancelled,pix,1105.34
9488,96,19,2025-06-09 11:12:00,completed,credit_card,851.97
9489,40,44,2025-03-05 04:45:00,cancelled,debit_card,2883.38
9490,768,16,2025-07-21 08:23:00,completed,credit_card,586.46
9491,397,26,2025-10-06 05:42:00,completed,credit_card,2380.58
9492,107,23,2025-05-07 01:32:00,completed,boleto,3261.03
9493,17,33,2025-09-05 21:21:00,completed,pix,828.09
9494,527,42,2025-08-11 12:04:00,cancelled,credit_card,322.64
9495,929,30,2025-04-12 08:29:00,completed,credit_card,3429.56
9496,784,23,2025-06-30 07:53:00,completed,pix,962.29
9497,499,10,2025-10-18 05:39:00,cancelled,boleto,979.31
9498,525,36,2025-07-11 00:47:00,pending,credit_card,1703.53
9499,759,31,2025-10-08 05:22:00,completed,boleto,824.08
9500,726,43,2025-04-27 13:36:00,completed,boleto,3475.2
9501,663,22,2025-12-22 10:44:00,pending,credit_card,169.52
9502,804,43,2025-09-24 08:25:00,completed,pix,1591.13
9503,43,43,2025-06-03 12:59:00,pending,credit_card,1928.25
9504,946,38,2025-10-21 21:10:00,completed,credit_card,1644.99
9505,626,47,2025-01-20 00:11:00,completed,debit_card,1831.42
9506,842,2,2025-03-10 13:46:00,cancelled,pix,3456.78
9507,593,23,2025-07-19 21:51:00,cancelled,debit_card,3071.62
9508,350,35,2025-02-14 10:09:00,completed,pix,1093.38
9509,653,37,2025-10-20 18:24:00,completed,credit_card,1939.14
9510,30,32,2025-04-26 07:36:00,cancelled,boleto,21.08
9511,441,43,2025-05-17 07:40:00,completed,debit_card,1445.3
9512,542,12,2025-12-04 00:35:00,completed,debit_card,590.28
9513,455,35,2025-06-11 01:44:00,completed,debit_card,2495.53
9514,778,41,2025-02-09 10:30:00,completed,debit_card,789.39
9515,611,3,2025-02-12 21:39:00,completed,pix,2626.16
9516,962,34,2025-03-15 20:51:00,completed,boleto,1109.8
9517,94,38,2025-07-27 12:16:00,completed,boleto,3241.88
9518,723,24,2025-08-19 00:53:00,returned,credit_card,1570.05
9519,295,38,2025-01-25 00:33:00,returned,credit_card,2941.52
9520,549,17,2025-10-10 15:22:00,returned,debit_card,2206.02
9521,899,40,2025-12-05 08:52:00,cancelled,credit_card,3421.35
9522,89,1,2025-12-09 03:36:00,completed,credit_card,2604.68
9523,930,8,2025-05-14 10:16:00,completed,pix,2552.41
9524,503,15,2025-06-01 07:12:00,completed,credit_card,941.73
9525,767,50,2025-08-30 04:04:00,completed,credit_card,1776.91
9526,214,45,2025-08-21 23:40:00,completed,credit_card,1029.6
9527,422,25,2025-01-17 12:54:00,completed,boleto,87.14
9528,526,8,2025-04-18 18:01:00,returned,boleto,2492.84
9529,192,32,2025-11-08 20:07:00,completed,credit_card,840.71
9530,807,50,2025-02-26 17:13:00,completed,debit_card,1402.69
9531,694,13,2025-03-02 06:36:00,completed,boleto,1010.54
9532,642,46,2025-01-26 07:56:00,completed,pix,714.73
9533,224,15,2025-07-31 09:42:00,returned,pix,253.58
9534,555,6,2025-05-04 15:46:00,completed,pix,1195.86
9535,693,33,2025-03-29 16:19:00,completed,credit_card,304.47
9536,387,7,2025-10-08 16:21:00,returned,debit_card,1900.31
9537,681,33,2025-09-08 13:43:00,completed,pix,88.29
9538,776,47,2025-05-05 13:17:00,completed,debit_card,3291.27
9539,474,29,2025-05-10 13:31:00,completed,pix,3383.33
9540,608,38,2025-04-19 13:08:00,pending,debit_card,1080.2
9541,203,37,2025-03-28 07:23:00,completed,credit_card,925.48
9542,447,44,2025-11-04 17:08:00,cancelled,credit_card,383.33
9543,833,32,2025-06-10 01:01:00,returned,pix,3169.12
9544,847,3,2025-05-29 18:02:00,completed,pix,2062.29
9545,900,20,2025-04-09 19:38:00,completed,boleto,2143.23
9546,68,14,2025-06-20 20:27:00,cancelled,pix,3137.58
9547,92,28,2025-01-26 18:37:00,completed,boleto,3189.54
9548,778,38,2025-04-01 06:20:00,returned,boleto,2902.63
9549,843,4,2025-05-26 19:04:00,completed,credit_card,2711.58
9550,178,15,2025-05-11 19:09:00,completed,credit_card,3072.8
9551,663,17,2025-11-11 11:09:00,completed,boleto,3068.38
9552,829,37,2025-02-01 13:32:00,completed,pix,1302.88
9553,559,24,2025-05-06 19:21:00,completed,boleto,3407.4
9554,3,38,2025-01-05 14:54:00,pending,pix,2487.78
9555,999,42,2025-05-11 00:13:00,completed,credit_card,1308.33
9556,103,41,2025-03-27 15:19:00,pending,pix,1558.33
9557,273,36,2025-06-02 02:15:00,completed,boleto,2411.22
9558,534,41,2025-11-17 05:10:00,completed,pix,1276.62
9559,116,8,2025-10-06 00:55:00,pending,boleto,2896.42
9560,859,3,2025-04-24 08:23:00,returned,pix,535.26
9561,912,30,2025-04-02 09:10:00,cancelled,boleto,3178.43
9562,464,22,2025-07-13 14:36:00,cancelled,credit_card,1068.17
9563,104,33,2025-11-24 13:17:00,completed,boleto,551.44
9564,259,25,2025-06-20 13:35:00,cancelled,credit_card,3005.92
9565,308,30,2025-09-11 05:13:00,completed,boleto,853.33
9566,367,37,2025-06-12 20:57:00,completed,boleto,2955.02
9567,929,3,2025-05-01 10:20:00,completed,debit_card,1051.0
9568,810,4,2025-02-23 11:21:00,cancelled,debit_card,3269.85
9569,642,29,2025-12-22 09:29:00,completed,debit_card,782.39
9570,807,32,2025-02-23 07:17:00,completed,debit_card,262.38
9571,302,23,2025-04-03 15:27:00,completed,pix,3279.13
9572,560,19,2025-11-18 18:08:00,completed,credit_card,596.38
9573,27,15,2025-06-19 16:28:00,cancelled,credit_card,3305.58
9574,508,16,2025-06-05 01:23:00,completed,debit_card,2887.44
9575,527,23,2025-09-14 01:42:00,completed,pix,305.1
9576,775,40,2025-05-28 10:48:00,completed,boleto,1569.07
9577,365,46,2025-10-04 21:59:00,completed,boleto,275.43
9578,953,37,2025-09-06 19:55:00,completed,credit_card,1167.66
9579,298,1,2025-05-18 10:55:00,completed,credit_card,1243.23
9580,777,19,2025-12-29 17:49:00,completed,pix,2106.72
9581,361,37,2025-03-01 11:46:00,completed,boleto,3416.12
9582,646,35,2025-07-06 01:13:00,cancelled,pix,610.78
9583,504,30,2025-02-24 23:59:00,returned,boleto,1165.45
9584,953,17,2025-03-14 09:02:00,completed,debit_card,2063.12
9585,588,39,2025-06-12 10:51:00,completed,debit_card,616.54
9586,30,49,2025-04-26 10:34:00,pending,pix,2493.27
9587,439,26,2025-12-01 10:44:00,completed,credit_card,1424.74
9588,340,13,2025-01-24 05:14:00,completed,pix,3324.51
9589,126,22,2025-01-15 22:56:00,completed,pix,2211.95
9590,596,46,2025-03-14 15:59:00,cancelled,boleto,1283.52
9591,566,23,2025-11-05 01:24:00,completed,boleto,2523.77
9592,366,44,2025-08-06 03:10:00,completed,boleto,2938.87
9593,795,43,2025-04-18 10:51:00,completed,boleto,2805.67
9594,852,33,2025-03-14 16:23:00,completed,credit_card,934.42
9595,443,27,2025-09-26 07:37:00,completed,credit_card,1471.1
9596,263,35,2025-01-17 00:48:00,completed,debit_card,1593.58
9597,936,12,2025-02-17 13:04:00,cancelled,pix,1371.57
9598,872,9,2025-07-21 14:48:00,completed,debit_card,1101.81
9599,222,34,2025-04-15 23:31:00,completed,boleto,2639.56
9600,840,14,2025-01-27 04:59:00,completed,pix,62.54
9601,2,37,2025-04-07 20:21:00,completed,boleto,1041.53
9602,910,3,2025-01-13 01:12:00,returned,pix,512.83
9603,394,44,2025-03-30 01:08:00,completed,credit_card,468.12
9604,306,44,2025-10-15 18:04:00,completed,boleto,983.82
9605,146,21,2025-09-05 12:23:00,completed,pix,2672.29
9606,530,7,2025-03-07 13:50:00,completed,pix,3393.59
9607,528,33,2025-11-09 17:30:00,returned,boleto,1810.87
9608,308,35,2025-03-21 23:18:00,completed,credit_card,1199.62
9609,965,11,2025-06-02 11:49:00,completed,credit_card,2905.51
9610,948,45,2025-05-17 08:34:00,completed,credit_card,253.52
9611,671,32,2025-07-09 03:50:00,pending,pix,344.22
9612,997,22,2025-06-17 22:51:00,completed,credit_card,1221.87
9613,340,42,2025-02-11 05:55:00,completed,pix,1580.46
9614,919,19,2025-10-22 03:16:00,completed,debit_card,2796.48
9615,352,36,2025-08-05 23:24:00,cancelled,credit_card,3239.92
9616,810,37,2025-10-03 05:02:00,completed,boleto,1868.84
9617,209,11,2025-06-04 06:23:00,completed,boleto,1744.84
9618,958,41,2025-10-06 05:03:00,completed,boleto,761.28
9619,205,13,2025-01-18 07:35:00,completed,boleto,1590.11
9620,625,28,2025-12-14 09:09:00,completed,debit_card,3234.28
9621,690,49,2025-01-24 16:31:00,completed,debit_card,1387.29
9622,973,15,2025-05-24 14:09:00,completed,credit_card,753.18
9623,721,13,2025-12-01 22:53:00,completed,credit_card,1193.79
9624,636,43,2025-12-07 23:49:00,completed,boleto,1810.79
9625,15,33,2025-06-01 09:28:00,completed,boleto,2103.08
9626,858,8,2025-01-29 04:05:00,completed,boleto,1524.86
9627,428,32,2025-01-14 09:23:00,cancelled,pix,2659.71
9628,476,37,2025-06-10 16:02:00,completed,credit_card,2053.9
9629,298,48,2025-02-25 05:52:00,completed,boleto,2334.37
9630,557,4,2025-01-27 13:13:00,cancelled,boleto,3022.96
9631,94,18,2025-12-29 02:10:00,completed,boleto,3032.6
9632,107,23,2025-07-17 19:19:00,completed,debit_card,728.21
9633,419,29,2025-05-01 16:46:00,completed,debit_card,2189.24
9634,278,2,2025-08-27 11:21:00,completed,debit_card,2513.91
9635,128,13,2025-08-01 07:58:00,completed,pix,527.57
9636,970,16,2025-01-01 16:50:00,completed,pix,2952.84
9637,459,8,2025-06-19 15:40:00,completed,credit_card,648.04
9638,38,19,2025-12-17 16:42:00,pending,boleto,2801.49
9639,609,32,2025-04-15 19:33:00,completed,credit_card,581.9
9640,198,3,2025-10-17 19:41:00,completed,credit_card,2601.39
9641,704,49,2025-02-14 19:12:00,returned,debit_card,535.55
9642,357,32,2025-03-10 01:46:00,completed,boleto,1338.33
9643,7,41,2025-02-22 12:56:00,pending,debit_card,519.44
9644,556,21,2025-09-07 21:10:00,completed,debit_card,962.09
9645,332,25,2025-05-02 16:10:00,completed,boleto,3446.11
9646,519,17,2025-05-09 02:52:00,returned,credit_card,394.71
9647,194,25,2025-07-12 19:13:00,completed,credit_card,1434.5
9648,316,33,2025-02-11 12:29:00,completed,debit_card,2375.68
9649,1,31,2025-08-05 13:27:00,completed,boleto,349.2
9650,62,36,2025-11-30 19:42:00,completed,credit_card,399.43
9651,343,23,2025-02-23 05:05:00,completed,pix,518.55
9652,601,47,2025-12-29 04:44:00,completed,credit_card,2264.55
9653,18,44,2025-04-28 11:22:00,completed,boleto,3184.49
9654,620,25,2025-10-02 20:11:00,completed,boleto,2894.44
9655,647,49,2025-03-30 18:38:00,completed,boleto,3441.03
9656,371,44,2025-09-19 05:09:00,completed,debit_card,2031.92
9657,822,48,2025-06-18 17:01:00,completed,credit_card,3365.94
9658,579,30,2025-08-25 17:47:00,completed,pix,1081.17
9659,605,13,2025-09-17 03:27:00,completed,debit_card,1486.84
9660,650,43,2025-02-22 16:02:00,pending,credit_card,1398.22
9661,701,47,2025-01-02 19:09:00,completed,boleto,184.8
9662,571,29,2025-09-26 20:47:00,completed,credit_card,2907.37
9663,699,16,2025-10-26 19:34:00,pending,boleto,106.02
9664,235,38,2025-06-10 20:17:00,completed,boleto,2559.97
9665,69,27,2025-02-08 03:18:00,completed,credit_card,1436.59
9666,447,26,2025-01-06 08:31:00,completed,credit_card,41.74
9667,610,11,2025-06-01 08:52:00,completed,pix,1029.02
9668,8,47,2025-08-12 07:34:00,completed,credit_card,1224.52
9669,462,37,2025-06-09 22:34:00,returned,credit_card,3377.16
9670,1000,3,2025-06-29 20:29:00,completed,debit_card,2320.56
9671,311,26,2025-08-19 07:59:00,completed,boleto,1911.63
9672,134,34,2025-03-26 05:55:00,cancelled,boleto,462.14
9673,385,33,2025-09-17 21:35:00,completed,pix,1381.04
9674,56,15,2025-07-31 00:34:00,completed,debit_card,144.46
9675,993,2,2025-11-27 03:04:00,completed,pix,2670.67
9676,360,28,2025-03-27 14:12:00,completed,credit_card,586.46
9677,971,20,2025-04-06 03:42:00,pending,pix,2088.64
9678,114,38,2025-05-23 01:43:00,completed,boleto,2453.88
9679,88,44,2025-05-16 18:27:00,cancelled,debit_card,1295.45
9680,138,16,2025-02-14 09:44:00,completed,credit_card,2221.42
9681,108,46,2025-11-20 09:58:00,cancelled,debit_card,2679.53
9682,500,4,2025-03-16 14:37:00,completed,debit_card,660.75
9683,535,8,2025-03-30 01:14:00,cancelled,pix,2110.99
9684,144,44,2025-08-21 03:07:00,completed,credit_card,2573.91
9685,869,46,2025-07-17 22:24:00,pending,debit_card,1262.53
9686,656,20,2025-10-30 01:29:00,completed,debit_card,585.47
9687,56,26,2025-02-06 22:45:00,completed,pix,1015.68
9688,620,32,2025-03-16 06:28:00,completed,debit_card,3267.1
9689,863,13,2025-08-12 13:54:00,completed,boleto,1263.92
9690,6,5,2025-09-18 13:53:00,completed,boleto,394.8
9691,542,44,2025-08-19 02:16:00,completed,credit_card,307.89
9692,447,42,2025-06-01 17:20:00,completed,credit_card,648.12
9693,997,13,2025-12-25 07:45:00,pending,pix,463.74
9694,385,41,2025-10-12 06:35:00,completed,debit_card,1742.75
9695,307,11,2025-03-31 05:54:00,completed,pix,1229.48
9696,874,37,2025-01-04 11:03:00,completed,pix,2948.09
9697,857,32,2025-05-16 19:12:00,completed,boleto,3086.15
9698,639,45,2025-08-05 02:13:00,returned,debit_card,1667.01
9699,302,42,2025-04-27 12:46:00,completed,boleto,3112.07
9700,633,18,2025-05-25 02:46:00,completed,boleto,1587.61
9701,405,29,2025-06-15 23:46:00,completed,credit_card,2254.03
9702,611,15,2025-02-16 09:06:00,completed,pix,585.62
9703,678,20,2025-07-05 08:22:00,completed,boleto,202.99
9704,837,44,2025-09-11 08:11:00,completed,credit_card,577.1
9705,831,36,2025-11-17 01:55:00,completed,credit_card,896.42
9706,753,5,2025-09-09 14:21:00,completed,debit_card,2633.42
9707,562,40,2025-02-27 09:53:00,completed,debit_card,623.8
9708,780,37,2025-09-07 20:23:00,completed,boleto,474.68
9709,837,33,2025-04-17 04:24:00,completed,credit_card,3248.08
9710,510,18,2025-06-29 22:31:00,returned,credit_card,2417.03
9711,73,19,2025-11-05 06:01:00,returned,credit_card,1667.1
9712,812,32,2025-06-20 02:24:00,cancelled,pix,350.49
9713,564,42,2025-10-30 03:18:00,pending,credit_card,2984.23
9714,265,22,2025-07-15 17:52:00,completed,pix,396.74
9715,227,41,2025-10-28 17:53:00,completed,debit_card,2146.44
9716,193,1,2025-10-20 15:19:00,completed,boleto,2343.51
9717,374,25,2025-12-01 09:37:00,completed,debit_card,1412.48
9718,751,20,2025-10-14 05:16:00,cancelled,boleto,3191.03
9719,10,35,2025-10-04 17:36:00,completed,credit_card,196.44
9720,302,45,2025-03-13 05:08:00,completed,boleto,2867.05
9721,359,6,2025-10-02 13:40:00,completed,boleto,1947.2
9722,740,6,2025-09-24 06:33:00,completed,debit_card,2146.99
9723,954,50,2025-12-04 11:00:00,completed,boleto,3454.15
9724,805,37,2025-09-29 16:12:00,completed,credit_card,2047.61
9725,52,49,2025-08-26 08:08:00,returned,pix,2793.66
9726,752,3,2025-08-09 07:14:00,completed,credit_card,554.29
9727,99,37,2025-10-16 16:52:00,completed,boleto,2836.33
9728,593,31,2025-05-01 13:22:00,completed,debit_card,2668.53
9729,13,35,2025-03-14 09:53:00,completed,credit_card,3389.02
9730,390,45,2025-06-27 21:56:00,completed,boleto,3276.27
9731,954,15,2025-06-05 07:06:00,completed,debit_card,764.67
9732,357,17,2025-05-27 07:44:00,completed,pix,1637.97
9733,640,15,2025-06-14 06:59:00,completed,debit_card,3191.96
9734,816,5,2025-10-01 15:59:00,completed,boleto,2249.86
9735,928,22,2025-03-02 02:25:00,completed,debit_card,1633.68
9736,11,46,2025-02-07 19:39:00,cancelled,boleto,399.11
9737,81,11,2025-08-17 00:13:00,completed,debit_card,1244.12
9738,261,28,2025-12-26 04:55:00,completed,debit_card,2335.04
9739,6,14,2025-10-06 17:05:00,cancelled,debit_card,2723.66
9740,458,39,2025-03-05 20:34:00,completed,boleto,1576.14
9741,373,3,2025-07-16 15:57:00,completed,debit_card,214.34
9742,481,42,2025-12-11 21:06:00,completed,boleto,2223.44
9743,222,11,2025-04-27 20:36:00,cancelled,credit_card,3227.12
9744,917,30,2025-06-11 09:35:00,pending,pix,1747.51
9745,810,38,2025-09-05 03:33:00,completed,credit_card,3250.92
9746,81,5,2025-11-12 11:58:00,completed,pix,1252.27
9747,923,22,2025-04-07 18:43:00,completed,boleto,3104.55
9748,515,13,2025-07-13 08:29:00,cancelled,credit_card,2756.46
9749,60,44,2025-08-13 19:33:00,completed,pix,3366.86
9750,221,21,2025-01-10 16:24:00,pending,pix,2772.75
9751,962,37,2025-01-02 02:47:00,completed,credit_card,1138.75
9752,349,25,2025-06-30 18:34:00,completed,credit_card,3153.97
9753,561,21,2025-01-03 01:13:00,completed,boleto,2350.66
9754,228,28,2025-12-18 21:41:00,completed,pix,584.0
9755,290,41,2025-07-09 18:58:00,completed,boleto,179.96
9756,293,4,2025-05-24 17:06:00,completed,boleto,1293.14
9757,810,29,2025-07-28 05:17:00,completed,debit_card,2758.29
9758,193,47,2025-07-01 07:32:00,completed,boleto,2171.39
9759,956,35,2025-09-01 23:14:00,pending,pix,1854.4
9760,474,23,2025-10-19 07:48:00,completed,debit_card,32.97
9761,257,7,2025-12-12 08:23:00,completed,boleto,1535.54
9762,955,46,2025-11-22 14:57:00,completed,boleto,568.88
9763,506,46,2025-06-07 04:05:00,completed,pix,1601.89
9764,388,9,2025-07-29 11:15:00,completed,debit_card,3471.36
9765,615,23,2025-01-12 17:45:00,completed,credit_card,3080.8
9766,398,3,2025-01-22 00:33:00,completed,credit_card,1100.99
9767,366,9,2025-03-28 22:31:00,completed,debit_card,2085.41
9768,658,4,2025-09-20 13:20:00,completed,debit_card,1767.29
9769,290,49,2025-04-20 05:46:00,completed,debit_card,472.56
9770,769,25,2025-05-26 19:17:00,returned,debit_card,3464.53
9771,309,6,2025-02-16 04:58:00,completed,credit_card,1499.61
9772,278,48,2025-03-14 14:50:00,completed,boleto,1779.69
9773,464,18,2025-07-01 23:05:00,pending,pix,2273.65
9774,189,45,2025-09-24 03:56:00,cancelled,credit_card,686.57
9775,918,7,2025-05-16 16:32:00,completed,pix,793.35
9776,178,35,2025-03-31 13:53:00,completed,credit_card,690.1
9777,528,31,2025-06-04 22:32:00,completed,debit_card,1357.94
9778,924,38,2025-05-27 22:28:00,completed,credit_card,714.88
9779,988,32,2025-04-13 03:23:00,completed,credit_card,3243.86
9780,375,35,2025-02-28 00:17:00,returned,debit_card,2505.81
9781,598,28,2025-10-27 15:48:00,completed,boleto,3144.47
9782,760,44,2025-04-05 16:02:00,completed,debit_card,2972.72
9783,454,5,2025-06-29 05:56:00,cancelled,boleto,2466.97
9784,217,30,2025-01-23 23:27:00,completed,credit_card,864.76
9785,42,22,2025-02-22 17:52:00,completed,credit_card,2161.31
9786,194,17,2025-01-26 06:08:00,cancelled,pix,668.32
9787,327,10,2025-03-04 23:33:00,cancelled,pix,481.02
9788,373,7,2025-11-12 10:56:00,completed,credit_card,2221.36
9789,465,4,2025-09-20 22:30:00,completed,pix,2193.7
9790,163,42,2025-06-04 07:02:00,completed,boleto,565.05
9791,276,27,2025-04-19 14:45:00,completed,debit_card,1246.45
9792,364,7,2025-04-01 23:36:00,completed,credit_card,250.66
9793,642,23,2025-06-09 03:07:00,completed,credit_card,2510.75
9794,775,11,2025-02-03 09:10:00,pending,pix,3456.48
9795,480,8,2025-10-06 00:17:00,pending,credit_card,2594.87
9796,689,8,2025-11-26 22:45:00,cancelled,credit_card,2957.65
9797,979,37,2025-01-27 03:44:00,completed,boleto,1677.67
9798,460,5,2025-12-19 19:14:00,completed,boleto,352.63
9799,265,7,2025-12-13 03:57:00,cancelled,debit_card,2548.59
9800,539,22,2025-08-05 05:16:00,pending,credit_card,912.69
9801,974,36,2025-02-22 06:36:00,pending,pix,1371.26
9802,386,2,2025-02-15 07:11:00,returned,debit_card,2466.79
9803,85,24,2025-04-29 03:16:00,cancelled,pix,3168.65
9804,708,2,2025-07-17 03:31:00,completed,credit_card,1712.15
9805,316,48,2025-11-21 02:45:00,completed,pix,3366.39
9806,243,12,2025-10-21 23:45:00,completed,pix,1829.26
9807,469,47,2025-07-02 01:41:00,completed,debit_card,446.34
9808,880,42,2025-03-09 22:47:00,completed,credit_card,1824.15
9809,342,26,2025-02-03 16:23:00,pending,debit_card,3014.98
9810,177,38,2025-12-15 20:56:00,completed,credit_card,1892.4
9811,130,45,2025-07-25 03:05:00,pending,boleto,2622.19
9812,657,6,2025-09-06 19:55:00,completed,debit_card,1926.89
9813,83,23,2025-11-26 09:29:00,completed,credit_card,1920.27
9814,360,2,2025-06-30 12:46:00,cancelled,boleto,1010.97
9815,88,26,2025-02-20 13:52:00,completed,boleto,720.39
9816,532,14,2025-07-16 21:27:00,completed,boleto,990.64
9817,742,18,2025-09-26 08:35:00,completed,debit_card,1554.12
9818,972,38,2025-09-19 06:44:00,cancelled,boleto,2837.37
9819,985,32,2025-09-15 23:53:00,cancelled,credit_card,2904.89
9820,638,14,2025-10-18 21:22:00,returned,debit_card,588.55
9821,471,30,2025-01-31 09:54:00,cancelled,pix,1943.94
9822,498,13,2025-03-31 06:24:00,pending,boleto,1467.78
9823,507,40,2025-01-27 01:55:00,completed,debit_card,2006.86
9824,354,31,2025-11-12 19:48:00,completed,pix,2273.73
9825,416,37,2025-01-28 23:02:00,completed,debit_card,993.05
9826,51,45,2025-10-17 04:32:00,completed,boleto,3218.96
9827,600,38,2025-11-17 08:53:00,pending,boleto,3275.36
9828,682,22,2025-07-23 01:48:00,completed,pix,386.64
9829,63,28,2025-10-22 06:31:00,completed,credit_card,2466.5
9830,89,19,2025-03-03 19:43:00,completed,boleto,135.65
9831,701,43,2025-05-24 18:12:00,completed,pix,182.04
9832,190,16,2025-04-25 10:12:00,completed,boleto,3353.14
9833,899,5,2025-11-28 02:39:00,completed,credit_card,2438.09
9834,601,44,2025-01-29 19:56:00,pending,pix,1149.4
9835,348,49,2025-07-12 20:41:00,completed,credit_card,2351.17
9836,844,2,2025-06-27 12:23:00,returned,boleto,2963.51
9837,538,10,2025-03-05 06:24:00,completed,pix,3050.74
9838,176,47,2025-09-19 11:56:00,completed,debit_card,91.41
9839,364,19,2025-09-03 18:04:00,completed,credit_card,2867.43
9840,776,20,2025-10-15 19:32:00,completed,boleto,2989.15
9841,901,29,2025-08-17 07:44:00,completed,boleto,2092.58
9842,907,25,2025-03-31 22:36:00,completed,credit_card,1690.07
9843,554,17,2025-05-01 10:41:00,completed,pix,406.28
9844,483,13,2025-03-02 10:07:00,cancelled,debit_card,853.86
9845,987,45,2025-02-03 03:28:00,completed,boleto,1726.89
9846,119,16,2025-12-21 03:18:00,completed,credit_card,3030.48
9847,169,35,2025-01-07 08:25:00,completed,credit_card,2814.91
9848,620,36,2025-01-13 15:46:00,completed,debit_card,1745.83
9849,998,39,2025-07-03 23:46:00,completed,debit_card,2753.98
9850,147,3,2025-02-14 03:20:00,cancelled,boleto,2684.75
9851,688,9,2025-02-09 19:53:00,completed,debit_card,2034.97
9852,437,40,2025-06-20 15:41:00,returned,credit_card,786.73
9853,439,50,2025-09-25 11:05:00,completed,pix,1231.05
9854,888,46,2025-11-13 05:02:00,completed,pix,590.94
9855,189,29,2025-02-05 21:52:00,returned,credit_card,44.88
9856,160,5,2025-11-06 07:25:00,completed,credit_card,300.23
9857,814,3,2025-08-18 11:09:00,pending,credit_card,2663.5
9858,860,10,2025-03-22 01:18:00,completed,boleto,136.53
9859,932,31,2025-12-20 15:52:00,completed,credit_card,1411.49
9860,402,11,2025-04-25 17:21:00,completed,debit_card,3450.52
9861,586,17,2025-11-14 04:50:00,cancelled,credit_card,2787.43
9862,864,40,2025-07-03 11:28:00,completed,credit_card,2632.15
9863,18,41,2025-05-07 19:59:00,completed,boleto,975.99
9864,140,8,2025-03-23 16:39:00,returned,credit_card,2253.22
9865,115,2,2025-07-22 21:15:00,completed,debit_card,1755.52
9866,328,4,2025-08-20 10:56:00,completed,debit_card,2190.91
9867,225,16,2025-01-08 14:40:00,returned,debit_card,1536.64
9868,558,41,2025-12-05 00:24:00,completed,credit_card,1867.75
9869,439,41,2025-03-26 13:49:00,completed,boleto,3459.62
9870,550,21,2025-08-11 23:04:00,cancelled,boleto,1166.01
9871,718,5,2025-10-11 17:00:00,completed,boleto,773.26
9872,386,35,2025-03-27 09:54:00,completed,debit_card,1580.76
9873,521,14,2025-07-24 16:52:00,completed,boleto,1844.64
9874,253,15,2025-11-18 23:55:00,completed,credit_card,317.99
9875,620,6,2025-08-31 08:45:00,completed,credit_card,2824.78
9876,901,16,2025-01-20 09:49:00,completed,pix,1488.74
9877,98,23,2025-04-17 20:53:00,completed,debit_card,1457.89
9878,787,31,2025-05-21 18:04:00,completed,pix,2312.76
9879,71,42,2025-08-22 02:41:00,completed,pix,2710.89
9880,551,46,2025-10-11 16:39:00,completed,debit_card,3451.07
9881,810,12,2025-09-20 14:27:00,completed,debit_card,623.85
9882,913,41,2025-05-28 23:05:00,completed,pix,1222.53
9883,447,19,2025-10-09 14:39:00,completed,credit_card,605.54
9884,90,12,2025-02-26 00:24:00,completed,pix,3085.38
9885,430,45,2025-10-13 18:16:00,completed,debit_card,1928.76
9886,219,13,2025-01-28 09:07:00,completed,credit_card,2986.49
9887,107,49,2025-03-09 11:40:00,completed,pix,3448.58
9888,476,2,2025-02-24 03:12:00,completed,pix,1934.72
9889,916,20,2025-02-15 20:46:00,completed,pix,431.17
9890,454,31,2025-03-16 05:58:00,completed,debit_card,1277.21
9891,904,9,2025-08-17 21:06:00,returned,pix,145.94
9892,608,21,2025-11-12 21:27:00,completed,debit_card,2975.57
9893,915,8,2025-02-18 18:46:00,completed,credit_card,82.25
9894,544,39,2025-08-28 11:44:00,pending,boleto,2080.8
9895,126,37,2025-11-08 09:51:00,completed,credit_card,389.34
9896,147,29,2025-10-05 07:25:00,pending,pix,46.3
9897,280,19,2025-06-16 04:05:00,returned,debit_card,911.4
9898,24,35,2025-08-12 13:01:00,completed,pix,1940.45
9899,952,45,2025-07-02 21:42:00,cancelled,credit_card,281.31
9900,721,38,2025-01-11 11:04:00,completed,boleto,2159.81
9901,120,26,2025-04-23 15:07:00,completed,boleto,2358.53
9902,786,11,2025-01-31 17:38:00,completed,debit_card,3394.55
9903,652,36,2025-08-24 16:43:00,completed,credit_card,3150.39
9904,297,35,2025-09-07 02:40:00,completed,credit_card,1992.43
9905,855,4,2025-04-24 06:38:00,completed,debit_card,2780.91
9906,944,3,2025-05-21 07:29:00,pending,debit_card,1285.47
9907,82,45,2025-11-23 17:11:00,completed,debit_card,2058.28
9908,448,47,2025-01-04 17:57:00,completed,pix,1423.67
9909,912,12,2025-04-17 11:05:00,completed,pix,1192.91
9910,720,32,2025-11-27 22:32:00,completed,debit_card,2552.19
9911,996,47,2025-08-12 22:12:00,completed,debit_card,1052.41
9912,919,26,2025-05-20 10:38:00,pending,boleto,1344.32
9913,470,43,2025-11-13 23:15:00,completed,boleto,1297.76
9914,423,43,2025-12-11 20:14:00,completed,pix,3049.0
9915,545,13,2025-12-31 20:58:00,completed,boleto,613.01
9916,24,44,2025-09-16 14:24:00,completed,debit_card,1347.54
9917,61,38,2025-02-13 08:08:00,completed,credit_card,3109.79
9918,823,29,2025-02-05 23:06:00,completed,debit_card,73.26
9919,701,19,2025-01-14 07:18:00,completed,boleto,3318.58
9920,84,35,2025-03-03 04:34:00,completed,pix,3148.17
9921,225,48,2025-12-29 01:18:00,cancelled,debit_card,1474.11
9922,991,41,2025-06-16 01:39:00,pending,debit_card,2292.53
9923,680,27,2025-08-13 02:46:00,completed,boleto,3468.91
9924,186,46,2025-03-27 03:23:00,cancelled,credit_card,1951.22
9925,375,31,2025-10-16 03:21:00,cancelled,debit_card,357.21
9926,72,3,2025-12-12 17:01:00,completed,pix,2990.67
9927,74,35,2025-09-30 21:09:00,completed,pix,486.85
9928,897,24,2025-05-03 00:45:00,completed,credit_card,915.31
9929,341,7,2025-11-20 23:48:00,completed,boleto,3059.83
9930,153,35,2025-08-21 14:23:00,completed,credit_card,910.98
9931,96,21,2025-08-14 05:29:00,completed,pix,2612.9
9932,565,1,2025-11-24 10:49:00,completed,debit_card,1577.9
9933,445,44,2025-07-30 21:22:00,completed,pix,2663.93
9934,686,6,2025-12-13 11:05:00,completed,credit_card,828.59
9935,110,39,2025-05-27 20:30:00,completed,pix,1480.09
9936,458,34,2025-10-29 16:48:00,completed,boleto,1127.2
9937,828,18,2025-03-25 08:26:00,completed,credit_card,886.67
9938,51,25,2025-06-12 16:17:00,completed,pix,1114.22
9939,377,15,2025-02-06 21:06:00,pending,debit_card,1144.01
9940,765,47,2025-02-26 09:47:00,completed,debit_card,3344.72
9941,73,32,2025-11-06 22:15:00,completed,credit_card,1875.64
9942,212,42,2025-02-27 23:10:00,completed,debit_card,1627.94
9943,432,49,2025-04-06 23:33:00,completed,credit_card,1771.55
9944,724,50,2025-02-01 21:50:00,completed,debit_card,3486.54
9945,763,18,2025-07-13 07:29:00,completed,pix,2294.49
9946,168,31,2025-12-09 16:26:00,completed,debit_card,2468.13
9947,775,29,2025-07-24 22:23:00,completed,pix,1111.4
9948,331,15,2025-02-25 08:31:00,completed,credit_card,1660.95
9949,981,23,2025-04-09 00:03:00,completed,debit_card,660.55
9950,742,38,2025-05-21 15:00:00,cancelled,boleto,2404.46
9951,751,41,2025-07-04 10:33:00,completed,boleto,1218.84
9952,787,11,2025-09-12 09:57:00,completed,boleto,2624.04
9953,494,15,2025-03-09 09:49:00,completed,debit_card,761.8
9954,143,23,2025-06-12 05:17:00,cancelled,pix,1424.19
9955,582,3,2025-09-12 20:31:00,completed,credit_card,1659.72
9956,445,19,2025-01-13 02:12:00,completed,debit_card,599.51
9957,824,1,2025-09-16 10:54:00,completed,credit_card,262.18
9958,394,24,2025-07-05 23:20:00,completed,credit_card,1123.4
9959,512,49,2025-04-08 05:59:00,completed,debit_card,1916.22
9960,686,11,2025-11-29 01:34:00,returned,pix,2291.32
9961,848,30,2025-10-12 00:20:00,completed,boleto,1499.94
9962,621,50,2025-11-05 12:06:00,returned,credit_card,1760.97
9963,715,11,2025-05-19 02:39:00,completed,credit_card,1910.31
9964,697,39,2025-04-15 13:55:00,cancelled,debit_card,1801.45
9965,803,1,2025-02-04 13:17:00,completed,credit_card,334.34
9966,328,12,2025-06-23 22:55:00,completed,debit_card,1429.4
9967,604,4,2025-09-29 11:09:00,completed,credit_card,731.07
9968,259,25,2025-05-28 20:36:00,completed,pix,1877.4
9969,834,8,2025-09-21 04:16:00,completed,pix,2658.11
9970,437,15,2025-04-24 02:27:00,completed,boleto,2036.61
9971,718,43,2025-08-04 16:49:00,completed,boleto,791.94
9972,564,30,2025-11-12 12:05:00,completed,pix,742.99
9973,349,40,2025-03-04 12:27:00,completed,boleto,148.75
9974,693,32,2025-02-05 02:08:00,pending,boleto,1503.81
9975,950,44,2025-07-27 04:54:00,completed,boleto,1526.36
9976,815,35,2025-02-03 12:02:00,completed,pix,842.8
9977,515,21,2025-11-15 19:39:00,completed,boleto,2679.62
9978,449,31,2025-03-21 15:28:00,pending,debit_card,1364.97
9979,399,36,2025-12-08 09:02:00,completed,boleto,2349.52
9980,596,27,2025-01-20 17:10:00,completed,debit_card,2247.44
9981,214,44,2025-02-20 01:42:00,completed,boleto,2124.5
9982,546,8,2025-07-14 03:30:00,completed,debit_card,3180.07
9983,562,23,2025-01-22 08:30:00,completed,boleto,75.3
9984,289,23,2025-07-09 14:16:00,completed,debit_card,256.77
9985,841,42,2025-09-30 05:24:00,completed,boleto,2533.05
9986,259,33,2025-06-10 16:00:00,completed,debit_card,1250.27
9987,258,13,2025-06-06 13:20:00,cancelled,pix,3453.1
9988,388,39,2025-03-06 08:23:00,completed,credit_card,773.12
9989,784,35,2025-05-23 11:16:00,completed,credit_card,658.3
9990,694,16,2025-03-20 08:08:00,completed,pix,2067.01
9991,545,12,2025-03-18 10:51:00,completed,pix,992.4
9992,265,31,2025-02-18 10:50:00,completed,debit_card,1204.92
9993,313,5,2025-05-09 17:45:00,completed,debit_card,3225.16
9994,40,50,2025-02-03 21:58:00,completed,boleto,111.32
9995,998,40,2025-03-10 23:29:00,completed,boleto,1868.78
9996,820,44,2025-12-28 05:06:00,completed,credit_card,1185.45
9997,210,25,2025-10-09 12:53:00,completed,credit_card,1224.05
9998,272,21,2025-03-25 15:04:00,completed,debit_card,882.37
9999,136,3,2025-08-11 08:57:00,completed,debit_card,489.28
10000,599,48,2025-06-19 11:22:00,pending,pix,140.0
101,126,11,2025-12-20 23:33:00,completed,credit_card,803.23
