order_item_id,order_id,product_id,quantity,unit_price,discount
1,7369,182,1,2228.21,0.1632
2,9494,124,2,167.51,0.2153
3,8830,67,2,1005.92,0.1501
4,1264,82,4,2026.17,0.1513
5,919,120,4,1284.21,0.0463
6,4916,56,5,2037.1,0.009
7,681,81,1,427.95,0.0216
8,473,60,5,641.0,0.1528
9,9985,14,3,1006.35,0.1346
10,8033,174,3,2149.98,0.2439
11,7930,16,4,2393.54,0.1132
12,4325,115,3,156.12,0.2797
13,5959,27,2,2351.86,0.1009
14,3471,165,3,1750.05,0.1669
15,7371,61,5,1217.37,0.2016
16,9900,118,1,620.84,0.2306
17,4145,148,4,720.28,0.1961
18,4823,25,1,1665.56,0.0377
19,5809,178,4,1059.79,0.2061
20,3012,58,3,92.88,0.0003
21,1098,78,3,2415.73,0.1008
22,9642,165,4,1669.32,0.1436
23,7552,133,1,1975.83,0.1237
24,8970,54,2,1613.31,0.079
25,9525,37,4,1789.0,0.2577
26,1450,74,0,112.46,0.2979
27,5451,10,5,982.16,0.198
28,2900,9,4,2339.48,0.0372
29,4504,78,4,2393.04,0.0559
30,4167,33,2,2300.05,0.0011
31,5564,152,2,2496.92,0.1101
32,1461,70,3,190.15,0.246
33,5382,57,1,173.35,0.0705
34,9573,26,3,2332.95,0.1212
35,9521,167,3,90.57,0.285
36,7711,172,2,2214.75,0.1593
37,6299,64,4,2191.32,0.282
38,9332,176,4,1359.93,0.015
39,7093,195,2,2202.7,0.2022
40,3123,48,4,1724.14,0.0393
41,1096,40,1,441.25,0.0088
42,9856,174,5,2112.6,0.0794
43,5032,96,4,1011.56,0.0058
44,9383,3,4,554.89,0.0481
45,3142,142,3,2443.22,0.0603
46,5088,4,2,1716.63,0.299
47,5118,140,4,475.35,0.0178
48,9379,118,2,2178.19,0.2852
49,9791,151,3,2064.48,0.1151
50,3359,131,1,271.12,0.1628
51,6058,3,5,329.88,0.0101
52,5464,125,1,570.99,0.0016
53,8898,42,5,2250.88,0.0734
54,3881,147,1,1817.18,0.2061
55,2890,156,5,2255.23,0.2082
56,9722,38,1,2114.26,0.1756
57,7922,117,2,1339.33,0.139
58,7639,137,5,141.59,0.0721
59,7457,184,2,1806.39,0.2512
60,1849,110,3,1548.17,0.172
61,3577,145,4,592.05,0.1031
62,9739,135,3,2312.21,0.0444
63,3802,200,3,1722.14,0.1978
64,5870,101,5,2009.09,0.0586
65,345,116,5,1943.64,0.1571
66,2427,119,3,330.53,0.1305
67,4228,54,1,709.82,0.0602
68,1235,28,4,1907.06,0.2339
69,4813,128,2,1465.18,0.1375
70,9811,194,2,325.42,0.0076
71,4173,156,1,1067.1,0.151
72,9356,25,4,609.34,0.062
73,5029,91,1,1872.07,0.2979
74,8946,99,2,356.98,0.1942
75,1591,177,1,1538.71,0.029
76,4568,176,5,84.81,0.1514
77,3090,124,2,1732.09,0.1186
78,4352,175,5,237.07,0.1778
79,4455,62,4,334.58,0.1979
80,6196,161,5,1206.32,0.1361
81,6867,170,1,41.66,0.1917
82,5859,87,4,2445.46,0.0863
83,4129,27,3,686.78,0.0111
84,9544,124,4,26.85,0.0167
85,436,8,3,2162.72,0.2557
86,7141,190,3,180.5,0.1024
87,3491,116,4,2187.93,0.283
88,4945,166,3,1999.86,0.1418
89,2861,115,5,315.79,0.2529
90,6724,4,5,296.03,0.0412
91,1074,54,4,1859.98,0.2574
92,8862,176,3,1966.2,0.2815
93,5318,197,1,948.81,0.2863
94,8655,144,4,2192.9,0.0901
95,377,61,3,508.11,0.2157
96,2594,146,3,1532.82,0.0187
97,436,109,3,1047.25,0.0868
98,9213,173,1,844.14,0.0991
99,8916,18,5,1350.79,0.2127
100,5392,136,2,767.37,0.0965
101,2940,29,1,568.73,0.0199
102,7744,149,2,1358.17,0.1403
103,8183,54,5,1325.69,0.09
104,3624,91,3,2029.01,0.2314
105,2208,47,2,1631.79,0.1545
106,5496,194,2,846.46,0.0924
107,4216,68,1,1723.57,0.0164
108,6492,176,5,304.84,0.0653
109,2094,80,4,466.12,0.051
110,2517,89,2,1471.89,0.1046
111,2670,151,1,1398.84,0.011
112,5491,17,3,1332.57,0.0126
113,5100,61,5,1591.01,0.2744
114,1145,180,3,398.33,0.2676
115,3009,42,3,2006.1,0.213
116,1313,111,4,2190.44,0.2163
117,3630,51,2,1309.87,0.0235
118,7506,129,4,1716.81,0.0444
119,6525,149,1,2051.89,0.0841
120,7556,185,4,1630.93,0.1501
121,8050,36,1,1094.68,0.2544
122,9220,2,2,1712.81,0.2952
123,1937,23,2,2327.92,0.2337
124,4848,188,4,727.09,0.0459
125,1616,187,3,2006.02,0.2695
126,4297,194,4,2493.48,1.5
127,6106,43,5,1910.77,0.0266
128,8391,187,2,787.13,0.1021
129,2121,107,5,318.48,0.2411
130,9143,73,5,1368.15,0.2617
131,2736,90,5,303.97,0.2245
132,9952,120,3,1162.2,0.1444
133,9649,164,2,851.69,0.2988
134,407,60,2,1197.23,0.0007
135,8987,132,2,797.39,0.0318
136,1117,21,4,2114.56,0.1383
137,5784,97,1,1101.11,0.2128
138,1104,119,2,275.57,0.0081
139,6352,100,3,1619.72,0.1285
140,4188,97,3,1949.33,0.0754
141,2580,4,1,1070.44,0.1681
142,2131,132,4,1519.99,0.0942
143,4867,161,3,1123.7,0.1961
144,3943,142,1,514.48,0.0441
145,4280,137,3,1498.55,0.228
146,2713,88,1,1757.68,0.1637
147,365,64,3,634.26,0.2255
148,8388,190,4,1778.56,0.1466
149,5504,89,4,2152.02,0.114
150,3655,135,3,2294.01,0.0712
151,4600,5,3,443.73,0.2657
152,5417,110,5,430.86,0.131
153,1986,13,2,2175.05,0.1427
154,2568,130,4,1716.35,0.1581
155,4341,84,3,337.56,0.1559
156,6309,140,2,1245.38,0.1761
157,8154,117,3,1903.04,0.0404
158,4380,91,2,509.75,0.2501
159,1912,7,2,2277.35,0.1033
160,711,162,4,2166.9,0.0457
161,4091,149,5,1490.01,0.0515
162,5244,188,1,1947.68,0.1084
163,1591,82,3,384.64,0.0774
164,1341,138,2,631.66,0.2504
165,822,166,5,1939.17,0.2637
166,1617,186,2,1119.28,0.2136
167,753,56,3,464.83,0.2435
168,7038,172,1,735.91,0.0039
169,6935,115,4,1561.19,0.0257
170,7986,192,1,117.1,0.243
171,8523,148,4,383.45,0.141
172,3044,50,2,518.32,0.282
173,7372,54,5,2220.37,0.2548
174,8024,174,4,2220.91,0.1014
175,8859,40,2,542.95,0.0962
176,3387,152,3,1501.5,0.2648
177,6409,85,3,910.05,0.1305
178,7457,108,5,140.11,0.1347
179,4678,58,5,396.3,0.1604
180,8883,31,3,28.14,0.23
181,1704,118,3,2460.81,0.1087
182,3078,178,4,1629.58,0.1253
183,6788,138,5,344.55,0.1348
184,2338,84,3,1837.95,0.2514
185,2253,14,4,1536.64,0.1251
186,5679,19,2,529.78,0.2498
187,2952,30,5,1240.38,0.1661
188,7816,57,5,1532.41,0.18
189,9449,16,3,914.42,0.1915
190,5834,22,3,2397.2,0.115
191,8224,54,3,250.4,0.1821
192,8384,84,3,328.22,0.0534
193,4503,70,1,2143.66,0.095
194,8025,109,3,636.98,0.2557
195,5703,171,2,338.61,0.1092
196,2083,147,3,976.6,0.1167
197,3970,5,3,433.36,0.2699
198,5340,71,2,1268.34,0.1023
199,5738,20,4,1838.18,0.1945
200,6120,143,2,1892.64,0.2835
201,2380,38,5,768.32,0.2995
202,7164,129,2,1729.89,0.161
203,9046,118,5,2414.15,0.183
204,2057,5,1,33.44,0.1303
205,6324,182,2,1621.25,0.225
206,6147,85,4,1256.48,0.2158
207,9494,61,1,994.7,0.1142
208,1828,78,3,534.87,0.0168
209,4263,145,4,323.22,0.1878
210,5394,125,2,2303.47,0.0101
211,1617,126,2,90.62,0.1915
212,8310,76,4,1182.67,0.2443
213,2400,27,3,523.99,0.1729
214,6797,198,3,381.01,0.0999
215,9489,103,1,891.21,0.1511
216,317,25,4,800.54,0.1077
217,5522,91,5,1162.49,0.0333
218,1720,173,4,1240.46,0.0952
219,9264,130,3,1268.32,0.1462
220,9232,150,3,342.81,0.1027
221,9686,96,1,439.25,0.0069
222,3777,54,4,820.54,0.0277
223,1307,145,2,215.79,0.0369
224,2062,189,5,2085.77,0.1245
225,9564,66,4,257.74,0.0105
226,8559,119,5,582.41,0.1436
227,9844,154,4,1598.58,0.0186
228,736,184,3,2326.83,0.2735
229,3477,161,5,349.75,0.2981
230,3132,1,4,1106.09,0.114
231,867,40,2,753.3,0.2345
232,8852,171,3,1208.02,0.2685
233,3124,44,2,1103.89,0.2536
234,7318,190,1,1450.37,0.1672
235,6800,36,1,121.2,0.136
236,5781,184,1,2075.18,0.0974
237,2366,167,3,97.2,0.0261
238,3733,141,2,1437.51,0.2911
239,489,39,4,2038.03,0.0182
240,1980,126,3,301.49,0.0562
241,2172,12,4,1709.21,0.1522
242,8898,21,3,537.79,0.0251
243,4555,87,5,508.77,0.2116
244,7701,146,1,125.77,0.0036
245,8097,13,1,930.19,0.2551
246,7921,19,5,2233.25,0.2761
247,5777,163,2,1765.34,0.2036
248,7460,46,1,1428.1,0.1905
249,5262,112,1,2049.2,0.1774
250,4773,185,2,2091.43,0.0219
251,9604,162,2,1489.97,0.1016
252,2694,190,5,786.21,0.1895
253,8370,56,1,2203.17,0.0633
254,7718,129,5,884.39,0.0014
255,9551,185,3,445.18,0.1592
256,4632,110,2,1404.93,0.1063
257,1696,86,2,224.81,0.0696
258,3294,156,1,539.37,0.2423
259,1638,132,4,2121.15,0.2107
260,2906,199,5,1052.08,0.1943
261,4697,75,2,1229.1,0.2907
262,3486,168,2,1353.78,0.1964
263,7347,53,1,1240.01,0.219
264,6122,39,1,556.52,0.0774
265,8073,35,4,2291.45,0.2289
266,4919,82,3,1702.73,0.1639
267,7455,138,3,1632.88,0.1698
268,7407,51,1,2094.13,0.042
269,1090,118,4,1696.38,0.2205
270,6860,192,1,315.93,0.1999
271,3925,59,3,858.65,0.0451
272,6111,26,5,943.41,0.0539
273,1828,113,2,1685.29,0.259
274,9812,115,2,1767.33,0.1856
275,7020,3,4,1397.79,0.0457
276,5037,77,3,1008.63,0.0647
277,5422,98,4,2192.5,0.1406
278,786,17,4,1393.98,0.2704
279,6854,65,4,2062.25,0.1514
280,3937,1,2,2318.77,0.0543
281,3059,88,4,1065.8,0.2544
282,5666,118,3,737.56,0.1252
283,3663,57,3,939.47,0.2085
284,6728,124,5,220.62,0.0403
285,4851,11,3,885.73,0.2296
286,5771,67,2,1273.29,0.2755
287,7854,55,3,526.59,0.2469
288,8209,86,1,457.41,0.0092
289,6174,41,4,802.73,0.1762
290,8107,105,5,265.19,0.1733
291,1064,187,1,1240.4,0.2448
292,916,30,3,1594.16,0.2983
293,1692,25,3,1477.09,0.2796
294,8476,199,4,711.36,0.0307
295,6203,64,4,2153.77,0.2282
296,3006,103,2,287.63,0.2784
297,5104,153,5,18.88,0.1223
298,3402,194,2,349.17,0.2789
299,1750,162,3,1814.0,0.2713
300,7431,183,5,1974.78,0.1921
301,1378,186,5,1919.51,0.2723
302,7852,86,2,820.97,0.2219
303,2367,182,3,2189.04,0.1879
304,4817,117,3,2225.4,0.0938
305,1069,129,2,2052.95,0.1675
306,8008,146,5,1846.53,0.2041
307,2410,16,5,2105.06,0.1563
308,6906,184,1,1650.91,0.1504
309,5581,159,2,2410.88,0.2684
310,4103,48,3,1580.69,0.2954
311,5379,124,1,425.38,0.215
312,6232,77,2,468.81,0.1029
313,4638,162,5,1085.14,0.2689
314,5480,162,4,1802.86,0.2468
315,5077,120,2,363.87,0.2223
316,369,60,5,498.96,0.1169
317,5127,76,4,206.78,0.1808
318,4775,165,3,431.27,0.1161
319,2434,40,4,562.0,0.0519
320,4779,145,3,1402.98,0.2331
321,396,169,4,980.27,0.2099
322,540,56,5,248.13,0.0906
323,2668,182,1,408.67,0.1532
324,1171,141,3,1306.96,0.1789
325,1308,174,2,342.75,0.2417
326,6732,72,4,1826.3,0.0085
327,3676,145,2,251.81,0.2616
328,1531,139,3,487.6,0.1144
329,1498,40,3,2191.89,0.1567
330,3814,174,4,1340.93,0.1396
331,2758,65,2,2473.09,0.2367
332,4672,32,1,393.95,0.1986
333,9077,108,1,207.46,0.2238
334,5001,180,1,203.54,0.2913
335,8695,10,1,2339.33,0.2336
336,1994,108,1,1613.39,0.2205
337,8417,115,4,852.6,0.0408
338,522,187,1,969.45,0.1057
339,2976,143,3,1754.91,0.1783
340,7494,131,3,1547.41,0.0888
341,9683,137,4,899.23,0.1962
342,7615,136,1,1729.68,0.0788
343,5865,74,4,866.34,0.0953
344,4843,124,4,1139.17,0.01
345,1157,8,5,2129.23,0.0695
346,7793,16,3,308.87,0.1535
347,654,11,2,1089.62,0.1903
348,2609,23,4,243.39,0.1324
349,4875,184,4,111.27,0.1021
350,8351,56,4,2415.7,0.1695
351,7106,150,1,1412.89,0.0189
352,138,104,2,2443.1,0.0819
353,533,146,1,2149.3,0.1158
354,3374,39,1,2463.43,0.144
355,6879,131,2,2337.53,0.2422
356,8907,136,5,2199.95,0.226
357,3146,133,3,1814.74,0.1417
358,6676,91,3,1840.64,0.1477
359,2325,5,3,2357.6,0.2107
360,8613,19,1,2442.87,0.1506
361,6030,125,1,2360.91,0.0397
362,4165,61,1,1215.72,0.1384
363,1176,46,5,2194.22,0.1807
364,720,146,1,1282.9,0.1758
365,9879,189,2,1417.17,0.0384
366,3572,188,1,2062.75,0.2911
367,5840,130,1,2077.78,0.1102
368,180,178,4,2062.21,0.2964
369,7667,191,2,2073.58,0.2454
370,1773,71,4,1075.98,0.0722
371,8,177,4,1333.25,0.2755
372,6246,114,1,643.06,0.0694
373,5777,199,5,1166.65,0.0413
374,4101,18,2,2402.38,0.127
375,2888,108,1,2044.18,0.0424
376,7547,90,3,916.25,0.0144
377,6750,144,3,1587.8,0.0975
378,7897,46,5,644.72,0.0888
379,3756,103,2,529.74,0.2771
380,973,94,2,1052.68,0.127
381,5956,153,4,441.93,0.2972
382,6794,136,3,1393.53,0.0369
383,5276,64,3,1070.62,0.1594
384,7468,142,3,358.42,0.2159
385,4607,22,2,1755.68,0.0928
386,2327,116,1,1806.69,0.0437
387,7005,78,3,2227.74,0.1844
388,3439,91,3,1784.62,0.1746
389,5653,35,5,554.75,0.1007
390,7042,104,4,1662.56,0.0778
391,5003,179,5,2441.11,0.2554
392,5750,76,1,2133.24,0.2856
393,1874,171,5,1093.19,0.2099
394,397,75,5,1744.73,0.1503
395,2349,131,3,55.3,0.0275
396,5960,107,3,559.16,0.0316
397,3466,183,4,1006.68,0.1382
398,4699,19,4,1035.72,0.2702
399,6737,170,5,2197.87,0.2313
400,4312,189,2,2472.86,0.2078
401,7957,23,2,1145.2,0.0778
402,1,4,4,984.71,0.0413
403,7312,96,1,341.48,0.2686
404,5370,193,4,596.69,0.0562
405,1195,4,5,362.48,0.07
406,1100,187,2,875.96,0.2295
407,3552,91,5,1872.12,0.2338
408,762,123,1,69.45,0.2059
409,7618,104,3,2180.63,0.0435
410,8288,80,4,1810.79,0.0561
411,9766,30,3,931.0,0.2507
412,5467,102,2,1320.54,0.0963
413,6127,161,1,285.76,0.1665
414,8459,161,5,1950.76,0.2422
415,1122,20,4,1957.35,0.0842
416,2605,48,2,954.7,0.0527
417,6810,27,1,662.77,0.1064
418,3206,160,5,1467.84,0.1569
419,4651,155,5,817.0,0.132
420,9310,25,2,1764.76,0.083
421,7904,66,5,1785.87,0.1199
422,5137,12,3,2446.42,0.2248
423,9845,101,3,891.53,0.1672
424,5261,174,1,153.81,0.0935
425,2096,48,3,2214.02,0.1522
426,2843,112,2,38.68,0.2296
427,6714,106,1,1127.05,0.0879
428,2301,85,4,654.23,0.0557
429,1727,37,5,1034.7,0.1652
430,513,132,3,448.62,0.144
431,6891,90,4,1691.04,0.1768
432,796,189,5,1410.57,0.0332
433,4960,71,2,1019.28,0.0656
434,9819,102,4,1666.24,0.0187
435,3282,175,1,222.36,0.2512
436,7910,47,2,2147.26,0.1191
437,5885,120,3,1143.93,0.268
438,9257,17,4,1545.22,0.2837
439,8554,32,2,702.54,0.0176
440,2999,138,2,2430.6,0.1313
441,752,178,4,1136.54,0.1313
442,1337,187,3,477.06,0.1945
443,9494,18,2,410.12,0.0214
444,4418,194,4,705.04,0.2804
445,1961,163,2,1935.09,0.2356
446,4651,6,1,780.3,0.0069
447,3106,3,4,219.64,0.0564
448,2,199,4,1125.86,0.2474
449,750,35,2,547.55,0.0669
450,7739,77,4,2303.5,0.1103
451,2849,102,1,941.85,0.1955
452,7620,194,3,798.2,0.0209
453,3602,66,1,1129.11,0.2024
454,9226,51,4,86.36,0.0811
455,8626,124,4,1334.45,0.0515
456,618,200,2,2467.15,0.0297
457,5342,73,5,867.71,0.0468
458,8982,162,5,2338.84,0.1656
459,3623,167,3,317.74,0.2813
460,4417,95,2,1481.09,0.2044
461,8990,49,1,436.08,0.1352
462,9971,175,2,2199.79,0.2908
463,2927,36,2,1816.36,0.072
464,5240,22,1,2189.53,0.2479
465,5663,77,2,1735.63,0.0486
466,5863,172,4,1686.06,0.0672
467,652,195,3,1328.52,0.1449
468,9489,189,5,1370.78,0.0308
469,472,137,1,1960.7,0.0871
470,8028,48,5,1438.31,0.2011
471,4852,18,4,1090.61,0.1389
472,1319,90,5,1773.35,0.1691
473,4975,126,4,2410.48,0.0154
474,9176,157,5,2275.36,0.0752
475,4744,176,3,823.6,0.23
476,2651,140,4,976.45,0.1721
477,3610,167,1,2394.35,0.0003
478,9804,151,1,593.64,0.1805
479,7993,19,2,332.54,0.0399
480,207,24,2,1198.97,0.0396
481,4885,107,3,1123.18,0.2787
482,3237,44,5,1376.36,0.2905
483,124,94,5,94.42,0.1582
484,6021,95,4,527.79,0.1774
485,4369,49,3,2009.57,0.1221
486,8666,111,4,910.56,0.265
487,354,4,1,2292.64,0.1568
488,2145,62,1,1428.55,0.2783
489,8729,18,5,67.85,0.0666
490,1085,188,2,2445.74,0.0284
491,1118,109,2,802.85,0.2962
492,962,128,1,931.81,0.148
493,758,126,4,2277.95,0.1844
494,7821,64,5,2196.86,0.1028
495,1789,101,4,1717.28,0.0401
496,1320,148,2,40.41,0.2523
497,682,180,3,23.91,0.0434
498,9044,36,2,457.94,0.1507
499,6091,190,4,1909.88,0.2493
500,750,48,2,2089.86,0.1981
501,8089,96,2,-20.0,0.2024
502,9055,57,2,210.56,0.0692
503,2347,57,2,1075.69,0.1577
504,708,91,5,2323.32,0.0125
505,3968,169,1,1318.35,0.0181
506,2716,53,2,1836.38,0.2169
507,9112,88,2,1775.69,0.2358
508,9533,62,5,2137.59,0.0417
509,7036,157,5,2460.77,0.2853
510,7813,39,3,2451.04,0.0392
511,8033,82,5,1357.0,0.126
512,9867,10,3,843.71,0.059
513,8456,189,3,1973.59,0.0296
514,480,56,2,1760.88,0.2898
515,6665,9,4,1962.49,0.1316
516,7211,178,2,760.47,0.0991
517,1120,12,1,1464.09,0.0984
518,9610,130,3,475.23,0.0625
519,4620,73,4,560.48,0.2907
520,8594,17,5,932.52,0.1467
521,1495,35,5,1780.63,0.159
522,2700,174,5,771.68,0.2132
523,3851,195,4,831.34,0.1223
524,3938,198,5,2000.84,0.0838
525,6427,87,5,2284.61,0.0878
526,4629,35,3,2102.38,0.1045
527,8138,200,5,474.26,0.173
528,6906,34,4,1152.47,0.2492
529,3149,11,5,1762.4,0.0728
530,7913,110,2,1784.75,0.1752
531,8902,131,3,1001.14,0.2252
532,5788,10,1,1060.02,0.2984
533,1940,82,2,1449.65,0.2723
534,9172,82,1,1699.81,0.1942
535,8617,12,4,197.54,0.2841
536,5124,118,1,1617.12,0.2819
537,4180,179,1,1287.94,0.0134
538,792,83,5,109.42,0.1953
539,4753,97,3,163.1,0.1954
540,4153,89,1,510.46,0.203
541,1636,108,4,898.62,0.2816
542,9161,187,4,1905.55,0.0862
543,4497,2,4,797.17,0.0709
544,952,2,5,1912.06,0.1439
545,6080,133,2,1252.07,0.0911
546,522,150,5,535.16,0.0958
547,6066,161,5,1945.81,0.0744
548,1975,69,1,1809.66,0.2014
549,6414,156,3,104.52,0.2203
550,1883,186,4,1841.33,0.0297
551,5462,142,3,1676.39,0.2397
552,6284,104,2,948.09,0.0804
553,5098,107,3,1579.01,0.0396
554,6408,50,3,391.62,0.1371
555,4545,169,2,1475.5,0.1841
556,7395,143,2,444.04,0.2165
557,3132,68,4,295.4,0.1801
558,5175,43,4,513.97,0.2814
559,4096,183,2,316.62,0.0061
560,8714,49,2,322.48,0.2734
561,4322,146,5,2209.95,0.22
562,6260,81,4,2249.27,0.2808
563,5460,95,4,1839.17,0.0748
564,5227,153,5,1958.94,0.057
565,5639,140,5,909.79,0.299
566,6677,183,4,1366.84,0.1337
567,7932,47,5,2039.57,0.0819
568,6475,84,4,1230.48,0.2377
569,4652,93,1,1846.34,0.1611
570,8415,67,4,1067.18,0.186
571,5330,199,5,875.41,0.0164
572,9942,192,2,2119.48,0.1996
573,7973,60,3,841.65,0.2075
574,2476,97,3,1196.88,0.0412
575,3137,171,3,283.71,0.2234
576,9074,165,3,1282.09,0.0209
577,6662,160,2,1520.18,0.0281
578,2342,85,3,985.78,0.188
579,221,180,1,1622.05,0.2835
580,6571,53,5,1111.72,0.1326
581,2361,105,4,1074.33,0.0484
582,5835,184,2,1065.28,0.2237
583,5584,72,3,2151.03,0.1769
584,3649,130,3,1823.3,0.292
585,252,176,3,1149.82,0.0419
586,6839,16,5,1602.2,0.2305
587,5232,91,2,2061.93,0.0784
588,1788,164,1,1148.1,0.2736
589,280,138,4,2113.11,0.2365
590,4390,92,1,455.14,0.1369
591,5635,81,1,1488.44,0.0134
592,6312,126,3,909.81,0.2052
593,2102,89,2,261.69,0.1386
594,3650,146,3,2230.98,0.2394
595,9843,92,4,1231.72,0.2222
596,6870,2,2,1358.16,0.2245
597,5742,128,1,1301.09,0.0514
598,24,40,3,1363.71,0.1309
599,7262,42,1,1470.99,0.141
600,8448,95,4,2180.79,0.2355
601,9430,153,5,2370.15,0.1217
602,3943,129,4,1554.16,0.2596
603,1064,16,2,949.24,0.0825
604,8987,170,5,1294.83,0.2958
605,9679,165,1,1761.72,0.0265
606,2484,105,5,1329.97,0.1491
607,7717,37,3,662.56,0.1766
608,5110,199,1,1523.3,0.1328
609,1235,134,5,2223.67,0.1645
610,7627,150,4,279.76,0.2336
611,2292,114,5,191.19,0.0511
612,8954,95,2,2438.02,0.2843
613,4239,174,1,2011.26,0.1177
614,1785,40,5,1040.17,0.1867
615,8512,54,1,86.68,0.1324
616,3993,46,4,2335.06,0.1798
617,4529,164,2,1988.63,0.2175
618,3651,119,1,1524.48,0.1521
619,7403,41,2,1983.77,0.0335
620,2780,98,4,1576.69,0.1
621,3616,67,1,1689.31,0.2415
622,6347,126,4,2262.92,0.1709
623,1997,23,4,1025.52,0.2275
624,9489,171,2,1327.48,0.2664
625,8036,61,4,1956.02,0.1316
626,6110,17,4,688.15,0.1059
627,110,193,5,1509.61,0.0334
628,412,3,1,884.6,0.0812
629,71,78,4,141.15,0.1265
630,3728,30,3,399.23,0.0397
631,718,21,3,296.96,0.0339
632,5477,144,5,1378.98,0.1336
633,6814,62,4,312.95,0.1117
634,719,60,5,1363.55,0.254
635,7737,115,3,1838.79,0.0084
636,7736,137,1,1585.74,0.229
637,8319,66,4,1876.5,0.0625
638,8618,154,5,1236.19,0.2639
639,7243,106,1,1849.32,0.085
640,2326,67,5,1981.99,0.1652
641,2436,15,1,638.28,0.0761
642,2819,12,1,2143.33,0.1236
643,536,19,5,2341.69,0.0715
644,6452,14,3,1832.24,0.1119
645,7747,143,5,2428.66,0.2595
646,5173,87,2,175.84,0.2084
647,9337,11,4,388.21,0.1004
648,9914,63,3,2258.51,0.2563
649,3491,43,3,91.75,0.0154
650,3871,195,5,1476.31,0.2116
651,1780,171,4,682.89,0.1879
652,3148,129,2,1145.87,0.1124
653,906,132,5,974.99,0.1238
654,2132,85,4,482.81,0.1137
655,6948,25,5,1470.73,0.1923
656,8499,84,4,518.34,0.0714
657,3517,74,3,1026.85,0.2984
658,4433,53,5,1929.54,0.0009
659,5992,163,2,1678.45,0.1398
660,8709,153,4,1629.19,0.0688
661,101,131,2,1258.05,0.1063
662,6061,179,2,483.96,0.2589
663,2148,178,5,1121.68,0.1072
664,2221,13,4,1182.33,0.0642
665,28,35,1,519.19,0.1101
666,4853,183,2,1509.8,0.096
667,3337,146,4,1290.16,0.1524
668,2363,179,3,827.94,0.27
669,4134,30,2,530.21,0.2089
670,3677,40,2,368.77,0.255
671,2376,110,2,2203.49,0.0904
672,48,30,3,2348.72,0.0089
673,7059,186,3,2050.05,0.1086
674,8198,88,5,1491.16,0.2121
675,5534,90,1,2404.74,0.0828
676,8962,65,5,1176.24,0.083
677,7603,97,1,126.12,0.0279
678,1363,72,2,943.34,0.0624
679,3341,12,4,459.99,0.2199
680,817,136,2,1733.49,0.1523
681,8,78,3,750.48,0.0201
682,4873,18,1,1181.62,0.2992
683,2533,104,2,2336.95,0.1702
684,2760,65,1,2481.4,0.0467
685,329,138,5,1344.4,0.0145
686,4876,37,3,699.31,0.1673
687,2386,29,3,1107.04,0.0758
688,3981,174,4,2190.22,0.0752
689,2467,104,2,606.73,0.1485
690,5330,122,3,170.46,0.1393
691,1195,44,4,2047.59,0.1079
692,101,164,3,1331.81,0.2427
693,2462,18,5,2243.85,0.12
694,6716,79,2,1718.05,0.1345
695,323,160,2,103.19,0.1885
696,7833,109,1,1971.42,0.2144
697,3650,20,4,489.17,0.1115
698,4847,34,5,330.0,0.1562
699,5756,73,1,1412.53,0.1507
700,607,169,5,1110.1,0.2637
701,8709,98,1,764.81,0.1252
702,9301,163,1,1477.78,0.1381
703,4336,185,2,1861.93,0.1727
704,839,120,5,1240.99,0.1996
705,1122,27,4,1973.46,0.0003
706,3966,18,4,1055.21,0.1955
707,3342,149,1,1254.63,0.0457
708,1337,146,1,1367.86,0.2928
709,1260,155,5,798.91,0.1074
710,7193,156,2,918.18,0.1445
711,645,97,2,1286.15,0.0205
712,597,143,5,2210.13,0.2616
713,6390,173,5,1382.6,0.0743
714,2811,47,2,285.01,0.092
715,4537,119,1,1831.45,0.1862
716,6770,36,2,1298.1,0.0023
717,468,19,3,1007.64,0.2972
718,9157,99,3,1733.07,0.1522
719,9830,45,5,429.49,0.2503
720,2787,103,3,1966.53,0.2721
721,8419,57,4,1795.16,0.0001
722,2809,76,3,475.67,0.1285
723,9497,119,2,2118.27,0.2669
724,5790,157,3,494.03,0.2078
725,8706,16,1,1698.45,0.2218
726,212,150,5,929.19,0.1654
727,770,72,1,1892.82,0.2928
728,7532,55,3,159.13,0.031
729,8623,140,1,635.81,0.2611
730,3259,144,4,1184.18,0.2033
731,260,55,1,1790.96,0.1643
732,1755,47,4,1544.35,0.2007
733,46,73,2,2385.78,0.2352
734,877,27,1,1404.17,0.0556
735,8155,111,3,765.0,0.0662
736,2918,99,2,1092.68,0.0735
737,1956,139,5,202.49,0.104
738,9793,95,5,305.65,0.1698
739,2275,143,3,1301.19,0.2733
740,7736,181,4,2439.59,0.0762
741,1740,121,1,622.67,0.166
742,5667,91,5,1946.32,0.293
743,3191,33,1,925.99,0.2031
744,334,199,2,93.99,0.1287
745,1531,100,1,422.22,0.0223
746,556,22,5,1559.67,0.0971
747,8923,65,4,584.14,0.0964
748,4824,58,5,2130.82,0.2021
749,4034,27,3,926.79,0.0513
750,1164,116,5,575.63,0.148
751,6029,140,1,1950.56,0.1199
752,9492,188,1,409.77,0.0421
753,2021,72,4,2382.66,0.2665
754,7686,33,5,605.92,0.1864
755,6024,114,2,2040.93,0.2021
756,7445,194,2,1299.32,0.1186
757,3687,137,2,1851.71,0.2513
758,1941,26,3,357.8,0.2779
759,4397,173,2,532.7,0.0074
760,3072,55,3,507.63,0.135
761,7017,111,2,348.71,0.2014
762,3500,180,4,673.49,0.2511
763,9403,137,5,2102.1,0.2364
764,4254,135,3,1872.76,0.2942
765,7818,57,1,776.41,0.2275
766,9547,185,3,923.61,0.0375
767,6026,119,5,1840.49,0.0478
768,7577,165,3,2061.97,0.2857
769,6608,73,3,1068.65,0.0073
770,7754,78,5,1855.53,0.1131
771,7023,158,2,1429.22,0.1294
772,4110,51,5,2480.53,0.0778
773,3268,47,4,1730.97,0.219
774,7073,112,2,1848.78,0.2499
775,9428,84,3,2109.54,0.2869
776,5255,182,5,369.39,0.2901
777,4204,151,4,928.17,0.1175
778,5891,186,4,1236.35,0.2837
779,4727,56,1,394.53,0.1456
780,6298,31,4,914.35,0.25
781,4443,68,1,1718.84,0.2363
782,1049,190,4,637.53,0.0673
783,1960,115,5,1211.37,0.1712
784,9771,60,3,354.23,0.2914
785,3699,165,2,298.52,0.158
786,8542,34,4,927.75,0.1567
787,5676,1,4,1821.44,0.1881
788,7892,41,1,1322.42,0.2787
789,1479,104,3,1576.44,0.1164
790,1821,172,5,1016.51,0.0114
791,9434,35,5,1471.74,0.0541
792,3931,155,3,1217.92,0.2881
793,5366,149,5,1002.36,0.0783
794,9068,200,2,74.89,0.2231
795,6604,82,5,2115.8,0.1151
796,9734,23,2,2381.44,0.0113
797,5787,41,4,1331.76,0.0992
798,3702,178,5,1125.55,0.1238
799,9012,22,5,1914.83,0.0695
800,3910,40,2,46.93,0.2908
801,8401,130,4,359.12,0.2972
802,1885,42,4,704.7,0.083
803,4503,158,1,223.7,0.2878
804,2129,172,4,129.03,0.276
805,7498,83,3,2347.85,0.2847
806,8299,10,1,473.89,0.221
807,4030,84,4,1488.36,0.1466
808,1426,191,2,1353.79,0.1235
809,4606,152,3,726.11,0.0085
810,9310,134,1,1624.13,0.0643
811,2130,123,5,823.75,0.2218
812,4057,45,2,1152.16,0.034
813,241,125,3,961.18,0.0039
814,8357,146,2,2278.06,0.2374
815,1497,144,1,2327.21,0.1176
816,304,103,3,944.49,0.1187
817,4775,104,1,628.75,0.0815
818,912,40,1,1845.31,0.252
819,5094,144,4,797.99,0.2452
820,6048,104,2,1210.03,0.1517
821,2762,79,4,1366.27,0.1763
822,606,128,4,2467.55,0.0737
823,1039,104,2,966.73,0.0433
824,407,198,3,1033.5,0.0997
825,1072,141,2,184.48,0.233
826,7831,196,5,1662.39,0.2678
827,4210,50,3,489.73,0.1251
828,6599,157,4,1539.75,0.2692
829,4622,186,1,616.33,0.0883
830,6089,135,1,2362.09,0.1142
831,4444,5,4,215.27,0.0954
832,1453,168,3,2325.49,0.0725
833,2454,4,5,1383.61,0.1203
834,5500,7,3,2343.77,0.1012
835,5181,37,2,1240.46,0.0646
836,6674,113,5,126.94,0.1586
837,2988,75,2,506.68,0.1962
838,2790,187,3,888.23,0.2215
839,201,50,4,2344.92,0.2373
840,7826,69,4,1901.89,0.1523
841,6201,157,2,1510.06,0.1091
842,8975,183,5,1107.51,0.0788
843,2761,119,2,1125.44,0.1265
844,5226,89,5,1636.74,0.0906
845,4922,195,1,1804.91,0.1647
846,3714,30,3,1201.36,0.0036
847,5653,148,4,1998.6,0.1421
848,9131,67,4,1318.25,0.2219
849,3117,61,5,1294.32,0.0838
850,3618,44,1,1626.34,0.2614
851,5191,56,4,1988.57,0.0545
852,8956,79,2,1498.6,0.237
853,2895,188,2,2308.25,0.2224
854,9447,169,4,2193.33,0.1183
855,4620,78,5,1928.18,0.0005
856,7291,40,3,1163.66,0.0288
857,9991,50,1,1537.84,0.1653
858,5189,138,3,1274.01,0.2785
859,4967,17,1,30.4,0.1332
860,9462,15,4,1662.32,0.2286
861,7541,93,5,2290.26,0.0472
862,4194,181,2,1304.47,0.2398
863,5442,51,2,438.72,0.079
864,8905,121,2,1156.79,0.0372
865,8866,66,5,22.55,0.1411
866,4605,26,3,1853.62,0.1515
867,9134,38,4,1676.23,0.1773
868,943,125,5,1634.36,0.1414
869,4472,92,4,1093.43,0.1266
870,3744,30,4,989.16,0.1913
871,6284,55,3,692.56,0.2178
872,3837,137,2,2291.59,0.1229
873,2429,16,1,931.41,0.2469
874,9382,24,5,1393.46,0.1093
875,3625,20,5,1151.39,0.2689
876,9445,62,5,1657.1,0.0573
877,7392,52,4,2454.63,0.1752
878,7928,126,3,1456.1,0.2757
879,1910,78,5,1027.27,0.0655
880,2675,52,4,1521.69,0.2957
881,3325,43,3,99.6,0.2419
882,5834,96,1,2262.8,0.1215
883,2603,138,3,433.18,0.147
884,5798,66,2,1357.49,0.0272
885,155,71,1,958.48,0.1344
886,2675,193,1,2128.96,0.2971
887,4504,101,1,2407.67,0.2979
888,1528,15,4,169.36,0.0493
889,626,75,1,528.95,0.0044
890,686,84,4,2125.6,0.0427
891,9658,50,2,1143.35,0.1689
892,5210,41,1,1586.77,0.2733
893,870,60,5,937.14,0.0067
894,3078,33,4,1342.81,0.1033
895,905,52,4,678.2,0.2983
896,2023,166,3,1481.33,0.163
897,1243,122,1,1090.9,0.1496
898,2712,192,1,1708.25,0.0206
899,1295,138,3,1526.21,0.1097
900,5938,96,4,347.27,0.1349
901,9056,100,4,488.38,0.1506
902,1557,178,3,72.62,0.2693
903,2303,191,2,904.95,0.2722
904,737,59,4,693.19,0.1265
905,779,140,1,219.49,0.0078
906,5526,58,2,1700.09,0.2603
907,5834,9,5,1794.14,0.1704
908,7526,177,3,1660.8,0.0518
909,9607,189,4,594.15,0.1838
910,4785,81,4,1576.33,0.1726
911,8036,105,3,958.68,0.1076
912,4737,51,4,40.49,0.0181
913,8001,173,4,2419.33,0.0076
914,6591,67,1,1798.62,0.2071
915,6795,114,1,608.01,0.0291
916,4733,105,4,783.89,0.274
917,522,80,4,2246.8,0.0441
918,5698,18,4,648.56,0.1651
919,2848,189,4,244.46,0.2324
920,4112,178,2,2105.14,0.2573
921,6395,142,1,1748.6,0.266
922,8423,138,4,1363.6,0.1665
923,7421,134,4,1392.47,0.0716
924,8120,3,1,1724.27,0.061
925,6750,113,5,2278.33,0.1344
926,519,86,4,2058.88,0.1888
927,8676,130,3,594.64,0.2585
928,3852,76,2,1614.52,0.151
929,6856,121,5,1683.18,0.2103
930,5005,129,5,2056.83,0.207
931,5545,180,1,2278.84,0.0355
932,9226,101,2,160.6,0.2446
933,8958,141,3,249.82,0.1291
934,3361,32,2,251.63,0.0171
935,6053,153,5,1734.99,0.1708
936,6759,166,5,2321.67,0.2721
937,988,133,2,1461.56,0.2278
938,8208,101,1,1426.18,0.036
939,7496,146,1,2101.97,0.2399
940,7093,138,5,2480.77,0.0137
941,9763,181,3,2355.53,0.1725
942,4428,162,5,1522.98,0.0345
943,79,30,2,2493.78,0.1807
944,1819,160,4,1812.2,0.0459
945,9237,139,4,1755.95,0.2681
946,9804,86,3,257.72,0.1956
947,432,158,3,753.22,0.1318
948,8805,1,3,1464.58,0.2722
949,4351,6,1,1748.68,0.0518
950,8464,78,5,515.96,0.2634
951,4432,184,2,2025.35,0.034
952,8950,195,5,2191.0,0.2317
953,4304,58,2,2131.57,0.0428
954,8306,95,4,1350.51,0.0461
955,5152,124,5,859.46,0.2585
956,5017,147,2,2107.16,0.1343
957,1963,189,2,1859.07,0.0764
958,3066,62,4,109.04,0.1976
959,3949,71,5,1260.39,0.2585
960,7672,163,5,2060.31,0.1247
961,9026,171,1,1429.54,0.0858
962,7107,5,5,681.33,0.083
963,929,128,4,56.07,0.2047
964,5423,46,2,578.29,0.2121
965,2916,35,4,1535.47,0.274
966,9536,100,4,643.9,0.0063
967,5388,101,4,43.23,0.0411
968,9390,124,5,188.84,0.1769
969,198,164,3,958.92,0.0881
970,9049,4,4,1170.06,0.135
971,4398,189,2,1901.3,0.2781
972,4501,2,1,1360.57,0.029
973,6866,101,5,1950.38,0.1945
974,9186,163,3,387.29,0.2412
975,846,46,3,885.52,0.0361
976,6291,4,4,1300.94,0.194
977,1748,128,2,53.86,0.2495
978,5508,188,1,2402.64,0.062
979,4966,48,3,2307.92,0.0405
980,9760,120,5,1665.25,0.0195
981,346,4,2,545.37,0.2187
982,156,198,5,357.64,0.1242
983,5562,51,4,2222.08,0.1498
984,7370,17,1,730.08,0.0297
985,5033,4,5,950.77,0.0348
986,8334,86,1,998.21,0.2022
987,104,185,5,544.68,0.1237
988,1239,135,3,1815.57,0.2521
989,7477,176,3,1443.94,0.2361
990,4204,92,4,2223.54,0.2357
991,3532,77,2,560.31,0.2582
992,3876,161,1,858.66,0.2542
993,8116,77,2,1244.29,0.1629
994,1253,196,2,1188.6,0.0862
995,7080,128,2,2454.35,0.1689
996,7110,184,2,1496.47,0.071
997,8400,25,2,1034.57,0.0576
998,5641,84,5,723.77,0.1518
999,1763,102,2,1449.72,0.1869
1000,8910,163,1,1373.32,0.1353
1001,1429,73,3,1277.54,0.2419
1002,4277,94,2,2360.28,0.1753
1003,8006,167,4,1267.95,0.2934
1004,641,23,1,581.68,0.051
1005,1823,139,5,402.54,0.0937
1006,5805,79,3,2275.5,0.0212
1007,3049,117,3,2494.61,0.1498
1008,3228,22,3,1486.93,0.015
1009,1920,81,4,1821.92,0.1954
1010,9603,175,2,1059.92,0.0749
1011,8663,12,5,2156.58,0.2266
1012,5800,163,5,876.56,0.0119
1013,4100,34,5,62.74,0.101
1014,6138,129,2,109.71,0.2793
1015,6342,160,5,2066.58,0.0207
1016,7564,132,5,1060.77,0.2626
1017,9594,152,3,2419.81,0.0992
1018,9690,199,2,1052.81,0.0114
1019,9913,76,1,2365.7,0.2701
1020,579,150,1,1184.3,0.1287
1021,5005,163,1,1808.45,0.1303
1022,2601,157,4,743.66,0.2067
1023,8935,113,3,1378.98,0.1406
1024,5783,145,5,824.03,0.2331
1025,4271,156,3,1697.14,0.1702
1026,2031,47,2,581.1,0.0954
1027,5860,169,2,904.41,0.1916
1028,3108,17,3,1590.34,0.0263
1029,7182,4,2,769.63,0.1476
1030,2229,41,3,708.69,0.1022
1031,3265,134,3,960.23,0.1207
1032,1735,172,3,1559.84,0.2023
1033,4944,152,1,842.94,0.0486
1034,5024,54,5,1094.76,0.0103
1035,4110,200,2,67.08,0.2625
1036,9647,105,5,1754.49,0.2557
1037,2127,91,5,2032.26,0.2757
1038,3956,127,3,2070.33,0.2128
1039,8193,31,5,1380.64,0.2652
1040,5084,9,3,1070.97,0.0969
1041,6931,53,2,477.33,0.0449
1042,8839,124,4,1645.03,0.2085
1043,6610,2,5,1448.09,0.1057
1044,7679,148,5,1083.11,0.0819
1045,708,120,5,1542.52,0.1777
1046,8795,106,3,2386.36,0.0434
1047,2832,4,1,352.56,0.1778
1048,3662,172,3,2412.17,0.2621
1049,4110,62,3,1432.05,0.2065
1050,2091,13,3,2082.52,0.1531
1051,1099,113,2,2484.45,0.146
1052,1951,148,2,2322.25,0.0955
1053,3379,180,4,1006.98,0.2278
1054,3825,134,5,1152.72,0.2805
1055,2883,143,4,1520.58,0.1423
1056,6224,200,1,1600.36,0.265
1057,2011,64,2,582.16,0.0067
1058,494,94,3,2370.32,0.0569
1059,8114,164,2,2072.45,0.0156
1060,1852,164,2,338.73,0.1605
1061,5379,131,1,2478.43,0.099
1062,6648,91,1,2490.16,0.2527
1063,7496,123,5,895.54,0.2046
1064,4944,40,2,2122.97,0.1858
1065,4637,166,1,662.75,0.0376
1066,7389,45,4,413.01,0.0834
1067,6751,190,2,2138.24,0.2176
1068,4842,105,3,1409.59,0.0605
1069,9611,120,5,167.76,0.2098
1070,5792,95,2,2084.04,0.2702
1071,8433,66,5,967.97,0.261
1072,2401,24,5,434.73,0.0091
1073,7518,6,1,1324.98,0.2642
1074,8286,126,1,1183.37,0.0874
1075,3399,81,2,2011.7,0.1305
1076,9936,90,5,1204.7,0.1592
1077,4011,130,4,1665.54,0.1232
1078,4149,26,1,894.52,0.1887
1079,3969,44,1,287.26,0.2505
1080,9661,1,1,122.9,0.2088
1081,2678,130,1,811.66,0.0717
1082,2406,11,5,1676.39,0.2757
1083,7647,158,4,41.6,0.2084
1084,1276,34,1,633.76,0.0409
1085,7316,61,4,391.42,0.219
1086,9262,91,5,1164.1,0.0102
1087,1142,107,3,1869.49,0.1874
1088,1567,162,3,1388.46,0.2774
1089,7381,199,3,1526.5,0.1725
1090,6298,103,2,2366.3,0.0921
1091,7615,2,4,1151.3,0.2965
1092,9108,64,5,2037.95,0.2426
1093,5433,94,2,869.47,0.0744
1094,4537,131,3,1556.62,0.0217
1095,5274,127,3,1924.19,0.2898
1096,3857,194,3,2070.36,0.0106
1097,2905,158,5,566.68,0.2029
1098,5989,101,3,648.67,0.295
1099,6299,163,4,951.75,0.0734
1100,5657,122,3,636.68,0.2778
1101,9994,150,2,1356.86,0.1263
1102,3794,82,3,2020.45,0.0707
1103,1661,62,2,396.42,0.0246
1104,7853,109,1,1027.25,0.1803
1105,6094,54,5,1820.83,0.2086
1106,6458,188,4,1763.46,0.1936
1107,1619,113,3,608.36,0.1815
1108,594,38,3,1656.11,0.1864
1109,2071,30,3,2417.08,0.1539
1110,648,130,3,1571.26,0.0642
1111,1330,20,2,827.9,0.1817
1112,1424,172,5,1294.74,0.2663
1113,5931,68,2,854.81,0.0051
1114,9073,112,3,1336.45,0.2947
1115,7026,9,2,2104.34,0.2918
1116,1235,142,3,347.67,0.08
1117,9810,11,1,1041.19,0.1272
1118,5678,10,2,1590.43,0.1695
1119,1457,199,5,1170.72,0.2537
1120,5480,57,1,1957.22,0.0183
1121,2831,6,4,416.09,0.068
1122,9265,145,2,2188.34,0.198
1123,3733,13,2,2446.02,0.0185
1124,7755,59,4,909.34,0.2678
1125,7389,47,5,298.0,0.2659
1126,6880,124,1,2469.34,0.0296
1127,7174,120,4,886.88,0.1246
1128,1079,4,5,1238.02,0.1531
1129,7183,26,1,618.09,0.1947
1130,4619,32,5,152.83,0.1626
1131,5503,184,5,326.76,0.0004
1132,5496,195,3,605.84,0.0388
1133,4915,139,2,2469.95,0.2497
1134,5797,118,1,1993.98,0.2365
1135,7353,186,3,1060.08,0.0051
1136,88,52,1,808.49,0.0045
1137,5875,157,3,372.13,0.2553
1138,4452,130,1,1220.14,0.1084
1139,1089,196,2,2269.2,0.122
1140,654,49,5,2483.24,0.2833
1141,3110,113,2,2256.12,0.2691
1142,1398,149,1,178.33,0.1172
1143,4761,17,2,407.8,0.2396
1144,2428,109,1,366.84,0.1361
1145,2085,96,4,416.48,0.1289
1146,8931,131,4,324.02,0.0058
1147,3000,42,1,254.45,0.2381
1148,4430,176,4,885.65,0.2423
1149,2467,116,5,407.49,0.2293
1150,881,95,1,374.68,0.2895
1151,7951,159,3,1318.3,0.0143
1152,6738,126,4,519.88,0.2901
1153,9729,129,5,30.22,0.2575
1154,6596,92,1,1744.86,0.0353
1155,5037,87,3,831.46,0.0127
1156,8632,116,5,1846.62,0.0062
1157,2047,69,4,2234.31,0.035
1158,2195,1,1,2314.33,0.2459
1159,9078,80,4,456.69,0.1111
1160,8490,36,3,1686.47,0.1865
1161,6514,101,1,201.3,0.1181
1162,894,80,5,1166.06,0.1715
1163,7401,187,4,1075.45,0.0835
1164,660,61,2,519.87,0.2695
1165,124,76,5,1940.88,0.1855
1166,248,4,4,2284.54,0.1396
1167,9678,119,2,656.36,0.0831
1168,1406,49,3,634.53,0.089
1169,7104,41,1,501.18,0.2088
1170,1130,188,3,1722.03,0.123
1171,4774,200,3,155.16,0.1694
1172,9666,200,1,173.48,0.2962
1173,6714,121,5,447.59,0.0948
1174,2528,21,4,1371.23,0.1229
1175,7026,40,3,642.92,0.0965
1176,469,200,5,2468.42,0.027
1177,6510,93,2,997.05,0.2821
1178,6902,79,3,1183.29,0.2251
1179,5022,78,5,177.43,0.184
1180,1919,102,5,1768.22,0.0072
1181,8531,168,4,1974.63,0.25
1182,7464,155,3,845.56,0.0215
1183,3698,170,1,1818.94,0.0386
1184,3834,104,4,580.84,0.0262
1185,4451,126,1,1998.18,0.0439
1186,5188,164,1,1362.44,0.1913
1187,6293,139,5,1002.1,0.0244
1188,246,77,1,1804.74,0.1905
1189,5796,35,1,1542.13,0.233
1190,9179,85,4,1338.02,0.1375
1191,8839,37,3,539.38,0.1915
1192,7037,140,4,2125.89,0.1062
1193,8636,178,5,1088.16,0.2242
1194,5304,153,3,1122.12,0.2961
1195,8479,63,4,515.04,0.1021
1196,6840,119,3,2329.46,0.1828
1197,9041,108,2,1393.14,0.2915
1198,9701,10,4,1165.09,0.0096
1199,335,58,3,2443.82,0.0838
1200,887,103,1,924.48,0.0482
1201,4268,3,2,93.77,0.1826
1202,875,197,1,584.98,0.0532
1203,2567,55,2,1870.04,0.0941
1204,1331,140,5,403.04,0.1301
1205,1774,45,3,402.29,0.0162
1206,8092,169,2,1147.54,0.089
1207,3754,96,3,1140.21,0.0677
1208,4507,170,5,1157.81,0.1289
1209,1445,33,2,560.11,0.2994
1210,6631,70,3,433.7,0.2994
1211,7974,6,4,1926.08,0.055
1212,4596,130,3,1515.69,0.2149
1213,568,154,3,813.07,0.2675
1214,9890,48,3,504.76,0.1561
1215,4765,57,1,2195.92,0.2219
1216,6637,69,2,354.32,0.1244
1217,5808,174,3,1465.91,0.1797
1218,9293,176,5,1531.41,0.1384
1219,46,41,3,2144.29,0.0907
1220,2807,107,3,156.18,0.0441
1221,9731,16,4,779.73,0.0875
1222,2784,180,4,2415.67,0.2643
1223,7127,12,4,1428.66,0.2705
1224,761,15,1,1053.1,0.2584
1225,6221,101,5,802.32,0.0876
1226,6129,21,2,385.81,0.2681
1227,1513,153,5,480.03,0.0479
1228,5351,200,4,1951.56,0.2574
1229,661,158,5,621.99,0.0824
1230,6251,33,1,561.35,0.196
1231,698,194,3,808.05,0.2256
1232,7967,33,4,1894.47,0.0232
1233,9223,156,2,1059.54,0.0868
1234,825,90,1,85.67,0.1885
1235,979,41,5,1289.91,0.1801
1236,5462,129,2,706.07,0.2661
1237,9496,63,2,1153.55,0.1948
1238,1725,163,4,2210.06,0.0613
1239,6221,176,3,504.15,0.2346
1240,6268,39,1,856.32,0.2875
1241,2332,148,5,2363.91,0.1952
1242,6989,77,5,1936.63,0.1398
1243,3830,166,1,696.6,0.2426
1244,6752,23,1,279.26,0.137
1245,8749,140,2,2335.82,0.0454
1246,9315,6,3,376.31,0.0245
1247,8056,98,3,921.3,0.1192
1248,2116,7,4,839.55,0.2131
1249,2126,51,5,303.29,0.2086
1250,3218,14,5,265.52,0.1595
1251,8267,16,1,716.73,0.1313
1252,5971,151,4,930.03,0.1984
1253,8706,18,3,2422.75,0.288
1254,6019,135,3,1347.86,0.0867
1255,7837,68,3,2274.1,0.1682
1256,5882,25,4,334.28,0.2535
1257,7216,33,4,607.66,0.0779
1258,4230,51,1,419.61,0.0778
1259,6971,23,2,947.07,0.2646
1260,3091,50,4,2294.99,0.2885
1261,2032,149,3,745.63,0.2054
1262,3407,63,4,1495.0,0.1934
1263,3991,149,2,2290.14,0.158
1264,8723,122,4,1264.09,0.2344
1265,8033,112,3,1326.33,0.2896
1266,8626,27,1,1387.99,0.115
1267,1630,154,4,711.55,0.0876
1268,3708,19,3,1054.69,0.292
1269,6277,58,4,2120.9,0.1519
1270,8259,7,1,1008.35,0.0523
1271,8860,143,5,1055.93,0.2643
1272,150,66,3,303.28,0.0314
1273,1133,194,3,1166.89,0.1554
1274,7663,175,4,221.69,0.2276
1275,4711,46,5,679.09,0.2638
1276,5201,89,3,2448.97,0.0246
1277,540,44,3,2263.78,0.2035
1278,1822,137,5,1558.96,0.2424
1279,8667,71,4,1786.35,0.1871
1280,2302,11,3,605.44,0.0768
1281,2541,115,3,372.89,0.2042
1282,2619,56,1,1384.19,0.2717
1283,7373,132,2,2246.59,0.2787
1284,2850,125,3,2083.37,0.2135
1285,7894,37,3,1479.05,0.0681
1286,5345,90,3,2461.97,0.0662
1287,6574,117,1,631.31,0.1093
1288,5599,34,5,1920.59,0.0568
1289,3489,80,2,719.91,0.0706
1290,5493,105,1,2436.5,0.0665
1291,3483,47,2,672.51,0.0303
1292,5795,30,4,923.42,0.1587
1293,8442,118,3,1198.85,0.0834
1294,559,46,5,814.4,0.2983
1295,9778,80,2,699.73,0.1258
1296,5770,70,3,1184.1,0.1908
1297,2332,33,5,2043.86,0.285
1298,6825,50,3,1937.68,0.2386
1299,5089,15,3,1119.15,0.2441
1300,1725,20,5,792.71,0.2812
1301,1587,127,3,341.57,0.254
1302,4837,88,4,2176.18,0.2678
1303,2793,40,1,2216.44,0.2735
1304,6589,32,2,180.85,0.1482
1305,417,97,5,1875.4,0.048
1306,6606,112,1,2211.47,0.2495
1307,804,12,2,1844.94,0.2526
1308,2951,15,5,858.98,0.1743
1309,1570,187,5,1080.94,0.2339
1310,8490,188,4,761.96,0.274
1311,3233,72,5,1363.65,0.1599
1312,8974,4,4,2226.39,0.1586
1313,3033,27,2,1683.38,0.2715
1314,4508,101,3,1153.92,0.1633
1315,4722,186,4,2152.93,0.2456
1316,8615,181,3,17.23,0.2493
1317,9310,39,3,697.14,0.0957
1318,4639,143,5,1098.26,0.2993
1319,3972,19,1,1487.37,0.2519
1320,7630,117,3,2489.06,0.2202
1321,7524,14,1,1604.24,0.1158
1322,8728,71,4,963.13,0.05
1323,2266,134,3,1816.31,0.1023
1324,9570,162,3,2460.62,0.0269
1325,3649,125,3,1533.97,0.2599
1326,7895,25,1,888.93,0.2295
1327,9316,169,4,1710.17,0.072
1328,421,89,1,1168.3,0.0609
1329,7474,50,2,1346.38,0.0749
1330,6573,111,2,2389.07,0.1252
1331,315,79,5,1099.95,0.1466
1332,6234,170,3,794.62,0.0249
1333,2487,67,2,1592.33,0.0229
1334,5371,100,2,1427.34,0.1047
1335,1601,194,1,1002.38,0.1892
1336,5356,22,4,767.33,0.205
1337,2618,156,3,1320.1,0.2035
1338,100,96,3,421.2,0.1565
1339,9083,103,5,680.63,0.2872
1340,9004,1,4,2128.87,0.2271
1341,9614,172,3,2274.18,0.1461
1342,4044,151,1,992.36,0.1397
1343,8437,5,3,2087.88,0.1621
1344,3453,112,2,271.43,0.1026
1345,6306,99,3,552.44,0.2696
1346,1014,75,2,1497.56,0.1554
1347,4390,143,4,1699.6,0.1939
1348,246,197,2,640.64,0.0654
1349,9400,132,4,2350.24,0.08
1350,3521,172,5,1564.29,0.2794
1351,3240,74,2,2304.84,0.0159
1352,9832,33,4,278.06,0.1023
1353,3477,188,1,1464.67,0.1487
1354,7584,106,4,864.36,0.1001
1355,3596,198,5,2168.49,0.1102
1356,7834,46,2,48.24,0.2995
1357,1040,27,1,1921.3,0.1745
1358,6350,107,4,422.71,0.1556
1359,8088,28,2,2226.73,0.1269
1360,9179,174,5,1163.93,0.2332
1361,960,107,3,442.85,0.2168
1362,2253,34,5,2047.41,0.1933
1363,4253,157,5,1265.34,0.0524
1364,5535,96,2,167.91,0.0356
1365,4927,127,2,96.32,0.1474
1366,299,183,4,645.21,0.2398
1367,19,57,1,1788.37,0.021
1368,9715,124,5,1094.13,0.2693
1369,8892,150,2,1322.85,0.2549
1370,6440,143,2,353.31,0.0618
1371,625,27,5,1804.85,0.1235
1372,2417,123,4,912.73,0.0185
1373,1153,89,2,847.1,0.0139
1374,1299,60,3,1460.92,0.1249
1375,376,75,3,1917.23,0.098
1376,5208,72,1,75.02,0.2418
1377,3993,149,4,136.73,0.0818
1378,5060,200,5,253.63,0.2343
1379,6360,37,5,2117.53,0.0916
1380,1383,152,5,2140.6,0.1659
1381,852,110,3,1601.43,0.2563
1382,5601,126,5,129.01,0.0491
1383,9500,48,1,1881.07,0.1048
1384,8675,151,3,2171.25,0.2175
1385,9240,13,2,2289.65,0.0629
1386,5164,118,4,2009.12,0.0209
1387,9111,59,2,1129.57,0.2937
1388,2529,133,2,1155.02,0.1039
1389,6222,15,4,1250.27,0.2636
1390,2366,24,4,1192.54,0.0662
1391,8096,75,5,1292.91,0.159
1392,4612,184,5,217.57,0.2604
1393,6014,8,1,2039.36,0.0186
1394,5919,106,4,22.2,0.2262
1395,1735,119,4,92.22,0.0398
1396,1537,102,2,80.87,0.0684
1397,9742,170,5,2251.91,0.1066
1398,1246,115,1,2488.66,0.0887
1399,2534,135,5,753.61,0.112
1400,1815,116,4,326.9,0.2086
1401,3527,152,1,62.05,0.0731
1402,9324,27,5,2256.06,0.184
1403,6631,127,2,903.85,0.1785
1404,4489,109,5,1238.31,0.0727
1405,4215,3,5,947.46,0.0239
1406,1774,48,1,2269.12,0.0753
1407,8958,150,1,2083.83,0.195
1408,6047,168,3,2242.16,0.0764
1409,1581,48,4,1082.94,0.0639
1410,9854,177,2,553.71,0.2811
1411,9863,29,5,1511.12,0.2876
1412,8179,17,1,539.76,0.1198
1413,1088,7,5,823.16,0.2332
1414,7174,171,5,2363.58,0.0215
1415,3490,35,5,2179.66,0.2714
1416,6161,168,5,1101.35,0.1038
1417,8012,195,2,812.04,0.2298
1418,2601,134,2,1453.43,0.1967
1419,2490,2,2,1910.98,0.1209
1420,6510,39,2,497.7,0.023
1421,7523,124,3,2268.63,0.1847
1422,9629,102,1,481.04,0.0216
1423,816,33,4,1531.11,0.2878
1424,8031,106,4,1381.36,0.1287
1425,8424,151,1,832.42,0.0873
1426,9677,116,4,1410.08,0.0625
1427,7258,33,3,2201.98,0.0223
1428,7318,89,1,836.18,0.2125
1429,8040,78,4,2214.85,0.2972
1430,1479,30,5,170.74,0.1377
1431,4485,9,3,1341.39,0.2114
1432,1332,94,4,742.95,0.1453
1433,1281,126,3,2326.94,0.1214
1434,2422,71,1,132.17,0.1088
1435,2240,62,1,61.52,0.2685
1436,1406,200,1,2026.75,0.2281
1437,7604,71,4,1852.98,0.2576
1438,8371,153,2,400.41,0.029
1439,6366,175,3,2356.02,0.1087
1440,8085,51,4,2186.49,0.0626
1441,8743,28,3,618.7,0.0514
1442,6128,98,5,1715.79,0.2645
1443,4075,116,1,1079.9,0.2667
1444,5433,125,1,1408.44,0.1716
1445,4905,164,2,1980.7,0.0778
1446,5780,189,1,1582.5,0.2925
1447,5654,102,5,248.85,0.033
1448,4253,67,3,1521.31,0.233
1449,5934,161,4,475.82,0.0987
1450,8393,190,1,1122.75,0.1208
1451,7557,154,4,991.15,0.2402
1452,3896,192,2,222.9,0.0109
1453,9539,183,1,261.28,0.1406
1454,4441,6,2,1972.49,0.123
1455,2464,67,3,1446.5,0.0787
1456,2145,14,3,2434.65,0.289
1457,6098,113,5,2379.25,0.1492
1458,8813,177,1,488.72,0.1304
1459,6884,50,4,2140.97,0.2068
1460,1778,75,1,825.3,0.2231
1461,3881,145,3,442.72,0.0788
1462,6685,183,2,1137.58,0.0909
1463,1133,188,5,723.68,0.0114
1464,955,174,4,1278.71,0.2976
1465,132,191,2,1624.86,0.0001
1466,605,176,4,768.58,0.144
1467,4662,62,5,1367.2,0.1335
1468,7410,144,5,1569.89,0.2414
1469,1401,124,4,1546.09,0.0208
1470,6448,193,3,2312.38,0.0935
1471,2549,48,2,1626.75,0.2167
1472,5760,54,2,841.48,0.2938
1473,1886,190,1,249.92,0.2989
1474,339,134,2,1224.68,0.054
1475,5804,161,3,1446.46,0.0215
1476,6559,199,3,1397.35,0.1476
1477,911,72,4,1382.12,0.0106
1478,3997,117,1,947.74,0.1409
1479,9046,170,2,2394.97,0.2834
1480,4271,123,2,1538.2,0.2526
1481,8020,30,5,567.36,0.0138
1482,5501,7,4,30.9,0.0066
1483,4615,168,1,1431.88,0.1258
1484,897,61,3,1869.69,0.0332
1485,8425,142,2,287.08,0.111
1486,2759,189,2,1173.71,0.2095
1487,9017,64,5,2430.66,0.1007
1488,8317,55,5,1243.34,0.1095
1489,698,67,2,2136.05,0.0239
1490,1062,90,2,364.47,0.2712
1491,248,172,5,1138.24,0.2479
1492,1920,58,3,893.2,0.113
1493,1612,162,2,85.21,0.1671
1494,8333,94,4,1310.01,0.1479
1495,4193,185,2,1005.86,0.0648
1496,5775,157,4,1534.99,0.0692
1497,3664,165,5,1373.02,0.1498
1498,1378,89,3,1141.87,0.1271
1499,7156,68,1,266.21,0.1218
1500,6619,62,1,1115.08,0.2512
1501,2864,1,1,2428.13,0.007
1502,9743,200,5,696.52,0.2883
1503,9000,117,5,971.64,0.2375
1504,4631,180,2,2106.06,0.2685
1505,2313,57,3,1307.31,0.1943
1506,8864,57,3,20.07,0.0852
1507,8497,66,2,1355.59,0.1565
1508,4880,81,3,2181.96,0.1339
1509,1312,61,3,1730.57,0.0531
1510,7843,52,2,1896.58,0.2934
1511,4397,107,5,110.09,0.0906
1512,8328,49,1,460.26,0.0125
1513,6632,23,2,1469.14,0.1466
1514,3313,69,2,395.42,0.0322
1515,2852,96,1,1888.37,0.2483
1516,3033,149,1,578.87,0.0099
1517,2407,186,4,805.28,0.0153
1518,3066,9,4,118.51,0.2371
1519,7620,199,4,1074.24,0.0381
1520,9434,82,5,650.47,0.169
1521,7887,79,2,97.44,0.1874
1522,8323,186,4,347.71,0.2985
1523,627,176,5,990.13,0.0763
1524,288,80,1,865.56,0.0888
1525,5887,189,4,2154.3,0.0198
1526,2708,37,2,767.45,0.0151
1527,2104,115,3,1046.83,0.1228
1528,2382,5,5,1030.32,0.1976
1529,1635,161,5,1503.35,0.1986
1530,9788,193,1,2258.38,0.233
1531,8879,113,1,1691.43,0.1619
1532,1612,7,1,2098.4,0.238
1533,4063,42,4,480.0,0.0541
1534,5514,60,1,2101.04,0.1902
1535,8033,132,3,1754.88,0.2335
1536,5284,4,5,747.85,0.1713
1537,5930,77,5,2240.03,0.2171
1538,9187,99,1,1667.59,0.0425
1539,1402,107,2,1177.4,0.1329
1540,6192,146,5,1765.52,0.2554
1541,1554,116,4,31.74,0.0954
1542,6745,125,2,818.68,0.2697
1543,3571,178,2,1945.1,0.2964
1544,6296,110,3,2149.65,0.0418
1545,8852,13,1,2003.46,0.0443
1546,965,31,4,1832.05,0.1125
1547,988,42,2,1251.49,0.1689
1548,8805,70,2,486.15,0.2289
1549,7367,114,1,290.34,0.0202
1550,2131,139,4,2311.13,0.2345
1551,7222,149,1,538.83,0.0491
1552,9469,154,4,624.51,0.0255
1553,4967,15,1,1808.58,0.1808
1554,3507,152,1,1893.33,0.0231
1555,7720,188,1,1029.35,0.0219
1556,8421,82,3,201.5,0.1853
1557,1019,200,1,1218.87,0.2096
1558,9413,105,2,2034.62,0.2758
1559,5291,163,3,2206.69,0.2872
1560,2880,28,1,1630.79,0.1431
1561,6658,157,4,1716.17,0.1932
1562,3358,52,5,74.11,0.2334
1563,5735,110,3,544.63,0.2769
1564,1547,190,4,1871.34,0.0066
1565,1612,56,3,1333.3,0.0654
1566,3978,2,4,1473.62,0.1573
1567,5108,82,2,2028.81,0.0695
1568,4150,193,4,1678.65,0.155
1569,4613,63,2,1058.45,0.2037
1570,7663,60,4,2435.43,0.2309
1571,4512,194,3,615.78,0.2508
1572,556,109,5,859.72,0.2984
1573,8398,109,3,1674.0,0.2639
1574,9194,142,2,591.61,0.1042
1575,3864,28,4,960.56,0.0871
1576,118,44,4,1732.96,0.0906
1577,2528,121,4,855.13,0.0276
1578,3852,188,5,157.21,0.1989
1579,3762,149,3,1406.58,0.0032
1580,5491,34,3,1928.76,0.0877
1581,6372,110,4,1860.99,0.2301
1582,9651,182,4,1558.41,0.1408
1583,5237,167,4,1916.65,0.1239
1584,5704,4,3,510.33,0.2358
1585,4637,156,5,1838.88,0.1207
1586,9241,39,4,139.07,0.1421
1587,6231,193,4,1854.03,0.148
1588,3001,173,5,141.01,0.1518
1589,7423,72,5,1932.13,0.0305
1590,5516,61,4,2214.05,0.1584
1591,2226,60,2,2075.17,0.1161
1592,9298,144,5,881.14,0.2699
1593,5988,51,5,2438.2,0.0038
1594,2994,112,3,1303.26,0.1549
1595,8723,45,1,957.4,0.2924
1596,4863,31,4,1462.05,0.0046
1597,3441,135,1,772.76,0.2073
1598,1997,51,1,458.09,0.009
1599,8934,133,4,420.9,0.2587
1600,1075,194,3,436.1,0.0589
1601,7529,41,5,582.31,0.2475
1602,867,117,3,2217.84,0.275
1603,3783,68,3,1020.71,0.0408
1604,9385,10,4,15.24,0.0295
1605,4022,99,2,770.14,0.251
1606,9363,65,5,2490.32,0.0525
1607,4184,3,5,1844.45,0.016
1608,7470,171,4,1267.04,0.0662
1609,591,173,2,331.48,0.0616
1610,7192,154,2,1147.1,0.2024
1611,2225,81,1,1604.57,0.1416
1612,7355,42,1,2298.14,0.2297
1613,5334,72,3,1237.58,0.0708
1614,6134,30,5,1377.02,0.1473
1615,4846,72,5,1425.75,0.0317
1616,9809,115,5,2377.71,0.1416
1617,4905,24,3,857.12,0.1498
1618,4899,73,2,2153.46,0.2735
1619,2496,84,2,1086.9,0.2846
1620,9397,116,5,1855.99,0.2626
1621,8357,172,2,1215.53,0.2767
1622,2484,141,5,1392.39,0.014
1623,3602,37,2,832.93,0.248
1624,3328,19,4,1045.4,0.02
1625,2001,5,1,1320.48,0.1716
1626,5256,164,4,1516.68,0.0256
1627,4573,183,1,935.21,0.2373
1628,6897,52,2,2087.94,0.0007
1629,5234,162,4,1801.87,0.1152
1630,2365,111,5,1137.06,0.1589
1631,8124,136,4,1841.29,0.0813
1632,5829,4,2,31.59,0.1516
1633,1211,102,2,1489.98,0.2629
1634,6847,200,1,1320.67,0.183
1635,1799,73,4,1293.58,0.1659
1636,547,41,2,1514.79,0.2943
1637,8234,169,4,2009.07,0.117
1638,1749,31,3,129.49,0.2646
1639,7453,95,2,384.85,0.194
1640,6438,60,1,38.86,0.2326
1641,6914,179,1,605.87,0.0936
1642,1561,40,5,2444.47,0.1832
1643,3778,199,2,943.03,0.2545
1644,6203,25,5,1448.34,0.1877
1645,7786,197,1,2475.41,0.2028
1646,2567,61,2,1573.78,0.1533
1647,7857,146,3,440.16,0.0381
1648,7020,71,4,2015.55,0.2248
1649,1768,166,2,1386.57,0.2085
1650,1321,64,5,2488.47,0.1488
1651,3945,182,2,1891.34,0.121
1652,9948,106,1,2487.11,0.2001
1653,5412,79,1,2228.59,0.21
1654,7152,177,1,467.62,0.1148
1655,5909,45,4,1873.95,0.092
1656,8475,190,2,1252.78,0.291
1657,4693,52,1,337.48,0.2928
1658,6363,31,1,1426.05,0.1122
1659,7045,184,3,247.81,0.2882
1660,6005,117,1,1908.6,0.1754
1661,3811,73,5,912.69,0.0042
1662,6102,147,1,2025.2,0.0332
1663,827,124,5,1710.46,0.0661
1664,4004,70,4,2197.74,0.2442
1665,8482,182,4,476.9,0.22
1666,8756,100,2,1618.08,0.2478
1667,4598,156,3,2161.73,0.156
1668,7677,187,2,581.13,0.1685
1669,8846,62,1,1961.29,0.0136
1670,3131,178,4,722.85,0.0641
1671,1081,166,5,2041.54,0.1382
1672,9848,10,2,1296.07,0.2397
1673,3109,163,4,1670.39,0.1937
1674,3770,46,5,933.54,0.1864
1675,8659,24,5,2067.28,0.2681
1676,4896,98,1,321.06,0.1805
1677,3535,115,2,495.72,0.0822
1678,7869,73,5,238.37,0.1461
1679,2028,98,4,2374.72,0.2143
1680,3693,91,2,1173.73,0.2494
1681,6027,91,1,1201.57,0.1593
1682,2661,127,1,764.2,0.243
1683,6290,160,4,1182.21,0.2969
1684,2253,27,5,599.21,0.0186
1685,2027,26,1,2379.84,0.2192
1686,1255,172,1,669.68,0.2781
1687,9484,145,5,2314.74,0.1501
1688,9138,144,5,1228.01,0.1143
1689,9979,154,5,1101.39,0.1655
1690,7526,102,3,2012.5,0.2723
1691,8681,56,3,1244.13,0.2556
1692,6768,165,5,678.25,0.1801
1693,4826,82,5,1096.3,0.2795
1694,8940,144,4,1107.51,0.2173
1695,9815,2,1,748.48,0.1128
1696,356,158,2,1059.68,0.0714
1697,6299,73,3,313.49,0.1893
1698,2740,183,3,2351.29,0.2285
1699,9808,191,5,1605.36,0.1996
1700,3149,115,5,495.07,0.1844
1701,8908,64,5,1976.7,0.027
1702,3931,65,2,676.93,0.1793
1703,7649,155,3,1496.72,0.0032
1704,4767,137,2,2287.33,0.0121
1705,5259,91,1,1916.7,0.0754
1706,4497,167,2,318.24,0.0371
1707,6258,163,4,1371.33,0.0685
1708,8088,161,3,1773.56,0.291
1709,6104,141,2,517.02,0.2802
1710,5133,78,3,264.85,0.0216
1711,8086,181,5,382.84,0.0253
1712,9875,1,2,2408.59,0.1745
1713,9639,178,3,2114.95,0.2836
1714,7189,71,2,2146.98,0.2285
1715,9712,175,2,626.9,0.2065
1716,4311,103,2,1402.22,0.121
1717,5264,180,4,1226.61,0.2114
1718,2538,34,4,2088.25,0.1808
1719,4999,117,2,1063.03,0.2375
1720,8532,92,2,1351.66,0.2758
1721,8304,7,3,1459.0,0.2215
1722,3738,174,5,937.81,0.0714
1723,4182,116,1,99.33,0.1435
1724,4457,79,5,1245.66,0.2167
1725,484,24,3,1240.77,0.2449
1726,9073,91,4,116.51,0.0665
1727,3103,39,3,1223.41,0.1677
1728,7528,190,3,1285.19,0.2818
1729,168,195,1,349.14,0.2014
1730,7451,74,5,372.83,0.1623
1731,7049,169,4,2342.27,0.2096
1732,7116,157,3,488.1,0.1686
1733,8029,200,1,790.62,0.0872
1734,3292,17,3,754.72,0.1221
1735,1736,137,3,1649.08,0.2495
1736,7281,119,5,1610.28,0.1766
1737,9741,15,5,2283.12,0.1282
1738,6094,4,1,1015.91,0.0339
1739,847,149,3,1953.48,0.0345
1740,888,71,3,952.9,0.0454
1741,6508,176,3,611.51,0.2779
1742,9504,136,2,2229.82,0.2872
1743,4054,46,2,1216.9,0.22
1744,3127,135,3,985.42,0.0144
1745,4265,110,5,2265.49,0.1807
1746,1818,198,1,2349.43,0.1873
1747,3181,137,5,1136.8,0.2954
1748,5021,176,1,63.9,0.0718
1749,2944,100,4,95.67,0.2169
1750,6180,52,3,1528.45,0.2981
1751,6868,157,3,2132.27,0.2817
1752,3937,3,2,2189.97,0.1063
1753,6203,109,4,2254.35,0.0424
1754,5611,159,2,2021.67,0.023
1755,3743,88,5,2182.54,0.018
1756,9955,63,2,2106.48,0.0264
1757,9376,152,1,2102.86,0.2939
1758,2858,176,3,828.76,0.2961
1759,3897,100,5,993.35,0.0347
1760,5488,35,4,802.88,0.0246
1761,5083,118,3,399.11,0.1994
1762,8536,25,5,840.17,0.2457
1763,7480,184,4,2269.89,0.2275
1764,6066,103,1,2428.14,0.0028
1765,8827,21,1,388.95,0.1304
1766,1238,143,4,1660.12,0.216
1767,3230,131,3,2417.89,0.2439
1768,4378,121,1,528.58,0.2083
1769,2178,10,5,2102.51,0.0989
1770,5482,178,3,751.76,0.0812
1771,2924,126,4,1034.68,0.2487
1772,6407,80,1,2291.88,0.163
1773,5275,13,1,159.4,0.0763
1774,1329,44,2,1129.6,0.2602
1775,5368,129,2,1271.7,0.245
1776,9429,175,3,2253.85,0.148
1777,1434,55,3,1440.85,0.2431
1778,1857,161,4,2363.54,0.031
1779,1533,200,4,804.93,0.2722
1780,6862,16,4,1241.73,0.2933
1781,9920,48,2,71.44,0.0033
1782,4964,35,1,2472.13,0.26
1783,1496,51,1,594.71,0.2256
1784,8281,188,4,2323.1,0.2565
1785,1929,78,2,1009.57,0.089
1786,9231,105,4,425.53,0.2865
1787,5894,91,5,1058.38,0.2499
1788,7725,172,3,820.16,0.1237
1789,1868,176,2,2380.25,0.2365
1790,8135,129,1,1931.32,0.1278
1791,9635,107,5,530.48,0.0989
1792,3906,94,3,1357.17,0.0438
1793,5530,35,3,1679.78,0.2783
1794,5081,138,3,1454.64,0.0695
1795,3774,95,2,2293.0,0.1534
1796,469,12,2,295.77,0.1585
1797,8833,104,2,115.49,0.0102
1798,8629,35,1,1535.65,0.239
1799,8166,167,1,1867.12,0.208
1800,9148,128,1,2026.53,0.0869
1801,4618,96,5,539.65,0.2798
1802,1686,173,5,487.45,0.2975
1803,285,28,4,2098.86,0.2022
1804,4933,152,4,853.77,0.2246
1805,5512,148,3,1654.28,0.0179
1806,2485,11,3,389.77,0.1306
1807,1163,28,2,2005.47,0.0074
1808,9630,20,3,2402.79,0.2157
1809,1572,197,3,2429.55,0.2492
1810,4010,191,5,1304.75,0.0357
1811,7864,116,1,609.65,0.0281
1812,4743,58,3,365.41,0.247
1813,390,40,4,625.65,0.1521
1814,557,7,4,1559.76,0.2539
1815,6550,86,3,1098.16,0.1187
1816,2001,165,2,1201.35,0.0523
1817,7759,157,4,1193.6,0.1113
1818,2505,76,3,1986.71,0.0838
1819,3526,93,4,2080.9,0.1528
1820,9303,164,3,49.67,0.2672
1821,6143,35,5,2296.78,0.1073
1822,5329,107,4,980.24,0.2206
1823,1277,150,3,613.43,0.1917
1824,7328,18,5,2490.1,0.0668
1825,3267,185,3,319.48,0.0952
1826,9593,86,3,812.81,0.0619
1827,6288,83,2,2269.15,0.2275
1828,4226,34,3,1196.95,0.0385
1829,2036,74,4,2315.63,0.1736
1830,5811,83,1,615.16,0.0514
1831,9649,102,3,1027.43,0.0592
1832,1353,9,4,143.36,0.0016
1833,9124,51,3,1143.86,0.1322
1834,5642,28,1,16.23,0.2428
1835,2948,25,1,802.45,0.0264
1836,4181,180,3,1792.06,0.2539
1837,4965,26,4,1814.51,0.2531
1838,6146,147,5,1078.05,0.0697
1839,8604,100,2,47.2,0.262
1840,121,68,3,340.53,0.248
1841,1481,49,4,616.54,0.1963
1842,8201,26,1,55.89,0.2494
1843,7809,45,4,554.29,0.0221
1844,4408,67,3,1316.15,0.0957
1845,7981,117,4,327.42,0.0866
1846,500,100,4,2167.72,0.2345
1847,7053,135,3,164.05,0.2255
1848,6030,10,3,1943.03,0.2673
1849,4241,196,5,1124.04,0.0865
1850,4497,135,3,1537.93,0.1421
1851,2975,150,1,1216.41,0.0056
1852,8878,53,4,1079.06,0.297
1853,5681,29,1,1705.64,0.1233
1854,755,139,2,579.41,0.1674
1855,5323,127,2,1224.62,0.1597
1856,6091,191,3,2021.31,0.1168
1857,2315,189,4,400.53,0.0699
1858,7881,56,3,245.44,0.2238
1859,2298,121,5,1514.98,0.1128
1860,4535,57,1,2409.5,0.2018
1861,3680,134,3,1081.59,0.2191
1862,387,37,5,2039.35,0.2178
1863,1486,13,1,1183.53,0.0245
1864,2544,47,3,598.11,0.2924
1865,4712,200,3,1220.39,0.2279
1866,7129,75,3,1113.09,0.1792
1867,6116,192,5,642.15,0.0865
1868,8329,97,1,892.53,0.0455
1869,2050,172,4,989.35,0.2383
1870,5239,176,5,2150.34,0.1183
1871,857,91,5,779.09,0.2735
1872,1144,103,5,2314.0,0.2821
1873,2838,146,1,48.53,0.0167
1874,8341,118,2,334.06,0.1741
1875,6986,173,4,82.29,0.1151
1876,2267,160,4,1922.67,0.1225
1877,6327,24,4,324.51,0.1849
1878,8762,86,2,1441.58,0.2332
1879,198,178,5,1948.04,0.1649
1880,3446,59,2,1231.06,0.227
1881,5563,3,4,258.37,0.2896
1882,6504,67,5,2096.05,0.1233
1883,5505,14,1,527.46,0.1334
1884,7266,96,4,249.66,0.202
1885,7472,16,5,1922.32,0.0118
1886,8904,197,1,84.34,0.0352
1887,9119,190,2,1550.2,0.0452
1888,8400,187,5,1059.65,0.1735
1889,5504,95,5,1094.48,0.1632
1890,2353,149,2,2014.02,0.0918
1891,2776,168,1,131.04,0.1725
1892,9184,61,2,1858.0,0.2893
1893,5885,51,4,1768.13,0.2586
1894,3427,85,3,2224.97,0.1078
1895,8317,10,2,1449.24,0.2854
1896,861,169,4,412.84,0.1064
1897,8900,12,5,130.52,0.1721
1898,1315,192,4,1113.41,0.2059
1899,4555,128,5,1804.72,0.1827
1900,1058,167,3,120.13,0.2535
1901,6887,97,3,631.89,0.1696
1902,8122,192,2,1930.4,0.1124
1903,4437,199,3,587.61,0.1637
1904,9553,1,2,962.09,0.2804
1905,9362,14,1,1871.08,0.2131
1906,7886,173,5,1084.61,0.0841
1907,1574,149,2,1931.8,0.0059
1908,8512,173,3,686.51,0.1813
1909,7197,113,3,2395.8,0.0442
1910,8563,200,5,248.12,0.1511
1911,7178,81,5,1882.37,0.0737
1912,1809,62,1,199.35,0.2692
1913,7101,45,1,2115.12,0.039
1914,6228,182,3,354.2,0.2953
1915,1617,127,5,1472.37,0.0332
1916,4679,113,2,843.91,0.1816
1917,4979,79,2,1517.75,0.1558
1918,3901,130,5,133.83,0.2176
1919,871,141,4,2205.15,0.0675
1920,300,157,1,1789.81,0.1286
1921,2270,156,4,874.0,0.0013
1922,9126,8,2,1184.28,0.2011
1923,4329,163,5,1571.13,0.0958
1924,2226,24,2,1550.25,0.2876
1925,74,7,1,1604.74,0.1376
1926,7456,28,2,400.0,0.2081
1927,7033,90,5,1986.05,0.0523
1928,1370,191,5,1157.42,0.2418
1929,1456,6,5,2003.58,0.0045
1930,2266,122,1,2322.33,0.0161
1931,7710,120,2,271.63,0.2331
1932,9993,11,1,899.76,0.1214
1933,6764,38,1,1334.46,0.0161
1934,2849,194,2,350.26,0.1175
1935,8474,191,4,658.99,0.0483
1936,714,32,2,137.23,0.1403
1937,7466,26,1,1708.13,0.2969
1938,7207,32,3,1248.53,0.0038
1939,5437,163,4,92.7,0.2337
1940,7928,130,4,769.57,0.1102
1941,9130,131,3,1029.21,0.2353
1942,816,161,4,866.29,0.1339
1943,1776,7,2,60.37,0.2253
1944,7329,176,3,729.98,0.165
1945,9371,89,3,216.66,0.2235
1946,5277,80,3,29.39,0.1539
1947,3794,151,2,892.76,0.2012
1948,2915,81,4,975.38,0.1379
1949,7791,97,4,2287.47,0.0707
1950,9994,103,5,333.82,0.2272
1951,6506,9,2,1755.52,0.1497
1952,4573,67,4,669.95,0.1175
1953,1168,176,5,1251.46,0.2974
1954,8449,163,5,1085.43,0.016
1955,7506,62,1,1217.79,0.2176
1956,2436,152,2,1910.08,0.1243
1957,1749,70,5,60.86,0.0999
1958,8324,78,3,832.99,0.2686
1959,2675,3,3,860.61,0.2328
1960,2452,6,1,250.44,0.0062
1961,4415,164,5,41.55,0.2207
1962,8995,86,3,1801.75,0.0025
1963,9005,53,5,2208.59,0.0142
1964,4760,132,3,787.73,0.0764
1965,8690,10,2,1637.77,0.2942
1966,6044,113,4,2487.93,0.1174
1967,2553,49,3,423.14,0.1708
1968,8344,171,2,702.51,0.2344
1969,3284,196,4,2047.87,0.0786
1970,6424,13,1,23.14,0.2817
1971,9542,83,4,1487.81,0.1384
1972,1126,110,2,1202.89,0.2632
1973,6527,119,3,1805.99,0.1357
1974,1398,171,1,1329.48,0.2721
1975,2813,102,5,1297.67,0.2581
1976,281,176,1,1780.18,0.1031
1977,6624,158,4,1381.7,0.0262
1978,7761,43,2,2465.59,0.0189
1979,9669,159,1,1749.49,0.1402
1980,273,51,1,2020.03,0.0122
1981,7625,38,3,1065.01,0.1866
1982,7507,147,4,2395.69,0.2424
1983,521,151,3,1129.38,0.2601
1984,1727,178,3,875.13,0.2837
1985,4200,174,4,2349.24,0.0252
1986,9299,41,1,952.01,0.2629
1987,5229,79,2,923.53,0.0301
1988,7288,114,2,1397.58,0.2971
1989,9668,145,4,2125.87,0.0327
1990,4998,180,4,835.33,0.2987
1991,5387,13,2,2076.32,0.1234
1992,9109,152,2,419.99,0.222
1993,1983,80,5,443.87,0.0526
1994,6640,102,4,1135.57,0.0248
1995,4313,158,3,669.31,0.2017
1996,5760,109,1,1218.66,0.1659
1997,3922,122,1,46.0,0.2724
1998,8853,44,5,702.67,0.2042
1999,3735,119,4,2369.64,0.191
2000,7741,15,1,2199.98,0.1958
2001,2046,4,1,86.35,0.1203
2002,670,52,1,2013.77,0.2165
2003,6124,104,2,1118.03,0.2683
2004,1646,46,5,2044.86,0.2075
2005,9622,59,3,711.05,0.0339
2006,3442,174,2,1382.26,0.1357
2007,920,32,4,2465.52,0.1211
2008,7383,149,5,827.16,0.1453
2009,5427,29,2,2213.52,0.0875
2010,2113,158,2,2194.96,0.1675
2011,3952,121,5,397.8,0.2413
2012,412,7,4,620.21,0.1006
2013,7420,42,5,333.02,0.2762
2014,5268,74,5,730.75,0.0829
2015,3300,178,4,1316.75,0.1504
2016,2859,86,2,2321.27,0.1964
2017,9413,17,4,1000.51,0.2458
2018,2751,146,3,2469.91,0.2003
2019,6315,133,4,1007.1,0.2644
2020,754,189,3,1478.73,0.2493
2021,1487,167,5,2412.44,0.0612
2022,9633,98,1,1509.95,0.1112
2023,3372,196,5,976.45,0.0087
2024,5273,169,3,1320.94,0.0862
2025,7459,72,4,1366.25,0.0045
2026,2207,26,3,276.06,0.206
2027,2370,89,1,1020.55,0.213
2028,7166,39,5,1322.99,0.2347
2029,7347,67,3,1951.46,0.0427
2030,9964,44,2,30.01,0.0973
2031,3771,104,5,2037.52,0.1885
2032,7569,64,5,686.47,0.256
2033,1092,167,3,1792.75,0.2547
2034,8000,184,3,1934.29,0.121
2035,9603,86,1,2151.18,0.0992
2036,844,141,2,2380.37,0.1393
2037,6354,132,3,2251.53,0.0479
2038,9855,28,1,1588.47,0.0691
2039,878,83,3,1817.75,0.0054
2040,6101,3,5,1759.77,0.2243
2041,6513,27,5,1301.92,0.2985
2042,5686,189,5,1924.96,0.0233
2043,3632,75,5,1140.62,0.0451
2044,1562,134,4,2052.61,0.0613
2045,5448,48,5,1863.34,0.1634
2046,9304,56,2,1232.2,0.1162
2047,2155,29,5,1292.64,0.0237
2048,204,200,4,1608.19,0.0015
2049,4677,75,3,842.71,0.1014
2050,6080,120,3,1396.79,0.1325
2051,864,31,4,2251.34,0.2069
2052,3710,65,5,787.94,0.2938
2053,6971,71,1,1728.19,0.124
2054,8726,74,2,114.03,0.1562
2055,5063,137,5,333.56,0.2199
2056,8932,63,4,2214.23,0.1252
2057,4407,77,5,2259.75,0.1792
2058,2313,27,4,1428.37,0.1105
2059,8566,18,5,1498.45,0.2971
2060,2659,144,1,1033.07,0.0667
2061,4316,132,1,1497.88,0.2246
2062,1501,166,2,2191.18,0.0273
2063,520,148,2,399.12,0.0814
2064,363,169,4,1258.87,0.2096
2065,1477,186,1,2192.14,0.092
2066,2013,76,2,191.4,0.0921
2067,3325,28,4,514.97,0.0619
2068,5856,44,2,1289.44,0.0254
2069,8192,65,1,1549.39,0.1065
2070,5264,137,5,1772.25,0.0286
2071,531,106,3,474.62,0.2957
2072,4148,113,1,1500.66,0.0906
2073,2703,161,2,868.3,0.1592
2074,9770,193,3,801.24,0.082
2075,1632,106,1,171.27,0.069
2076,847,9,2,323.13,0.2156
2077,7846,62,1,2000.44,0.1087
2078,9088,69,4,1150.14,0.0496
2079,9549,118,2,1876.41,0.0601
2080,1620,130,3,2046.74,0.2632
2081,1871,29,1,1986.53,0.1696
2082,2247,48,2,2453.32,0.1983
2083,9655,73,5,659.28,0.0262
2084,2198,51,2,195.85,0.1735
2085,6194,32,1,1313.79,0.0559
2086,1364,117,5,2408.85,0.0365
2087,3603,152,3,517.51,0.1456
2088,9051,117,5,1366.58,0.1785
2089,8970,186,1,1032.87,0.1088
2090,8242,148,5,1564.91,0.2068
2091,376,84,1,1098.96,0.2483
2092,23,117,5,2471.4,0.1852
2093,2673,171,4,1951.58,0.2348
2094,1030,116,3,1935.83,0.2545
2095,4376,133,3,926.8,0.297
2096,393,147,3,1916.57,0.1747
2097,3518,76,4,1311.61,0.0334
2098,9286,81,3,2145.35,0.124
2099,9690,98,5,1958.74,0.2236
2100,6125,155,2,1680.31,0.2614
2101,7502,41,4,614.27,0.0629
2102,8676,124,4,1440.7,0.1807
2103,4924,34,1,2234.3,0.219
2104,8423,21,4,1565.57,0.2965
2105,87,170,3,2082.02,0.1148
2106,4485,105,4,1341.1,0.0131
2107,1644,67,4,2109.59,0.2884
2108,8911,100,5,1465.14,0.0138
2109,4833,83,5,2130.35,0.0709
2110,2230,21,4,1189.99,0.1655
2111,2470,175,3,1671.22,0.0263
2112,6597,156,5,157.53,0.2829
2113,2249,191,2,1102.98,0.171
2114,583,192,5,361.36,0.1085
2115,4120,55,1,587.21,0.1076
2116,873,12,1,1360.17,0.0035
2117,2384,130,4,1358.56,0.2431
2118,8165,187,4,2001.43,0.1226
2119,3722,30,3,1195.51,0.003
2120,9685,12,2,2361.63,0.2395
2121,7317,167,3,847.37,0.2747
2122,6898,18,3,1155.67,0.1927
2123,1095,122,1,1929.44,0.2945
2124,4008,126,2,1647.9,0.1607
2125,4488,24,2,429.51,0.0253
2126,2296,140,5,1304.69,0.29
2127,9321,82,4,203.32,0.0893
2128,5172,134,4,386.07,0.2147
2129,2306,8,1,274.87,0.1508
2130,5605,57,1,251.14,0.0527
2131,8598,49,5,378.68,0.1169
2132,1655,143,5,2227.75,0.1211
2133,4982,7,3,1724.87,0.2265
2134,9780,58,4,1693.6,0.0837
2135,6511,53,5,2241.28,0.2978
2136,3774,153,2,1749.04,0.2479
2137,4446,189,3,1528.06,0.1863
2138,6770,140,3,1867.07,0.1566
2139,7874,112,4,1749.16,0.2227
2140,2103,25,4,1508.08,0.2861
2141,3853,147,4,282.5,0.2993
2142,8988,42,1,189.43,0.2605
2143,2905,80,4,424.74,0.0092
2144,1454,12,1,1558.94,0.2898
2145,9071,188,5,1311.95,0.22
2146,8579,36,2,1373.22,0.184
2147,2435,152,2,973.22,0.0534
2148,9373,33,3,2059.95,0.0378
2149,4520,164,3,1859.28,0.1374
2150,787,132,3,142.88,0.2164
2151,6804,178,2,512.71,0.2239
2152,3220,56,3,1371.13,0.1645
2153,7259,118,1,490.35,0.2417
2154,6700,114,3,365.74,0.1735
2155,1774,8,5,38.68,0.1292
2156,2043,189,3,2457.65,0.1098
2157,9817,8,1,589.86,0.0867
2158,7170,135,2,1064.76,0.2463
2159,7609,104,2,1572.93,0.0657
2160,9441,153,2,626.89,0.2699
2161,4243,176,1,2037.69,0.0925
2162,1626,35,2,1487.41,0.1279
2163,1472,79,4,1716.7,0.0446
2164,5550,146,3,396.89,0.0335
2165,1347,11,1,1810.68,0.0422
2166,9307,157,3,146.64,0.2195
2167,14,87,5,812.55,0.2062
2168,9364,98,3,1084.91,0.2106
2169,1827,16,1,251.39,0.255
2170,8601,6,4,1404.67,0.0612
2171,5508,15,4,862.23,0.0776
2172,4153,73,2,351.18,0.2885
2173,2562,29,4,724.38,0.032
2174,1903,192,5,1456.91,0.0839
2175,8597,66,5,574.91,0.2885
2176,7917,111,3,1183.62,0.1642
2177,5721,97,5,1730.69,0.2784
2178,859,120,1,1534.18,0.2418
2179,209,141,2,1913.72,0.2849
2180,2191,71,5,1734.55,0.2216
2181,8110,57,2,1218.69,0.0785
2182,7795,179,2,1306.42,0.2278
2183,1823,28,3,672.81,0.1175
2184,7742,94,1,2331.1,0.048
2185,546,151,3,2256.29,0.0743
2186,8996,125,5,2043.79,0.0879
2187,1128,85,5,385.37,0.0309
2188,6477,113,2,1934.19,0.1207
2189,4093,1,4,2319.89,0.2827
2190,247,96,2,2275.88,0.0584
2191,8657,88,1,2264.07,0.2934
2192,6445,199,4,1689.75,0.1459
2193,620,163,4,636.79,0.2275
2194,1959,36,4,1470.11,0.0336
2195,6682,14,5,720.3,0.2586
2196,9422,184,1,2004.99,0.1734
2197,8549,62,5,442.84,0.0389
2198,2379,140,2,552.75,0.1496
2199,3352,103,2,673.75,0.2037
2200,885,87,2,1491.81,0.1238
2201,6586,142,2,1476.11,0.0974
2202,9951,190,5,1380.0,0.091
2203,9650,118,4,376.06,0.1603
2204,6344,22,1,1166.64,0.1318
2205,551,113,3,2322.24,0.2224
2206,8392,101,3,2346.51,0.2846
2207,9583,29,2,1208.95,0.0539
2208,3743,200,5,667.07,0.1526
2209,1444,75,2,2481.79,0.1469
2210,4775,94,5,561.6,0.1202
2211,8469,187,4,2104.73,0.2242
2212,54,86,1,747.27,0.1372
2213,164,15,2,2276.13,0.0282
2214,6799,149,1,310.56,0.1506
2215,2790,111,4,800.98,0.2263
2216,4518,89,3,1612.82,0.2876
2217,9446,77,2,250.27,0.0342
2218,9522,71,3,988.44,0.1902
2219,9178,113,1,993.29,0.106
2220,5360,140,1,1285.38,0.0683
2221,5653,61,3,24.05,0.1794
2222,1081,47,4,1633.42,0.1183
2223,8851,26,1,1032.24,0.0218
2224,5149,69,5,616.61,0.2687
2225,2266,200,1,527.55,0.1299
2226,4642,164,1,1940.96,0.2891
2227,849,183,5,726.47,0.0668
2228,8658,69,1,1698.08,0.0167
2229,4662,86,4,39.41,0.009
2230,7712,72,5,2426.19,0.1847
2231,4600,147,1,214.76,0.2512
2232,5662,162,5,1020.26,0.1919
2233,9567,198,1,1674.05,0.2471
2234,6112,191,1,1566.29,0.1553
2235,5516,126,2,2232.87,0.034
2236,9999,178,1,2424.75,0.2417
2237,8611,17,2,1803.59,0.1089
2238,1460,121,1,1602.35,0.2078
2239,4533,81,4,259.41,0.0342
2240,6030,79,3,1109.97,0.0845
2241,6290,39,2,479.67,0.1244
2242,2214,101,3,958.38,0.2905
2243,598,159,3,366.29,0.1913
2244,9382,150,4,1966.61,0.208
2245,5529,58,4,1290.15,0.2333
2246,8638,25,4,289.76,0.1478
2247,4750,19,3,1309.2,0.0466
2248,47,54,1,833.56,0.092
2249,9705,199,5,1260.87,0.074
2250,7891,2,4,653.29,0.269
2251,1287,79,2,1894.61,0.2185
2252,2702,22,1,35.2,0.1658
2253,943,166,4,363.45,0.0731
2254,2291,117,4,1434.79,0.0468
2255,904,7,4,1626.0,0.1774
2256,5453,105,5,118.38,0.0386
2257,2660,87,1,1670.74,0.1358
2258,1132,66,4,515.84,0.1744
2259,2369,116,1,381.57,0.1068
2260,6949,33,1,64.99,0.2781
2261,3545,82,3,1236.95,0.0275
2262,8659,121,1,1884.6,0.1267
2263,4058,108,5,1494.74,0.2691
2264,4851,135,5,2166.45,0.053
2265,4035,59,5,1342.28,0.1884
2266,1136,11,5,37.33,0.1744
2267,9671,140,4,2139.0,0.2713
2268,4384,146,1,2298.22,0.2655
2269,5573,129,3,2185.11,0.2744
2270,8533,189,4,487.56,0.1742
2271,660,121,2,2476.51,0.0536
2272,186,1,4,2403.85,0.041
2273,2077,27,4,2143.09,0.2311
2274,1432,73,4,1459.58,0.1258
2275,747,193,4,507.39,0.0744
2276,3835,76,3,496.38,0.2004
2277,8725,64,5,1304.28,0.2325
2278,7057,49,1,2232.96,0.2727
2279,7260,113,5,966.47,0.0131
2280,2976,199,3,1242.59,0.0319
2281,6316,163,3,1056.7,0.2039
2282,4210,185,4,1849.73,0.0446
2283,9314,169,4,261.01,0.0384
2284,7423,151,1,1804.46,0.0553
2285,3094,35,4,1966.63,0.0897
2286,9337,80,1,1792.18,0.2658
2287,8403,48,3,1697.49,0.2408
2288,3774,170,1,984.99,0.1004
2289,2864,200,1,1216.71,0.1877
2290,7816,80,2,541.43,0.2066
2291,2434,6,4,1735.17,0.2961
2292,7452,100,5,534.49,0.0243
2293,1924,120,2,1401.55,0.1078
2294,641,95,2,1871.16,0.2838
2295,9807,111,2,473.38,0.1596
2296,1485,92,5,688.1,0.235
2297,5855,35,5,1106.07,0.0691
2298,3793,17,2,1623.17,0.0856
2299,1926,175,3,818.23,0.2683
2300,1332,30,2,456.9,0.2019
2301,5453,9,1,401.63,0.2505
2302,6334,23,1,667.91,0.0642
2303,7158,45,5,1020.45,0.0724
2304,2141,65,1,245.97,0.0878
2305,7576,140,4,2381.09,0.2476
2306,1644,81,4,2497.45,0.0652
2307,6860,174,2,2180.01,0.201
2308,5098,161,4,2071.15,0.0972
2309,5903,128,4,1081.38,0.1831
2310,8191,22,2,852.6,0.1285
2311,3711,10,4,1090.66,0.0776
2312,9988,90,3,61.93,0.1988
2313,9870,142,4,411.97,0.2083
2314,2753,139,5,1372.87,0.2271
2315,9596,147,3,2318.9,0.2467
2316,6194,51,2,2319.36,0.0809
2317,8431,28,2,1790.28,0.1164
2318,7403,27,3,1219.97,0.1955
2319,319,139,2,680.01,0.2028
2320,8754,150,5,1043.86,0.2976
2321,5213,153,1,2462.54,0.0622
2322,3414,19,1,2145.17,0.1741
2323,6386,192,2,1219.0,0.0353
2324,2660,167,5,2136.13,0.0377
2325,1508,7,2,1872.58,0.1286
2326,7090,134,1,1017.79,0.1672
2327,4962,137,5,1242.8,0.0622
2328,2021,118,2,1166.88,0.0167
2329,155,146,4,51.07,0.1023
2330,8734,159,1,813.57,0.0658
2331,7379,198,1,111.32,0.0266
2332,7893,62,5,2214.02,0.2476
2333,1605,61,4,1472.57,0.1754
2334,9877,174,4,1019.12,0.2167
2335,2537,86,3,262.62,0.2285
2336,9472,9,1,116.03,0.0451
2337,2900,22,3,651.58,0.0808
2338,5862,53,4,998.58,0.0167
2339,5279,21,5,1502.99,0.2666
2340,869,163,2,889.83,0.2372
2341,3014,157,2,1210.8,0.083
2342,3311,85,1,1704.58,0.0931
2343,683,53,4,123.64,0.1755
2344,1462,62,3,1319.24,0.1789
2345,3830,186,5,722.7,0.2611
2346,146,61,2,1958.35,0.0089
2347,1975,163,2,817.45,0.2772
2348,5628,87,2,436.97,0.2606
2349,1821,168,3,1976.71,0.1521
2350,6268,82,1,1925.43,0.0347
2351,7869,59,1,1167.86,0.1861
2352,6963,87,5,472.89,0.1861
2353,6476,1,3,1190.31,0.0268
2354,8797,172,1,1113.01,0.2798
2355,6333,58,4,380.53,0.1883
2356,1607,182,3,916.88,0.1628
2357,4240,137,2,2039.28,0.1735
2358,1548,25,2,1265.02,0.1585
2359,6974,166,3,336.59,0.0275
2360,2773,153,3,2213.07,0.2302
2361,1988,7,3,1863.87,0.0013
2362,9578,174,2,1364.83,0.2473
2363,2897,80,5,679.51,0.0435
2364,6976,118,1,255.42,0.0926
2365,8175,35,3,1849.36,0.1104
2366,9138,95,1,1573.82,0.1319
2367,9498,189,4,2051.82,0.1402
2368,6583,1,1,1727.41,0.1903
2369,8351,148,1,399.02,0.136
2370,6014,186,4,1139.35,0.2261
2371,1351,193,4,790.53,0.0337
2372,7685,37,3,2165.66,0.0939
2373,7058,152,4,695.11,0.0739
2374,9847,113,4,1245.91,0.0939
2375,7986,133,2,1377.65,0.0601
2376,5876,139,1,1569.02,0.2612
2377,7281,120,5,1593.6,0.1474
2378,3031,163,1,1619.41,0.1871
2379,676,29,5,898.12,0.226
2380,369,118,4,1271.8,0.0916
2381,6771,151,2,160.21,0.262
2382,9396,152,1,1325.75,0.1348
2383,3361,78,1,1560.85,0.1915
2384,1472,115,5,1864.78,0.008
2385,5352,125,3,381.05,0.1266
2386,1349,75,1,1555.42,0.088
2387,3017,65,4,828.53,0.0105
2388,670,172,5,1018.48,0.1053
2389,5728,154,1,1194.94,0.2515
2390,1255,184,3,335.4,0.2677
2391,2009,20,1,611.4,0.171
2392,827,66,5,172.0,0.295
2393,2312,33,3,2435.85,0.277
2394,8642,175,2,489.05,0.2009
2395,8741,45,1,1589.84,0.0603
2396,1635,173,3,302.05,0.0363
2397,7909,198,4,1746.93,0.198
2398,3670,12,5,2189.36,0.1222
2399,9831,56,3,1196.05,0.0147
2400,4720,67,5,1720.89,0.2705
2401,4449,150,2,1656.74,0.0153
2402,1008,166,5,1639.63,0.2374
2403,1011,85,2,278.13,0.163
2404,7665,108,1,2044.53,0.1276
2405,2801,43,1,1471.32,0.2037
2406,8502,91,1,578.87,0.1451
2407,7728,134,4,1108.07,0.1775
2408,7529,139,1,1816.77,0.1738
2409,8348,17,4,1611.56,0.1804
2410,9829,107,4,394.27,0.2974
2411,5058,141,2,1508.07,0.0879
2412,4462,176,1,1278.76,0.0922
2413,3153,166,4,1640.25,0.1086
2414,7808,84,5,1964.28,0.2707
2415,7839,38,2,832.61,0.1661
2416,3131,49,1,1031.18,0.2785
2417,9453,99,4,1492.02,0.2273
2418,4568,65,4,1958.61,0.0754
2419,5535,108,2,1548.02,0.1712
2420,4470,50,2,51.67,0.0242
2421,3381,13,2,2477.65,0.1676
2422,1631,91,1,85.72,0.0573
2423,9338,131,4,2172.65,0.1234
2424,6777,28,5,2265.59,0.1729
2425,36,70,5,548.61,0.0577
2426,725,174,5,1941.48,0.2257
2427,9669,46,2,1199.78,0.1438
2428,2507,137,2,1052.6,0.2621
2429,3298,190,2,379.85,0.093
2430,891,45,1,1158.8,0.2298
2431,1401,161,4,1599.28,0.0073
2432,7920,4,5,1252.79,0.1657
2433,9219,141,4,571.48,0.2538
2434,4102,52,5,1225.15,0.2493
2435,7572,166,4,2184.8,0.1698
2436,2661,65,2,2047.22,0.1863
2437,5959,46,1,491.58,0.23
2438,3750,129,5,1230.95,0.1628
2439,8868,160,3,1515.49,0.2404
2440,8710,106,5,1337.1,0.1805
2441,4480,177,1,1656.61,0.0453
2442,7106,19,4,1715.54,0.2301
2443,6634,81,5,1019.32,0.1074
2444,6695,180,4,616.19,0.2652
2445,5395,167,2,1113.94,0.1155
2446,4704,190,1,283.47,0.0729
2447,8354,41,1,1872.23,0.0909
2448,601,76,5,1942.28,0.0547
2449,9752,148,4,2358.92,0.1345
2450,8857,22,3,2248.96,0.2245
2451,4958,159,4,331.38,0.1981
2452,6174,98,4,1371.62,0.2615
2453,4577,87,4,1768.24,0.0062
2454,4317,108,4,2073.28,0.2279
2455,7734,56,4,755.72,0.1826
2456,6264,19,5,2467.51,0.2894
2457,9965,113,5,1268.26,0.2493
2458,6013,66,3,1163.81,0.0842
2459,7941,66,1,1063.57,0.2593
2460,6658,38,1,457.34,0.2626
2461,1391,39,3,1401.85,0.2474
2462,7248,28,4,324.82,0.1577
2463,7527,11,2,2111.18,0.2548
2464,4287,113,5,134.65,0.0946
2465,9910,93,3,2133.53,0.1046
2466,1958,21,1,2029.92,0.1944
2467,9852,157,4,762.23,0.0082
2468,3089,93,4,103.6,0.1953
2469,5190,42,4,2212.89,0.0961
2470,1828,140,2,2013.75,0.2687
2471,9309,2,3,1592.19,0.1239
2472,2006,40,5,151.76,0.2246
2473,1162,102,5,1279.22,0.0818
2474,6591,63,5,2336.14,0.0988
2475,168,161,4,280.46,0.0556
2476,8481,109,1,1282.26,0.0723
2477,1038,174,4,2011.52,0.0324
2478,6199,10,4,1658.01,0.1851
2479,4824,139,2,995.23,0.2521
2480,7529,16,4,2231.62,0.0852
2481,3974,8,4,1324.79,0.0906
2482,9377,47,2,2174.15,0.2727
2483,9675,117,4,1534.89,0.0273
2484,200,174,3,792.62,0.0275
2485,8527,4,3,2248.3,0.2312
2486,3414,172,3,2200.95,0.0752
2487,179,92,2,777.18,0.1593
2488,8642,17,5,552.62,0.1374
2489,1725,82,3,2447.29,0.1665
2490,1180,5,1,1191.82,0.0256
2491,4836,72,1,2494.11,0.1139
2492,868,126,4,645.5,0.1921
2493,978,181,5,266.84,0.0671
2494,3641,5,4,34.03,0.0451
2495,8858,35,3,790.81,0.1317
2496,783,23,1,1468.28,0.2831
2497,4298,150,2,633.21,0.2845
2498,8039,112,5,1445.76,0.255
2499,6733,117,4,155.05,0.0773
2500,9680,187,1,2426.68,0.2081
2501,3551,66,3,878.2,0.2886
2502,8001,164,3,2433.68,0.2039
2503,7537,67,5,1343.49,0.1834
2504,3451,28,4,1173.69,0.0352
2505,8315,151,3,237.67,0.2245
2506,6198,141,1,225.65,0.2303
2507,5591,69,4,1291.51,0.0514
2508,7374,30,1,806.19,0.1196
2509,6311,184,3,477.78,0.1704
2510,5086,60,1,351.35,0.0743
2511,960,87,3,1403.27,0.2949
2512,5131,97,2,763.59,0.05
2513,9599,149,4,2017.62,0.2895
2514,4605,112,1,238.39,0.0496
2515,8756,77,4,35.25,0.1485
2516,725,42,1,2355.82,0.2961
2517,7222,105,3,57.88,0.0585
2518,8439,48,3,2151.98,0.2213
2519,2629,105,2,2202.71,0.1531
2520,6284,150,1,2367.86,0.1266
2521,8597,196,2,1244.55,0.125
2522,1248,73,1,1565.05,0.1673
2523,2395,95,2,925.19,0.2301
2524,4959,50,4,2429.79,0.0978
2525,6518,191,3,1833.58,0.2987
2526,1228,176,1,1805.69,0.2721
2527,8825,66,5,893.26,0.1475
2528,6436,110,5,763.41,0.1604
2529,6421,183,3,1400.07,0.2172
2530,6143,36,5,217.05,0.0884
2531,8851,29,5,1056.06,0.1497
2532,7505,98,5,1337.0,0.1032
2533,1124,175,2,1879.24,0.1275
2534,6301,121,2,1435.56,0.2406
2535,9076,50,1,984.18,0.152
2536,8889,9,2,84.44,0.2504
2537,8907,76,4,1775.41,0.0578
2538,6291,85,1,1923.07,0.199
2539,3990,190,5,2137.73,0.2586
2540,242,5,5,507.37,0.056
2541,4275,7,3,1269.55,0.1439
2542,2228,172,1,1159.1,0.2717
2543,7025,37,5,1905.6,0.2855
2544,9532,125,2,1264.91,0.2293
2545,9936,3,5,1997.64,0.1975
2546,6353,143,5,220.98,0.0521
2547,7656,83,3,148.39,0.2929
2548,7415,113,5,677.73,0.0047
2549,9653,3,4,1193.65,0.1619
2550,6687,84,4,1881.83,0.0559
2551,8579,79,5,923.29,0.2838
2552,5401,102,5,1856.69,0.1984
2553,1442,142,4,2081.01,0.2635
2554,8993,4,2,1263.87,0.1298
2555,607,163,1,2395.84,0.2214
2556,3110,136,4,393.31,0.2113
2557,366,163,3,749.69,0.2585
2558,7344,68,4,2493.94,0.0131
2559,4042,36,1,429.41,0.1613
2560,9177,78,4,2279.62,0.2263
2561,1125,172,1,2301.74,0.295
2562,7997,64,2,1603.96,0.2121
2563,8683,195,2,136.69,0.1794
2564,3645,20,5,1280.76,0.1544
2565,4225,72,2,187.01,0.0952
2566,2027,185,4,838.86,0.0408
2567,21,55,3,57.99,0.2767
2568,8220,14,4,128.96,0.0554
2569,5019,129,2,1747.55,0.2156
2570,7072,57,3,2455.88,0.2368
2571,1454,84,2,1959.7,0.2575
2572,5257,14,1,999.11,0.0958
2573,6462,51,4,853.36,0.2657
2574,4836,92,3,2484.82,0.152
2575,5987,103,5,590.91,0.0529
2576,1476,58,3,111.1,0.0309
2577,936,121,3,664.05,0.0276
2578,8427,119,3,864.07,0.1954
2579,35,123,5,1227.69,0.2168
2580,8531,9,3,1749.13,0.1381
2581,3526,87,4,1645.34,0.0538
2582,9695,48,3,1576.98,0.2847
2583,5979,155,2,2221.95,0.125
2584,7808,104,3,1457.85,0.0231
2585,706,200,3,452.15,0.0728
2586,4848,156,5,912.01,0.181
2587,4345,184,1,1685.88,0.1425
2588,9317,162,5,1320.23,0.1511
2589,5335,2,5,1453.45,0.0817
2590,7468,24,3,756.27,0.0005
2591,9792,74,1,731.17,0.0424
2592,4531,49,5,1134.13,0.2817
2593,239,40,2,99.21,0.1764
2594,9340,8,1,1090.3,0.0495
2595,4245,69,5,1235.02,0.0562
2596,2105,67,3,164.66,0.2749
2597,3669,158,2,96.45,0.0645
2598,4632,52,1,37.48,0.0259
2599,2163,39,2,914.01,0.2821
2600,6475,71,4,1253.21,0.073
2601,4462,85,5,444.4,0.2609
2602,3566,13,3,2240.59,0.2343
2603,5369,89,4,1464.48,0.0988
2604,2934,119,3,1499.95,0.2932
2605,3109,130,5,178.45,0.2803
2606,465,194,4,214.64,0.0916
2607,5341,194,1,1269.21,0.0667
2608,2921,15,4,1909.86,0.0154
2609,811,187,1,2099.1,0.2762
2610,5910,18,1,1359.58,0.2644
2611,5979,69,3,1479.12,0.2053
2612,6630,90,2,1541.84,0.2747
2613,399,30,2,786.37,0.0865
2614,7701,78,1,2438.88,0.0315
2615,1076,133,5,2439.88,0.2342
2616,7599,168,2,1567.66,0.293
2617,1863,149,2,956.33,0.0763
2618,886,192,5,2126.22,0.0665
2619,5539,107,3,450.71,0.2819
2620,2567,8,1,1514.86,0.2159
2621,1674,6,4,1976.07,0.0849
2622,5260,90,4,25.15,0.1682
2623,6491,196,1,1087.91,0.1433
2624,1692,58,3,665.94,0.2202
2625,4154,180,4,1998.7,0.1272
2626,658,158,2,2310.13,0.122
2627,3257,185,3,445.52,0.2553
2628,6322,27,5,461.57,0.2121
2629,4055,91,1,2405.28,0.2158
2630,9703,172,4,1287.25,0.0816
2631,5247,107,1,258.05,0.1367
2632,9261,69,5,203.99,0.1784
2633,6334,104,4,2411.3,0.0778
2634,9578,139,1,1088.44,0.2979
2635,2615,43,5,2356.26,0.1345
2636,772,126,2,1448.54,0.1107
2637,2575,35,5,1809.62,0.2554
2638,2197,139,3,708.42,0.0743
2639,7934,54,3,182.8,0.2407
2640,6358,50,5,1968.62,0.2829
2641,4716,189,2,433.14,0.2161
2642,1998,133,1,1795.11,0.1493
2643,2083,115,1,202.74,0.0372
2644,8964,101,2,1444.67,0.2102
2645,6364,154,4,1886.62,0.2505
2646,1164,97,5,62.6,0.1244
2647,6942,161,3,980.18,0.2296
2648,6409,151,3,1477.15,0.162
2649,4883,186,3,1998.77,0.2328
2650,5057,199,1,656.21,0.0805
2651,3694,137,1,2043.33,0.0016
2652,5677,16,2,1625.06,0.2988
2653,773,172,4,876.7,0.0503
2654,724,28,5,759.4,0.2637
2655,1219,151,3,1759.51,0.0266
2656,706,140,2,1814.33,0.1957
2657,9474,42,4,1598.08,0.0168
2658,4538,9,1,1118.65,0.2012
2659,611,58,3,69.78,0.0319
2660,9924,109,5,1441.41,0.1814
2661,5055,76,3,1536.29,0.1085
2662,9845,147,3,611.97,0.1576
2663,7976,164,5,519.98,0.015
2664,9094,77,2,2162.75,0.106
2665,4047,66,5,461.94,0.2341
2666,8037,104,5,536.32,0.2326
2667,7532,57,1,1562.76,0.1983
2668,7315,57,2,808.02,0.2851
2669,8363,108,2,1111.24,0.1989
2670,7881,25,4,1332.29,0.1036
2671,7123,141,4,2328.58,0.2025
2672,2400,187,1,662.47,0.1068
2673,4956,13,1,125.63,0.1814
2674,1375,155,4,302.88,0.2008
2675,1597,168,4,143.26,0.1367
2676,9188,83,2,1889.04,0.2951
2677,6285,86,4,2452.6,0.0296
2678,746,180,5,214.34,0.1521
2679,5485,145,3,722.07,0.2688
2680,8935,179,5,2136.65,0.1319
2681,9686,2,4,2245.25,0.1839
2682,3521,140,3,552.47,0.1232
2683,3423,156,1,2298.55,0.287
2684,3156,153,4,1451.07,0.293
2685,2724,159,4,2487.67,0.0564
2686,4269,155,1,70.86,0.2801
2687,6026,108,4,1968.08,0.154
2688,6062,187,3,152.39,0.1722
2689,4241,1,1,1840.06,0.2831
2690,3523,35,1,2360.78,0.2209
2691,1172,97,2,827.0,0.189
2692,6270,1,4,857.12,0.2635
2693,6030,9,2,609.67,0.1974
2694,9857,161,3,1086.77,0.0229
2695,2723,44,3,1189.93,0.2088
2696,7634,53,1,1436.09,0.2828
2697,8875,175,2,1725.72,0.1597
2698,7243,113,4,1550.25,0.1616
2699,1510,85,3,260.84,0.0834
2700,7936,46,2,1585.88,0.1688
2701,2264,18,1,493.88,0.2813
2702,6887,144,5,1343.84,0.085
2703,2285,187,1,1475.05,0.2904
2704,2960,124,1,1099.12,0.2126
2705,9849,79,2,1053.08,0.0656
2706,3267,52,5,1071.88,0.2114
2707,9466,181,4,598.78,0.1271
2708,3519,188,1,2010.9,0.176
2709,6216,111,1,1222.01,0.2583
2710,2016,9,5,1270.34,0.0645
2711,9110,28,4,473.79,0.1344
2712,9144,66,1,1196.66,0.1315
2713,7664,75,1,1101.56,0.2069
2714,8347,96,2,1043.85,0.0205
2715,8493,22,2,1123.65,0.056
2716,8387,35,3,626.47,0.1322
2717,7565,106,2,1990.35,0.1634
2718,6353,169,4,500.18,0.013
2719,1438,159,3,1355.17,0.133
2720,8925,191,2,816.28,0.1862
2721,3045,59,5,1801.69,0.0407
2722,1452,138,2,1732.61,0.1325
2723,7088,104,2,1750.32,0.2218
2724,4710,36,2,2215.06,0.0269
2725,1289,72,1,1955.21,0.186
2726,3248,47,5,834.15,0.115
2727,1376,186,3,993.12,0.1352
2728,4280,47,1,2170.46,0.1081
2729,7492,97,5,2061.96,0.0252
2730,3974,22,3,2304.3,0.1795
2731,4595,158,2,2099.01,0.1275
2732,1000,151,1,336.4,0.252
2733,6339,116,3,835.67,0.2197
2734,2043,47,2,741.98,0.1739
2735,1045,124,1,956.77,0.0711
2736,4894,182,3,741.46,0.1456
2737,5689,144,3,1965.35,0.2333
2738,9271,10,1,1756.5,0.0352
2739,4400,164,1,509.09,0.0356
2740,9750,28,3,461.87,0.0657
2741,5261,170,4,556.71,0.2659
2742,2137,95,2,795.45,0.1527
2743,2928,145,3,1711.44,0.2928
2744,1835,48,1,931.72,0.2657
2745,7755,52,3,1069.17,0.0692
2746,4401,96,1,119.51,0.2958
2747,3820,188,2,1208.1,0.1471
2748,7385,167,1,1112.34,0.2611
2749,4380,51,1,1713.75,0.1427
2750,7530,51,4,516.07,0.2838
2751,7536,133,1,1810.71,0.2231
2752,8633,106,5,1798.71,0.1583
2753,3955,119,5,1561.67,0.21
2754,9661,64,4,904.81,0.068
2755,1963,164,2,160.84,0.2565
2756,3449,167,2,603.23,0.0819
2757,3568,114,1,2326.43,0.1781
2758,7818,11,4,2199.9,0.2974
2759,2895,54,4,505.01,0.0159
2760,3011,4,4,813.41,0.0518
2761,3864,48,5,39.57,0.2061
2762,7326,55,2,786.59,0.191
2763,745,33,5,2004.47,0.2173
2764,7393,129,2,1434.37,0.0058
2765,557,162,3,2174.2,0.2048
2766,3801,29,1,2404.3,0.2824
2767,4726,195,3,564.7,0.1203
2768,1852,113,1,1393.48,0.1471
2769,2357,152,1,1891.55,0.2101
2770,3865,66,4,1559.8,0.2641
2771,4198,95,5,661.75,0.226
2772,6276,127,5,2443.24,0.2885
2773,1884,71,2,1690.81,0.2218
2774,4298,93,4,40.24,0.086
2775,7455,61,5,1297.84,0.2687
2776,3844,171,2,427.34,0.1525
2777,6438,117,2,1811.96,0.2755
2778,8210,89,2,176.71,0.0197
2779,672,75,5,861.54,0.1942
2780,6093,45,1,794.05,0.004
2781,9331,35,4,2230.32,0.0449
2782,8400,33,4,2185.91,0.0909
2783,161,69,2,2061.0,0.2218
2784,4415,195,2,1869.47,0.1258
2785,4558,140,2,2386.9,0.1329
2786,1583,68,2,490.07,0.0886
2787,2957,160,2,2052.57,0.253
2788,6196,114,2,1688.52,0.2891
2789,8244,24,4,1758.03,0.295
2790,7339,51,2,1075.76,0.1565
2791,4706,194,1,1635.78,0.0132
2792,1745,197,3,604.97,0.0294
2793,6275,12,5,1332.59,0.2618
2794,9156,153,5,2427.18,0.1791
2795,8118,105,4,1716.6,0.0542
2796,4933,152,5,1693.5,0.161
2797,1150,121,2,599.78,0.1846
2798,2560,128,1,2104.42,0.2572
2799,1068,172,4,2309.59,0.1981
2800,1830,45,4,284.25,0.1451
2801,4284,185,1,1139.31,0.1809
2802,923,45,2,1669.64,0.0402
2803,6747,122,4,2210.53,0.0733
2804,1551,18,1,1349.2,0.1588
2805,2983,51,2,1058.89,0.0641
2806,2045,148,1,112.53,0.2956
2807,5814,97,2,1385.26,0.1646
2808,7098,93,5,833.33,0.0429
2809,1598,29,1,2482.93,0.2768
2810,5710,86,2,1501.29,0.2128
2811,2322,76,3,548.26,0.0117
2812,4859,191,5,2481.64,0.109
2813,1318,162,4,1483.72,0.1278
2814,3556,68,1,1926.66,0.1588
2815,4298,5,2,2422.98,0.0948
2816,1558,116,4,1879.99,0.2165
2817,6305,122,4,2359.29,0.1638
2818,1070,74,4,914.65,0.0141
2819,498,150,4,143.09,0.0236
2820,105,121,2,2410.43,0.0987
2821,3754,153,2,1376.12,0.1954
2822,5043,190,3,1931.71,0.1945
2823,4036,129,3,1385.25,0.056
2824,5205,79,2,1906.2,0.2678
2825,1848,168,2,163.2,0.1542
2826,9770,31,3,181.06,0.1741
2827,2573,117,2,2300.71,0.2368
2828,6966,5,1,1097.88,0.0345
2829,984,176,1,762.68,0.1572
2830,6435,115,1,2288.37,0.2086
2831,6483,73,1,2497.11,0.0613
2832,4630,51,4,1541.33,0.052
2833,4648,81,1,1406.48,0.2809
2834,7541,157,3,2295.02,0.2338
2835,9692,179,4,458.22,0.008
2836,127,55,3,1587.87,0.1208
2837,1758,170,5,2018.63,0.0551
2838,7391,81,5,1852.57,0.095
2839,2270,110,2,1874.71,0.0861
2840,1615,78,4,2015.42,0.2998
2841,99,148,1,542.72,0.2927
2842,1507,111,5,1395.23,0.0268
2843,3476,91,4,287.9,0.0722
2844,3258,188,1,240.55,0.2339
2845,376,115,5,2047.2,0.1899
2846,3475,39,2,2032.65,0.0235
2847,236,189,3,468.23,0.0149
2848,4754,192,2,1420.43,0.0494
2849,4164,151,5,111.88,0.1299
2850,7112,9,3,936.41,0.2595
2851,8158,122,5,380.88,0.1117
2852,9392,181,5,940.49,0.0852
2853,7700,179,1,1456.2,0.0899
2854,6728,83,4,2014.62,0.1884
2855,8809,160,3,1290.46,0.1108
2856,9010,52,2,2329.75,0.1368
2857,53,140,3,266.23,0.1223
2858,5387,66,4,1354.07,0.1153
2859,3104,100,4,2269.2,0.0493
2860,191,21,4,597.36,0.2776
2861,9911,168,1,1930.68,0.0407
2862,7355,11,5,649.09,0.1774
2863,9023,61,2,2444.56,0.0178
2864,3473,28,2,1896.01,0.0544
2865,5274,5,2,1638.43,0.0982
2866,2099,114,3,2184.59,0.0589
2867,2586,191,1,1475.4,0.1151
2868,451,15,1,741.24,0.2081
2869,4430,160,2,805.33,0.1943
2870,8957,81,2,1478.14,0.1649
2871,482,41,4,1327.24,0.091
2872,2408,164,3,2271.4,0.2535
2873,4649,78,4,1361.68,0.2576
2874,76,105,5,1284.23,0.0659
2875,1461,137,4,1129.22,0.2904
2876,7872,81,5,334.78,0.0492
2877,7502,172,5,314.66,0.0776
2878,1999,135,4,1674.75,0.2182
2879,2591,96,2,1155.08,0.2168
2880,5033,44,4,1372.38,0.0708
2881,8391,172,5,2318.79,0.1557
2882,1098,6,1,1960.68,0.008
2883,3495,144,5,958.15,0.1725
2884,3966,194,3,1948.17,0.2774
2885,2142,4,1,2434.64,0.053
2886,7021,64,4,421.04,0.0044
2887,6504,5,5,2243.56,0.2341
2888,7337,165,1,895.33,0.2832
2889,8489,103,2,1843.51,0.0827
2890,2773,154,4,1703.45,0.2665
2891,318,158,5,1772.16,0.1366
2892,272,130,3,2231.42,0.2374
2893,1368,115,2,1581.74,0.0905
2894,7022,146,3,488.89,0.2788
2895,7251,7,1,1677.28,0.0216
2896,3312,110,3,856.25,0.2634
2897,9851,111,5,2386.58,0.1006
2898,8635,87,5,793.49,0.0013
2899,8801,148,3,614.09,0.0892
2900,1093,15,1,53.69,0.2434
2901,3785,180,5,2157.25,0.0288
2902,6613,118,5,2291.42,0.1993
2903,2858,156,3,183.08,0.2562
2904,1945,192,3,1045.34,0.0927
2905,2872,67,1,1055.2,0.1315
2906,9135,131,2,2003.69,0.0037
2907,6605,185,4,869.09,0.0652
2908,9650,55,4,868.32,0.0595
2909,9557,140,4,839.33,0.2509
2910,7640,192,3,1081.58,0.2676
2911,2139,57,5,1612.02,0.1615
2912,8481,36,5,2421.86,0.1746
2913,6938,136,2,1327.53,0.02
2914,6116,9,5,982.87,0.1666
2915,3345,163,3,58.7,0.0769
2916,7701,126,1,413.13,0.1145
2917,7149,88,1,2370.98,0.1405
2918,7682,163,4,660.44,0.1752
2919,4687,139,4,516.36,0.1541
2920,6700,120,1,442.97,0.0372
2921,2631,134,4,1476.41,0.1465
2922,7915,153,4,996.45,0.0832
2923,224,1,2,1466.06,0.2626
2924,1522,9,1,2435.42,0.0485
2925,1655,125,2,200.32,0.196
2926,6049,120,4,349.78,0.2405
2927,5145,77,5,1440.39,0.0245
2928,4773,29,4,422.44,0.167
2929,6308,46,4,1663.51,0.0708
2930,737,32,2,2038.27,0.0555
2931,8338,159,3,1823.45,0.0715
2932,6979,104,3,803.67,0.1009
2933,1034,106,5,2097.87,0.2512
2934,6664,119,4,1283.13,0.0932
2935,2282,6,3,1961.01,0.2959
2936,7349,157,5,2405.27,0.0026
2937,6034,159,4,1171.0,0.2465
2938,4620,144,1,1170.68,0.0457
2939,9920,120,5,634.27,0.2312
2940,8578,104,3,320.55,0.1901
2941,4940,132,4,1841.65,0.1776
2942,6479,93,5,1874.31,0.0633
2943,514,128,2,1243.35,0.2117
2944,8219,136,5,1895.61,0.1491
2945,665,104,3,620.56,0.2767
2946,2188,65,4,23.62,0.0648
2947,5825,107,1,96.13,0.2598
2948,6239,37,1,1402.62,0.2228
2949,6312,87,5,141.94,0.0284
2950,1541,158,2,2076.23,0.1593
2951,9948,152,1,1788.59,0.2094
2952,2632,171,2,2190.9,0.0242
2953,7158,139,5,1726.37,0.11
2954,8500,79,4,168.89,0.2277
2955,1994,189,4,810.18,0.1327
2956,704,108,1,902.01,0.063
2957,6639,110,1,1457.36,0.0468
2958,355,38,1,2407.53,0.2484
2959,547,176,1,1928.14,0.02
2960,5137,154,5,641.54,0.0365
2961,110,128,2,257.25,0.251
2962,1499,109,3,2244.21,0.2014
2963,3672,24,5,1453.19,0.0707
2964,8755,82,1,375.97,0.0498
2965,9780,73,1,2093.47,0.0336
2966,6893,96,1,1586.71,0.0145
2967,7953,140,3,2225.69,0.0633
2968,466,105,2,1906.95,0.2303
2969,177,145,1,1309.96,0.1844
2970,5862,181,4,1416.05,0.2157
2971,5383,14,1,1315.38,0.2921
2972,2928,153,3,150.84,0.128
2973,5057,13,3,2337.75,0.2777
2974,9087,37,3,2469.24,0.0231
2975,1483,10,3,771.43,0.2365
2976,6410,118,5,2051.27,0.1865
2977,9401,73,1,2493.91,0.1918
2978,7233,135,4,63.24,0.0006
2979,427,142,5,815.96,0.061
2980,1528,124,2,1431.36,0.2861
2981,5251,100,5,995.13,0.1954
2982,5953,118,1,2420.03,0.2745
2983,2795,5,5,491.62,0.0425
2984,87,13,3,991.67,0.1631
2985,3568,20,5,1836.51,0.0761
2986,5969,28,3,1995.48,0.2905
2987,8585,115,5,265.99,0.2299
2988,6658,180,2,563.65,0.2898
2989,8948,167,1,343.28,0.0099
2990,6304,123,1,1257.55,0.0675
2991,7944,21,5,1338.32,0.2746
2992,9637,192,3,1847.01,0.0476
2993,8975,17,2,2185.86,0.2018
2994,4642,198,3,356.59,0.2774
2995,5781,110,1,1332.41,0.0036
2996,5641,25,3,1209.27,0.1605
2997,6184,74,2,2240.34,0.1823
2998,7934,19,2,1327.04,0.2324
2999,491,116,3,587.66,0.2326
3000,3990,11,4,2316.2,0.165
3001,3469,32,2,2328.52,0.2658
3002,1049,10,2,327.44,0.0792
3003,199,115,4,2134.59,0.1238
3004,8563,44,1,2095.13,0.1991
3005,8591,93,5,1479.78,0.2417
3006,460,93,5,1190.1,0.1011
3007,2605,114,5,474.21,0.1036
3008,6933,78,5,537.22,0.1395
3009,7464,187,1,668.49,0.0864
3010,5462,2,4,215.47,0.1009
3011,4669,12,2,1784.19,0.1887
3012,1294,86,1,138.53,0.0658
3013,1199,65,5,253.6,0.1545
3014,8662,76,3,425.43,0.2892
3015,5008,76,5,1726.98,0.2744
3016,4935,68,1,303.24,0.1164
3017,6930,17,1,456.19,0.0789
3018,2278,181,2,2343.04,0.2973
3019,9922,147,3,720.43,0.0651
3020,6274,122,5,1739.7,0.2457
3021,9366,129,3,2333.25,0.2867
3022,8358,52,4,118.06,0.2997
3023,7417,17,4,1174.35,0.13
3024,1692,186,2,1344.87,0.1272
3025,5393,199,3,1905.5,0.2015
3026,2416,62,1,2410.86,0.1192
3027,6843,161,5,116.47,0.0706
3028,8819,70,1,960.21,0.0913
3029,2306,52,4,1085.78,0.0254
3030,8035,6,3,2417.22,0.07
3031,6351,96,2,1903.92,0.0555
3032,1132,101,3,2339.23,0.1387
3033,3956,64,4,351.5,0.2936
3034,1645,93,1,76.42,0.2036
3035,2295,59,3,2428.02,0.0569
3036,5263,107,3,837.37,0.2724
3037,3218,22,5,1647.71,0.0471
3038,5197,69,2,405.42,0.1578
3039,2086,130,2,1390.12,0.1916
3040,6804,46,5,2353.66,0.1086
3041,9123,190,5,1761.29,0.2392
3042,4217,52,4,1137.57,0.0403
3043,337,173,1,2306.97,0.1579
3044,1260,125,5,328.0,0.1015
3045,9251,99,4,1181.21,0.0032
3046,7180,181,1,1438.49,0.1408
3047,3449,36,3,48.93,0.12
3048,2417,179,5,59.77,0.054
3049,5932,18,2,1551.27,0.114
3050,8246,12,2,1641.35,0.0503
3051,9345,57,3,2454.66,0.1323
3052,4377,114,3,786.47,0.1269
3053,7165,174,3,866.91,0.1842
3054,1807,128,4,1492.26,0.0828
3055,587,41,3,1858.85,0.0595
3056,4453,121,4,1307.31,0.2144
3057,487,117,5,1550.27,0.2358
3058,7555,20,5,527.63,0.0154
3059,1709,124,4,1794.28,0.1567
3060,4007,112,1,1015.74,0.144
3061,4628,122,1,1449.76,0.1314
3062,6901,148,5,1653.07,0.0068
3063,3031,97,5,33.26,0.1628
3064,4303,138,1,1447.04,0.1915
3065,4381,62,1,2357.39,0.2462
3066,938,64,4,261.63,0.233
3067,6240,24,1,284.93,0.0647
3068,2032,41,2,510.47,0.2797
3069,2872,161,1,263.17,0.0242
3070,9075,162,1,2136.23,0.1652
3071,5900,187,2,2204.88,0.0668
3072,3637,88,3,1192.62,0.2046
3073,5730,79,2,1981.21,0.244
3074,4922,138,5,769.03,0.2441
3075,3864,5,5,1267.22,0.0801
3076,8253,165,5,1351.43,0.1226
3077,5249,118,3,776.17,0.1085
3078,2018,31,3,1474.46,0.0273
3079,3812,151,5,2110.14,0.2398
3080,70,11,1,2363.61,0.104
3081,4781,74,4,772.29,0.1259
3082,6537,118,4,2313.71,0.2039
3083,7625,150,3,1573.72,0.1881
3084,5272,128,3,1506.78,0.251
3085,9788,118,4,320.32,0.1321
3086,1255,37,1,1780.5,0.2667
3087,2514,27,1,777.93,0.2965
3088,9214,1,3,1074.66,0.1058
3089,4528,191,1,366.71,0.0491
3090,5031,133,4,587.88,0.0503
3091,4370,11,3,1560.4,0.1161
3092,3177,80,2,1541.19,0.124
3093,5468,168,3,1154.13,0.2887
3094,7426,28,5,1582.07,0.2569
3095,5477,29,1,2169.89,0.2924
3096,233,144,1,94.87,0.1729
3097,1188,129,4,526.27,0.011
3098,5424,63,3,750.95,0.1011
3099,4981,200,4,1449.28,0.2581
3100,7000,4,3,1669.79,0.1612
3101,4899,51,3,1390.05,0.1861
3102,4806,100,2,1748.84,0.1851
3103,849,126,1,1124.43,0.2921
3104,9822,189,5,1995.22,0.1603
3105,1651,82,5,194.69,0.21
3106,8106,100,1,1555.34,0.0292
3107,8138,73,4,122.49,0.1339
3108,5926,26,5,588.96,0.2673
3109,692,130,2,168.47,0.2161
3110,8,195,2,1491.63,0.1416
3111,2083,45,2,537.94,0.2205
3112,4898,60,5,243.61,0.0375
3113,9354,148,2,1936.8,0.2414
3114,1704,19,2,16.41,0.2416
3115,5228,105,4,1379.46,0.2341
3116,8332,37,1,2299.78,0.1644
3117,3433,143,5,1973.13,0.011
3118,659,123,1,1515.51,0.2431
3119,4662,198,2,271.34,0.0153
3120,3438,106,4,1978.62,0.2893
3121,2749,65,1,848.37,0.1929
3122,8594,13,3,396.26,0.0048
3123,7515,56,5,2471.28,0.0319
3124,6528,113,2,241.41,0.1896
3125,852,110,2,1799.91,0.2993
3126,2709,185,3,892.15,0.0269
3127,3869,3,2,2105.74,0.0203
3128,8975,45,1,1375.02,0.203
3129,7510,72,2,2227.86,0.1863
3130,8535,156,1,1392.61,0.2606
3131,1787,33,1,819.11,0.2587
3132,2904,119,5,2401.9,0.1895
3133,8974,98,5,1148.03,0.09
3134,3749,98,5,2127.94,0.2073
3135,6647,25,5,2102.4,0.0553
3136,6710,62,3,1413.04,0.0307
3137,1339,105,3,1259.8,0.2083
3138,6784,124,4,748.87,0.1273
3139,5307,65,1,1408.77,0.2258
3140,3797,71,4,1442.98,0.0235
3141,2871,117,3,612.1,0.2975
3142,692,166,4,2014.8,0.1543
3143,3879,156,1,853.66,0.2677
3144,3917,81,5,1888.84,0.1443
3145,659,102,2,2470.16,0.0737
3146,8376,123,3,2488.72,0.0965
3147,9396,112,1,2160.34,0.2694
3148,5420,30,2,2144.56,0.2102
3149,5934,129,3,2017.84,0.0574
3150,1704,100,1,1747.7,0.1053
3151,4432,146,3,472.2,0.0099
3152,5561,130,1,283.3,0.1925
3153,403,97,3,1436.67,0.1118
3154,8165,71,3,1696.35,0.0164
3155,7980,112,5,1010.43,0.2474
3156,8428,59,1,2372.6,0.1297
3157,606,178,4,638.96,0.2242
3158,8415,18,2,640.28,0.1802
3159,7980,7,3,2174.12,0.1411
3160,4011,189,5,1279.61,0.0314
3161,623,126,4,104.41,0.1888
3162,1834,196,3,501.85,0.167
3163,9445,121,1,1419.24,0.2965
3164,8431,145,2,825.02,0.1748
3165,5846,83,4,1231.15,0.1627
3166,5709,197,2,1987.99,0.2823
3167,6702,103,3,1245.16,0.1438
3168,6900,183,5,1170.95,0.0595
3169,9766,13,4,452.4,0.1179
3170,2433,101,3,378.54,0.0872
3171,5039,196,3,1087.68,0.1522
3172,6507,40,2,535.86,0.2649
3173,9357,143,5,1010.08,0.0024
3174,9169,28,4,1420.39,0.1586
3175,9152,185,2,294.62,0.171
3176,5572,192,2,503.2,0.0845
3177,2335,123,3,2145.0,0.1618
3178,3425,133,3,1589.15,0.2684
3179,6030,62,3,1865.88,0.2592
3180,887,170,1,1229.24,0.0596
3181,8886,66,4,1726.89,0.1567
3182,8373,20,4,1091.76,0.2195
3183,9381,86,5,336.95,0.2855
3184,3168,168,1,1101.66,0.2252
3185,1513,155,5,1570.85,0.1983
3186,7922,149,5,643.47,0.0733
3187,4394,121,1,1764.05,0.1521
3188,6839,20,1,346.85,0.1191
3189,1190,32,1,590.82,0.1211
3190,3977,182,5,1817.57,0.0756
3191,5005,36,4,598.5,0.1002
3192,5462,186,5,1578.16,0.2233
3193,4079,112,2,1769.1,0.1195
3194,5364,110,3,542.68,0.0189
3195,6110,67,4,1270.31,0.0149
3196,1235,200,2,2356.09,0.0607
3197,9845,30,4,1485.64,0.0673
3198,10,196,2,107.21,0.2825
3199,5049,135,3,500.38,0.174
3200,3572,122,3,2053.29,0.2399
3201,7287,152,4,1202.42,0.0291
3202,3703,9,5,188.73,0.0366
3203,6101,34,2,906.84,0.022
3204,7766,55,3,1790.03,0.1898
3205,778,103,2,1864.0,0.1736
3206,5509,116,1,1475.57,0.1154
3207,4476,79,5,1882.74,0.0232
3208,2380,113,5,1069.1,0.1303
3209,9118,12,4,1199.0,0.117
3210,3641,58,2,1083.78,0.0298
3211,8357,187,2,742.15,0.1056
3212,2898,68,3,1630.69,0.2512
3213,3268,17,1,1662.06,0.2687
3214,6107,158,1,2162.67,0.0749
3215,4335,191,2,807.55,0.0854
3216,4090,190,3,1610.11,0.0856
3217,2118,190,5,866.57,0.1879
3218,9991,18,4,2264.06,0.1123
3219,4115,149,5,820.97,0.201
3220,2286,163,1,1973.62,0.0021
3221,5007,145,1,2085.69,0.185
3222,3445,89,2,908.11,0.1155
3223,7584,182,1,543.19,0.1882
3224,2118,152,3,198.18,0.2748
3225,198,15,5,2277.98,0.2887
3226,3334,85,2,1640.14,0.1653
3227,194,76,3,2052.34,0.053
3228,7641,14,3,1551.78,0.2779
3229,132,175,4,411.76,0.1441
3230,6519,110,1,769.38,0.1084
3231,9286,92,1,853.71,0.0428
3232,767,92,3,1084.83,0.2741
3233,9661,31,2,144.98,0.2897
3234,2419,100,3,1680.25,0.2891
3235,5560,58,3,687.42,0.1391
3236,5989,168,1,1208.02,0.2556
3237,8422,190,5,163.27,0.2108
3238,7310,182,1,1747.22,0.1405
3239,7791,188,4,1376.39,0.2489
3240,5558,93,4,2264.22,0.141
3241,5586,139,2,505.16,0.236
3242,7098,154,5,2394.9,0.2861
3243,8044,27,3,2266.02,0.1988
3244,7114,30,5,749.88,0.2805
3245,4661,53,1,2246.55,0.1602
3246,9811,37,1,740.55,0.0684
3247,5804,3,3,849.98,0.1694
3248,9006,74,3,2273.9,0.164
3249,7547,96,4,1972.21,0.0788
3250,4547,69,1,1111.32,0.2058
3251,487,137,1,297.51,0.0466
3252,9883,154,4,1166.19,0.1459
3253,9460,163,2,2112.93,0.074
3254,8170,69,2,1485.94,0.294
3255,8871,80,4,135.49,0.0603
3256,2262,139,1,1030.03,0.2847
3257,9300,121,1,1754.23,0.2788
3258,6171,158,2,2205.16,0.1069
3259,6964,113,3,2442.75,0.0057
3260,4165,149,3,2094.3,0.2191
3261,2242,4,4,2181.02,0.0472
3262,557,145,3,549.37,0.1915
3263,1656,188,2,2151.97,0.0597
3264,967,159,5,2317.01,0.0065
3265,8484,6,4,1590.98,0.0106
3266,5832,116,1,1226.34,0.1921
3267,9368,39,5,2031.27,0.2486
3268,676,107,2,1548.5,0.2609
3269,3284,118,1,2071.7,0.1858
3270,6036,42,3,1136.78,0.1015
3271,181,50,4,458.11,0.1716
3272,361,27,3,2295.23,0.201
3273,2472,106,4,2421.39,0.1858
3274,8802,83,2,2432.28,0.071
3275,6322,130,2,2389.73,0.1833
3276,8522,65,1,1241.74,0.1243
3277,7107,14,4,1577.92,0.1358
3278,9442,108,5,2203.56,0.2084
3279,4259,15,3,72.88,0.197
3280,1856,179,4,418.37,0.06
3281,9005,150,5,425.0,0.0004
3282,493,58,3,563.14,0.2565
3283,1830,81,2,1022.64,0.2098
3284,7022,190,2,1166.35,0.2677
3285,471,178,1,986.72,0.0808
3286,1381,169,2,2198.84,0.296
3287,4856,32,2,656.58,0.1299
3288,2633,161,2,1850.95,0.2749
3289,3331,193,4,2437.91,0.1927
3290,6879,41,1,1645.12,0.0828
3291,3294,83,4,126.18,0.1003
3292,1040,102,5,297.96,0.1901
3293,3869,124,2,2099.36,0.2039
3294,2766,115,5,911.55,0.1652
3295,612,59,5,1019.07,0.2844
3296,9991,99,4,2213.96,0.1962
3297,7103,186,2,1768.29,0.0495
3298,6702,132,4,1784.03,0.016
3299,4072,75,3,1686.83,0.2482
3300,8294,3,3,1587.9,0.0876
3301,8857,119,2,1891.5,0.293
3302,3115,66,5,1756.21,0.2199
3303,1591,36,4,251.67,0.0884
3304,7586,151,5,562.85,0.2855
3305,2369,139,3,285.31,0.0182
3306,4509,163,4,2022.75,0.15
3307,9120,29,4,1494.34,0.049
3308,1851,61,4,2413.01,0.2772
3309,6894,190,2,1799.55,0.0098
3310,445,7,2,1245.9,0.2201
3311,1855,19,2,2332.62,0.2587
3312,1690,70,4,2414.92,0.0833
3313,717,89,5,1573.99,0.2187
3314,5388,123,1,1570.78,0.0262
3315,7702,62,5,1456.36,0.0478
3316,9161,23,3,225.44,0.2877
3317,4408,53,3,1916.52,0.0678
3318,4102,139,2,2192.99,0.0875
3319,2596,97,1,1400.61,0.268
3320,8830,72,2,495.9,0.0878
3321,9957,114,5,2033.89,0.1549
3322,5819,35,2,2239.62,0.0891
3323,2619,141,3,2018.37,0.2142
3324,3552,198,3,541.11,0.2915
3325,7988,110,2,553.89,0.0348
3326,120,61,5,1153.64,0.2403
3327,5060,167,4,406.3,0.1712
3328,9040,68,5,1723.39,0.1626
3329,875,171,2,1774.71,0.186
3330,2995,128,5,2466.45,0.2465
3331,5985,170,3,955.97,0.2124
3332,3652,16,1,1818.26,0.1511
3333,5786,121,3,1249.25,0.0087
3334,1321,11,3,418.43,0.1205
3335,9931,88,4,2281.48,0.2696
3336,4021,104,2,163.92,0.1732
3337,9126,63,4,119.78,0.1148
3338,2676,200,4,673.23,0.02
3339,2662,119,2,2498.93,0.2905
3340,9564,31,5,66.7,0.0694
3341,5557,198,1,1066.34,0.1997
3342,7640,24,4,1303.9,0.1779
3343,275,183,4,796.94,0.0499
3344,3137,129,5,1768.31,0.0629
3345,69,166,2,942.43,0.2821
3346,2775,184,3,1658.79,0.2989
3347,4405,174,5,869.85,0.1101
3348,2195,134,3,387.33,0.1501
3349,8770,79,1,1412.61,0.1559
3350,4272,160,4,1388.51,0.0379
3351,3408,82,1,669.66,0.2921
3352,6857,111,3,912.71,0.0917
3353,5759,96,3,1096.4,0.1317
3354,9367,140,3,1412.73,0.2644
3355,1185,34,4,1611.34,0.2108
3356,230,66,2,323.68,0.0888
3357,7099,172,2,376.03,0.0191
3358,5730,86,4,925.7,0.0406
3359,3985,21,2,1048.51,0.1172
3360,9397,198,2,839.72,0.1331
3361,9038,6,4,1621.76,0.1441
3362,3789,12,2,2409.73,0.0198
3363,8619,132,2,1518.85,0.0119
3364,5936,7,5,446.96,0.187
3365,9620,76,1,830.7,0.0486
3366,8670,73,1,1369.46,0.1967
3367,1955,7,1,793.63,0.0451
3368,1057,47,5,1163.36,0.1647
3369,2641,22,1,1452.81,0.0822
3370,2915,155,3,1769.48,0.0604
3371,3532,38,1,599.04,0.0663
3372,514,88,4,1183.34,0.1283
3373,4428,14,1,1028.56,0.1621
3374,9632,168,3,253.51,0.2475
3375,533,100,1,1510.91,0.2182
3376,3927,101,2,1951.56,0.0636
3377,2912,116,3,2127.86,0.1304
3378,3269,50,4,197.26,0.0095
3379,1278,32,2,1417.98,0.171
3380,867,69,2,2468.2,0.2112
3381,7930,194,5,1891.69,0.2227
3382,5715,87,2,1480.58,0.0373
3383,6539,5,1,89.13,0.15
3384,5801,122,2,170.56,0.2648
3385,5144,40,2,147.24,0.0556
3386,9899,166,5,1988.06,0.0217
3387,2157,200,1,1365.35,0.0779
3388,9418,190,1,775.75,0.0312
3389,9626,2,2,2190.38,0.0177
3390,6941,40,4,2031.9,0.0674
3391,2050,71,4,1948.72,0.1103
3392,2814,178,1,1937.94,0.2231
3393,1135,150,4,490.59,0.0222
3394,7754,135,1,2190.97,0.2923
3395,6220,125,1,504.16,0.0036
3396,1977,73,3,2160.07,0.242
3397,9449,109,1,2230.57,0.0015
3398,3014,163,3,1785.27,0.0755
3399,4984,102,2,1776.66,0.2799
3400,6495,24,5,662.85,0.1302
3401,5921,164,1,793.16,0.1024
3402,2370,53,2,1437.85,0.1971
3403,207,107,1,1437.37,0.2302
3404,9306,154,1,858.87,0.2755
3405,4161,56,5,2242.85,0.2736
3406,6560,86,3,341.04,0.2095
3407,1023,89,1,983.05,0.0136
3408,7766,43,1,657.38,0.0929
3409,2525,89,3,2323.52,0.0906
3410,9657,41,4,369.89,0.0964
3411,8562,89,5,1184.84,0.0319
3412,4528,166,5,119.66,0.0123
3413,4389,7,1,1949.52,0.0696
3414,6381,40,5,1658.11,0.1751
3415,6789,108,4,2109.18,0.0009
3416,1842,152,1,742.71,0.2663
3417,5846,83,3,1389.06,0.2764
3418,8517,150,3,2396.63,0.1842
3419,8037,46,1,643.08,0.0154
3420,6566,23,3,2260.98,0.2939
3421,4526,84,3,2369.67,0.1857
3422,4450,84,1,954.46,0.1592
3423,9871,135,2,839.18,0.1431
3424,9712,162,5,718.84,0.0394
3425,4389,139,5,2109.21,0.2393
3426,2843,171,2,1714.06,0.1487
3427,9473,72,3,535.29,0.006
3428,5533,102,5,2139.9,0.0458
3429,4477,139,4,490.86,0.0859
3430,5320,43,2,1232.12,0.2743
3431,225,25,3,299.18,0.1379
3432,9095,31,4,1626.12,0.2822
3433,4767,154,2,1654.5,0.0825
3434,5414,71,3,915.34,0.2952
3435,8799,173,1,273.54,0.2866
3436,8634,186,3,1371.47,0.2135
3437,2656,64,4,2302.93,0.227
3438,5402,20,5,1980.58,0.0073
3439,2978,79,2,1441.92,0.069
3440,801,80,1,202.0,0.0585
3441,2513,99,2,1644.65,0.2878
3442,993,190,3,870.02,0.1226
3443,6257,189,1,1849.08,0.1805
3444,7485,54,5,115.85,0.0809
3445,9117,35,2,1212.79,0.0764
3446,2026,104,2,900.49,0.1257
3447,1775,112,4,50.95,0.0953
3448,4778,34,3,1183.61,0.2254
3449,3257,103,4,392.32,0.1867
3450,2183,125,1,69.46,0.2081
3451,4153,129,2,1543.4,0.1619
3452,8982,9,1,2467.3,0.2708
3453,5003,105,5,1698.36,0.0194
3454,6049,94,5,2207.2,0.2249
3455,694,21,4,328.6,0.072
3456,9876,22,4,750.99,0.1869
3457,7941,108,4,1924.35,0.2777
3458,7182,90,2,459.52,0.0932
3459,2947,159,5,1495.42,0.2892
3460,1024,37,5,1187.61,0.0529
3461,9658,176,4,1513.12,0.2866
3462,8219,130,5,2415.71,0.0125
3463,772,104,2,1918.37,0.0985
3464,5504,144,3,2472.88,0.2095
3465,8131,50,2,318.7,0.2533
3466,6464,125,1,1166.9,0.0501
3467,4315,23,1,627.9,0.2803
3468,3804,124,4,1670.05,0.047
3469,1878,99,1,50.24,0.2605
3470,1194,6,4,2235.27,0.2654
3471,9629,189,3,1508.55,0.2213
3472,1616,36,2,1681.89,0.2673
3473,2467,150,5,1988.85,0.025
3474,3188,190,1,1868.25,0.2777
3475,6750,139,3,1722.86,0.1391
3476,1999,122,2,2369.96,0.0886
3477,5407,77,3,605.14,0.0018
3478,7775,173,2,251.07,0.1711
3479,2509,56,1,1584.0,0.0187
3480,1003,173,4,175.04,0.0037
3481,149,172,2,1392.16,0.1253
3482,1902,94,2,1752.85,0.0182
3483,5855,105,3,1689.89,0.254
3484,1741,129,1,854.01,0.0138
3485,4258,28,3,1700.35,0.1687
3486,6077,4,4,847.3,0.1585
3487,3024,132,5,2017.22,0.1685
3488,5578,78,3,2181.83,0.0397
3489,8572,87,5,1669.6,0.2646
3490,5820,58,3,1574.16,0.1957
3491,7606,111,2,729.69,0.2348
3492,8057,42,4,1171.16,0.2543
3493,701,196,5,587.0,0.2684
3494,9342,193,5,1765.21,0.2168
3495,6896,40,3,1631.12,0.2179
3496,7874,74,4,286.4,0.0448
3497,5320,135,3,2246.07,0.0508
3498,5345,130,5,2469.33,0.226
3499,581,34,4,366.99,0.066
3500,9738,118,3,699.73,0.1659
3501,5899,120,2,2056.4,0.0815
3502,1270,51,4,996.42,0.0766
3503,8604,12,2,158.28,0.1352
3504,9989,56,4,2280.72,0.0496
3505,5644,76,5,1320.45,0.2538
3506,6765,16,4,91.92,0.0444
3507,7258,136,2,1095.21,0.2336
3508,5085,170,3,2088.55,0.1407
3509,1486,6,5,995.04,0.062
3510,9508,177,2,338.77,0.1027
3511,3363,139,1,117.31,0.128
3512,1296,190,4,1951.76,0.0836
3513,2192,158,1,1283.1,0.2429
3514,9769,138,2,811.24,0.106
3515,7245,87,1,2068.45,0.1472
3516,9526,18,2,296.52,0.0086
3517,6234,62,5,421.85,0.0676
3518,8069,9,3,981.69,0.0245
3519,3046,73,3,112.29,0.2726
3520,3266,114,4,2136.82,0.2584
3521,5703,134,5,1153.48,0.0842
3522,5918,80,1,1490.71,0.1464
3523,6252,76,5,129.96,0.0974
3524,6751,130,1,2167.73,0.233
3525,511,154,5,2424.31,0.0697
3526,2369,9,3,2221.0,0.2436
3527,1500,5,4,1715.29,0.054
3528,6430,92,3,1983.06,0.0875
3529,6959,94,3,2123.75,0.2666
3530,7519,145,5,553.37,0.0858
3531,856,62,1,370.98,0.2732
3532,1951,47,5,522.58,0.0406
3533,4028,39,1,2222.13,0.1895
3534,3317,128,2,851.33,0.0836
3535,8779,59,4,395.8,0.0962
3536,362,6,1,2498.98,0.2501
3537,5456,196,2,433.07,0.1718
3538,9865,115,4,304.03,0.0656
3539,9199,166,1,2087.56,0.2836
3540,4669,184,3,2115.3,0.1215
3541,3334,142,4,1381.19,0.2638
3542,4397,80,4,698.65,0.2736
3543,5069,182,5,779.58,0.1255
3544,2597,101,4,769.31,0.1241
3545,5091,160,5,2165.93,0.1658
3546,7402,159,2,57.47,0.1911
3547,4710,197,4,1780.18,0.0164
3548,4067,145,1,2388.7,0.0203
3549,3993,4,4,1884.62,0.0752
3550,9083,107,4,1234.81,0.1296
3551,6983,6,1,219.42,0.1965
3552,8047,192,4,90.89,0.0589
3553,2847,158,5,532.44,0.0916
3554,1696,119,1,1536.5,0.1223
3555,9008,75,3,1143.68,0.0838
3556,7379,91,4,1510.55,0.1156
3557,499,9,4,228.17,0.0383
3558,1681,152,5,2071.99,0.0046
3559,7353,20,1,1702.47,0.0591
3560,9529,13,4,1599.79,0.0817
3561,249,55,5,444.18,0.237
3562,9889,92,3,1371.89,0.2255
3563,659,96,3,649.87,0.2179
3564,4771,101,5,2332.27,0.2881
3565,689,19,1,1174.89,0.1228
3566,8160,47,4,779.12,0.0313
3567,1700,71,5,2377.43,0.2456
3568,224,67,5,526.16,0.175
3569,1760,40,5,1239.94,0.2999
3570,3816,94,2,439.54,0.1018
3571,54,58,3,249.36,0.2622
3572,5685,31,2,144.04,0.258
3573,700,45,5,54.04,0.295
3574,6626,104,3,1777.93,0.2953
3575,586,54,4,978.88,0.2976
3576,3372,73,4,2305.96,0.2742
3577,4385,98,2,1572.06,0.0783
3578,1452,155,2,2019.88,0.1324
3579,311,52,3,717.04,0.2911
3580,2506,55,4,543.61,0.1196
3581,1123,27,2,1118.77,0.2755
3582,342,97,5,2071.24,0.227
3583,9175,116,5,1205.74,0.2598
3584,9601,109,2,1382.66,0.2272
3585,8649,173,1,905.99,0.1145
3586,5424,171,2,1487.09,0.0818
3587,9842,42,1,1271.45,0.211
3588,6895,6,4,1164.26,0.0263
3589,6996,48,2,1378.79,0.0554
3590,1711,186,4,1055.66,0.009
3591,1583,27,2,1971.77,0.0851
3592,6170,160,2,184.16,0.0937
3593,6785,166,5,895.06,0.268
3594,8557,86,5,1886.73,0.2284
3595,1169,181,1,923.58,0.2058
3596,8337,96,4,1181.84,0.2391
3597,6311,27,3,989.67,0.1914
3598,1067,40,1,885.4,0.0786
3599,972,94,2,1380.93,0.2872
3600,9769,163,2,421.43,0.0408
3601,7183,118,5,1098.15,0.0321
3602,4154,190,1,1890.05,0.0717
3603,9440,129,2,38.29,0.2569
3604,8325,155,4,1513.07,0.1329
3605,1267,22,3,2455.38,0.1189
3606,210,125,3,1015.84,0.0851
3607,4338,111,4,1354.74,0.2879
3608,6527,176,1,363.57,0.2314
3609,6359,24,1,1770.5,0.0496
3610,9006,151,3,1053.37,0.1045
3611,7258,181,3,1926.06,0.1082
3612,3521,35,4,327.79,0.0672
3613,7324,73,3,202.83,0.0383
3614,3450,155,4,713.21,0.2514
3615,2132,7,4,448.72,0.1562
3616,9641,152,5,2045.76,0.1065
3617,6128,128,5,1898.31,0.0182
3618,1696,23,2,2416.99,0.0757
3619,1510,7,4,180.63,0.2174
3620,6226,56,4,729.28,0.2684
3621,6945,150,2,2426.63,0.2675
3622,6304,93,5,279.9,0.0938
3623,6706,148,4,1232.2,0.2126
3624,4275,6,1,1644.76,0.0442
3625,1229,31,3,580.4,0.0853
3626,9747,105,3,1943.76,0.1548
3627,4212,190,2,2132.74,0.2327
3628,3419,89,5,1003.28,0.2732
3629,2449,128,3,1764.85,0.2827
3630,4395,120,2,1333.88,0.0488
3631,4765,42,2,1705.28,0.1326
3632,3884,102,5,1133.04,0.2027
3633,6196,13,5,99.28,0.2258
3634,1008,101,1,821.1,0.1514
3635,8732,155,2,747.69,0.0171
3636,8404,83,2,2311.64,0.2404
3637,5229,80,1,1104.49,0.2586
3638,8098,47,4,2260.15,0.2673
3639,4071,185,5,29.08,0.2627
3640,3894,78,1,1586.15,0.2262
3641,6914,4,3,1149.8,0.1247
3642,1394,103,2,126.0,0.0539
3643,9456,150,2,1177.38,0.0395
3644,3474,111,5,968.82,0.2125
3645,9205,54,4,544.81,0.2335
3646,796,129,4,210.8,0.1956
3647,1204,179,5,1979.01,0.1718
3648,3344,114,5,1526.96,0.1769
3649,5025,63,4,1482.95,0.0196
3650,5893,30,5,2265.86,0.0847
3651,3373,91,4,45.56,0.0511
3652,421,162,1,1360.54,0.1363
3653,2258,29,2,2382.58,0.0232
3654,6080,68,5,1133.4,0.0992
3655,62,199,3,1188.23,0.2627
3656,4101,57,3,187.95,0.0294
3657,4592,33,3,1764.54,0.1696
3658,3179,110,4,1908.39,0.0786
3659,1547,102,1,360.54,0.1113
3660,5974,193,1,1601.0,0.0899
3661,9943,119,5,943.09,0.0187
3662,8923,162,1,1418.47,0.0207
3663,7555,104,3,1692.04,0.1409
3664,8371,50,1,265.39,0.2541
3665,5610,185,5,762.83,0.2797
3666,7234,86,2,2108.51,0.0679
3667,8721,49,3,436.13,0.2692
3668,1411,176,4,1630.68,0.0144
3669,8528,79,3,2093.73,0.252
3670,4854,184,5,1567.81,0.1649
3671,9267,87,3,1966.27,0.0259
3672,6451,140,1,1230.16,0.0231
3673,211,113,5,2208.35,0.0427
3674,9860,56,5,1697.91,0.0145
3675,1455,137,2,864.22,0.212
3676,5031,111,3,1306.85,0.1849
3677,4145,109,3,1622.67,0.2516
3678,441,157,3,1972.29,0.1458
3679,6121,165,5,433.84,0.175
3680,8743,149,1,2476.09,0.0431
3681,8644,119,2,389.1,0.1563
3682,8847,1,2,1365.66,0.0945
3683,6505,76,4,58.17,0.1354
3684,668,65,2,1109.36,0.251
3685,6160,155,3,21.64,0.2015
3686,4377,24,4,189.53,0.0183
3687,3623,88,4,1376.89,0.2877
3688,4241,177,1,1149.22,0.0772
3689,2511,34,2,172.34,0.1378
3690,8052,103,2,2329.13,0.1408
3691,1394,119,3,885.37,0.1945
3692,7475,124,1,1860.91,0.2534
3693,7570,57,5,2406.94,0.0847
3694,6638,50,5,2273.7,0.0885
3695,1556,174,5,1711.19,0.0668
3696,3415,10,4,60.13,0.228
3697,6277,128,5,1607.91,0.1909
3698,7680,91,3,222.53,0.0629
3699,3390,7,5,1076.53,0.1341
3700,1895,142,2,2286.24,0.1218
3701,6737,143,1,311.56,0.1612
3702,6814,51,1,1767.42,0.2463
3703,6368,183,2,719.83,0.2678
3704,9104,125,1,416.72,0.0652
3705,972,108,1,612.01,0.1809
3706,7409,160,2,1024.08,0.2407
3707,8309,187,3,2016.39,0.0412
3708,3848,101,4,1295.16,0.1024
3709,437,73,5,885.17,0.0484
3710,3288,39,2,452.36,0.1131
3711,1585,175,2,645.66,0.0125
3712,7157,33,1,2365.1,0.1482
3713,4313,33,5,565.39,0.299
3714,1596,38,4,825.02,0.2625
3715,3191,21,4,1228.12,0.1526
3716,7598,69,2,1138.19,0.1761
3717,1343,171,3,775.45,0.2304
3718,9855,11,3,54.88,0.0696
3719,5442,188,2,2063.04,0.1649
3720,8861,174,3,206.1,0.145
3721,7345,126,5,1977.99,0.1153
3722,7517,200,3,778.29,0.1367
3723,5911,56,5,2279.48,0.2309
3724,5884,41,3,1250.41,0.1141
3725,3152,107,4,43.87,0.2758
3726,4140,43,2,1302.24,0.2694
3727,7060,52,5,2275.37,0.2921
3728,8645,48,4,113.02,0.0193
3729,9200,12,2,1153.0,0.1822
3730,9415,135,4,1753.45,0.0619
3731,8081,99,5,179.38,0.024
3732,8386,44,3,595.46,0.1542
3733,1036,134,2,100.82,0.28
3734,7098,147,4,1398.86,0.0884
3735,7557,106,3,2039.78,0.1195
3736,8016,106,1,901.03,0.2048
3737,1150,144,5,291.97,0.2625
3738,7240,139,5,1321.67,0.0306
3739,8632,100,3,2168.08,0.1782
3740,8924,59,3,1477.37,0.0717
3741,4398,92,2,556.44,0.2331
3742,3656,124,4,554.97,0.0796
3743,4217,116,1,863.89,0.2183
3744,786,87,2,223.58,0.2142
3745,5420,163,2,1361.53,0.2928
3746,2603,60,1,2430.57,0.1483
3747,6618,163,5,2011.96,0.0479
3748,4310,145,2,1373.29,0.2379
3749,1359,167,5,2302.39,0.2242
3750,9366,132,4,1449.46,0.2553
3751,213,176,3,2000.69,0.1676
3752,7743,199,4,473.77,0.1977
3753,4594,48,3,493.64,0.289
3754,8221,82,2,2170.48,0.0048
3755,2945,108,3,589.07,0.2004
3756,7681,62,1,1392.54,0.1381
3757,6217,127,1,544.86,0.1233
3758,8981,23,4,1522.88,0.0896
3759,2254,188,1,1148.57,0.2178
3760,3740,156,4,2046.87,0.0345
3761,6196,105,5,1927.6,0.0688
3762,9195,42,5,601.33,0.0964
3763,9442,166,4,1287.52,0.0608
3764,9816,83,4,2451.99,0.0438
3765,6163,58,4,1314.3,0.1456
3766,7878,191,3,1104.82,0.0355
3767,6667,187,1,124.1,0.0921
3768,8186,21,3,1452.58,0.2722
3769,2704,50,3,2361.6,0.1639
3770,7924,130,3,2268.5,0.1558
3771,85,81,5,1781.02,0.2432
3772,5659,75,5,858.56,0.2073
3773,7958,13,3,1848.7,0.1091
3774,4867,56,2,1391.65,0.0403
3775,3115,17,3,1391.81,0.2257
3776,7878,45,2,2051.02,0.0333
3777,3673,53,2,604.11,0.0917
3778,5925,88,1,1457.57,0.2333
3779,1374,37,4,1510.52,0.2114
3780,9656,142,3,2315.19,0.2535
3781,9767,113,3,74.99,0.1815
3782,5012,198,3,1204.9,0.1876
3783,5953,169,4,669.07,0.149
3784,7331,184,2,2094.67,0.0915
3785,2653,172,3,765.47,0.1461
3786,2091,150,3,710.36,0.0357
3787,297,84,4,1695.38,0.2982
3788,1131,151,5,719.33,0.1029
3789,2985,172,4,1015.78,0.257
3790,8909,160,4,96.39,0.2733
3791,7598,114,5,900.8,0.0081
3792,3984,87,1,1762.55,0.179
3793,6521,127,4,1387.55,0.2562
3794,9500,84,4,368.16,0.1312
3795,4427,165,3,2053.36,0.0182
3796,4332,46,2,847.23,0.1149
3797,9054,39,2,2196.82,0.0827
3798,7819,107,4,2107.95,0.2661
3799,4812,162,2,378.3,0.1998
3800,5177,81,3,2275.31,0.0781
3801,2485,85,4,204.69,0.2416
3802,9290,122,4,1044.14,0.1526
3803,6140,1,4,433.6,0.2626
3804,6263,109,3,308.7,0.2404
3805,571,166,2,297.61,0.1996
3806,1315,98,4,15.87,0.0346
3807,9140,157,5,1982.76,0.1808
3808,7972,194,4,665.78,0.1849
3809,5453,148,2,37.88,0.2447
3810,4596,42,1,567.03,0.0552
3811,8923,57,1,155.38,0.183
3812,4578,115,1,127.54,0.2483
3813,5589,77,5,1989.24,0.0054
3814,326,8,1,47.36,0.1838
3815,7231,59,3,2164.03,0.2444
3816,7348,139,3,517.11,0.1352
3817,5948,87,1,2381.99,0.0573
3818,3236,36,1,1897.4,0.2352
3819,9576,28,2,624.28,0.0269
3820,4074,81,3,742.19,0.16
3821,8747,72,2,692.84,0.0019
3822,8395,1,2,561.56,0.1415
3823,4786,93,1,626.07,0.269
3824,4880,180,2,1507.49,0.2791
3825,1588,3,1,1643.26,0.0489
3826,453,13,1,540.45,0.186
3827,3075,97,4,2121.5,0.0166
3828,1113,23,3,1922.25,0.2042
3829,1075,34,5,1230.66,0.2301
3830,3525,154,3,383.98,0.1374
3831,4768,5,5,1005.75,0.1276
3832,8672,136,4,970.22,0.1648
3833,3319,81,4,2254.13,0.088
3834,2934,125,3,2160.3,0.1443
3835,7851,153,4,104.82,0.2612
3836,3795,183,4,28.47,0.0334
3837,2444,28,1,1935.84,0.165
3838,4255,8,4,293.27,0.0951
3839,2513,124,2,513.83,0.2283
3840,9366,19,4,2366.12,0.101
3841,6715,141,5,912.27,0.2387
3842,4655,154,3,2100.63,0.119
3843,1897,167,5,424.17,0.1856
3844,7126,51,1,1705.16,0.2101
3845,6687,6,4,1573.71,0.0963
3846,2295,13,2,1842.66,0.1258
3847,7403,52,1,740.08,0.2529
3848,1356,87,3,355.4,0.1326
3849,1195,36,4,204.52,0.1405
3850,1499,122,3,1707.95,0.1753
3851,2890,107,1,1662.2,0.2345
3852,9221,145,2,58.51,0.0211
3853,516,193,3,1504.23,0.1795
3854,4583,43,4,374.98,0.2594
3855,6799,141,5,113.66,0.1011
3856,9090,92,5,1301.28,0.2052
3857,5553,191,3,576.36,0.0773
3858,1672,183,2,1352.66,0.0325
3859,2772,112,1,1797.09,0.0517
3860,5400,142,4,2315.71,0.2166
3861,4859,199,3,864.03,0.1771
3862,3043,101,4,1065.21,0.0585
3863,694,41,2,421.58,0.0107
3864,6353,171,5,1808.04,0.2483
3865,6862,191,1,2060.2,0.2103
3866,7659,82,5,1764.79,0.1354
3867,7996,169,1,1115.23,0.0619
3868,8351,9,5,1406.85,0.2897
3869,7168,148,3,561.61,0.1132
3870,6198,149,2,1842.45,0.278
3871,4489,102,5,1658.45,0.0667
3872,8436,100,2,2313.28,0.2655
3873,3746,25,5,1425.62,0.1631
3874,5836,194,4,1877.0,0.2831
3875,4840,30,5,1259.08,0.0372
3876,5456,128,1,2090.57,0.2973
3877,7312,72,4,1489.4,0.0608
3878,6982,25,3,1170.52,0.028
3879,2950,94,3,374.83,0.1694
3880,8483,158,3,2012.57,0.2041
3881,5737,31,2,2025.19,0.1137
3882,8323,96,3,796.27,0.2094
3883,5397,36,5,1116.63,0.2838
3884,1415,169,4,1040.63,0.2389
3885,8094,61,1,854.57,0.2659
3886,6071,157,3,1244.4,0.2694
3887,3929,162,1,1269.53,0.0897
3888,6211,19,2,208.53,0.2121
3889,5866,5,2,659.52,0.2242
3890,8585,148,1,153.69,0.0365
3891,4073,29,5,1822.13,0.1453
3892,2085,3,1,1800.64,0.1968
3893,8789,84,4,734.89,0.0871
3894,9752,25,3,1458.29,0.1917
3895,4988,69,5,1082.31,0.0157
3896,3198,55,1,398.04,0.1772
3897,9608,184,4,1683.5,0.0303
3898,7665,157,1,1938.23,0.2047
3899,7625,125,3,846.63,0.197
3900,1030,41,2,1286.7,0.187
3901,849,130,1,466.63,0.0772
3902,2998,6,4,164.55,0.2006
3903,5485,187,1,669.32,0.1244
3904,6801,193,3,2051.33,0.1609
3905,9523,31,4,1928.88,0.2052
3906,1026,91,2,600.76,0.1111
3907,9010,109,3,170.77,0.2984
3908,6372,101,1,2073.52,0.0187
3909,1223,46,5,1558.27,0.219
3910,7932,60,1,236.69,0.0721
3911,9616,46,2,1781.74,0.2945
3912,3511,19,1,1306.7,0.1592
3913,3534,1,5,357.42,0.2355
3914,3117,18,2,68.26,0.0609
3915,5556,135,2,2102.79,0.2641
3916,1569,113,1,722.52,0.2893
3917,408,160,3,1375.54,0.1617
3918,1109,59,2,385.59,0.2553
3919,2904,65,4,1701.01,0.2009
3920,6173,12,2,149.76,0.0732
3921,1072,173,4,2093.31,0.2755
3922,3218,152,3,1423.7,0.2338
3923,9232,182,5,262.76,0.2674
3924,8539,4,4,1396.33,0.1089
3925,6431,79,4,1056.1,0.1361
3926,3356,24,5,695.01,0.0865
3927,7144,23,2,1688.65,0.1007
3928,3635,89,4,2028.0,0.0783
3929,5659,177,4,305.99,0.2182
3930,377,21,5,695.9,0.1137
3931,3452,198,2,411.68,0.2195
3932,9124,150,1,1143.57,0.2023
3933,1852,122,4,24.96,0.1665
3934,8956,109,3,1740.99,0.2015
3935,4841,37,5,119.93,0.1661
3936,4153,30,4,479.17,0.2159
3937,4783,31,2,2126.08,0.0979
3938,4210,33,3,2047.25,0.2344
3939,5850,109,1,1550.11,0.0896
3940,7236,76,3,1792.99,0.2937
3941,2352,155,4,1396.54,0.1159
3942,3046,78,3,989.63,0.0039
3943,9292,117,1,613.01,0.1396
3944,5743,58,2,2272.76,0.2867
3945,1648,129,1,2247.94,0.1901
3946,2782,64,1,2238.95,0.0307
3947,8057,109,5,2282.18,0.0324
3948,9692,114,5,1914.6,0.1347
3949,2,113,1,2243.04,0.0677
3950,8015,72,3,2179.49,0.1814
3951,5160,72,3,676.48,0.2802
3952,7851,26,1,2113.94,0.2898
3953,2105,90,3,1409.14,0.2764
3954,6156,177,2,1306.64,0.0889
3955,8650,172,3,321.26,0.293
3956,7492,43,3,2130.97,0.0924
3957,4787,49,1,804.29,0.1878
3958,8733,180,3,537.81,0.2672
3959,1821,71,3,2073.83,0.1976
3960,2387,160,5,80.58,0.299
3961,3443,106,5,509.08,0.1048
3962,8121,55,3,1236.35,0.0358
3963,7266,113,3,2224.46,0.0661
3964,9275,18,1,1091.25,0.0552
3965,376,123,2,443.51,0.2711
3966,5156,187,5,1231.28,0.1398
3967,9729,29,4,1577.7,0.1547
3968,7002,160,3,2184.49,0.0519
3969,8579,182,4,2019.64,0.0643
3970,9004,84,1,1947.77,0.2399
3971,183,31,4,1238.06,0.2049
3972,9663,171,2,2272.79,0.0988
3973,7762,169,2,2198.27,0.2386
3974,9976,136,1,1906.86,0.0161
3975,3300,43,5,1986.84,0.0212
3976,2877,179,3,2265.94,0.0266
3977,7217,136,4,867.28,0.211
3978,2860,125,1,2386.2,0.1788
3979,5044,9,2,342.22,0.2585
3980,1823,78,2,2197.85,0.2906
3981,2993,174,1,579.6,0.1023
3982,4398,33,1,1397.85,0.1886
3983,6760,58,1,1443.06,0.2611
3984,1089,79,4,2341.75,0.07
3985,1493,94,2,691.92,0.0287
3986,5597,159,1,1062.04,0.2948
3987,1354,197,3,373.13,0.2698
3988,2057,83,1,1368.8,0.183
3989,1428,48,1,986.6,0.0031
3990,643,106,4,1120.09,0.0679
3991,4924,139,5,188.66,0.2087
3992,4961,128,2,2086.06,0.108
3993,7474,74,1,892.85,0.1707
3994,8840,112,4,1596.8,0.0167
3995,914,128,5,1586.57,0.1646
3996,3870,100,5,1596.12,0.0431
3997,6241,161,5,596.61,0.0316
3998,2326,189,1,275.39,0.1468
3999,9098,88,1,190.13,0.1539
4000,993,15,4,1429.32,0.2702
4001,4592,29,2,250.16,0.2966
4002,3559,155,4,1004.25,0.0326
4003,9425,20,5,2192.4,0.0947
4004,6153,164,3,206.88,0.2208
4005,1327,14,2,1632.07,0.1973
4006,7827,37,4,1079.89,0.0243
4007,4013,101,2,2151.6,0.0176
4008,5595,49,3,1861.27,0.1244
4009,2721,164,5,309.51,0.149
4010,1791,186,4,741.55,0.1717
4011,410,15,2,1597.89,0.1916
4012,1655,167,2,441.53,0.1446
4013,7279,5,1,2007.21,0.2154
4014,5538,97,5,619.89,0.0351
4015,5823,45,4,2078.5,0.2226
4016,6044,129,5,680.02,0.1858
4017,5846,47,1,555.3,0.0028
4018,5198,34,3,2354.92,0.1415
4019,3590,136,5,1596.62,0.1055
4020,1070,54,1,1356.4,0.0761
4021,6052,87,3,135.71,0.0165
4022,2673,60,5,714.83,0.2932
4023,7696,37,3,322.34,0.0839
4024,6395,174,4,411.4,0.1375
4025,4552,18,2,667.43,0.0283
4026,941,10,3,352.57,0.2391
4027,5370,68,2,2250.45,0.0071
4028,6116,199,4,226.05,0.177
4029,7728,86,3,2150.5,0.083
4030,7793,107,2,1205.77,0.1036
4031,2658,76,3,403.68,0.1575
4032,7128,152,1,1324.91,0.1407
4033,8853,47,3,2154.88,0.1233
4034,5930,37,3,2226.53,0.1879
4035,6619,200,5,899.18,0.1645
4036,2944,43,5,1680.31,0.0993
4037,306,25,4,178.74,0.0566
4038,9049,87,4,1255.69,0.0468
4039,2942,146,4,579.02,0.011
4040,449,179,2,757.65,0.1335
4041,7449,46,4,1168.13,0.0524
4042,2795,187,4,2285.28,0.2647
4043,1231,167,5,2061.22,0.1268
4044,5499,78,3,965.37,0.188
4045,482,112,4,1201.8,0.0935
4046,6418,86,4,2187.22,0.0778
4047,6425,166,3,220.01,0.2449
4048,3069,183,5,1944.95,0.1108
4049,3428,79,5,435.57,0.0286
4050,5054,5,3,707.76,0.097
4051,9353,113,5,555.64,0.0357
4052,1193,133,5,1384.85,0.139
4053,8031,121,1,586.55,0.0878
4054,7446,178,2,1149.44,0.2461
4055,4326,42,3,79.85,0.0196
4056,1518,147,2,800.86,0.2953
4057,2025,162,3,1782.23,0.2387
4058,8681,53,1,1095.34,0.1999
4059,9901,21,3,2061.0,0.0159
4060,1300,45,3,1157.51,0.2939
4061,4093,60,3,2191.73,0.2283
4062,7033,181,1,995.38,0.1355
4063,3724,19,5,912.39,0.2486
4064,1086,35,4,653.16,0.1015
4065,3205,82,2,1162.71,0.1225
4066,2860,14,2,2079.82,0.2016
4067,9373,86,2,1788.92,0.2767
4068,5409,103,4,443.95,0.2758
4069,8023,12,5,2314.5,0.0709
4070,5476,177,1,1124.99,0.1926
4071,6962,3,3,567.59,0.2653
4072,3531,119,3,2348.72,0.0311
4073,3579,104,5,1110.08,0.0557
4074,9794,96,1,446.73,0.2359
4075,2276,155,3,2060.96,0.1687
4076,4526,117,1,1258.29,0.0169
4077,145,153,5,504.02,0.1604
4078,2209,143,5,1705.57,0.2764
4079,8481,115,5,2455.24,0.0549
4080,5472,27,3,224.51,0.0205
4081,4180,15,1,1094.51,0.2839
4082,534,158,2,1290.21,0.114
4083,6269,187,2,1658.05,0.2329
4084,181,173,3,582.79,0.1819
4085,3033,181,4,474.35,0.0562
4086,9260,78,4,1858.64,0.0605
4087,930,45,5,1678.32,0.2228
4088,7964,92,1,625.72,0.1903
4089,4515,200,2,156.29,0.0045
4090,964,189,5,2003.37,0.1486
4091,6921,11,3,1710.25,0.2756
4092,3350,78,4,2201.25,0.1597
4093,7385,179,3,183.07,0.0084
4094,3157,111,1,1226.45,0.1468
4095,2841,167,1,411.66,0.0136
4096,7505,24,1,1692.17,0.1358
4097,2127,134,4,635.03,0.2212
4098,5639,33,4,668.29,0.0393
4099,3899,150,5,1791.58,0.1023
4100,1760,60,3,2064.59,0.0597
4101,1480,148,2,2277.68,0.1181
4102,4803,11,2,209.03,0.0449
4103,7652,115,2,2019.6,0.0816
4104,977,35,4,2429.18,0.0404
4105,9153,163,5,145.17,0.1237
4106,3428,65,1,2281.47,0.1415
4107,81,106,1,2385.67,0.1761
4108,7290,90,5,492.91,0.227
4109,4666,177,4,781.86,0.0312
4110,2860,66,2,758.07,0.2608
4111,9849,174,3,2374.64,0.2099
4112,1072,133,4,56.37,0.0324
4113,9853,167,2,1398.19,0.1139
4114,2457,79,1,1455.2,0.1134
4115,9017,179,5,1635.01,0.2112
4116,3085,149,5,572.09,0.0449
4117,1869,166,2,1193.12,0.0184
4118,3852,164,4,1040.07,0.0075
4119,6368,14,2,1029.74,0.2602
4120,4323,161,4,845.06,0.1856
4121,988,23,1,2359.16,0.0062
4122,5484,72,5,1633.56,0.2811
4123,8383,166,4,1903.78,0.0325
4124,8184,47,1,814.54,0.2246
4125,6846,64,3,16.94,0.2564
4126,8052,175,2,2381.31,0.1949
4127,1024,1,4,2192.71,0.0213
4128,7607,42,2,1152.8,0.17
4129,3295,68,2,973.28,0.1359
4130,7128,25,5,1120.04,0.2277
4131,8052,116,2,683.66,0.0806
4132,3114,112,3,1543.04,0.2086
4133,3664,185,5,2434.57,0.0608
4134,5746,180,2,180.32,0.2126
4135,7532,135,3,1977.17,0.0787
4136,1157,135,4,161.75,0.2961
4137,9904,184,1,2149.72,0.2778
4138,8355,167,3,377.04,0.1523
4139,4400,198,4,1244.27,0.2105
4140,2795,83,4,1278.93,0.2444
4141,8246,186,4,1582.0,0.2048
4142,8566,151,1,1518.96,0.2441
4143,9069,118,2,1760.52,0.0926
4144,5547,138,2,2123.79,0.0364
4145,6894,108,2,104.65,0.0371
4146,5162,200,3,1849.16,0.1933
4147,7783,164,1,142.8,0.1409
4148,8119,199,5,1987.55,0.2456
4149,2866,119,1,1986.26,0.0176
4150,6486,131,5,489.5,0.1636
4151,2709,72,4,534.98,0.0476
4152,3289,77,2,209.05,0.2114
4153,8232,141,5,612.04,0.0973
4154,1655,176,2,1255.73,0.0714
4155,798,112,1,981.19,0.0024
4156,8902,66,2,571.16,0.1535
4157,5613,131,2,1558.37,0.1809
4158,25,63,3,1314.12,0.2095
4159,5061,15,5,326.72,0.2961
4160,7453,130,3,812.06,0.1697
4161,5115,189,1,2353.22,0.1957
4162,7384,187,4,1688.71,0.1776
4163,9649,145,4,2378.03,0.2065
4164,9266,11,2,1147.61,0.2765
4165,9428,5,4,65.55,0.2898
4166,4698,70,3,1983.7,0.1744
4167,4485,67,2,249.88,0.1765
4168,7437,23,2,2357.18,0.2489
4169,3367,96,5,776.62,0.0047
4170,4525,63,2,1652.21,0.0579
4171,2065,132,4,2118.02,0.0526
4172,4539,29,5,1153.15,0.0217
4173,3427,145,3,1083.76,0.1079
4174,1017,163,4,477.52,0.2256
4175,2018,176,4,1824.34,0.1786
4176,5691,85,4,858.25,0.0803
4177,7649,87,3,1574.62,0.2675
4178,2426,48,5,627.87,0.0937
4179,4227,53,5,1851.56,0.157
4180,4497,193,4,1745.72,0.0129
4181,4219,117,2,36.55,0.2523
4182,9112,1,2,268.11,0.2932
4183,3835,135,4,218.71,0.2674
4184,7360,77,2,101.52,0.1226
4185,4170,118,3,163.27,0.0471
4186,7547,84,5,822.69,0.0908
4187,3544,198,3,1918.34,0.2749
4188,8303,30,4,1339.04,0.2922
4189,2225,113,2,278.99,0.018
4190,3092,116,4,144.24,0.0397
4191,2253,70,3,273.58,0.2463
4192,1991,98,5,943.09,0.0516
4193,5153,99,1,770.86,0.116
4194,2128,84,4,1778.92,0.0109
4195,9760,166,4,1569.35,0.0622
4196,2174,158,4,2193.64,0.0531
4197,4604,97,4,2371.59,0.2449
4198,2423,54,5,18.59,0.0179
4199,7133,88,5,581.93,0.1788
4200,4630,144,3,208.79,0.1753
4201,4314,104,1,776.91,0.2847
4202,4378,16,4,1499.31,0.03
4203,4401,27,3,676.92,0.1926
4204,4758,100,5,486.88,0.228
4205,1219,22,2,976.13,0.0025
4206,1450,143,5,58.76,0.1943
4207,1588,46,5,2433.53,0.0344
4208,3985,129,2,2418.15,0.1891
4209,4750,156,2,348.78,0.086
4210,6848,161,3,485.49,0.0329
4211,7838,100,1,1420.08,0.1367
4212,397,143,1,782.3,0.187
4213,744,57,5,45.27,0.0951
4214,5280,70,2,149.42,0.1582
4215,9646,196,5,1687.96,0.1108
4216,2018,186,1,537.47,0.2818
4217,3612,20,1,1352.63,0.1788
4218,2323,4,4,702.19,0.0974
4219,2632,10,1,1319.45,0.0651
4220,362,7,4,2497.34,0.1732
4221,400,57,5,1731.36,0.2941
4222,3655,134,3,876.41,0.1437
4223,8987,55,1,2413.74,0.2735
4224,563,159,4,100.96,0.1591
4225,7803,64,3,439.54,0.2412
4226,2065,164,3,1253.8,0.1769
4227,8412,91,5,740.92,0.1754
4228,2632,13,2,1804.03,0.1264
4229,2017,75,3,100.17,0.2061
4230,626,117,5,695.86,0.1482
4231,9857,73,2,2141.11,0.2535
4232,3342,200,3,1014.04,0.2767
4233,9095,189,5,519.46,0.1474
4234,64,10,5,1303.83,0.0789
4235,1928,194,4,925.35,0.1349
4236,9142,152,5,716.97,0.2113
4237,8631,99,3,2123.6,0.1508
4238,897,162,3,2130.85,0.1189
4239,5859,178,1,1054.84,0.0081
4240,7368,75,3,1515.73,0.0551
4241,2080,116,2,1801.07,0.2523
4242,1,129,1,1764.31,0.2293
4243,4802,5,5,841.83,0.0251
4244,4010,155,1,1658.03,0.0319
4245,6025,7,2,2296.88,0.2802
4246,2764,101,1,152.71,0.2392
4247,2634,1,2,196.46,0.1218
4248,3433,32,5,2133.5,0.2918
4249,1683,145,1,1512.05,0.2919
4250,563,18,3,82.62,0.2993
4251,6993,68,3,1918.53,0.1139
4252,258,49,2,279.27,0.1599
4253,6666,13,2,2101.36,0.1953
4254,9157,69,2,1215.22,0.2455
4255,4742,150,5,739.14,0.0583
4256,4674,154,2,1549.73,0.0982
4257,4932,68,3,447.1,0.1072
4258,7007,87,3,1351.47,0.2504
4259,3876,133,2,1232.63,0.1433
4260,4094,137,4,611.98,0.1737
4261,2655,77,2,1674.37,0.2346
4262,3985,62,4,885.63,0.1912
4263,3816,73,1,2128.5,0.2742
4264,1870,68,1,222.51,0.0461
4265,378,78,3,1928.82,0.1415
4266,2393,2,1,1102.88,0.1164
4267,6207,95,1,790.03,0.2448
4268,849,178,1,2348.12,0.1447
4269,780,51,5,512.01,0.2764
4270,3412,2,5,1066.5,0.0842
4271,866,169,2,1168.28,0.0739
4272,3640,64,4,754.45,0.1759
4273,7092,172,3,236.17,0.0149
4274,1931,52,5,2264.33,0.198
4275,539,37,5,2236.51,0.23
4276,4030,66,3,1577.79,0.0788
4277,9298,92,5,821.07,0.107
4278,9958,184,3,1575.54,0.1996
4279,6062,23,2,2411.57,0.1672
4280,9948,199,2,2210.25,0.1883
4281,7542,167,1,426.45,0.1681
4282,8426,116,3,2043.25,0.1493
4283,6223,86,3,1997.44,0.0091
4284,5417,60,2,2294.38,0.1117
4285,7708,56,5,133.09,0.1811
4286,7144,120,3,1919.73,0.2398
4287,8080,164,3,1372.08,0.2588
4288,7215,129,5,1352.62,0.1085
4289,897,98,2,883.06,0.2098
4290,7583,4,3,1967.6,0.0247
4291,6489,41,3,1067.82,0.1087
4292,3596,99,5,904.42,0.0478
4293,8468,181,1,2401.45,0.141
4294,8595,159,5,1165.26,0.1921
4295,2302,161,5,1984.42,0.2823
4296,3049,133,1,360.84,0.2533
4297,2585,171,3,1854.03,0.0493
4298,4259,139,1,1682.51,0.2289
4299,5228,32,4,1284.6,0.1734
4300,243,111,1,356.53,0.2458
4301,2351,129,2,314.64,0.1431
4302,9155,43,3,1695.55,0.0605
4303,9332,6,4,2141.68,0.0233
4304,1046,92,4,1424.37,0.0799
4305,9679,114,1,1160.27,0.0582
4306,9157,11,4,1307.24,0.183
4307,6634,169,3,404.06,0.1934
4308,2666,27,3,144.24,0.1326
4309,2012,189,5,2075.19,0.1365
4310,6527,76,5,2118.35,0.2598
4311,7298,13,2,1886.77,0.0433
4312,5246,95,1,1932.51,0.0326
4313,8562,35,4,546.65,0.0216
4314,1395,25,5,285.18,0.1427
4315,9021,36,3,412.58,0.2343
4316,6405,149,4,1602.14,0.2009
4317,2076,112,1,1002.36,0.0265
4318,2897,55,4,54.13,0.1513
4319,8375,36,4,2376.86,0.0123
4320,376,156,2,587.28,0.0382
4321,3991,155,1,25.66,0.0628
4322,8402,140,4,969.4,0.1285
4323,9078,26,3,544.3,0.1099
4324,6260,173,3,932.05,0.2043
4325,3707,134,2,2346.82,0.2282
4326,4468,8,5,1558.22,0.2722
4327,995,75,1,1619.7,0.1822
4328,2490,125,4,2210.73,0.0779
4329,2662,145,2,297.19,0.1531
4330,5491,166,3,263.89,0.1918
4331,3516,169,4,2140.42,0.0551
4332,4063,143,3,410.6,0.125
4333,5835,83,4,1839.06,0.0958
4334,9547,83,1,534.13,0.1937
4335,5011,74,3,1195.36,0.0276
4336,7825,28,2,972.7,0.2462
4337,5636,153,2,272.31,0.0287
4338,5516,79,2,1683.36,0.2496
4339,7921,163,2,2139.0,0.0416
4340,1927,80,5,261.99,0.2324
4341,5077,37,4,903.58,0.2598
4342,229,155,4,85.45,0.1734
4343,6586,5,4,601.25,0.2715
4344,6053,187,5,662.01,0.0878
4345,5688,88,2,2045.49,0.1006
4346,8038,194,1,1884.07,0.1127
4347,2640,104,2,2081.28,0.2887
4348,7967,113,5,215.0,0.0212
4349,1295,57,1,345.84,0.0024
4350,4226,189,5,770.57,0.0156
4351,1549,127,3,1864.73,0.1468
4352,5880,118,4,77.19,0.0661
4353,517,60,4,384.68,0.1461
4354,3489,192,5,1251.66,0.1597
4355,4608,32,1,74.65,0.1454
4356,3010,144,3,272.36,0.1345
4357,8164,109,3,807.04,0.118
4358,1981,109,2,609.5,0.0969
4359,5558,44,2,911.89,0.0969
4360,8417,90,1,1893.03,0.0633
4361,2251,122,2,554.99,0.1192
4362,7912,69,4,1570.11,0.1646
4363,8328,189,5,2203.99,0.2819
4364,5153,71,4,771.93,0.2175
4365,9245,162,3,137.82,0.2732
4366,9567,120,3,1583.82,0.0655
4367,3038,86,5,1795.94,0.0745
4368,9544,21,1,1199.18,0.0911
4369,6589,147,3,1078.68,0.2902
4370,3930,52,1,1869.6,0.1583
4371,1394,120,4,1049.93,0.2467
4372,7860,170,2,26.8,0.2441
4373,371,39,5,2226.33,0.2656
4374,4734,45,2,644.22,0.0617
4375,1660,89,1,1526.97,0.1553
4376,9114,141,1,1393.55,0.1778
4377,3444,171,4,1290.41,0.154
4378,7658,83,4,627.33,0.2562
4379,1277,118,1,1854.58,0.2812
4380,6630,199,4,626.5,0.0664
4381,8794,194,5,2348.37,0.0174
4382,8411,108,3,1407.17,0.2207
4383,9394,173,5,1928.49,0.1529
4384,209,132,1,1865.2,0.2816
4385,3207,129,3,2421.22,0.2128
4386,211,111,1,1337.63,0.0937
4387,273,128,5,151.8,0.1594
4388,7328,60,1,233.83,0.2696
4389,6288,50,4,903.88,0.2545
4390,9919,87,1,910.35,0.1402
4391,3580,47,5,555.11,0.0665
4392,7502,17,4,2315.52,0.0319
4393,8694,86,3,1190.71,0.0515
4394,6588,163,5,2258.06,0.1326
4395,3826,8,2,151.95,0.215
4396,3945,56,2,880.19,0.0515
4397,1110,188,5,908.51,0.2048
4398,3065,183,5,108.62,0.0914
4399,3152,7,2,1624.15,0.1878
4400,8144,65,2,367.98,0.1459
4401,1350,25,2,876.5,0.2619
4402,8201,24,5,2452.9,0.2774
4403,3500,114,4,2326.39,0.1155
4404,4288,97,1,664.58,0.1108
4405,9306,96,1,797.68,0.1839
4406,4588,93,4,1357.66,0.088
4407,7875,65,1,725.56,0.1757
4408,5385,47,4,1818.39,0.1235
4409,6924,136,4,1424.27,0.143
4410,7112,173,1,1189.35,0.2373
4411,7411,157,1,2394.11,0.0332
4412,7162,31,1,555.44,0.0446
4413,677,57,3,2148.52,0.0345
4414,2773,135,1,1822.02,0.1865
4415,1384,159,5,514.94,0.2603
4416,499,109,5,474.36,0.2706
4417,6712,188,3,1450.12,0.1569
4418,9833,184,5,213.92,0.1945
4419,7381,160,1,1209.85,0.2071
4420,1855,94,3,852.94,0.1383
4421,1070,61,2,2128.78,0.1957
4422,4277,189,2,1498.07,0.1061
4423,9788,76,4,1605.87,0.1882
4424,4322,99,1,827.01,0.1489
4425,8539,192,4,553.05,0.0483
4426,6590,10,2,1349.17,0.2535
4427,829,154,5,2362.72,0.0798
4428,9822,69,3,1493.75,0.0313
4429,6020,87,2,63.19,0.2492
4430,1687,73,4,2409.87,0.2594
4431,7465,97,5,2086.88,0.0144
4432,4348,37,3,2210.58,0.2812
4433,9668,158,5,1139.54,0.021
4434,9637,97,2,2242.26,0.0626
4435,2699,2,5,658.78,0.0019
4436,6052,42,5,2006.98,0.0044
4437,6628,196,4,1537.12,0.0255
4438,3907,94,5,2382.22,0.2656
4439,624,163,3,751.37,0.0171
4440,158,138,2,321.91,0.2235
4441,8761,31,1,1796.76,0.1713
4442,5822,6,5,2465.41,0.2363
4443,5763,65,2,377.36,0.2497
4444,4605,130,5,267.86,0.1267
4445,4640,137,5,1085.22,0.0457
4446,2637,81,4,1804.89,0.0004
4447,4191,80,2,1497.58,0.2665
4448,9493,194,3,2351.14,0.1633
4449,5655,80,1,2025.99,0.1542
4450,5069,99,5,1437.92,0.2223
4451,2970,59,2,912.38,0.0983
4452,3033,121,2,2090.77,0.2981
4453,4213,141,5,1228.4,0.1704
4454,1480,6,1,2189.66,0.0213
4455,4456,153,5,1507.36,0.0519
4456,5150,191,1,1772.27,0.0896
4457,2373,187,2,131.18,0.0465
4458,1944,90,5,2476.07,0.2725
4459,8266,108,2,1890.12,0.1374
4460,5075,174,5,1461.26,0.1256
4461,3904,143,5,1337.5,0.2263
4462,1443,66,3,1504.68,0.2473
4463,3990,86,4,129.09,0.0787
4464,4903,42,5,921.07,0.0142
4465,9479,145,5,237.3,0.0427
4466,551,127,2,450.91,0.2581
4467,2762,23,1,842.52,0.125
4468,7971,143,2,1686.54,0.0672
4469,5381,166,4,2327.62,0.296
4470,824,56,5,2467.92,0.0655
4471,1107,162,2,1881.48,0.241
4472,2220,65,1,682.91,0.2999
4473,362,105,4,816.07,0.0422
4474,9956,80,4,778.07,0.2041
4475,6418,112,5,2098.78,0.2502
4476,4596,87,4,1939.71,0.2762
4477,7621,34,1,171.76,0.0887
4478,2958,144,2,1244.24,0.0237
4479,7087,101,4,1609.81,0.0115
4480,9269,178,3,53.72,0.1073
4481,9613,112,2,1490.1,0.0457
4482,6338,197,1,2354.36,0.1091
4483,464,170,1,132.74,0.2693
4484,1379,190,5,440.16,0.0698
4485,7508,12,4,271.74,0.1749
4486,5550,197,5,932.77,0.2932
4487,7825,87,4,933.36,0.1139
4488,7636,72,2,2389.92,0.0643
4489,1796,128,5,2004.08,0.284
4490,795,80,5,1598.3,0.1741
4491,3068,84,5,1610.91,0.0164
4492,9492,28,5,1671.35,0.0388
4493,725,158,3,439.62,0.1743
4494,1233,50,3,895.2,0.145
4495,9783,145,5,1621.71,0.1344
4496,7519,138,4,98.07,0.1642
4497,540,95,5,1232.4,0.109
4498,7000,11,3,2094.08,0.2501
4499,109,175,3,1369.54,0.2838
4500,2072,136,5,2164.95,0.0945
4501,9889,31,5,1869.96,0.2036
4502,4595,101,4,1354.09,0.1137
4503,2420,165,3,951.33,0.047
4504,1189,161,5,1644.69,0.0629
4505,6541,137,1,1251.06,0.0726
4506,7595,174,5,2485.67,0.1477
4507,7241,131,3,1532.0,0.0786
4508,8242,13,1,640.59,0.1544
4509,3695,156,1,2408.03,0.0
4510,71,52,1,728.31,0.0937
4511,8684,189,4,2228.55,0.1171
4512,474,152,5,1238.11,0.1868
4513,5321,10,1,1766.74,0.0142
4514,8661,170,4,516.27,0.2769
4515,1461,165,3,1405.11,0.0932
4516,4310,15,1,514.71,0.1485
4517,4243,106,5,605.3,0.2085
4518,6526,156,1,417.06,0.1106
4519,9902,165,3,1131.67,0.189
4520,1440,193,3,1294.03,0.148
4521,1029,141,1,667.59,0.1423
4522,9036,59,5,1539.59,0.0551
4523,9064,196,4,688.55,0.1177
4524,2898,56,1,1310.73,0.0621
4525,5127,30,3,1719.09,0.2372
4526,723,64,4,164.21,0.0398
4527,3401,67,5,2152.46,0.0128
4528,3312,20,1,904.12,0.118
4529,2875,99,3,1299.36,0.0047
4530,2052,27,4,1122.82,0.1073
4531,9930,112,2,2374.93,0.2341
4532,6250,140,4,486.67,0.2398
4533,6691,109,3,1572.78,0.1138
4534,8152,41,3,2073.98,0.1861
4535,6700,51,2,1079.95,0.1862
4536,9479,97,2,847.95,0.1301
4537,7447,80,2,294.23,0.1621
4538,8769,29,5,1806.13,0.1871
4539,6488,91,3,1968.43,0.1322
4540,8980,51,1,794.28,0.2837
4541,9760,59,5,1942.97,0.2594
4542,7647,88,3,262.93,0.2106
4543,1889,128,4,1084.75,0.1695
4544,8356,159,2,702.83,0.2074
4545,8594,137,4,699.58,0.249
4546,2533,109,1,2327.05,0.0349
4547,8545,198,5,1944.29,0.0333
4548,673,30,4,1918.96,0.1135
4549,3154,90,1,1240.57,0.2831
4550,265,40,4,1559.75,0.0409
4551,1066,7,3,1968.17,0.1538
4552,7135,200,4,677.5,0.0677
4553,207,187,2,738.93,0.0461
4554,5764,139,2,2210.54,0.2629
4555,3502,3,3,584.04,0.208
4556,5863,132,5,1704.75,0.1934
4557,6216,20,2,2298.54,0.1715
4558,8600,5,4,2381.41,0.2158
4559,9852,162,2,768.42,0.2287
4560,2757,142,3,2376.17,0.1111
4561,8471,141,5,357.9,0.1179
4562,7275,189,3,617.8,0.059
4563,1890,177,4,1013.25,0.2588
4564,7823,45,2,1902.59,0.0404
4565,8243,53,4,237.81,0.1647
4566,5243,24,2,567.84,0.0089
4567,4527,191,2,1199.67,0.1526
4568,8516,9,1,200.77,0.2576
4569,4014,191,3,891.38,0.2781
4570,5960,56,1,1542.24,0.253
4571,1805,77,4,1934.91,0.2291
4572,7846,77,4,1259.66,0.0476
4573,1445,199,5,1129.01,0.1792
4574,1779,128,2,839.53,0.0366
4575,2539,128,1,930.45,0.0242
4576,7804,113,5,1356.35,0.0033
4577,5337,42,1,999.32,0.0674
4578,9921,1,4,803.58,0.2228
4579,9767,64,5,1564.12,0.1441
4580,6121,72,3,2491.66,0.0497
4581,5530,15,5,744.0,0.0745
4582,5632,69,2,313.41,0.08
4583,7358,150,4,381.17,0.2468
4584,5941,148,3,1523.05,0.0838
4585,9155,196,4,1398.83,0.0636
4586,1330,45,2,280.27,0.1273
4587,4203,89,4,1034.04,0.2653
4588,5789,80,3,2137.7,0.224
4589,1249,168,5,1202.64,0.2007
4590,9746,174,5,1957.81,0.2758
4591,60,91,5,130.16,0.2391
4592,6516,63,3,1235.97,0.1009
4593,3214,93,5,2062.83,0.0165
4594,118,140,1,1510.91,0.0289
4595,6824,180,1,299.14,0.1143
4596,7360,7,5,2213.35,0.1067
4597,286,55,2,475.22,0.2528
4598,9885,133,3,1784.27,0.2945
4599,8211,47,2,194.96,0.2873
4600,1006,97,4,1352.93,0.1972
4601,6746,166,2,761.85,0.1213
4602,3694,104,2,2441.47,0.1112
4603,5690,43,2,2250.61,0.0073
4604,5110,198,5,1110.34,0.2608
4605,4212,136,4,2136.84,0.2707
4606,7208,86,4,609.87,0.0613
4607,8313,178,5,1308.21,0.1056
4608,6508,118,1,2074.33,0.1857
4609,4767,78,1,1715.98,0.0883
4610,3471,137,4,1130.16,0.1061
4611,2594,141,3,1345.49,0.1382
4612,5950,50,5,737.33,0.109
4613,6474,96,2,1415.52,0.0326
4614,5337,78,3,352.64,0.2183
4615,4264,163,1,1895.97,0.0479
4616,2580,25,4,2487.43,0.2571
4617,9325,189,1,144.14,0.0974
4618,199,31,4,1984.43,0.0767
4619,8185,49,5,2101.79,0.2131
4620,402,171,4,99.11,0.2317
4621,3802,45,3,1468.19,0.0935
4622,17,116,3,2233.47,0.2706
4623,4650,101,3,1425.88,0.1992
4624,3015,7,3,1476.65,0.0385
4625,1045,134,2,2488.86,0.0434
4626,5541,50,1,2246.37,0.0675
4627,9367,198,5,1592.11,0.2347
4628,5231,45,5,1292.9,0.2807
4629,9531,182,5,491.93,0.2321
4630,8832,124,1,2112.61,0.0074
4631,8048,145,4,724.9,0.0445
4632,8650,86,5,31.31,0.1591
4633,9198,87,5,154.1,0.1731
4634,9268,157,2,503.77,0.2515
4635,7441,192,5,2036.59,0.1084
4636,806,199,5,2436.72,0.2584
4637,9055,99,4,1795.94,0.0478
4638,3884,120,5,428.12,0.0583
4639,7188,103,5,2164.61,0.0859
4640,9647,116,1,2027.93,0.0735
4641,2629,148,2,2124.51,0.235
4642,9386,26,1,465.21,0.1022
4643,8519,157,5,1297.99,0.0337
4644,7387,7,2,1571.48,0.1553
4645,6930,127,4,1699.2,0.038
4646,1894,162,1,1717.09,0.2471
4647,4361,5,4,48.17,0.0997
4648,322,134,5,2399.98,0.1483
4649,2364,33,5,1454.49,0.2651
4650,4204,171,2,497.52,0.1204
4651,1829,187,4,1919.06,0.0289
4652,5869,33,5,149.3,0.2596
4653,3581,105,4,425.66,0.0412
4654,2589,189,4,1000.71,0.2255
4655,6719,146,2,1414.48,0.1324
4656,1551,142,2,1052.91,0.2311
4657,238,149,5,769.64,0.031
4658,9225,167,5,1846.36,0.2229
4659,121,162,4,31.72,0.1824
4660,4409,159,1,1700.9,0.0675
4661,184,81,5,2375.4,0.1302
4662,5358,135,4,388.97,0.2577
4663,1794,85,4,2141.5,0.1617
4664,330,71,3,475.51,0.04
4665,4918,129,3,1060.82,0.2267
4666,9235,86,1,2437.97,0.0371
4667,1304,22,2,1970.01,0.1056
4668,7476,87,1,908.11,0.0315
4669,7382,92,1,882.93,0.1189
4670,9545,191,5,815.29,0.2569
4671,5839,190,4,915.83,0.2334
4672,2748,46,1,2440.06,0.273
4673,4112,57,2,861.83,0.162
4674,6581,173,4,1121.09,0.1966
4675,6,76,5,542.17,0.1897
4676,6425,13,3,1602.27,0.0149
4677,3759,196,1,2084.28,0.1819
4678,5547,37,4,725.66,0.1413
4679,7649,94,3,543.69,0.1081
4680,1664,142,5,1136.68,0.0477
4681,5881,37,2,1716.75,0.0376
4682,9762,103,5,1025.39,0.1522
4683,386,91,2,382.06,0.0502
4684,5652,14,2,463.18,0.2248
4685,4858,194,2,729.46,0.2318
4686,7440,194,5,2088.85,0.0865
4687,2974,161,1,1280.26,0.1852
4688,6615,130,3,1475.8,0.0187
4689,9459,181,4,515.06,0.2722
4690,7161,89,1,1641.41,0.1879
4691,215,55,1,2099.41,0.1065
4692,3827,173,4,512.25,0.1656
4693,6221,37,4,160.22,0.1049
4694,8337,155,3,1665.15,0.0243
4695,837,180,1,2042.45,0.0787
4696,4601,86,3,1715.45,0.0031
4697,9538,127,1,1079.66,0.2318
4698,1782,116,4,1638.99,0.29
4699,4559,175,2,2492.38,0.0919
4700,2199,58,3,1564.64,0.2151
4701,2987,135,3,1327.42,0.1571
4702,1214,141,2,1356.3,0.0064
4703,3430,48,1,1180.55,0.2924
4704,7273,115,2,1724.27,0.2887
4705,369,156,2,2114.26,0.2669
4706,8364,173,5,1806.2,0.0945
4707,8912,184,1,575.1,0.0402
4708,7490,163,2,926.14,0.0944
4709,7776,125,2,1483.39,0.2211
4710,6714,55,5,2482.99,0.1434
4711,5240,97,5,185.45,0.2751
4712,3328,165,5,483.63,0.0058
4713,1446,137,4,1940.17,0.2885
4714,8348,114,3,492.87,0.2874
4715,4809,131,5,1686.31,0.2353
4716,3674,116,1,2485.94,0.1522
4717,1882,130,4,1607.4,0.1075
4718,7613,186,3,1205.53,0.2867
4719,1527,22,4,2084.12,0.2067
4720,3397,24,5,1932.87,0.2293
4721,4031,54,2,1781.49,0.2425
4722,6993,145,2,306.23,0.2581
4723,1818,186,4,1584.94,0.1504
4724,8695,186,3,47.96,0.2869
4725,5786,149,3,155.42,0.0885
4726,8181,77,1,110.98,0.2372
4727,457,63,5,285.66,0.0381
4728,4788,191,2,1089.75,0.1105
4729,5115,108,3,2366.36,0.1332
4730,5225,115,1,201.08,0.1662
4731,9801,44,4,1807.47,0.0226
4732,7028,168,1,1275.73,0.1187
4733,9158,75,2,700.47,0.0936
4734,8449,194,5,802.54,0.1386
4735,1158,92,1,71.81,0.219
4736,952,118,4,1755.53,0.0454
4737,7453,195,1,264.53,0.2048
4738,9964,174,4,101.22,0.1071
4739,8813,152,1,1178.76,0.0919
4740,4522,72,2,1201.2,0.1207
4741,849,198,3,1642.0,0.2568
4742,6891,179,5,1770.5,0.0202
4743,3114,99,4,1279.34,0.1723
4744,1784,120,2,1774.47,0.2205
4745,8974,106,4,636.84,0.1873
4746,3966,132,3,372.1,0.1606
4747,5988,122,4,2329.7,0.1866
4748,5293,159,3,942.56,0.1062
4749,289,193,3,238.8,0.1274
4750,1940,30,4,2070.38,0.1164
4751,3412,200,2,1538.55,0.174
4752,323,40,1,1485.99,0.2654
4753,7851,117,2,344.54,0.1418
4754,2783,123,2,1897.08,0.1215
4755,865,14,2,521.0,0.2033
4756,4554,44,4,119.59,0.0594
4757,8056,162,1,415.23,0.2677
4758,372,167,1,1755.92,0.2271
4759,5338,132,3,1981.06,0.1049
4760,1998,155,1,627.79,0.0625
4761,7816,42,2,797.87,0.1919
4762,2864,139,4,419.4,0.2878
4763,7538,118,1,1140.09,0.2624
4764,5595,87,3,561.84,0.0232
4765,4321,106,1,2460.5,0.0833
4766,5461,32,4,1920.9,0.2062
4767,8055,123,2,1498.83,0.1628
4768,2532,50,1,1807.5,0.0584
4769,4444,53,4,429.77,0.2598
4770,4795,132,3,1862.85,0.2897
4771,1398,147,2,875.64,0.1164
4772,8605,71,3,1181.83,0.1781
4773,1442,33,5,2214.92,0.1062
4774,2881,78,3,2361.36,0.062
4775,7060,125,3,1924.88,0.2694
4776,4378,77,1,1922.46,0.1265
4777,1267,198,1,1865.17,0.0082
4778,4295,123,3,1571.59,0.0969
4779,2838,83,4,500.94,0.1189
4780,9647,55,5,1477.24,0.051
4781,4323,9,1,155.63,0.2206
4782,9199,190,2,91.31,0.0531
4783,9412,62,4,2097.42,0.2601
4784,4829,115,1,1358.23,0.1822
4785,2917,48,2,55.72,0.2377
4786,228,90,2,692.71,0.2044
4787,2386,68,3,1712.1,0.2288
4788,4706,48,5,2349.3,0.1251
4789,9743,92,1,2112.6,0.178
4790,1918,155,3,1121.13,0.1145
4791,114,115,3,724.64,0.216
4792,2152,55,5,785.65,0.0932
4793,428,172,4,1838.06,0.1004
4794,4599,71,3,2014.01,0.2483
4795,6121,180,4,923.19,0.054
4796,3379,57,5,1562.81,0.1197
4797,9409,137,3,1867.85,0.172
4798,1945,98,1,2116.58,0.0401
4799,957,8,4,1607.69,0.1838
4800,8337,184,5,2162.78,0.1121
4801,8801,10,2,714.65,0.0643
4802,5684,193,3,1751.47,0.0171
4803,7889,114,3,1014.11,0.169
4804,6693,200,3,2322.66,0.2914
4805,2283,45,1,558.66,0.232
4806,6092,167,1,1971.59,0.1189
4807,5740,46,2,2330.17,0.0569
4808,2343,17,3,1710.87,0.2252
4809,8692,82,5,1975.69,0.2591
4810,2734,128,1,2217.1,0.1035
4811,5238,115,1,784.18,0.0187
4812,4440,67,2,324.43,0.1858
4813,5873,76,5,2342.2,0.0275
4814,47,190,4,108.2,0.0521
4815,6048,68,1,1219.25,0.0013
4816,6507,164,5,816.32,0.0783
4817,7501,9,4,1393.17,0.2285
4818,4710,163,1,2473.46,0.2462
4819,7148,195,1,128.64,0.2844
4820,7864,52,5,1927.5,0.2468
4821,1188,118,1,76.05,0.0634
4822,7029,90,4,664.18,0.157
4823,4266,101,1,1768.3,0.1761
4824,594,112,3,697.95,0.0383
4825,9863,91,4,1532.69,0.1306
4826,2871,156,5,2417.51,0.0916
4827,512,58,5,2188.71,0.2259
4828,5452,152,1,2093.28,0.0239
4829,5323,59,4,495.95,0.0828
4830,9336,37,5,690.38,0.0311
4831,2077,104,3,1972.14,0.1389
4832,3011,38,2,1830.28,0.0567
4833,3746,153,3,738.96,0.0315
4834,8022,15,3,1080.85,0.1975
4835,559,144,4,1626.61,0.2535
4836,6244,55,1,1320.94,0.0605
4837,1760,132,5,1148.43,0.0366
4838,6201,26,1,263.78,0.1981
4839,3706,39,4,1095.88,0.013
4840,6627,185,4,2480.53,0.0715
4841,5265,127,5,864.71,0.0915
4842,7010,128,3,1739.58,0.2759
4843,3226,47,4,1271.92,0.1053
4844,1405,176,5,1989.89,0.1598
4845,2698,92,3,1874.46,0.2319
4846,6183,177,2,2361.85,0.2536
4847,7945,165,2,1632.08,0.0287
4848,5647,38,4,2370.2,0.2263
4849,2161,100,5,118.25,0.2261
4850,651,62,2,1025.93,0.2635
4851,5598,61,1,1692.99,0.2297
4852,5526,118,1,1208.54,0.0388
4853,8126,8,5,2331.46,0.0902
4854,7320,38,1,364.15,0.127
4855,6052,106,4,1208.33,0.034
4856,4498,36,2,2142.6,0.0362
4857,3336,56,2,1897.26,0.2366
4858,3855,45,5,1981.16,0.0511
4859,1613,50,3,1164.12,0.2715
4860,4068,20,2,855.99,0.0638
4861,4477,191,3,1273.26,0.1473
4862,4727,183,3,514.68,0.0635
4863,2277,162,5,1608.76,0.2823
4864,3887,102,3,1969.33,0.1626
4865,5650,107,3,193.44,0.1679
4866,7651,92,5,1503.72,0.2614
4867,5588,32,5,1444.97,0.0449
4868,3754,43,5,671.2,0.026
4869,9312,79,5,2488.47,0.2924
4870,677,141,5,1256.97,0.2756
4871,3055,2,1,2221.68,0.0758
4872,1264,189,4,488.06,0.1777
4873,7004,142,2,1875.89,0.208
4874,3345,170,5,212.04,0.278
4875,2639,143,3,184.28,0.0631
4876,5948,93,2,492.46,0.2364
4877,1082,122,5,1847.14,0.0536
4878,7615,138,1,2492.48,0.1678
4879,6408,184,3,2030.27,0.0601
4880,9420,117,1,1070.36,0.0893
4881,1481,181,4,1614.31,0.1595
4882,6682,105,4,1194.41,0.0959
4883,1902,58,5,629.81,0.2991
4884,422,99,4,1545.45,0.1934
4885,3121,118,5,1331.09,0.2509
4886,2491,108,5,1351.37,0.059
4887,4117,62,4,172.55,0.0391
4888,397,57,4,315.82,0.0841
4889,6499,191,1,1256.74,0.2443
4890,9305,132,1,906.41,0.0595
4891,2976,78,1,1071.13,0.0737
4892,1813,104,3,984.25,0.2229
4893,7694,96,3,1782.89,0.2403
4894,2527,123,2,458.72,0.1642
4895,7,162,5,2356.22,0.0433
4896,4836,32,5,1183.96,0.2504
4897,8291,78,3,860.86,0.1746
4898,1491,162,3,67.62,0.2797
4899,4226,198,5,897.48,0.062
4900,5186,40,2,1570.0,0.0438
4901,4815,35,4,1996.2,0.0677
4902,3216,15,2,1834.03,0.0571
4903,2316,51,3,1439.45,0.2417
4904,6628,20,3,1098.67,0.0286
4905,9686,37,4,1320.74,0.2435
4906,9180,38,4,2405.06,0.1937
4907,6454,149,2,2415.76,0.2751
4908,6827,10,5,2011.18,0.1399
4909,4598,100,5,429.59,0.081
4910,2052,182,1,2336.54,0.2707
4911,4556,137,2,1625.0,0.0022
4912,7957,170,3,1202.33,0.2754
4913,6551,101,1,1410.16,0.1874
4914,2218,144,2,1198.91,0.0485
4915,7003,107,5,1203.33,0.0879
4916,8800,24,4,1086.55,0.177
4917,5754,4,3,2241.18,0.0291
4918,9489,172,1,1147.77,0.0172
4919,6326,118,4,562.06,0.1557
4920,2395,151,3,583.45,0.0101
4921,1910,42,5,342.05,0.2313
4922,870,120,5,1392.39,0.2091
4923,2678,194,5,822.18,0.2783
4924,6484,92,2,1449.85,0.2477
4925,8444,117,3,2328.18,0.0191
4926,3897,19,2,2389.75,0.0606
4927,99,148,5,774.91,0.0602
4928,1313,156,3,562.22,0.1327
4929,5658,106,3,152.52,0.164
4930,4696,24,5,693.13,0.1388
4931,3864,2,2,1273.14,0.0681
4932,5169,7,1,1512.48,0.2745
4933,585,124,5,258.93,0.0111
4934,6854,1,5,625.06,0.0091
4935,6559,139,1,119.26,0.2277
4936,9232,179,1,1943.89,0.0855
4937,4205,188,3,686.35,0.2231
4938,4183,159,1,1429.28,0.0898
4939,5829,30,3,1158.64,0.1698
4940,8849,77,1,1201.25,0.2596
4941,6153,152,2,1669.24,0.0563
4942,9562,18,3,1034.87,0.2152
4943,3518,186,2,635.86,0.2434
4944,3341,17,1,1032.74,0.2921
4945,4999,46,2,2062.05,0.0572
4946,7920,112,5,1411.8,0.1503
4947,7656,19,1,2441.89,0.0882
4948,7269,12,3,1965.74,0.1307
4949,8600,82,1,2066.62,0.02
4950,1975,140,4,1959.92,0.2682
4951,1312,50,5,1114.16,0.0962
4952,3079,194,3,2011.87,0.2967
4953,276,148,1,1582.57,0.1321
4954,6893,6,5,575.8,0.1062
4955,6547,129,3,250.99,0.1512
4956,6846,135,5,1254.64,0.042
4957,2916,96,3,1463.53,0.2539
4958,4698,55,5,883.29,0.2424
4959,5725,124,3,1579.66,0.247
4960,735,109,3,389.64,0.1244
4961,7832,105,4,2018.71,0.1076
4962,8328,15,3,1010.94,0.2876
4963,1754,95,4,1818.97,0.1703
4964,1786,152,1,2134.65,0.2667
4965,2930,29,1,608.61,0.0779
4966,8216,82,5,1370.39,0.1634
4967,1265,199,2,325.61,0.2023
4968,2561,34,2,120.81,0.0295
4969,5877,93,1,114.52,0.2651
4970,3695,37,4,2376.14,0.1325
4971,3543,170,3,126.31,0.239
4972,8650,192,5,1513.85,0.2397
4973,6142,95,3,157.62,0.2044
4974,6561,147,3,1790.83,0.114
4975,5663,151,2,1230.97,0.1684
4976,4173,71,1,532.77,0.2419
4977,6166,6,4,1514.22,0.0308
4978,1671,99,2,845.52,0.2453
4979,9350,55,3,391.51,0.0861
4980,8716,39,3,1853.33,0.1134
4981,8104,25,1,963.71,0.085
4982,3525,98,4,1180.91,0.2947
4983,1978,83,1,111.05,0.2139
4984,9091,4,5,1415.85,0.2994
4985,100,33,5,1291.62,0.0288
4986,3627,66,2,1874.98,0.2905
4987,6986,130,1,1203.18,0.0679
4988,9869,142,3,2112.42,0.0056
4989,4280,178,5,879.81,0.0649
4990,7930,11,2,1871.66,0.0552
4991,1171,34,5,615.71,0.2242
4992,4375,166,5,2160.11,0.2015
4993,2347,167,5,889.45,0.1067
4994,2328,150,5,1844.95,0.0556
4995,4483,42,1,2013.55,0.1078
4996,225,185,3,422.85,0.2897
4997,4494,166,1,2006.1,0.0905
4998,1441,9,2,734.7,0.2062
4999,4951,88,2,1494.05,0.1006
5000,8347,29,2,1311.19,0.2417
5001,9262,197,3,1470.25,0.1728
5002,4324,170,1,1974.64,0.1998
5003,8494,60,2,2080.82,0.0114
5004,5202,167,1,638.15,0.2207
5005,3216,91,3,485.24,0.0807
5006,2618,200,3,223.03,0.1931
5007,5461,60,2,1769.39,0.1257
5008,8619,181,1,1198.37,0.0962
5009,4571,126,4,386.23,0.1052
5010,6681,76,3,1215.94,0.035
5011,1438,136,2,2461.63,0.04
5012,9260,106,3,1401.02,0.0353
5013,5202,105,1,2182.11,0.2022
5014,7234,149,4,234.6,0.0842
5015,2973,184,4,2256.66,0.288
5016,4031,176,4,1401.96,0.2462
5017,6697,47,4,1356.8,0.1036
5018,3788,9,5,357.29,0.1548
5019,5469,78,1,1150.3,0.2355
5020,8930,129,4,1219.06,0.0439
5021,741,55,1,362.88,0.0548
5022,945,31,5,848.91,0.1136
5023,9920,80,2,2198.99,0.1567
5024,9528,91,5,97.89,0.0381
5025,7559,139,3,1316.29,0.14
5026,2630,66,1,1957.43,0.0589
5027,1557,188,2,2419.83,0.2637
5028,5948,31,4,1650.37,0.2806
5029,6033,178,2,115.14,0.2207
5030,4329,60,5,1801.99,0.0411
5031,7258,62,4,1826.91,0.2063
5032,4881,167,5,1349.76,0.1618
5033,4861,131,3,953.86,0.2548
5034,711,112,4,1107.56,0.1144
5035,5794,186,1,2363.85,0.2942
5036,1818,68,4,2220.18,0.2403
5037,9226,30,2,721.1,0.0607
5038,9553,67,2,199.06,0.2009
5039,3387,68,4,1866.29,0.1556
5040,6256,186,2,1339.5,0.2206
5041,2128,77,5,1606.05,0.1127
5042,2096,181,1,2360.5,0.0041
5043,91,14,3,2358.06,0.1163
5044,9861,138,5,2078.05,0.1975
5045,4792,22,3,673.37,0.0403
5046,7909,191,1,2006.37,0.2816
5047,4006,61,4,2120.12,0.101
5048,4050,174,2,17.21,0.177
5049,3157,37,4,1030.27,0.0332
5050,8455,21,4,792.82,0.0075
5051,1258,131,1,2112.18,0.157
5052,7945,147,5,282.88,0.1418
5053,5097,32,1,1561.06,0.2993
5054,216,24,4,1280.32,0.2473
5055,6091,74,3,2313.81,0.2109
5056,5465,176,1,1193.51,0.1922
5057,9390,96,5,206.08,0.2835
5058,6181,58,1,2225.03,0.2679
5059,903,168,2,1508.94,0.0297
5060,9745,135,5,1675.75,0.0944
5061,2935,46,2,1804.3,0.0643
5062,2368,114,3,2072.07,0.2009
5063,1875,126,4,1850.81,0.2562
5064,2093,143,2,654.31,0.2845
5065,3437,74,2,2395.84,0.2987
5066,9096,87,4,376.28,0.2588
5067,5229,5,3,1044.73,0.1021
5068,6999,187,4,1338.09,0.0605
5069,5058,198,2,148.72,0.0819
5070,2860,22,1,324.81,0.2095
5071,7472,28,2,484.44,0.1943
5072,1142,182,4,2177.45,0.252
5073,1104,19,5,1509.51,0.0802
5074,4653,113,5,265.33,0.1694
5075,8585,14,4,1836.09,0.272
5076,1813,176,5,1148.88,0.0209
5077,8067,135,4,410.44,0.1082
5078,7926,160,1,1410.34,0.0241
5079,6890,150,4,970.88,0.2253
5080,4729,46,1,1626.21,0.0165
5081,5076,85,5,2451.09,0.2838
5082,3784,141,3,1823.05,0.2504
5083,5868,22,5,1288.54,0.0171
5084,5668,138,4,1537.5,0.2455
5085,8718,110,5,1938.06,0.033
5086,4059,44,3,586.48,0.2103
5087,8483,24,5,351.17,0.2086
5088,3704,187,3,1446.29,0.2892
5089,1711,190,2,1867.8,0.1371
5090,5412,72,4,1064.48,0.2254
5091,6777,200,4,496.57,0.1698
5092,7145,113,3,1600.64,0.2941
5093,5818,183,1,1696.76,0.1508
5094,8685,177,3,1974.82,0.2823
5095,9631,50,2,1471.85,0.1221
5096,868,147,4,924.34,0.0565
5097,7001,58,4,559.51,0.1132
5098,5869,97,5,120.6,0.1341
5099,5962,176,3,1011.05,0.197
5100,4558,93,2,1928.92,0.1851
5101,8688,96,5,1885.91,0.0559
5102,8218,72,1,2355.86,0.0379
5103,8958,96,5,59.93,0.1556
5104,3027,140,2,453.91,0.0177
5105,6174,86,3,1658.15,0.185
5106,3431,148,1,1361.34,0.1841
5107,1903,173,4,1799.49,0.0599
5108,4946,26,5,980.94,0.2834
5109,3330,81,2,891.58,0.1723
5110,334,106,3,1751.47,0.3
5111,1428,159,5,1030.51,0.0129
5112,9658,82,2,658.92,0.2272
5113,5351,59,1,764.5,0.0769
5114,3618,131,5,560.5,0.1556
5115,572,18,5,42.83,0.0315
5116,802,84,3,1734.52,0.045
5117,1189,116,2,1840.96,0.0955
5118,8387,149,2,1982.59,0.2337
5119,8319,185,4,460.6,0.2473
5120,4321,42,4,2286.24,0.0539
5121,3295,62,2,838.18,0.0392
5122,2612,30,5,2237.79,0.2841
5123,4652,61,1,691.63,0.2164
5124,9814,36,4,119.66,0.0417
5125,4251,55,4,1302.57,0.0243
5126,3733,4,1,1332.76,0.1158
5127,6157,15,3,2253.81,0.0337
5128,2453,112,5,1680.04,0.2132
5129,810,199,4,2068.41,0.0545
5130,8417,96,3,2134.8,0.1479
5131,7008,97,2,1227.23,0.1099
5132,4400,57,4,2272.08,0.1865
5133,220,63,1,1813.45,0.2779
5134,7794,77,2,286.58,0.1259
5135,8470,64,2,634.45,0.1435
5136,6114,145,5,270.25,0.2596
5137,8721,53,3,1465.16,0.1898
5138,8673,168,5,569.81,0.016
5139,3174,70,2,2356.61,0.0085
5140,2842,127,5,2235.01,0.2796
5141,4775,50,1,1990.86,0.0606
5142,5191,68,4,2195.59,0.2735
5143,1983,15,1,2108.78,0.1307
5144,2777,72,2,450.76,0.1373
5145,6896,162,5,241.65,0.2977
5146,9907,158,3,1750.29,0.1545
5147,1182,152,3,865.41,0.292
5148,4649,108,2,1570.88,0.1914
5149,8097,8,4,1590.81,0.2313
5150,2098,185,5,2146.72,0.0197
5151,8127,114,1,416.81,0.0043
5152,7079,198,1,2214.45,0.2161
5153,6546,25,3,821.55,0.152
5154,2804,162,1,2228.61,0.2397
5155,2674,25,4,520.98,0.0536
5156,5377,18,2,412.85,0.2448
5157,8608,73,5,1545.19,0.1994
5158,3161,198,1,2261.11,0.0763
5159,2570,14,2,1224.76,0.2731
5160,7551,134,5,219.93,0.2909
5161,7645,103,2,2177.66,0.1379
5162,3775,36,1,1251.39,0.1354
5163,7402,36,2,1270.76,0.1714
5164,2614,146,4,551.79,0.2147
5165,6120,15,3,508.51,0.2103
5166,1687,89,5,1530.49,0.1596
5167,839,16,5,1085.11,0.2755
5168,6450,76,4,382.28,0.0489
5169,9124,14,2,2443.46,0.0597
5170,2310,47,5,131.14,0.2165
5171,4973,182,3,122.85,0.2225
5172,3948,58,1,2446.85,0.1181
5173,4165,158,5,565.23,0.0897
5174,83,46,4,49.98,0.0138
5175,8962,16,4,1002.84,0.116
5176,9003,129,3,558.28,0.0743
5177,8663,169,4,2017.46,0.2502
5178,3624,121,2,644.86,0.1469
5179,5124,27,5,2045.69,0.1695
5180,6731,62,5,1334.0,0.2229
5181,5225,156,5,2015.52,0.0894
5182,8314,148,2,1540.59,0.2665
5183,1891,55,2,1893.18,0.1183
5184,8045,51,5,1155.64,0.0322
5185,4785,117,5,1061.45,0.2572
5186,9603,69,4,1144.01,0.2768
5187,6095,88,1,1862.0,0.0654
5188,317,97,2,1114.27,0.1957
5189,505,162,4,740.17,0.2065
5190,8625,155,5,2029.39,0.0735
5191,8784,101,5,1045.83,0.1285
5192,6408,97,5,1125.93,0.1193
5193,7269,112,1,219.46,0.1884
5194,601,38,2,925.7,0.1466
5195,3480,29,5,2059.03,0.2028
5196,2453,35,4,1674.58,0.0275
5197,1148,20,3,342.32,0.0866
5198,4360,147,3,1180.65,0.0158
5199,8851,133,1,2314.81,0.166
5200,6942,25,2,589.22,0.1261
5201,1115,93,2,2065.37,0.2905
5202,9188,26,1,1417.08,0.0913
5203,6516,110,3,901.73,0.0829
5204,8553,179,3,2429.23,0.1062
5205,6907,194,5,1806.93,0.1441
5206,3785,189,4,803.43,0.1838
5207,9901,143,5,499.12,0.1075
5208,5696,128,2,2197.74,0.2009
5209,5662,45,5,1484.73,0.2159
5210,5566,6,2,105.95,0.2225
5211,7338,186,5,1078.11,0.2536
5212,9372,129,4,1117.55,0.046
5213,3642,73,5,1941.98,0.224
5214,1055,43,5,607.36,0.0887
5215,7002,16,5,1152.72,0.2179
5216,5732,14,2,212.9,0.0089
5217,6511,74,5,322.41,0.0641
5218,4212,19,3,1988.01,0.1444
5219,3596,51,3,1316.39,0.1778
5220,5421,136,4,974.26,0.2841
5221,8514,48,1,676.63,0.074
5222,2920,140,5,2409.62,0.1578
5223,5536,198,5,1178.44,0.1478
5224,2473,35,2,1415.31,0.2078
5225,4279,198,1,2461.16,0.073
5226,3909,6,1,1885.95,0.2785
5227,4613,99,5,953.68,0.2984
5228,3063,11,5,1397.85,0.2654
5229,6515,166,5,997.21,0.2114
5230,7139,91,1,1391.02,0.202
5231,8101,26,3,1622.39,0.225
5232,7522,156,2,2438.73,0.1678
5233,2716,72,3,1833.16,0.0708
5234,7483,89,5,1747.34,0.2669
5235,5820,83,1,255.37,0.197
5236,5301,50,3,808.51,0.0237
5237,2728,186,1,712.58,0.1491
5238,2429,26,5,265.0,0.1344
5239,3380,172,3,2181.51,0.0285
5240,4619,15,1,2035.88,0.1097
5241,8882,24,4,1978.7,0.0623
5242,2171,77,3,453.78,0.0133
5243,6326,187,2,1505.27,0.0066
5244,5426,57,1,1325.49,0.0836
5245,2801,145,5,1537.17,0.0275
5246,2304,81,5,1971.36,0.2527
5247,213,129,3,248.38,0.2927
5248,4995,139,5,489.9,0.1392
5249,1321,20,4,713.94,0.177
5250,8096,31,2,1184.4,0.2849
5251,6872,99,3,1470.53,0.2251
5252,1215,167,3,773.4,0.1528
5253,8083,191,5,287.68,0.1278
5254,8321,6,1,1275.58,0.224
5255,9249,99,5,162.77,0.0966
5256,5564,28,1,918.67,0.225
5257,3287,179,5,124.7,0.0216
5258,9970,53,1,558.72,0.1544
5259,7661,116,1,288.72,0.0543
5260,1782,44,4,1124.2,0.2204
5261,6334,65,4,599.88,0.2909
5262,1839,109,4,150.97,0.1965
5263,9617,12,5,755.9,0.2174
5264,2441,156,2,2233.3,0.049
5265,1107,72,4,2108.36,0.165
5266,3003,196,3,2208.83,0.2337
5267,5189,110,2,988.13,0.2573
5268,3406,30,3,2198.87,0.2927
5269,9005,163,4,2379.49,0.224
5270,3233,134,3,2395.74,0.1721
5271,4203,102,5,323.69,0.2444
5272,3052,85,3,2061.46,0.0774
5273,3878,30,2,851.26,0.2618
5274,7615,125,4,1132.63,0.2344
5275,7308,80,3,1644.13,0.0501
5276,2883,63,3,1897.77,0.2554
5277,360,8,3,2251.01,0.2493
5278,7069,128,3,2395.16,0.2775
5279,2198,33,2,1928.42,0.2703
5280,5026,43,1,611.99,0.0985
5281,5958,76,5,1278.38,0.1534
5282,99,43,4,874.03,0.2417
5283,7335,45,1,2164.74,0.2309
5284,2704,182,5,1245.8,0.2422
5285,9004,115,3,2143.52,0.0699
5286,1876,115,1,2435.99,0.2381
5287,7408,193,5,729.76,0.0305
5288,9433,135,5,87.63,0.1451
5289,5704,164,1,547.59,0.0168
5290,5537,25,3,1604.77,0.1359
5291,685,37,3,2025.6,0.0736
5292,2240,121,4,1874.79,0.1557
5293,899,140,5,2010.37,0.2139
5294,9880,160,4,2312.68,0.0093
5295,5068,177,3,572.59,0.079
5296,6815,166,5,139.37,0.0449
5297,5447,56,4,831.0,0.0551
5298,1832,80,4,2136.68,0.1746
5299,5585,193,4,1823.64,0.0192
5300,2482,108,5,97.05,0.2118
5301,8213,125,2,399.35,0.0699
5302,6165,26,2,2325.32,0.288
5303,4412,57,3,1248.01,0.2804
5304,618,142,5,1605.65,0.2196
5305,1089,184,5,249.24,0.2362
5306,8341,70,1,1448.33,0.2157
5307,5303,41,4,2117.66,0.2179
5308,7749,51,3,2257.55,0.054
5309,7887,195,5,1134.66,0.2779
5310,7790,107,1,1473.38,0.2405
5311,4378,12,1,1828.55,0.1719
5312,7499,97,5,1006.47,0.0499
5313,113,177,3,741.15,0.2328
5314,5333,109,3,236.2,0.2725
5315,9262,1,2,500.63,0.1416
5316,9286,147,2,2456.96,0.0258
5317,2230,194,3,2179.84,0.2903
5318,5293,186,1,875.88,0.0512
5319,9173,87,2,2078.23,0.2383
5320,7672,72,1,1915.49,0.2953
5321,2358,126,2,2419.28,0.0876
5322,7093,4,1,112.94,0.0298
5323,5343,136,4,1453.83,0.2432
5324,6060,27,5,1756.45,0.0208
5325,4439,26,3,2076.12,0.1585
5326,6752,97,4,2009.65,0.2192
5327,3052,43,3,702.48,0.1923
5328,5240,104,1,1763.34,0.1697
5329,4094,109,2,2027.09,0.0751
5330,4486,40,2,1296.98,0.0948
5331,2982,178,2,1260.09,0.1076
5332,8022,195,5,1111.32,0.1967
5333,5067,29,5,531.39,0.2039
5334,3965,85,3,2086.22,0.0525
5335,4085,117,2,1263.09,0.0068
5336,4861,126,4,349.61,0.0221
5337,4652,170,3,2286.86,0.205
5338,1124,18,5,2114.37,0.0285
5339,9244,81,5,1065.64,0.0937
5340,4672,149,2,1957.75,0.1652
5341,816,195,5,428.01,0.1655
5342,979,62,1,2430.11,0.1613
5343,2859,155,5,226.73,0.2759
5344,683,96,2,2206.1,0.1331
5345,8141,106,3,2494.77,0.0498
5346,3656,175,5,735.4,0.0164
5347,781,26,4,2032.45,0.1541
5348,1443,137,4,2286.06,0.1817
5349,7819,91,1,2382.08,0.1733
5350,4501,123,3,1806.02,0.0576
5351,2760,140,1,1555.86,0.0128
5352,5994,16,1,274.83,0.263
5353,3121,47,2,1180.99,0.1335
5354,2546,56,2,994.83,0.0318
5355,4042,66,2,69.54,0.1981
5356,5876,51,4,724.55,0.1958
5357,9563,27,5,1862.08,0.1839
5358,2829,110,3,771.01,0.0697
5359,1463,66,2,98.38,0.255
5360,7943,62,3,1929.36,0.0264
5361,554,71,1,2023.82,0.0351
5362,7052,136,5,82.54,0.1155
5363,5900,166,4,2092.43,0.2699
5364,8908,6,3,1995.28,0.2467
5365,4296,120,5,1558.11,0.2727
5366,5105,59,3,125.59,0.2102
5367,3390,19,1,2360.83,0.1865
5368,5320,79,2,264.16,0.2351
5369,3652,184,1,1802.68,0.0599
5370,3136,156,3,1913.18,0.0334
5371,5264,138,4,2368.52,0.2791
5372,7403,173,3,2369.68,0.2513
5373,3496,95,4,707.89,0.1264
5374,1338,193,4,591.53,0.2334
5375,5089,178,3,1036.32,0.153
5376,6197,160,3,2339.47,0.0049
5377,3012,189,4,1814.1,0.0045
5378,2660,144,3,2281.28,0.1419
5379,9357,134,5,555.82,0.1759
5380,2736,194,4,184.01,0.2468
5381,5308,62,4,76.56,0.1769
5382,4814,66,3,192.08,0.1779
5383,4714,195,1,2105.11,0.299
5384,6757,147,5,2182.25,0.0005
5385,6598,4,3,2294.09,0.1046
5386,179,121,2,1030.19,0.2789
5387,1038,43,5,1172.78,0.1149
5388,3835,146,2,488.4,0.0721
5389,4779,111,5,1111.21,0.1315
5390,7427,174,4,403.37,0.2303
5391,5785,109,5,1550.23,0.2288
5392,6178,46,3,55.35,0.1
5393,4806,149,2,1079.3,0.0353
5394,7400,103,1,2462.07,0.2893
5395,7361,158,2,2486.16,0.0691
5396,6332,192,4,1937.14,0.2782
5397,3569,41,4,757.69,0.121
5398,4424,145,1,509.03,0.2963
5399,3987,133,5,105.37,0.0744
5400,3314,5,5,1054.71,0.2007
5401,6241,117,4,1159.67,0.2461
5402,8684,75,1,214.77,0.1218
5403,8106,176,4,2171.6,0.0443
5404,310,128,2,1631.15,0.0292
5405,7278,104,5,959.17,0.0677
5406,9894,120,2,2139.84,0.0165
5407,8998,38,2,1038.76,0.2604
5408,6729,6,3,2122.49,0.2112
5409,1893,186,5,1246.68,0.1956
5410,9519,14,4,1593.91,0.2087
5411,1918,200,4,285.89,0.1907
5412,6500,187,2,656.36,0.0107
5413,5222,193,1,1635.57,0.1728
5414,2242,89,3,1035.53,0.1239
5415,7242,13,3,345.66,0.0474
5416,1974,155,2,398.1,0.1998
5417,5939,153,3,1774.11,0.1284
5418,5527,184,3,1716.81,0.077
5419,3979,68,2,1806.55,0.2196
5420,1316,187,4,1807.91,0.0181
5421,8803,95,2,2403.48,0.1097
5422,9682,177,2,2426.96,0.0834
5423,6796,18,5,1093.31,0.0366
5424,8396,76,4,1946.17,0.039
5425,6549,3,2,1847.65,0.0646
5426,1400,57,5,445.54,0.0061
5427,1373,134,3,1957.08,0.1789
5428,9449,69,1,2110.98,0.1533
5429,5107,31,4,108.72,0.2571
5430,3204,8,5,1317.77,0.2387
5431,9887,10,4,633.96,0.2933
5432,2683,3,5,2334.49,0.0068
5433,7923,12,3,224.13,0.1502
5434,8426,92,3,1652.09,0.0505
5435,2138,106,1,1627.46,0.1409
5436,7148,94,3,315.08,0.0551
5437,2807,19,3,1916.55,0.022
5438,4851,149,1,688.7,0.249
5439,1958,14,4,1735.43,0.1295
5440,9686,103,3,635.89,0.2055
5441,932,75,4,989.64,0.0335
5442,48,29,1,834.02,0.1726
5443,2271,114,2,1515.74,0.2485
5444,5768,7,3,1561.06,0.2674
5445,7919,49,4,1310.79,0.0908
5446,4562,193,5,385.65,0.2734
5447,679,7,5,1618.74,0.1462
5448,1591,142,2,609.09,0.074
5449,2519,16,3,1077.91,0.1652
5450,7133,99,3,2462.58,0.2065
5451,9021,144,3,2116.0,0.0247
5452,1567,85,5,698.94,0.2081
5453,6684,141,2,558.02,0.2272
5454,1568,82,5,1426.14,0.1293
5455,206,157,3,231.67,0.2688
5456,1806,73,2,1207.65,0.0666
5457,8672,122,5,1145.93,0.0571
5458,2121,125,3,2485.29,0.1879
5459,9654,61,2,93.72,0.1379
5460,5811,165,2,2192.12,0.1253
5461,6686,109,1,2336.6,0.188
5462,1438,17,2,1624.27,0.1096
5463,1943,31,1,1357.76,0.2874
5464,2828,59,3,372.47,0.2704
5465,7381,88,1,1712.29,0.093
5466,8963,111,3,1864.98,0.0577
5467,8259,175,3,1729.39,0.0533
5468,9638,6,4,213.24,0.2336
5469,7637,32,1,1969.15,0.1814
5470,8556,31,2,582.73,0.1623
5471,4496,146,2,667.22,0.1968
5472,2898,118,3,987.93,0.2215
5473,260,9,1,1660.04,0.0678
5474,7930,3,5,1420.14,0.2939
5475,1069,126,2,1764.6,0.1063
5476,4994,71,5,1651.71,0.0235
5477,9503,154,1,1756.95,0.2504
5478,7708,141,2,754.79,0.1593
5479,7497,162,5,1716.76,0.0054
5480,6459,43,2,1993.83,0.1824
5481,1443,161,4,152.34,0.186
5482,9521,69,4,2354.23,0.2026
5483,7084,164,3,134.54,0.1787
5484,229,79,1,1890.29,0.08
5485,4846,121,2,1618.42,0.2997
5486,9402,68,5,804.84,0.1403
5487,1971,101,2,1202.84,0.1164
5488,6262,127,2,2296.18,0.0011
5489,7953,47,5,2136.22,0.1707
5490,4228,189,5,923.62,0.1464
5491,1726,45,4,979.9,0.2841
5492,9809,102,3,549.53,0.0958
5493,6186,96,5,1063.78,0.2038
5494,2483,84,2,1643.43,0.1891
5495,5286,176,4,1137.8,0.2371
5496,1451,41,1,1816.36,0.2386
5497,6192,166,4,2020.35,0.0011
5498,5162,104,4,810.39,0.2605
5499,4281,68,4,1651.81,0.0354
5500,5942,11,2,1365.53,0.0158
5501,8033,16,5,271.16,0.2422
5502,1256,105,3,734.91,0.0254
5503,401,65,1,319.35,0.0135
5504,9940,199,3,2012.03,0.0727
5505,5640,195,2,1753.92,0.1571
5506,5353,71,3,2010.53,0.2611
5507,3465,1,3,1609.08,0.2754
5508,5067,199,1,1303.67,0.136
5509,6646,4,4,1196.53,0.1771
5510,2415,82,5,850.1,0.2772
5511,1088,37,5,2191.21,0.2322
5512,3875,142,3,1173.08,0.1866
5513,3161,79,1,547.66,0.0735
5514,6500,25,5,1871.33,0.1412
5515,9585,82,5,853.64,0.2577
5516,9708,132,5,570.32,0.0932
5517,2694,194,3,1980.77,0.0436
5518,2904,171,2,1126.97,0.0463
5519,6052,26,3,519.49,0.2318
5520,5377,143,3,1685.89,0.0495
5521,221,134,2,2045.11,0.0135
5522,6417,165,5,1008.93,0.2563
5523,3013,127,3,593.68,0.2802
5524,7545,171,4,75.69,0.2959
5525,5367,42,5,2172.49,0.1097
5526,8050,13,5,1127.84,0.2728
5527,5690,144,5,2221.87,0.0463
5528,9463,42,3,1765.87,0.2979
5529,4269,38,1,1243.58,0.0051
5530,5448,66,1,1751.43,0.1039
5531,4219,193,2,788.16,0.2234
5532,9945,133,1,505.27,0.1806
5533,636,30,5,389.4,0.1199
5534,2738,95,4,2294.21,0.0233
5535,5351,171,4,1864.53,0.2856
5536,2697,32,5,2341.28,0.2562
5537,9692,195,3,1912.99,0.0227
5538,8693,195,3,974.78,0.2258
5539,1657,42,5,2345.75,0.05
5540,3359,126,5,1476.26,0.2891
5541,6465,5,2,2338.82,0.02
5542,1897,96,3,541.24,0.0551
5543,2109,187,1,940.91,0.2318
5544,9354,23,1,947.03,0.0051
5545,126,106,3,29.18,0.2629
5546,3776,136,4,1734.36,0.0783
5547,4288,196,5,2246.49,0.2584
5548,2241,70,2,2296.44,0.1415
5549,589,19,2,1995.61,0.017
5550,3095,106,2,647.06,0.162
5551,8935,172,1,971.85,0.2165
5552,6527,93,4,837.56,0.1606
5553,3228,38,4,1131.61,0.2701
5554,9309,172,2,1147.87,0.2259
5555,9018,134,5,2227.93,0.0372
5556,1704,3,5,275.17,0.0138
5557,6848,80,5,1897.06,0.1085
5558,9346,161,2,1442.25,0.2112
5559,6218,66,5,1724.16,0.2571
5560,9327,126,3,2235.22,0.2582
5561,8044,107,2,2353.82,0.0204
5562,1506,58,4,40.98,0.2416
5563,7033,154,1,2136.8,0.0864
5564,2245,99,3,466.25,0.2755
5565,7081,28,1,401.23,0.1489
5566,3136,171,3,2273.44,0.0454
5567,6086,75,2,2353.71,0.2978
5568,7233,110,4,998.76,0.0613
5569,7943,16,3,167.05,0.0821
5570,8361,89,2,2037.61,0.1586
5571,177,23,4,2117.82,0.008
5572,1169,187,1,535.9,0.2479
5573,587,103,3,2457.08,0.1356
5574,55,35,2,1966.52,0.1053
5575,6778,125,3,1125.65,0.132
5576,8328,169,5,1141.13,0.2908
5577,7540,117,3,858.83,0.1478
5578,5143,109,4,1861.43,0.2259
5579,8730,97,5,1553.02,0.0046
5580,7928,150,4,1954.18,0.2267
5581,2208,74,1,1349.04,0.0284
5582,2566,129,5,144.83,0.2381
5583,1729,46,5,2191.36,0.2755
5584,5497,102,4,1139.45,0.0702
5585,708,22,2,1824.06,0.0832
5586,1241,32,3,639.85,0.2424
5587,4360,158,1,654.27,0.2354
5588,1576,87,1,923.21,0.2379
5589,2990,43,2,869.39,0.2424
5590,6144,111,4,709.08,0.1036
5591,9377,12,1,812.01,0.2851
5592,4980,83,3,362.1,0.2695
5593,6223,199,2,47.11,0.0383
5594,5587,155,5,2441.19,0.0127
5595,4161,154,3,200.13,0.2754
5596,569,146,4,894.75,0.0644
5597,1443,92,4,2090.84,0.2223
5598,947,75,2,25.11,0.1987
5599,8244,194,5,1952.96,0.2175
5600,6970,81,5,1058.29,0.1853
5601,7194,189,2,545.94,0.0859
5602,4488,174,2,389.56,0.1782
5603,234,29,2,2089.78,0.1596
5604,4528,160,5,728.98,0.0919
5605,9322,143,4,1194.75,0.1044
5606,4704,188,4,904.51,0.1942
5607,2552,156,3,2171.05,0.2507
5608,4729,155,4,371.59,0.1783
5609,616,169,2,2459.61,0.1313
5610,1925,115,3,62.43,0.0368
5611,7345,47,1,510.04,0.0054
5612,3929,33,5,1191.05,0.0263
5613,2346,44,3,448.56,0.0204
5614,4890,50,1,632.96,0.0494
5615,2773,10,2,2468.31,0.2711
5616,919,152,4,1536.51,0.0452
5617,5196,122,4,127.44,0.058
5618,7719,34,3,1198.22,0.1838
5619,4856,107,1,1460.08,0.1617
5620,6244,91,4,833.52,0.2509
5621,274,20,2,2220.96,0.0689
5622,2346,25,1,2027.75,0.145
5623,3074,55,1,1018.53,0.0327
5624,9148,171,4,1896.8,0.1762
5625,3758,181,3,1329.57,0.1807
5626,6353,178,3,2035.94,0.2543
5627,5691,55,3,1228.16,0.0991
5628,4793,141,4,292.1,0.0894
5629,6590,177,5,785.99,0.2857
5630,2889,124,2,1565.31,0.135
5631,2719,138,2,2396.93,0.0868
5632,8789,92,3,2206.34,0.1818
5633,4385,11,3,2101.0,0.043
5634,2240,122,2,1373.27,0.1159
5635,4362,119,4,479.56,0.1377
5636,3845,84,1,59.78,0.265
5637,9028,100,2,889.25,0.218
5638,6387,20,2,1922.82,0.1174
5639,4774,72,1,637.2,0.1396
5640,9184,79,1,739.96,0.2827
5641,4777,83,5,313.4,0.2511
5642,8893,48,2,1777.18,0.0352
5643,4916,76,1,727.19,0.1076
5644,5560,145,2,1576.88,0.1389
5645,1634,33,1,1317.49,0.0605
5646,4682,20,3,2481.75,0.0387
5647,8270,174,3,2366.58,0.0953
5648,3746,31,3,994.55,0.1985
5649,2747,102,2,2008.43,0.2876
5650,3286,179,2,1025.97,0.2926
5651,3251,120,2,685.37,0.2627
5652,7998,83,4,51.25,0.2132
5653,7197,19,3,1801.17,0.0225
5654,2653,62,1,711.36,0.0048
5655,6572,172,5,1209.81,0.0071
5656,4926,166,4,425.96,0.03
5657,1765,49,2,176.9,0.1391
5658,5188,65,3,1872.41,0.0056
5659,5582,11,4,743.4,0.1066
5660,765,27,3,648.67,0.2856
5661,6598,58,1,659.15,0.1683
5662,4113,192,5,274.09,0.1817
5663,7089,193,4,93.99,0.1472
5664,4248,15,5,477.51,0.2945
5665,8653,82,4,2003.9,0.0501
5666,8792,89,3,2452.49,0.2927
5667,7486,1,2,1294.1,0.1401
5668,5198,19,3,2016.72,0.2776
5669,4635,184,2,649.03,0.1922
5670,8488,192,2,1714.82,0.0608
5671,6544,34,2,2229.23,0.2388
5672,4534,64,3,1548.46,0.0399
5673,1423,10,3,1757.62,0.2436
5674,8857,76,5,264.13,0.0105
5675,7212,188,4,902.82,0.0428
5676,3444,167,2,91.95,0.1077
5677,8751,66,1,428.13,0.0195
5678,2533,32,1,754.55,0.2455
5679,1108,51,2,2383.9,0.1354
5680,4762,26,4,115.76,0.1857
5681,6061,57,3,1137.56,0.0304
5682,106,84,5,1932.01,0.0021
5683,3679,188,1,1275.22,0.2944
5684,9899,183,4,1471.85,0.0433
5685,8136,6,3,2334.74,0.249
5686,791,7,2,1633.35,0.1922
5687,9004,194,3,1897.45,0.2416
5688,4946,81,3,113.14,0.1807
5689,8362,154,3,1992.19,0.1167
5690,6924,118,5,1063.82,0.1587
5691,4446,95,1,64.26,0.1603
5692,6610,119,1,2126.19,0.0535
5693,6105,98,5,2392.26,0.1918
5694,1933,124,4,1514.29,0.0525
5695,1752,78,3,2223.9,0.1625
5696,5201,133,2,498.54,0.2016
5697,8641,1,5,1515.58,0.2435
5698,2680,84,3,1131.84,0.163
5699,9317,130,3,105.94,0.1843
5700,1393,125,1,1574.14,0.2182
5701,1819,101,5,1447.01,0.1089
5702,1684,65,2,126.45,0.014
5703,9481,10,5,531.5,0.0887
5704,2250,178,2,734.47,0.0355
5705,9334,51,3,499.11,0.228
5706,1049,69,2,1630.8,0.2442
5707,5691,41,3,1335.98,0.2906
5708,6052,186,2,927.52,0.1805
5709,7215,77,1,1090.01,0.1429
5710,7585,68,5,2416.01,0.2823
5711,4630,24,1,293.1,0.2759
5712,4203,112,4,480.19,0.1925
5713,9114,56,5,1352.06,0.2321
5714,8902,122,5,2444.52,0.0596
5715,5089,36,2,1851.56,0.1545
5716,447,2,3,2053.7,0.1022
5717,2510,56,2,1835.96,0.2471
5718,7550,12,5,209.36,0.267
5719,1073,140,1,744.27,0.1204
5720,3129,85,3,1356.8,0.1436
5721,7176,72,2,168.72,0.0692
5722,6840,150,1,1005.79,0.2634
5723,4119,62,2,537.12,0.0416
5724,9260,192,5,1634.99,0.2751
5725,7746,28,2,259.67,0.1851
5726,5891,89,1,1969.44,0.0735
5727,8629,156,1,1433.47,0.1278
5728,5005,4,1,941.91,0.0305
5729,1093,173,2,362.9,0.1783
5730,594,90,5,1683.92,0.2421
5731,277,141,4,2099.5,0.1956
5732,4588,83,4,2122.45,0.0495
5733,8275,98,4,336.11,0.1656
5734,3384,4,3,2450.95,0.2484
5735,7554,189,5,812.2,0.2582
5736,468,84,5,613.9,0.2235
5737,5261,105,3,936.15,0.1096
5738,998,154,4,1074.83,0.2939
5739,2380,108,4,1469.72,0.245
5740,5049,102,3,1381.21,0.2524
5741,9485,94,1,432.28,0.2551
5742,4096,134,5,708.87,0.2196
5743,9560,77,4,1858.62,0.1513
5744,7822,118,4,547.21,0.1338
5745,7026,184,3,1737.59,0.2283
5746,94,81,2,1896.54,0.1458
5747,9115,155,5,1887.05,0.2701
5748,7294,35,5,1855.2,0.0685
5749,1910,186,5,659.9,0.2338
5750,7055,84,1,1062.45,0.0718
5751,1880,191,2,1180.37,0.1408
5752,9997,115,5,2369.86,0.0256
5753,1159,161,1,832.84,0.1489
5754,5222,95,1,2346.35,0.1582
5755,358,101,1,2185.6,0.0541
5756,8334,121,5,1916.12,0.0975
5757,9987,83,5,1723.12,0.0636
5758,2219,97,3,1247.42,0.129
5759,7533,81,3,309.39,0.1914
5760,7907,33,2,1223.56,0.0426
5761,9271,100,3,74.61,0.1184
5762,8694,69,5,1230.31,0.164
5763,6075,40,3,1584.13,0.2393
5764,7926,47,2,1014.89,0.1867
5765,886,127,5,327.28,0.2471
5766,2940,173,4,1744.86,0.021
5767,8795,27,4,2107.57,0.0559
5768,5819,135,4,1609.12,0.2776
5769,1725,186,2,1455.4,0.1987
5770,5930,14,2,1067.38,0.1235
5771,172,132,5,1685.2,0.1088
5772,4677,114,4,795.45,0.2243
5773,1302,162,1,1455.47,0.2661
5774,84,113,3,843.55,0.1601
5775,6232,80,4,1549.39,0.0398
5776,9364,91,4,1174.76,0.2604
5777,9136,166,4,583.91,0.1208
5778,4829,148,4,687.71,0.2675
5779,6680,46,5,1822.52,0.2307
5780,1787,147,3,435.57,0.0975
5781,4310,129,4,736.44,0.0335
5782,8999,151,5,1812.75,0.1529
5783,8503,190,4,83.62,0.0242
5784,1761,112,1,21.47,0.2484
5785,5492,28,5,995.33,0.0169
5786,2231,84,1,2373.76,0.2828
5787,6342,80,4,132.61,0.1491
5788,1983,77,3,2244.15,0.1449
5789,9549,161,5,1415.7,0.2528
5790,6554,131,1,260.29,0.1641
5791,6865,16,1,2078.65,0.1267
5792,357,127,3,129.6,0.0612
5793,4952,30,5,1288.99,0.2189
5794,9391,153,2,1551.96,0.15
5795,5061,78,1,1701.08,0.1518
5796,4735,129,5,601.0,0.0764
5797,2312,33,2,681.97,0.0431
5798,5611,37,5,2123.77,0.0949
5799,8719,157,4,898.64,0.2416
5800,3245,165,1,1325.65,0.188
5801,6885,189,2,1122.67,0.1056
5802,365,8,3,463.5,0.0887
5803,7563,1,3,1025.32,0.0011
5804,3332,63,4,122.74,0.0092
5805,113,114,4,389.19,0.1441
5806,4575,193,2,2083.98,0.0769
5807,9040,174,1,2313.15,0.281
5808,2530,171,1,67.72,0.1672
5809,9862,120,3,813.02,0.2706
5810,6572,10,4,2339.78,0.0609
5811,7685,10,3,1803.16,0.0369
5812,8152,62,2,45.8,0.25
5813,8773,86,3,283.26,0.1828
5814,8568,179,3,1846.77,0.2128
5815,2978,45,4,1705.03,0.1656
5816,2614,104,4,2191.21,0.1072
5817,9064,45,1,1896.05,0.0866
5818,485,85,1,2363.63,0.0286
5819,6881,186,1,1364.44,0.0239
5820,3761,95,3,668.93,0.135
5821,5633,194,3,340.83,0.0877
5822,1711,24,5,26.35,0.1737
5823,1161,193,2,325.5,0.2126
5824,6418,183,5,1504.2,0.1964
5825,9574,113,2,1023.36,0.2649
5826,231,179,4,1983.86,0.2204
5827,6375,200,3,831.15,0.1183
5828,3187,73,5,900.71,0.1082
5829,6854,21,3,1548.08,0.0181
5830,2563,47,5,2344.66,0.1654
5831,2032,150,1,1483.58,0.2036
5832,112,157,2,588.26,0.0955
5833,3218,40,1,987.62,0.2539
5834,5908,131,3,2308.7,0.1085
5835,9565,177,4,2009.64,0.1072
5836,9424,25,4,99.74,0.0952
5837,8196,124,1,645.9,0.0282
5838,6253,11,5,1515.83,0.298
5839,3150,94,1,1848.75,0.1451
5840,9955,89,4,313.51,0.2819
5841,1721,88,1,1294.8,0.1725
5842,4835,48,2,1412.72,0.2605
5843,2097,160,1,316.46,0.1807
5844,9325,131,5,1107.52,0.1944
5845,9909,173,3,22.71,0.2852
5846,522,89,1,1753.07,0.2286
5847,2424,122,2,205.35,0.0535
5848,5243,109,5,378.41,0.1974
5849,6732,20,2,1984.06,0.1018
5850,635,148,5,1043.28,0.122
5851,8841,51,4,1737.88,0.2606
5852,9365,81,4,1641.56,0.256
5853,7686,20,3,389.38,0.106
5854,367,121,3,435.2,0.2723
5855,6290,14,5,1652.95,0.1421
5856,3784,80,2,606.84,0.0856
5857,6027,32,2,1112.53,0.0132
5858,3989,200,1,2056.01,0.093
5859,4308,170,4,695.54,0.23
5860,5378,122,1,866.13,0.1442
5861,8817,167,3,793.51,0.0646
5862,1804,166,4,1868.9,0.1431
5863,1235,192,2,813.21,0.2727
5864,9299,4,4,966.63,0.0879
5865,7251,124,3,1396.11,0.2062
5866,762,191,4,1285.08,0.0398
5867,8541,61,3,699.98,0.262
5868,6332,78,2,1529.06,0.1527
5869,7586,133,5,895.8,0.0855
5870,6971,194,4,1153.37,0.2558
5871,896,45,5,952.92,0.0426
5872,7452,50,3,1964.78,0.1058
5873,331,88,4,1357.28,0.0507
5874,3552,131,2,2469.16,0.2614
5875,923,23,4,1241.32,0.1314
5876,1519,139,2,2228.49,0.0881
5877,5429,38,3,1440.71,0.2568
5878,3451,184,5,2234.86,0.2711
5879,5114,163,1,1665.35,0.0291
5880,3339,193,1,314.98,0.1806
5881,8197,6,4,248.63,0.1665
5882,8098,70,5,1914.36,0.2501
5883,6462,168,2,1714.17,0.1514
5884,8239,35,1,1134.85,0.0277
5885,9242,141,5,1082.27,0.2917
5886,5335,25,5,1657.05,0.1642
5887,8491,81,3,1395.18,0.1908
5888,8253,67,1,518.22,0.0156
5889,7142,68,3,2190.18,0.2403
5890,3488,99,5,1762.48,0.2712
5891,5759,118,1,1634.05,0.087
5892,1825,175,2,1198.91,0.0862
5893,756,55,4,2364.88,0.0611
5894,8768,171,5,41.97,0.1636
5895,7111,2,2,1750.49,0.0064
5896,2225,45,4,2456.91,0.0384
5897,9743,176,1,1483.11,0.1836
5898,6420,62,2,1489.37,0.1455
5899,534,166,2,1987.82,0.2234
5900,1992,47,4,74.45,0.2227
5901,864,4,2,302.17,0.1303
5902,4508,188,1,2116.48,0.2026
5903,9247,49,1,1647.42,0.258
5904,3027,76,5,2456.9,0.1791
5905,5962,34,4,1027.28,0.2905
5906,1209,44,3,1125.76,0.2981
5907,1611,94,1,1664.59,0.154
5908,4328,85,3,463.93,0.0781
5909,1098,56,2,730.8,0.2364
5910,253,42,4,2153.02,0.0522
5911,434,50,4,2010.36,0.2322
5912,1957,197,1,1434.11,0.1331
5913,2789,33,1,906.39,0.2336
5914,9415,91,4,1596.07,0.0894
5915,84,67,3,443.7,0.1364
5916,8904,104,4,1091.38,0.2508
5917,5777,42,5,1264.96,0.1019
5918,3046,44,4,1161.78,0.1221
5919,8409,196,3,1055.48,0.1726
5920,7629,100,2,948.39,0.1926
5921,5357,185,3,1451.81,0.0566
5922,4016,36,4,903.6,0.1835
5923,2559,169,4,1480.29,0.1445
5924,2277,123,2,1307.01,0.2372
5925,4394,184,5,892.73,0.1957
5926,2666,116,1,1965.17,0.1498
5927,505,3,3,121.53,0.2579
5928,4747,114,3,684.86,0.1801
5929,3836,56,4,1246.2,0.1406
5930,9940,184,3,2283.24,0.0586
5931,9977,193,2,194.1,0.0618
5932,6584,39,5,1465.57,0.0445
5933,9801,168,4,437.58,0.2466
5934,941,39,1,45.27,0.0107
5935,4258,155,2,2168.73,0.2906
5936,6138,108,1,2193.25,0.1772
5937,4703,67,3,698.06,0.0339
5938,4954,100,3,2153.69,0.2435
5939,1913,94,5,952.18,0.2627
5940,9964,65,1,132.46,0.1104
5941,7240,3,2,572.5,0.109
5942,6726,127,1,1631.67,0.254
5943,402,131,1,527.33,0.1456
5944,3445,37,1,1448.9,0.1536
5945,9753,98,1,468.52,0.2673
5946,9706,148,3,532.86,0.0388
5947,3348,139,5,1693.53,0.2655
5948,1350,83,2,2177.21,0.278
5949,3088,152,4,1874.22,0.0041
5950,6051,198,3,159.12,0.2047
5951,2231,65,3,2308.72,0.0847
5952,4964,121,2,413.66,0.1694
5953,1792,83,2,1822.49,0.1947
5954,7361,116,5,1823.94,0.1751
5955,7182,122,4,1136.99,0.2037
5956,4120,74,3,1416.63,0.1674
5957,6950,160,5,253.43,0.2226
5958,9993,190,3,2432.54,0.1611
5959,4351,183,5,175.78,0.0609
5960,4045,101,5,2276.57,0.0597
5961,7475,36,4,633.79,0.1951
5962,9325,66,1,987.6,0.1525
5963,1342,165,3,1898.22,0.1075
5964,2815,14,5,2199.64,0.1702
5965,7946,46,5,1743.06,0.2961
5966,8614,184,2,317.14,0.1891
5967,8323,50,1,890.08,0.2081
5968,5545,61,2,1531.05,0.2007
5969,7313,126,1,2466.11,0.2085
5970,4315,145,4,1021.87,0.0586
5971,9801,27,4,766.82,0.0393
5972,8389,126,2,711.73,0.234
5973,6739,54,2,2137.15,0.0722
5974,5981,29,1,438.95,0.0027
5975,6927,13,1,1617.07,0.0896
5976,4714,177,2,2123.04,0.1392
5977,1636,25,2,2135.51,0.0806
5978,1395,88,5,338.8,0.028
5979,9311,100,3,1986.11,0.0753
5980,2437,151,2,2299.91,0.0241
5981,1836,26,1,1959.91,0.1608
5982,8239,48,5,1758.76,0.2056
5983,5278,164,4,1299.5,0.2139
5984,7948,134,4,1922.61,0.237
5985,6566,74,4,1446.99,0.0154
5986,1052,167,5,1027.65,0.2232
5987,5297,57,2,1242.15,0.2238
5988,8879,91,3,1641.23,0.1523
5989,6863,194,4,1404.21,0.1803
5990,9803,138,2,1677.48,0.203
5991,2910,200,4,2454.54,0.1491
5992,758,9,4,663.6,0.2974
5993,7436,77,4,2489.44,0.0146
5994,8246,72,1,149.55,0.0341
5995,6529,27,5,1525.47,0.0826
5996,6667,46,5,2335.95,0.1718
5997,6367,63,1,269.6,0.2769
5998,3639,170,4,2475.67,0.289
5999,8100,41,5,2297.52,0.2885
6000,2334,162,5,2137.45,0.2859
6001,1604,93,5,1324.59,0.2586
6002,6968,158,4,546.2,0.16
6003,8636,172,4,236.61,0.2021
6004,9745,1,5,175.76,0.007
6005,6911,173,3,1476.16,0.0085
6006,4365,47,2,1760.14,0.2616
6007,908,158,2,563.15,0.11
6008,3452,150,4,1230.9,0.1125
6009,9248,15,3,1328.72,0.0575
6010,2141,84,3,2243.31,0.078
6011,595,166,3,328.0,0.2129
6012,7948,23,1,1997.44,0.2587
6013,1540,159,1,1931.37,0.1129
6014,8346,185,5,1707.63,0.1991
6015,9810,35,3,630.94,0.2196
6016,7872,194,2,142.93,0.1548
6017,7040,181,1,1960.0,0.1197
6018,7034,31,4,1406.54,0.1807
6019,418,154,4,1575.18,0.1691
6020,4349,31,3,2132.88,0.0961
6021,6912,200,5,343.22,0.101
6022,4408,140,3,527.6,0.0597
6023,6943,181,4,1061.01,0.1704
6024,3864,184,4,894.54,0.2813
6025,4531,83,5,2375.58,0.1022
6026,4033,190,1,805.57,0.2015
6027,3426,44,5,2249.93,0.2469
6028,1006,58,2,1337.22,0.2895
6029,4361,193,4,253.97,0.2414
6030,9224,141,2,1687.1,0.0287
6031,9210,61,4,1872.43,0.022
6032,6251,68,4,420.59,0.2147
6033,2980,179,3,1057.62,0.219
6034,440,125,4,383.43,0.2638
6035,1838,190,4,454.99,0.2368
6036,3210,176,4,1723.51,0.1773
6037,895,95,4,1245.61,0.2103
6038,651,191,3,94.34,0.1839
6039,7796,72,3,2337.59,0.2707
6040,9284,72,2,1731.17,0.1354
6041,7662,120,2,146.58,0.0543
6042,4986,51,2,1804.9,0.0557
6043,2563,152,5,2096.53,0.0061
6044,9615,86,3,1022.93,0.2452
6045,6076,168,3,1889.87,0.1751
6046,4216,157,1,735.35,0.1392
6047,3784,73,1,316.4,0.223
6048,55,145,1,2426.93,0.0948
6049,9286,1,2,25.85,0.2188
6050,1518,108,4,1315.86,0.2572
6051,8548,96,5,258.94,0.1849
6052,5588,1,3,1497.23,0.2914
6053,4870,153,2,26.37,0.2203
6054,5008,169,5,170.14,0.1316
6055,5842,151,3,1767.9,0.1875
6056,9453,18,5,2026.91,0.0362
6057,2266,95,5,1988.43,0.2738
6058,8916,156,3,447.17,0.1952
6059,6125,116,5,28.11,0.1232
6060,9486,85,1,1876.75,0.2561
6061,3390,140,1,470.61,0.0184
6062,4360,88,5,807.32,0.1595
6063,9693,49,2,697.65,0.2229
6064,9258,97,4,2330.1,0.2112
6065,7186,16,3,2194.52,0.0051
6066,1838,115,2,1142.16,0.0678
6067,8624,155,4,1983.61,0.2581
6068,1820,181,3,1867.0,0.0779
6069,2378,92,4,1183.5,0.1437
6070,4372,164,3,253.76,0.2964
6071,1446,135,1,1937.71,0.1792
6072,7081,34,2,1699.22,0.1671
6073,4823,118,4,403.55,0.1736
6074,1904,122,1,1223.55,0.0539
6075,1916,65,2,1990.71,0.2065
6076,5268,4,5,1924.34,0.007
6077,3122,118,2,2428.5,0.097
6078,8777,26,2,1166.23,0.0925
6079,3966,148,1,2068.4,0.0225
6080,2153,119,1,33.27,0.1007
6081,292,179,4,1611.83,0.1808
6082,6376,99,4,707.96,0.1131
6083,5221,138,5,403.43,0.0062
6084,6403,8,1,1849.56,0.1878
6085,9508,146,1,937.32,0.0917
6086,9261,145,2,1540.56,0.2995
6087,5603,69,2,2078.8,0.2699
6088,7780,30,5,1350.9,0.1463
6089,3229,95,2,1107.66,0.1105
6090,7048,167,2,1558.06,0.0209
6091,9110,61,4,2490.23,0.0004
6092,4009,116,5,330.27,0.2396
6093,7588,24,4,688.86,0.1477
6094,7582,81,5,2336.6,0.0956
6095,4657,107,4,2487.13,0.1709
6096,1003,35,4,1401.13,0.0917
6097,4553,118,5,58.02,0.115
6098,1540,189,2,2078.12,0.0219
6099,8276,98,3,1582.22,0.1326
6100,1937,72,1,1320.62,0.0427
6101,3286,15,5,2414.3,0.1292
6102,3463,36,3,345.9,0.2326
6103,2407,122,4,871.59,0.0707
6104,5493,55,2,1571.37,0.0688
6105,1598,165,4,26.61,0.2133
6106,8250,62,5,2165.26,0.1611
6107,6828,64,3,1908.88,0.1261
6108,5946,167,4,598.71,0.0147
6109,2922,98,2,780.29,0.1411
6110,6984,12,5,774.27,0.1225
6111,9966,72,5,2154.94,0.0486
6112,6230,136,4,812.76,0.2792
6113,7023,41,2,708.93,0.122
6114,9792,69,5,1853.09,0.0002
6115,6811,109,5,1453.13,0.2906
6116,7547,3,4,907.85,0.1399
6117,6467,43,3,1446.57,0.1868
6118,4107,165,1,2299.81,0.1155
6119,3940,86,2,1134.59,0.2351
6120,7746,185,5,26.77,0.093
6121,8455,25,5,1838.57,0.136
6122,7192,4,5,2495.64,0.1273
6123,5004,186,3,145.36,0.1302
6124,8646,37,1,1534.17,0.1883
6125,9447,136,4,1005.28,0.2363
6126,3672,9,2,1417.83,0.1175
6127,6424,79,3,779.95,0.1885
6128,8172,129,5,1886.87,0.0194
6129,199,108,1,246.78,0.0215
6130,5898,141,1,238.38,0.0319
6131,3815,196,1,1357.44,0.0684
6132,5976,16,4,812.61,0.0534
6133,7451,172,2,2308.94,0.1436
6134,286,65,5,493.05,0.08
6135,1152,14,3,1942.88,0.2062
6136,9423,126,3,2436.94,0.2339
6137,258,26,3,826.94,0.1211
6138,776,111,3,2295.04,0.2654
6139,8703,160,5,802.55,0.1756
6140,701,130,2,1392.04,0.263
6141,4237,16,5,15.86,0.1396
6142,978,177,3,671.66,0.1028
6143,6037,90,2,145.72,0.1606
6144,4836,23,4,89.25,0.1156
6145,6251,94,2,2489.18,0.0957
6146,5762,60,4,1915.8,0.032
6147,3967,194,5,851.09,0.1416
6148,1876,148,4,1707.46,0.1917
6149,213,74,4,1324.51,0.2387
6150,5773,146,2,2295.96,0.2606
6151,4484,126,5,633.81,0.0509
6152,7282,59,2,1288.4,0.1158
6153,9025,159,1,31.1,0.1834
6154,7706,132,4,1822.72,0.1907
6155,798,155,2,1451.53,0.261
6156,38,124,5,1563.8,0.1555
6157,9241,18,2,1818.69,0.1635
6158,7259,191,1,962.72,0.1077
6159,9354,108,4,403.62,0.2871
6160,7377,199,1,472.67,0.0641
6161,4157,19,1,1833.83,0.2177
6162,4354,167,4,2485.49,0.1569
6163,135,66,1,1131.44,0.0801
6164,2384,78,4,442.0,0.0594
6165,3073,100,4,188.3,0.1758
6166,2774,107,3,1211.1,0.0136
6167,8278,119,5,1794.8,0.2869
6168,6811,46,2,1511.28,0.1025
6169,6716,166,2,739.43,0.2996
6170,5668,195,5,1492.24,0.168
6171,8993,157,1,1365.14,0.0925
6172,7569,91,5,553.8,0.0691
6173,5957,185,4,1031.86,0.2299
6174,4003,176,4,2190.61,0.0163
6175,5587,180,2,1884.98,0.2337
6176,7019,176,3,2325.01,0.1898
6177,2223,189,1,2231.65,0.1043
6178,9058,195,5,629.76,0.1709
6179,5721,176,4,2157.42,0.2657
6180,1083,82,4,1543.47,0.2844
6181,5693,8,3,2405.87,0.2803
6182,8598,74,4,501.69,0.1543
6183,2535,88,5,869.44,0.1763
6184,8475,67,2,1010.56,0.0548
6185,8929,125,2,73.96,0.2758
6186,4552,14,1,1206.93,0.0193
6187,222,47,5,2360.34,0.1451
6188,2928,24,4,2041.01,0.0627
6189,7770,91,4,510.15,0.131
6190,9743,190,5,716.77,0.2065
6191,1956,186,2,2440.83,0.1269
6192,8045,162,4,163.69,0.2776
6193,716,31,4,1143.29,0.192
6194,1065,48,5,2219.16,0.1704
6195,7597,45,1,1747.95,0.1304
6196,4876,157,5,2456.12,0.1044
6197,8900,119,4,2438.2,0.2684
6198,6394,157,5,1884.44,0.1255
6199,2755,110,5,1223.66,0.174
6200,5728,191,1,1565.62,0.1477
6201,5850,48,2,1987.72,0.1807
6202,2052,140,5,742.75,0.0644
6203,8641,155,5,1154.28,0.2948
6204,8703,175,1,1673.24,0.1146
6205,7685,194,4,689.37,0.08
6206,7042,37,3,1648.02,0.0113
6207,8238,126,3,377.83,0.2529
6208,6270,45,4,1057.4,0.1953
6209,9353,185,4,268.31,0.0894
6210,9864,18,4,2111.34,0.1117
6211,7994,13,2,767.08,0.1428
6212,1895,73,2,2316.68,0.1259
6213,1167,29,1,1973.07,0.1275
6214,1450,56,4,798.54,0.1871
6215,2398,20,5,1514.77,0.2547
6216,3507,157,4,1109.99,0.1132
6217,8470,134,4,2018.04,0.054
6218,7262,154,5,1720.5,0.0092
6219,3957,189,1,1639.71,0.1346
6220,6474,86,4,1819.86,0.064
6221,1474,118,5,1061.81,0.0648
6222,478,171,3,1043.45,0.0264
6223,7318,175,3,887.88,0.0461
6224,7821,26,5,413.26,0.1346
6225,7911,129,4,915.62,0.2056
6226,510,26,2,1584.99,0.1347
6227,8949,64,2,795.87,0.2157
6228,5935,190,4,496.42,0.2317
6229,4127,117,5,2394.0,0.1983
6230,9593,121,1,1461.11,0.0075
6231,1062,6,2,95.16,0.1654
6232,4647,110,3,1957.0,0.0865
6233,4772,62,1,1691.48,0.2598
6234,356,66,3,981.64,0.2714
6235,3009,170,4,1747.83,0.1262
6236,4363,27,1,2287.33,0.225
6237,290,65,4,550.87,0.1139
6238,7941,30,2,1328.02,0.1457
6239,9236,82,4,1932.31,0.2948
6240,9708,98,2,221.78,0.0518
6241,13,65,2,1883.18,0.1814
6242,6793,175,5,1913.17,0.1914
6243,389,160,4,1388.67,0.2533
6244,1958,107,1,1965.14,0.0445
6245,3678,162,1,1680.92,0.2714
6246,3420,175,5,820.99,0.2038
6247,6342,117,4,378.54,0.298
6248,3241,14,5,2406.17,0.1606
6249,3756,5,2,1445.6,0.1884
6250,2205,119,4,1785.33,0.0573
6251,1348,36,1,1359.0,0.1209
6252,8143,126,2,1861.75,0.2356
6253,9412,96,5,394.78,0.0906
6254,6414,9,5,565.67,0.2835
6255,8254,109,5,2136.54,0.2259
6256,498,163,4,150.81,0.0669
6257,7825,153,5,1149.04,0.2758
6258,8930,75,2,489.4,0.0691
6259,6261,46,4,1429.64,0.1629
6260,915,125,4,1172.03,0.1792
6261,4964,105,2,1850.01,0.1162
6262,3650,125,1,781.66,0.0802
6263,2375,13,4,1062.11,0.0185
6264,5660,61,2,597.52,0.2563
6265,6877,30,4,270.52,0.05
6266,7445,98,1,578.56,0.0742
6267,5923,32,1,2247.62,0.2494
6268,2534,158,3,1216.57,0.1001
6269,6676,82,4,1350.84,0.1918
6270,1223,56,4,1855.97,0.175
6271,6855,195,2,2162.64,0.2366
6272,7264,199,2,72.49,0.1944
6273,8063,103,3,324.47,0.1158
6274,89,55,2,1077.05,0.2533
6275,7686,98,1,510.63,0.1929
6276,2995,136,5,1194.01,0.1352
6277,7067,171,4,1542.55,0.11
6278,9874,176,3,1233.09,0.182
6279,3582,186,4,1703.18,0.0058
6280,8716,32,3,62.63,0.2251
6281,6419,104,5,1361.11,0.2205
6282,8657,78,3,1804.06,0.1409
6283,8847,69,3,2491.66,0.1159
6284,8645,119,5,276.45,0.2408
6285,292,7,2,43.89,0.047
6286,7162,20,1,737.37,0.2221
6287,3669,62,3,832.06,0.0081
6288,1834,149,1,2023.34,0.2724
6289,3675,92,3,640.2,0.2857
6290,1918,157,5,627.0,0.2167
6291,3614,198,1,2178.04,0.2243
6292,1210,38,4,1081.42,0.1099
6293,8443,170,1,1650.04,0.2634
6294,2669,105,5,531.98,0.0911
6295,1464,131,2,1511.36,0.1702
6296,3285,165,2,2237.92,0.2219
6297,8536,17,1,1832.43,0.1754
6298,3926,161,5,361.76,0.1481
6299,7147,10,2,342.15,0.0686
6300,5782,37,2,268.08,0.1968
6301,5614,127,2,2298.74,0.2272
6302,5217,161,1,1530.3,0.1707
6303,9541,28,2,58.2,0.2455
6304,4963,170,5,2098.88,0.1798
6305,7802,120,5,826.43,0.2244
6306,86,110,4,1695.5,0.2798
6307,1041,58,2,2131.86,0.0816
6308,2292,176,4,1888.43,0.1344
6309,5918,127,4,2056.76,0.2722
6310,7386,179,2,2013.59,0.1457
6311,1933,110,4,385.55,0.0021
6312,6150,138,2,978.34,0.0133
6313,381,136,3,2287.06,0.0301
6314,779,16,5,248.04,0.1223
6315,3307,62,3,2441.47,0.1145
6316,3456,177,1,577.78,0.1856
6317,124,109,1,1550.69,0.0635
6318,1084,89,4,827.74,0.1263
6319,2058,101,3,2457.12,0.2071
6320,9163,143,3,1318.52,0.297
6321,6740,16,2,386.58,0.1424
6322,9642,27,4,2119.2,0.0008
6323,3219,47,5,1012.86,0.1851
6324,4553,154,3,2132.16,0.156
6325,4708,200,3,1117.14,0.1058
6326,1807,169,2,2333.51,0.1004
6327,5671,105,2,152.9,0.2179
6328,7667,139,5,2458.76,0.0967
6329,3670,91,4,1167.97,0.292
6330,9721,9,2,932.31,0.0287
6331,4646,182,1,118.71,0.0261
6332,2740,11,3,581.42,0.2768
6333,2959,7,1,791.74,0.1272
6334,7187,28,1,1824.48,0.1443
6335,7331,62,3,1748.01,0.0291
6336,714,183,3,2215.42,0.1077
6337,7951,164,2,2350.18,0.1693
6338,9074,115,4,1821.01,0.0269
6339,3000,73,3,1730.72,0.2098
6340,8435,99,4,2250.24,0.1944
6341,8852,191,3,340.4,0.174
6342,997,51,1,207.3,0.1123
6343,971,48,1,1773.63,0.1139
6344,7945,68,5,784.61,0.261
6345,1541,10,2,1069.2,0.0102
6346,651,122,2,1525.49,0.2282
6347,6247,26,3,2377.65,0.057
6348,5979,127,3,2185.52,0.2315
6349,3764,195,2,1838.95,0.1464
6350,9462,181,5,1085.32,0.1083
6351,2196,171,3,1984.87,0.0854
6352,9011,145,4,461.91,0.1453
6353,4766,113,3,2021.95,0.2127
6354,9392,155,4,1196.0,0.1659
6355,769,22,4,664.99,0.1919
6356,4515,108,1,1167.23,0.2806
6357,1946,36,1,1974.89,0.1865
6358,8160,200,5,1648.64,0.1762
6359,2825,33,1,355.36,0.1127
6360,3185,95,4,1733.32,0.0973
6361,4629,181,5,2085.2,0.1587
6362,9100,139,1,389.38,0.004
6363,8420,93,1,168.15,0.1728
6364,1627,157,4,155.86,0.1
6365,9543,166,3,70.39,0.2327
6366,3038,101,5,59.51,0.0411
6367,7320,123,1,2015.24,0.2168
6368,4274,58,4,1850.84,0.1339
6369,2014,15,1,2354.79,0.1263
6370,4564,182,3,899.23,0.0136
6371,6300,190,2,1776.59,0.1031
6372,6404,57,5,1036.01,0.2797
6373,6540,128,5,1407.36,0.0037
6374,5699,79,4,1105.76,0.043
6375,271,71,4,1046.9,0.2357
6376,7205,58,1,624.89,0.1219
6377,393,177,5,1458.83,0.0442
6378,7392,181,1,664.38,0.0521
6379,4990,29,2,363.36,0.0358
6380,8786,161,5,1878.0,0.0132
6381,2610,46,2,1619.82,0.2975
6382,5198,54,1,743.45,0.1463
6383,8500,98,3,1581.6,0.0799
6384,4678,85,2,80.78,0.1558
6385,560,7,3,2471.07,0.1109
6386,6003,29,5,446.45,0.2444
6387,4009,137,3,2354.89,0.1801
6388,1396,49,3,184.71,0.2491
6389,9330,71,1,1774.89,0.0707
6390,4373,78,1,566.98,0.1623
6391,4558,94,1,2413.67,0.079
6392,6766,88,1,798.26,0.0756
6393,3481,179,5,113.35,0.0542
6394,6129,136,1,98.31,0.1204
6395,3602,55,5,2141.05,0.2091
6396,8234,124,5,188.14,0.1523
6397,1040,193,3,2072.54,0.2918
6398,647,84,5,388.02,0.0797
6399,7901,95,1,701.43,0.2071
6400,607,15,4,2453.36,0.1124
6401,5618,179,3,1816.51,0.1046
6402,8850,34,5,377.74,0.1296
6403,6639,69,3,687.01,0.072
6404,8139,12,5,1197.27,0.28
6405,456,173,5,2214.38,0.1137
6406,5197,159,3,1781.91,0.0791
6407,4410,54,3,1742.24,0.1766
6408,923,150,2,909.57,0.0491
6409,4058,72,2,1640.79,0.219
6410,5321,192,1,444.61,0.1219
6411,327,60,5,1429.59,0.1568
6412,123,28,3,1407.11,0.2499
6413,5128,149,4,1724.21,0.0433
6414,8194,75,3,618.08,0.1762
6415,1170,77,2,305.21,0.0102
6416,2679,43,3,2418.74,0.1196
6417,6626,155,4,395.7,0.2561
6418,1066,23,3,852.78,0.2175
6419,1382,97,3,2179.7,0.2356
6420,1675,117,4,1491.93,0.126
6421,2619,90,2,549.99,0.1431
6422,6836,164,3,1207.26,0.2521
6423,1738,97,2,2104.56,0.1519
6424,6365,117,4,2473.25,0.178
6425,2097,38,3,1613.1,0.2528
6426,952,16,3,645.09,0.2447
6427,8552,74,5,2034.12,0.0731
6428,7622,171,1,2024.7,0.1763
6429,752,112,4,2224.67,0.0617
6430,640,41,2,353.59,0.0121
6431,1866,44,4,922.28,0.0312
6432,7966,180,5,595.4,0.1407
6433,8119,17,4,552.44,0.2666
6434,7196,52,1,922.92,0.1432
6435,2141,43,4,133.13,0.0379
6436,2739,23,2,2122.32,0.0428
6437,6683,1,2,2131.77,0.1862
6438,6783,93,1,2359.23,0.2576
6439,5428,25,5,189.7,0.0961
6440,8610,6,3,1434.73,0.165
6441,1952,54,3,31.07,0.2677
6442,6020,78,1,1480.54,0.0397
6443,560,151,1,257.21,0.047
6444,8976,19,2,974.76,0.1132
6445,3772,184,1,819.73,0.136
6446,6959,181,2,837.15,0.0688
6447,6648,159,4,491.6,0.1649
6448,9318,103,2,275.11,0.2694
6449,8411,38,2,55.32,0.2654
6450,8080,147,4,1881.11,0.0186
6451,2177,107,2,2291.57,0.1811
6452,4651,129,3,2238.53,0.0645
6453,944,121,2,1588.86,0.1992
6454,9284,178,1,316.05,0.1706
6455,1744,98,2,1426.29,0.0671
6456,3983,58,4,258.75,0.2823
6457,3810,81,1,1289.38,0.142
6458,1681,160,4,2146.19,0.1176
6459,92,177,4,509.97,0.2375
6460,4020,98,3,2333.56,0.0893
6461,5770,92,5,974.72,0.1775
6462,9711,172,3,557.13,0.0614
6463,9608,157,4,1261.36,0.0184
6464,4610,101,4,2175.12,0.1495
6465,8632,176,4,687.36,0.0488
6466,9978,80,4,443.22,0.1082
6467,8631,26,4,1604.39,0.1429
6468,6775,135,3,1735.2,0.0018
6469,5317,44,5,194.0,0.1045
6470,5475,142,4,643.27,0.1334
6471,7382,52,5,311.72,0.1636
6472,9323,160,1,1781.03,0.2521
6473,7376,105,2,1328.59,0.0979
6474,8821,160,4,2239.49,0.2767
6475,3017,75,4,1696.64,0.1009
6476,7076,84,4,693.28,0.1693
6477,3081,185,2,855.49,0.0234
6478,4238,52,5,1057.43,0.1206
6479,5962,162,3,259.36,0.2333
6480,3753,114,4,2304.5,0.0891
6481,3484,189,2,1751.84,0.0034
6482,8897,62,1,1817.17,0.2786
6483,924,76,2,1654.17,0.0021
6484,9558,103,4,1116.19,0.0799
6485,7860,159,5,957.9,0.2707
6486,1556,157,5,1381.45,0.0413
6487,5061,31,1,1848.12,0.2578
6488,3628,12,4,899.85,0.2868
6489,4082,35,1,1240.36,0.1869
6490,5820,57,1,1636.31,0.0997
6491,2018,169,4,702.89,0.0925
6492,4191,27,5,2085.54,0.0416
6493,8554,143,5,545.48,0.2705
6494,7815,71,5,2158.49,0.2382
6495,5726,164,5,26.77,0.067
6496,5686,110,5,1614.6,0.2006
6497,3666,152,1,1191.96,0.1778
6498,1805,82,3,629.07,0.0424
6499,8862,152,4,2372.48,0.0715
6500,5909,76,3,544.86,0.0406
6501,800,156,1,1236.42,0.1617
6502,133,75,4,1403.36,0.0581
6503,3434,3,1,2388.68,0.2951
6504,6493,101,4,1599.81,0.0828
6505,8739,3,2,194.8,0.2169
6506,8955,29,1,1049.55,0.098
6507,5679,160,1,2165.67,0.1073
6508,5925,54,2,1905.95,0.0934
6509,1068,166,5,142.17,0.0325
6510,1302,184,2,1464.71,0.2783
6511,5975,65,2,301.04,0.2337
6512,9527,149,3,259.59,0.0711
6513,7405,41,3,2405.96,0.0922
6514,8458,20,5,1753.49,0.1323
6515,1240,60,3,285.58,0.2324
6516,117,187,5,855.56,0.2629
6517,7424,183,2,1703.35,0.2304
6518,7924,3,3,2265.22,0.285
6519,8016,124,5,181.15,0.2283
6520,1975,118,5,221.82,0.0672
6521,2482,14,3,292.56,0.1136
6522,7108,45,4,1368.45,0.2227
6523,4330,109,3,1168.16,0.038
6524,609,95,5,423.37,0.0689
6525,530,188,4,1346.45,0.2946
6526,7279,177,3,865.87,0.1995
6527,1877,137,2,431.64,0.0535
6528,1659,182,1,97.22,0.0277
6529,409,70,3,261.87,0.2887
6530,9503,93,3,977.66,0.1496
6531,218,52,1,1292.48,0.1263
6532,2532,63,4,572.27,0.2389
6533,4209,180,1,1954.35,0.2008
6534,7620,22,4,1431.49,0.1674
6535,4257,55,5,1925.87,0.0687
6536,5190,113,4,1003.44,0.1666
6537,9223,110,2,2228.24,0.1621
6538,9217,3,1,2003.95,0.0304
6539,8038,2,2,1389.76,0.1504
6540,6243,187,2,1711.94,0.1807
6541,315,28,1,381.56,0.2193
6542,5154,165,4,1934.08,0.1666
6543,226,197,2,1523.65,0.168
6544,8671,9,2,510.14,0.17
6545,8415,190,4,692.98,0.0812
6546,9908,32,2,2292.05,0.2627
6547,6027,75,3,499.29,0.1853
6548,4616,102,1,1097.3,0.2048
6549,6387,35,4,2103.97,0.1508
6550,8280,47,3,796.58,0.044
6551,5079,146,3,421.29,0.048
6552,480,36,4,1242.03,0.138
6553,309,147,5,488.96,0.2613
6554,6799,123,2,2459.5,0.0363
6555,540,153,2,1634.73,0.1508
6556,7310,174,5,1271.58,0.0119
6557,90,60,5,1104.89,0.2615
6558,2361,121,5,1548.89,0.0784
6559,8372,95,2,903.37,0.1054
6560,549,23,1,554.08,0.0492
6561,2,122,2,658.02,0.0941
6562,1058,115,1,284.77,0.1179
6563,7753,155,2,2240.71,0.048
6564,5627,163,1,2373.15,0.0845
6565,5046,77,1,619.89,0.2054
6566,4212,183,3,2445.54,0.2602
6567,2162,36,2,1384.57,0.1944
6568,8131,97,1,613.76,0.2888
6569,9758,113,3,1271.55,0.0737
6570,595,199,2,206.22,0.1085
6571,6623,137,1,364.29,0.0987
6572,6008,114,3,568.48,0.1591
6573,5272,21,5,2283.98,0.2139
6574,7328,160,1,2373.65,0.0635
6575,7517,66,3,1031.84,0.2473
6576,6826,44,1,616.37,0.1016
6577,4283,121,2,819.71,0.1389
6578,6483,193,3,840.43,0.2508
6579,7337,80,2,1389.06,0.0984
6580,4921,143,3,436.16,0.2011
6581,53,155,1,1449.29,0.1391
6582,257,16,2,935.22,0.082
6583,5692,46,4,1568.12,0.1344
6584,7756,103,4,1420.46,0.2278
6585,2094,200,4,1157.22,0.2004
6586,8207,176,4,311.15,0.2264
6587,2897,65,3,405.94,0.0941
6588,2676,19,2,875.83,0.2312
6589,4108,90,3,1854.74,0.1214
6590,2049,37,2,847.2,0.1611
6591,2125,186,4,709.98,0.2636
6592,3786,183,5,1987.83,0.2153
6593,9188,53,1,2182.76,0.2146
6594,2950,47,4,1814.67,0.1498
6595,6985,131,4,1127.96,0.1739
6596,1666,88,5,542.83,0.2264
6597,6219,86,3,2487.21,0.0012
6598,2899,62,3,855.16,0.124
6599,7442,129,2,1090.19,0.0898
6600,9524,39,1,1312.5,0.0767
6601,5837,73,2,1418.01,0.2487
6602,2804,161,4,65.51,0.143
6603,1246,23,3,2244.66,0.015
6604,2326,162,4,2202.65,0.2928
6605,7526,49,4,324.88,0.044
6606,8877,125,3,2124.84,0.1301
6607,2366,177,4,404.92,0.1895
6608,3139,49,4,618.37,0.1693
6609,8335,138,1,1305.06,0.1306
6610,8346,96,2,2442.35,0.0914
6611,7262,66,1,1211.56,0.1707
6612,3269,71,5,971.91,0.2567
6613,4474,67,1,1303.43,0.072
6614,5727,39,2,593.94,0.0189
6615,7551,170,1,2330.71,0.1073
6616,8186,100,5,2339.03,0.2242
6617,8726,1,4,1695.28,0.2974
6618,6781,174,4,399.52,0.1953
6619,6970,164,1,1221.73,0.1528
6620,787,124,5,964.5,0.023
6621,6306,172,2,2489.68,0.1024
6622,466,31,5,144.48,0.017
6623,7566,97,1,656.84,0.1261
6624,141,110,3,1236.88,0.1471
6625,7803,186,3,2065.35,0.0824
6626,1728,132,5,1826.7,0.021
6627,1992,53,1,2391.08,0.1281
6628,9002,103,5,538.28,0.2913
6629,9463,93,1,270.89,0.0966
6630,2882,185,2,1481.03,0.0942
6631,703,78,3,1089.96,0.0445
6632,8362,178,4,839.52,0.1668
6633,2082,5,3,1941.68,0.1608
6634,9626,52,4,1378.9,0.1159
6635,9623,145,1,814.29,0.2682
6636,5156,32,4,1351.42,0.0282
6637,265,134,2,2332.46,0.2764
6638,9045,197,1,665.93,0.1235
6639,7466,93,3,1138.18,0.0408
6640,1764,125,3,730.15,0.1691
6641,7747,92,5,1445.07,0.204
6642,8199,189,4,2256.33,0.0838
6643,9632,138,1,1636.57,0.2511
6644,8205,151,4,498.14,0.0034
6645,5880,113,2,335.98,0.1046
6646,2768,181,2,102.24,0.2634
6647,948,61,5,2104.03,0.2033
6648,3782,147,1,1186.9,0.0671
6649,3347,132,1,1065.52,0.1363
6650,1811,174,4,671.3,0.0804
6651,9320,160,5,1083.77,0.1421
6652,7210,84,3,890.75,0.2512
6653,2713,46,1,1863.18,0.0152
6654,7459,62,1,1771.74,0.0737
6655,6880,92,1,1123.37,0.0094
6656,4536,54,5,1639.61,0.2974
6657,3110,124,2,1479.51,0.0478
6658,4205,100,3,1607.98,0.0845
6659,2478,67,2,1902.02,0.256
6660,9637,24,4,243.49,0.1535
6661,6490,66,1,2082.19,0.2833
6662,381,18,4,717.47,0.1771
6663,9720,96,4,963.37,0.2166
6664,2622,48,1,702.23,0.1851
6665,3582,174,5,2069.66,0.2212
6666,5663,48,4,2176.38,0.0805
6667,3102,62,5,364.07,0.0997
6668,3650,155,2,1312.2,0.181
6669,2206,62,3,963.73,0.2581
6670,3440,102,3,467.28,0.0686
6671,1383,125,3,1398.23,0.2871
6672,8815,102,3,923.51,0.1343
6673,2772,78,5,1793.23,0.0405
6674,5523,65,2,2093.09,0.2616
6675,6793,52,5,48.63,0.2783
6676,8022,1,4,1376.02,0.2469
6677,134,178,1,1458.42,0.1305
6678,4797,40,4,805.47,0.283
6679,5797,72,5,2009.88,0.0997
6680,9468,145,4,2275.29,0.0266
6681,6087,1,4,1914.08,0.1031
6682,6292,78,4,1325.56,0.1097
6683,8700,158,2,42.84,0.2403
6684,7966,67,2,1063.36,0.2145
6685,530,22,1,1739.01,0.1863
6686,2239,35,3,411.12,0.0577
6687,6077,56,5,1942.87,0.24
6688,406,126,5,1539.63,0.0096
6689,4184,142,2,839.09,0.0658
6690,4703,45,2,2123.57,0.1647
6691,5553,86,1,1613.14,0.1428
6692,4370,33,5,769.11,0.2072
6693,8253,140,5,505.28,0.2379
6694,8274,152,1,404.97,0.2595
6695,3780,197,1,2466.98,0.2895
6696,3975,185,4,2174.33,0.166
6697,5441,137,1,1725.05,0.1742
6698,7720,130,4,1184.39,0.1682
6699,3111,59,5,2122.6,0.2689
6700,4995,95,4,1762.46,0.2317
6701,8300,29,3,1399.76,0.1492
6702,7907,55,2,1953.0,0.2053
6703,3335,94,4,311.3,0.0915
6704,1022,150,3,2187.91,0.0499
6705,1881,119,1,332.72,0.0142
6706,3007,105,1,2262.22,0.1244
6707,6478,177,1,561.28,0.1117
6708,1216,140,1,979.93,0.2276
6709,321,199,3,1903.97,0.151
6710,1052,136,2,297.43,0.0513
6711,3386,16,4,2437.19,0.0294
6712,6162,168,2,1876.56,0.0239
6713,3182,173,4,662.37,0.0053
6714,4729,64,2,2220.7,0.0224
6715,6956,191,3,118.0,0.2261
6716,7717,179,3,42.03,0.232
6717,1539,10,1,819.34,0.1065
6718,6414,76,5,267.32,0.0099
6719,6279,121,3,2052.51,0.0386
6720,2449,199,3,970.52,0.1522
6721,1519,173,1,1554.71,0.2931
6722,5203,85,5,2059.91,0.0367
6723,1743,56,3,395.19,0.0463
6724,9895,73,3,2434.6,0.1215
6725,4175,13,2,1634.08,0.1847
6726,1332,64,4,177.55,0.1176
6727,9242,115,4,1357.64,0.1878
6728,2215,158,2,2179.09,0.0196
6729,8877,52,4,2246.31,0.0537
6730,9759,114,1,1873.38,0.0212
6731,461,54,5,2430.98,0.2625
6732,9256,57,3,1255.07,0.2396
6733,3941,18,4,1016.6,0.08
6734,3665,25,3,563.89,0.2262
6735,2222,181,2,1151.95,0.2433
6736,6731,20,2,2145.5,0.2553
6737,6698,11,4,150.3,0.1299
6738,3169,168,2,571.69,0.2907
6739,8359,151,4,2429.42,0.2677
6740,6342,90,1,1979.15,0.2129
6741,7783,87,4,706.9,0.0096
6742,6584,170,2,2098.26,0.2212
6743,559,175,1,373.61,0.1885
6744,3750,56,1,1672.01,0.2837
6745,1554,33,4,510.2,0.1363
6746,4610,98,3,1334.65,0.1765
6747,7785,26,3,1585.33,0.1706
6748,5222,103,2,1838.04,0.0072
6749,5302,69,4,2268.35,0.0641
6750,2462,29,3,1986.73,0.0547
6751,2539,109,4,756.0,0.1065
6752,7384,60,3,2110.03,0.0827
6753,5892,165,1,170.88,0.097
6754,3591,153,4,1845.05,0.0222
6755,1757,107,3,1215.98,0.0459
6756,6897,172,5,1107.47,0.1519
6757,2732,162,2,1755.76,0.1528
6758,8173,121,2,165.68,0.0291
6759,7373,12,4,2184.34,0.1817
6760,8680,93,5,658.51,0.2935
6761,1949,39,1,2038.33,0.1176
6762,369,147,2,817.02,0.0487
6763,959,147,4,1839.04,0.2986
6764,8450,29,2,2299.55,0.1579
6765,6864,194,4,1732.85,0.0729
6766,9828,90,5,598.56,0.2632
6767,7272,101,3,1754.3,0.0379
6768,8169,112,3,1754.6,0.0557
6769,8671,76,3,2312.13,0.2271
6770,4336,20,3,651.95,0.2733
6771,2416,185,1,2423.84,0.129
6772,7459,97,4,1717.63,0.0211
6773,3570,9,1,806.04,0.1874
6774,8480,2,3,1281.76,0.2294
6775,9879,156,3,1908.06,0.1579
6776,4230,34,5,132.88,0.1177
6777,5917,21,2,850.52,0.2033
6778,5951,83,3,2219.06,0.1417
6779,9670,81,1,280.74,0.2345
6780,4321,184,1,1327.1,0.0019
6781,2685,133,1,1445.29,0.1825
6782,2032,85,5,728.16,0.2537
6783,2897,22,1,1019.75,0.2044
6784,900,187,4,2276.87,0.1704
6785,4922,168,4,165.07,0.067
6786,6047,84,5,416.1,0.1653
6787,7062,191,4,2254.45,0.2445
6788,411,160,5,460.58,0.2574
6789,8566,45,5,448.05,0.1914
6790,4180,83,5,1467.38,0.2953
6791,482,33,4,2461.15,0.0356
6792,7511,35,3,1125.7,0.2051
6793,8172,46,4,1313.2,0.013
6794,272,127,5,2068.61,0.2563
6795,3536,106,2,1745.45,0.2333
6796,4615,164,4,2490.1,0.2444
6797,3075,108,2,1537.52,0.1084
6798,9953,190,4,1057.86,0.0643
6799,9009,83,5,843.96,0.0637
6800,8180,100,4,2468.84,0.2724
6801,797,107,1,2023.88,0.1567
6802,8167,26,1,2052.07,0.0571
6803,7556,135,5,498.12,0.0238
6804,2535,87,3,1159.05,0.1251
6805,1192,133,2,71.43,0.0409
6806,937,117,4,1343.03,0.1065
6807,6098,160,5,198.36,0.0405
6808,23,79,2,504.48,0.1626
6809,3204,81,4,715.78,0.0195
6810,452,84,4,2045.73,0.0183
6811,274,185,3,269.62,0.2449
6812,1025,112,2,2270.0,0.0251
6813,8358,123,4,1422.24,0.2907
6814,6554,190,3,285.19,0.1734
6815,8489,156,1,2467.54,0.0882
6816,7857,125,3,20.13,0.0816
6817,8021,122,2,419.93,0.1995
6818,7797,80,3,471.92,0.2589
6819,9129,128,1,2172.46,0.1564
6820,8288,78,1,879.34,0.2295
6821,571,74,2,2089.61,0.2807
6822,8333,194,5,119.68,0.1816
6823,5437,41,3,2397.14,0.1265
6824,6707,86,2,2136.45,0.0334
6825,767,66,4,1197.57,0.2073
6826,1627,192,3,394.9,0.2556
6827,9025,7,1,570.84,0.0053
6828,6321,169,3,581.07,0.194
6829,4711,123,2,1761.44,0.0203
6830,654,127,5,946.55,0.2828
6831,8334,173,5,22.75,0.1244
6832,5835,172,4,969.55,0.0556
6833,5625,30,2,1436.06,0.0607
6834,6043,166,3,148.75,0.0272
6835,2878,167,1,1384.68,0.1973
6836,4607,147,3,1945.56,0.2636
6837,3526,175,3,1417.08,0.1143
6838,5395,38,1,838.55,0.1593
6839,4556,145,4,912.42,0.0777
6840,9383,101,5,1084.54,0.233
6841,7156,79,5,2121.15,0.1948
6842,384,197,3,93.82,0.2995
6843,2199,102,2,895.65,0.2554
6844,5368,99,5,2399.12,0.0422
6845,571,4,4,2080.44,0.2532
6846,2643,163,4,350.1,0.0162
6847,5222,129,1,896.87,0.0448
6848,3732,85,2,59.71,0.1155
6849,2989,110,5,1828.02,0.0569
6850,9264,186,2,272.36,0.0856
6851,6475,150,5,974.02,0.213
6852,762,133,1,2259.05,0.1683
6853,7403,188,2,354.72,0.1197
6854,928,36,2,824.34,0.1938
6855,2145,102,5,2041.71,0.0001
6856,1799,137,3,1586.14,0.2637
6857,7519,110,5,1901.46,0.1183
6858,7598,57,2,2398.04,0.1467
6859,4248,106,1,2284.69,0.0351
6860,451,109,1,727.19,0.2272
6861,9010,84,3,757.79,0.2985
6862,6392,90,3,229.67,0.2299
6863,9147,132,2,947.94,0.0419
6864,4581,51,3,1939.51,0.279
6865,6586,167,1,657.12,0.1753
6866,3886,84,2,2072.66,0.2598
6867,2548,106,3,1439.33,0.1266
6868,3033,180,1,910.06,0.0836
6869,3740,71,3,1054.32,0.0064
6870,1210,55,1,1930.81,0.2846
6871,9021,108,2,800.68,0.0461
6872,4023,31,1,1795.78,0.2346
6873,7668,50,4,1051.27,0.0835
6874,985,136,5,2042.34,0.1712
6875,9762,87,1,541.13,0.2477
6876,4645,112,4,782.13,0.105
6877,9728,143,3,1251.23,0.1296
6878,5929,65,5,1876.12,0.0431
6879,6355,10,1,406.69,0.1262
6880,5206,169,1,2259.82,0.2477
6881,5625,88,2,59.29,0.264
6882,6352,79,1,80.6,0.1901
6883,9178,113,5,1130.67,0.1403
6884,4868,176,3,2074.32,0.062
6885,2673,149,2,342.27,0.1365
6886,7772,24,5,1221.27,0.242
6887,5878,151,1,1080.81,0.0929
6888,2907,69,5,1865.9,0.2404
6889,2052,33,5,546.25,0.0011
6890,8688,36,3,1491.14,0.1044
6891,6523,153,1,2300.22,0.2971
6892,4452,186,4,152.08,0.2733
6893,4564,90,2,2212.87,0.1941
6894,4534,66,3,534.12,0.1477
6895,4060,31,2,220.12,0.2126
6896,9020,104,1,808.13,0.2943
6897,7709,172,2,1282.81,0.0091
6898,4797,191,5,902.39,0.0827
6899,7156,173,5,344.47,0.2986
6900,4142,83,5,1199.49,0.1813
6901,4705,121,4,20.07,0.2193
6902,4145,120,5,38.65,0.2262
6903,2168,178,5,2080.75,0.1186
6904,3146,67,1,1427.25,0.2823
6905,9216,199,5,918.34,0.0493
6906,7275,87,4,1016.3,0.2434
6907,9012,129,4,1148.62,0.1655
6908,9799,71,3,600.88,0.0863
6909,5652,86,4,1821.32,0.1437
6910,9885,195,5,778.43,0.1599
6911,1363,83,2,1447.67,0.1091
6912,459,94,3,349.39,0.0915
6913,4786,137,4,83.51,0.1331
6914,3702,99,3,385.97,0.251
6915,7055,163,1,891.27,0.2137
6916,3743,141,5,360.4,0.0244
6917,3128,154,5,1653.28,0.2299
6918,2043,173,3,419.87,0.2785
6919,240,179,4,2035.28,0.2875
6920,4934,92,2,1992.92,0.1219
6921,4764,153,4,719.76,0.2751
6922,3664,56,3,1172.51,0.0503
6923,9330,39,4,1712.49,0.1199
6924,7713,131,3,1069.49,0.152
6925,1001,53,5,209.5,0.0548
6926,1456,161,5,704.41,0.2065
6927,5622,62,5,1290.72,0.1234
6928,9587,105,3,2043.58,0.0385
6929,5695,195,5,187.04,0.1581
6930,9754,69,1,453.62,0.086
6931,9662,132,2,2328.64,0.2823
6932,4701,200,3,805.53,0.2477
6933,4296,59,5,953.13,0.2454
6934,7787,145,1,1669.72,0.1928
6935,5367,150,4,930.45,0.0291
6936,1908,166,2,588.48,0.1337
6937,3589,31,2,2421.61,0.1944
6938,7984,49,5,1309.72,0.0596
6939,8657,180,3,937.01,0.1207
6940,1258,113,3,1907.35,0.1445
6941,2208,110,1,269.02,0.2503
6942,8972,38,3,2256.8,0.1142
6943,7268,49,5,2032.39,0.1048
6944,556,100,2,950.57,0.2178
6945,8161,155,2,478.12,0.1021
6946,6826,23,2,2150.98,0.0296
6947,3093,84,5,2391.04,0.2358
6948,1274,27,4,133.97,0.1108
6949,1213,81,5,2468.77,0.296
6950,8986,142,2,975.02,0.152
6951,2720,131,2,2018.25,0.0193
6952,6660,104,3,1152.63,0.2289
6953,1063,27,2,1311.75,0.1133
6954,7164,190,1,1346.81,0.0369
6955,701,14,5,2408.96,0.1671
6956,6490,172,3,1580.15,0.0747
6957,8495,25,3,750.88,0.2818
6958,5250,189,4,1572.11,0.2103
6959,6612,52,4,239.35,0.1245
6960,6978,140,2,838.4,0.231
6961,8368,162,1,446.8,0.1392
6962,6338,23,1,1520.98,0.2762
6963,2992,147,3,1336.52,0.2136
6964,3858,120,5,1815.81,0.2936
6965,9395,1,4,856.3,0.1018
6966,5872,193,3,2463.78,0.2487
6967,2692,126,4,810.19,0.0845
6968,4177,133,4,144.89,0.1017
6969,4503,185,1,687.03,0.0726
6970,1205,150,3,1565.37,0.2512
6971,1293,171,1,1904.43,0.2701
6972,1594,2,1,616.11,0.059
6973,2239,135,3,1953.37,0.2595
6974,554,112,5,850.18,0.2894
6975,6500,21,4,422.67,0.1594
6976,3934,71,1,363.96,0.0728
6977,3174,59,5,2048.27,0.2794
6978,7120,9,2,603.0,0.2772
6979,8865,120,3,561.75,0.0395
6980,2415,168,2,2208.88,0.2875
6981,5832,73,2,921.18,0.091
6982,5505,115,3,2475.95,0.1327
6983,1690,177,4,684.64,0.1661
6984,8144,140,5,1655.85,0.0991
6985,3953,100,2,498.35,0.0194
6986,6183,73,2,493.41,0.2152
6987,9528,138,5,2025.34,0.231
6988,1134,113,2,2315.69,0.1593
6989,4282,74,3,2237.45,0.1291
6990,6103,17,5,2087.11,0.2182
6991,1345,4,1,1464.44,0.2983
6992,1981,64,1,296.16,0.2797
6993,8253,144,4,853.93,0.1688
6994,8041,49,2,713.39,0.2452
6995,3414,100,3,637.9,0.0661
6996,1892,155,5,2433.52,0.1118
6997,5249,6,2,386.62,0.2882
6998,9792,104,3,1181.0,0.1667
6999,7743,9,3,2316.54,0.1618
7000,3357,58,1,165.47,0.0724
7001,1939,32,1,1867.89,0.1479
7002,7723,166,3,1529.57,0.0504
7003,9798,30,2,910.12,0.2198
7004,7424,45,5,2346.4,0.2619
7005,5143,114,4,847.86,0.2321
7006,769,157,2,483.87,0.0372
7007,1085,150,3,1815.39,0.1685
7008,8399,31,5,841.31,0.1099
7009,4889,128,4,727.86,0.0975
7010,7300,17,3,2329.03,0.239
7011,4973,113,5,779.75,0.144
7012,759,125,5,1442.56,0.2544
7013,5258,54,4,1641.62,0.1217
7014,6466,79,3,1221.08,0.1633
7015,7053,47,1,788.33,0.0961
7016,1627,160,2,1362.77,0.1197
7017,5097,156,4,1008.2,0.2055
7018,126,139,2,103.2,0.085
7019,7409,167,4,782.76,0.2993
7020,6282,145,1,1472.15,0.2448
7021,3318,76,2,46.52,0.0361
7022,5358,115,5,1630.14,0.0691
7023,5423,115,5,92.09,0.2018
7024,2569,167,2,1413.75,0.0523
7025,1070,153,3,166.56,0.0019
7026,3196,26,5,2122.04,0.1947
7027,7236,68,4,2277.4,0.0702
7028,5444,190,3,1541.73,0.0527
7029,644,147,4,329.34,0.2034
7030,7529,13,1,2260.37,0.1225
7031,749,29,5,1824.64,0.2826
7032,3797,54,1,2199.49,0.0799
7033,5001,73,3,1167.73,0.0739
7034,1774,170,4,1062.9,0.1693
7035,7578,190,5,1488.19,0.148
7036,4920,199,2,1147.08,0.0287
7037,9265,199,1,439.11,0.1821
7038,2749,21,5,2065.91,0.2221
7039,521,9,2,488.28,0.0588
7040,4490,173,3,1869.86,0.076
7041,4192,155,2,2228.72,0.0198
7042,8277,48,3,1330.06,0.0567
7043,1060,85,1,643.78,0.1154
7044,416,197,2,68.37,0.2009
7045,6088,133,4,1641.58,0.1523
7046,4317,72,4,1389.95,0.0558
7047,3902,15,4,1732.54,0.0343
7048,1343,77,3,2379.1,0.1485
7049,2493,97,2,1136.88,0.2867
7050,4415,172,5,1686.45,0.0945
7051,4612,123,2,368.97,0.047
7052,1080,175,2,361.82,0.2482
7053,8762,32,1,1240.95,0.086
7054,4858,36,5,1473.11,0.0321
7055,8501,177,4,2461.65,0.2971
7056,4114,181,3,1428.41,0.0641
7057,2873,151,5,2294.51,0.1043
7058,9382,162,4,1971.99,0.058
7059,4948,146,3,2249.55,0.2854
7060,8346,140,5,2145.56,0.2041
7061,8302,87,3,1361.71,0.2216
7062,8530,126,3,15.07,0.0307
7063,6061,130,4,1146.06,0.2016
7064,507,155,1,560.31,0.1561
7065,3066,178,4,1789.8,0.1431
7066,9999,159,5,506.65,0.1524
7067,8164,176,4,1190.54,0.1888
7068,3218,86,4,75.9,0.025
7069,4895,69,4,239.5,0.1762
7070,989,145,5,990.33,0.1458
7071,5369,43,5,1829.39,0.1108
7072,7745,199,3,1688.94,0.1655
7073,8677,146,3,1077.73,0.109
7074,174,194,5,488.98,0.0417
7075,9574,31,3,775.24,0.0196
7076,7056,63,4,1242.49,0.0368
7077,1463,28,2,2372.21,0.1967
7078,9246,195,2,1606.01,0.2245
7079,7645,137,3,331.97,0.2017
7080,785,97,3,2013.7,0.0023
7081,5658,28,1,1806.97,0.1591
7082,5238,146,4,2222.91,0.0039
7083,5477,143,4,1533.89,0.0194
7084,8440,5,1,785.2,0.0218
7085,1631,41,1,2121.23,0.0317
7086,726,110,2,1449.57,0.0114
7087,7150,76,4,1761.25,0.0191
7088,7299,117,4,1182.36,0.2173
7089,3484,66,5,2014.13,0.1473
7090,2692,73,4,1569.64,0.2865
7091,7080,111,2,2228.02,0.1682
7092,4153,120,2,884.84,0.2909
7093,4527,179,1,2120.36,0.0901
7094,2512,127,2,1974.61,0.1294
7095,4258,144,2,934.1,0.1912
7096,1965,193,5,2191.13,0.1862
7097,2080,57,2,1488.35,0.0009
7098,9388,165,3,939.21,0.1506
7099,5102,167,3,699.96,0.1326
7100,8331,65,1,232.88,0.0638
7101,9529,177,4,244.82,0.2199
7102,3028,47,4,1963.87,0.2354
7103,9881,168,5,972.94,0.1834
7104,8390,142,2,1315.34,0.1232
7105,1445,40,2,2089.48,0.1036
7106,6276,48,2,1642.0,0.0435
7107,4634,160,2,2356.59,0.1912
7108,9485,39,2,1315.29,0.2309
7109,6216,101,3,291.16,0.0384
7110,4019,161,5,877.77,0.1134
7111,8495,158,1,357.2,0.1269
7112,7585,120,1,1872.65,0.2144
7113,2027,154,3,1173.84,0.0273
7114,7376,43,2,157.57,0.0757
7115,9386,183,2,56.12,0.194
7116,4311,44,4,152.88,0.2892
7117,5236,78,1,1685.44,0.2265
7118,8336,76,4,514.61,0.2184
7119,7480,108,1,1947.54,0.0683
7120,3620,131,4,1289.93,0.0981
7121,6380,7,2,1457.87,0.0855
7122,1888,85,2,436.54,0.2239
7123,6992,58,2,2196.04,0.0085
7124,6840,91,5,1186.58,0.1253
7125,2013,138,4,1039.46,0.2318
7126,1328,10,5,1991.46,0.0432
7127,5613,170,5,95.8,0.2829
7128,9936,34,4,1302.5,0.2727
7129,2831,154,2,1804.74,0.2912
7130,9160,60,3,1991.52,0.1632
7131,6031,130,1,401.56,0.0437
7132,6293,45,4,985.34,0.229
7133,6613,5,2,812.32,0.253
7134,8327,26,5,2480.39,0.0236
7135,4916,79,2,1841.79,0.1331
7136,4115,153,4,1072.39,0.1815
7137,2646,26,4,549.22,0.1998
7138,4237,92,1,447.16,0.147
7139,35,85,1,2487.18,0.0149
7140,7811,22,4,1464.53,0.1773
7141,7535,147,1,1815.1,0.0275
7142,4752,10,5,405.8,0.0223
7143,4752,42,2,1875.43,0.0254
7144,3778,159,3,609.81,0.2836
7145,8017,159,2,1908.18,0.2067
7146,3750,99,2,2286.82,0.1853
7147,3030,75,4,978.63,0.2202
7148,4530,81,3,2259.91,0.0726
7149,2263,107,1,1168.62,0.0942
7150,364,164,1,2024.94,0.2709
7151,2515,194,2,1144.18,0.1973
7152,825,32,4,372.32,0.2499
7153,6380,67,3,1676.58,0.2838
7154,1147,120,4,824.56,0.1351
7155,598,102,3,203.12,0.1744
7156,7246,191,3,1634.32,0.0921
7157,8796,114,1,1453.81,0.251
7158,9549,23,2,2326.33,0.1362
7159,9464,50,1,232.29,0.2156
7160,3686,65,4,1084.34,0.1698
7161,5457,197,1,590.89,0.1593
7162,2121,172,2,1218.79,0.0472
7163,6974,186,5,2109.11,0.217
7164,7694,185,1,2355.16,0.0157
7165,9922,165,4,960.27,0.2336
7166,234,193,2,1553.36,0.2766
7167,9404,18,4,600.89,0.2399
7168,1301,116,3,1908.53,0.0575
7169,2467,133,2,2267.85,0.0918
7170,2001,99,3,1198.5,0.0631
7171,8615,118,2,2182.48,0.0695
7172,2073,96,5,2459.77,0.2442
7173,1452,154,5,1526.1,0.019
7174,5307,33,2,1408.26,0.1408
7175,4004,42,3,962.88,0.1786
7176,6256,155,3,1969.27,0.2848
7177,4737,182,4,2039.86,0.1957
7178,530,82,2,40.09,0.2114
7179,932,79,3,642.07,0.1635
7180,7814,91,2,94.63,0.1111
7181,3787,121,5,1944.57,0.106
7182,9982,24,3,455.66,0.211
7183,5036,126,3,284.23,0.1108
7184,9768,3,5,1995.58,0.2011
7185,3102,167,4,1442.46,0.1641
7186,9503,71,2,396.33,0.1666
7187,1466,140,2,2113.83,0.0977
7188,3511,33,2,1026.24,0.0601
7189,6308,22,2,941.71,0.01
7190,4431,163,1,1634.73,0.0798
7191,9776,14,5,106.79,0.1699
7192,590,154,4,849.9,0.2492
7193,5463,125,5,210.13,0.2405
7194,7953,54,2,1842.7,0.2297
7195,2331,169,1,696.93,0.0523
7196,9663,173,1,2093.64,0.2044
7197,3470,31,5,1055.43,0.0692
7198,9114,69,3,2214.85,0.099
7199,171,99,4,564.34,0.2224
7200,4299,145,1,1636.57,0.09
7201,5761,188,2,2362.99,0.188
7202,4376,96,3,994.39,0.2029
7203,404,115,4,407.59,0.2897
7204,3528,132,2,1391.06,0.048
7205,9224,10,5,1088.63,0.0536
7206,9598,119,1,1272.53,0.1378
7207,2066,101,5,1197.52,0.1578
7208,7670,137,3,675.74,0.1156
7209,9338,189,1,1293.85,0.191
7210,1903,150,2,382.01,0.1786
7211,9956,149,3,1463.63,0.1982
7212,4691,127,4,1101.3,0.2707
7213,5517,23,2,2431.93,0.0442
7214,4585,61,4,251.01,0.2447
7215,6332,140,1,1883.34,0.181
7216,5274,95,4,883.0,0.2647
7217,124,122,1,1747.78,0.0049
7218,7477,145,4,2394.79,0.2492
7219,8799,104,5,2245.87,0.0635
7220,2922,183,5,296.62,0.285
7221,9287,109,3,2192.85,0.0957
7222,2152,21,4,986.56,0.2155
7223,2714,182,1,190.51,0.2433
7224,7924,47,2,531.2,0.2773
7225,1716,169,1,85.96,0.0603
7226,9896,97,5,361.43,0.1861
7227,3460,143,2,1176.51,0.0105
7228,6895,59,4,2363.91,0.0177
7229,1890,143,5,2027.08,0.1244
7230,4657,29,4,1335.55,0.2081
7231,1896,11,5,819.46,0.1963
7232,2928,29,4,85.62,0.1405
7233,2694,115,5,157.22,0.181
7234,5253,86,3,1832.85,0.1859
7235,4242,89,1,1368.17,0.2518
7236,5251,85,1,317.37,0.2663
7237,2562,114,4,2157.53,0.1146
7238,1827,56,4,1301.78,0.0196
7239,3507,181,2,2095.17,0.0721
7240,4932,3,2,1949.48,0.0288
7241,7203,13,1,843.41,0.2377
7242,2476,166,1,1761.36,0.0179
7243,6478,70,3,2480.96,0.1402
7244,5418,11,4,1873.85,0.1625
7245,3185,120,4,671.74,0.2489
7246,4722,151,1,1485.78,0.2103
7247,4153,56,4,1090.89,0.1796
7248,3245,145,2,760.52,0.1742
7249,694,9,4,721.25,0.1414
7250,3074,123,2,1159.28,0.2697
7251,6600,122,5,786.22,0.0533
7252,3541,83,4,382.01,0.2891
7253,1620,156,5,1896.01,0.1811
7254,3915,79,1,743.18,0.0713
7255,3874,19,4,942.09,0.2195
7256,565,97,3,2259.11,0.1121
7257,8688,4,3,1660.59,0.0302
7258,8993,175,5,2323.02,0.0245
7259,641,47,3,1509.28,0.1693
7260,163,159,2,898.54,0.193
7261,4347,99,1,568.29,0.0988
7262,7705,133,2,2065.59,0.2079
7263,8836,124,1,1130.76,0.0808
7264,4425,33,3,1632.5,0.1035
7265,4465,48,1,1858.7,0.0685
7266,9331,160,2,627.12,0.1903
7267,3709,126,5,2440.78,0.1469
7268,6750,112,5,600.36,0.045
7269,138,79,4,1897.64,0.2921
7270,9876,187,2,391.6,0.2689
7271,7107,101,2,2436.63,0.2348
7272,7243,192,5,639.94,0.0289
7273,4252,47,3,1295.78,0.131
7274,1059,137,5,931.68,0.1557
7275,4615,105,4,2261.32,0.2834
7276,4278,163,4,1312.15,0.1084
7277,8362,47,2,1684.84,0.2009
7278,5414,88,2,560.66,0.1661
7279,5843,82,4,2365.62,0.243
7280,3904,17,2,897.36,0.0333
7281,7225,129,1,263.33,0.2477
7282,9580,55,4,557.11,0.1955
7283,3052,11,4,497.42,0.033
7284,3667,33,2,283.83,0.2234
7285,2761,198,1,1235.47,0.0999
7286,3836,184,4,789.1,0.0239
7287,1361,64,1,1243.67,0.132
7288,8615,58,4,211.9,0.0528
7289,3974,108,1,1478.61,0.0816
7290,2830,148,5,1584.75,0.2994
7291,146,18,4,648.07,0.0454
7292,2374,78,1,1429.16,0.1142
7293,230,173,5,771.52,0.1987
7294,5389,123,2,404.3,0.2925
7295,4681,43,3,1706.08,0.1123
7296,8050,148,1,2090.62,0.0638
7297,2666,57,5,396.65,0.1218
7298,3594,155,4,2221.83,0.048
7299,2830,18,5,1502.29,0.2959
7300,3337,145,3,1936.3,0.1425
7301,7817,60,3,1737.57,0.1983
7302,1242,89,3,2210.34,0.1073
7303,5049,5,2,163.43,0.0779
7304,3296,134,1,2467.4,0.028
7305,9577,118,4,2201.97,0.2343
7306,3363,100,1,122.65,0.169
7307,1389,15,1,642.37,0.0624
7308,8298,39,2,1345.22,0.2006
7309,5753,167,4,2142.87,0.0735
7310,1822,88,2,791.12,0.0636
7311,8477,149,4,138.76,0.2617
7312,596,13,5,1952.98,0.1483
7313,9255,29,4,1093.44,0.1596
7314,6656,98,2,1906.13,0.2308
7315,8744,5,5,823.97,0.1438
7316,7878,195,4,2049.61,0.0717
7317,5785,21,3,912.11,0.2194
7318,6885,137,2,1198.9,0.2548
7319,6050,195,5,2344.21,0.1903
7320,3606,172,3,382.94,0.2406
7321,9528,190,5,1461.75,0.0086
7322,7288,67,4,2037.4,0.1463
7323,696,113,4,1732.94,0.125
7324,3045,190,5,1074.96,0.0174
7325,1947,190,5,2009.24,0.0628
7326,2723,188,4,1205.88,0.1296
7327,9716,177,1,1615.02,0.2044
7328,9876,167,5,849.42,0.116
7329,1807,169,1,157.8,0.2169
7330,8142,50,4,523.35,0.2023
7331,8302,17,3,1176.72,0.2885
7332,8984,53,3,2236.33,0.0425
7333,8126,122,2,342.47,0.2922
7334,2640,183,2,801.68,0.0243
7335,9179,75,4,835.41,0.2441
7336,3884,184,5,1949.13,0.0938
7337,3726,1,3,1366.16,0.1266
7338,8265,193,5,1048.64,0.0827
7339,4974,192,1,170.74,0.2444
7340,2765,180,4,2426.62,0.1426
7341,3990,143,2,2020.79,0.2018
7342,592,2,4,154.91,0.2855
7343,8217,12,2,130.35,0.1102
7344,6321,173,4,642.83,0.1446
7345,5399,185,4,141.36,0.0202
7346,5340,42,2,1856.51,0.1798
7347,9219,2,1,524.64,0.095
7348,3900,190,4,2205.0,0.1832
7349,9623,162,3,1531.85,0.0908
7350,9761,17,4,1221.76,0.0327
7351,6838,41,5,293.62,0.092
7352,7321,84,3,339.36,0.2462
7353,9305,108,5,316.15,0.0548
7354,1877,199,2,541.27,0.0529
7355,7671,65,2,273.85,0.247
7356,159,120,2,812.57,0.0775
7357,734,15,5,2033.17,0.0996
7358,4455,109,2,379.08,0.1621
7359,2029,166,3,758.86,0.1271
7360,6844,98,2,1132.57,0.2464
7361,765,65,4,1540.39,0.1733
7362,192,9,5,604.78,0.2145
7363,8436,170,5,1540.7,0.2125
7364,7138,194,5,471.85,0.0231
7365,9126,89,5,1574.1,0.2923
7366,1101,179,1,1974.55,0.0213
7367,8925,124,2,72.51,0.2847
7368,4053,78,4,2341.2,0.2963
7369,8973,147,4,1786.18,0.0783
7370,794,105,5,2375.49,0.1931
7371,5099,31,4,672.7,0.016
7372,8283,194,2,2346.75,0.2042
7373,6712,160,3,1142.11,0.0562
7374,1642,100,4,391.7,0.2823
7375,3359,8,1,1847.14,0.1965
7376,3857,112,5,1741.31,0.2295
7377,8628,197,3,2305.75,0.2837
7378,1917,32,3,770.39,0.2573
7379,47,47,5,1578.65,0.1402
7380,8183,198,5,2400.78,0.0512
7381,2355,8,4,2182.83,0.0969
7382,114,162,5,2058.53,0.1767
7383,1082,4,1,2198.49,0.2238
7384,4140,36,2,2113.04,0.0765
7385,7151,172,3,957.18,0.1345
7386,8586,153,5,53.64,0.1072
7387,1590,26,4,2469.23,0.1416
7388,7714,33,5,1940.53,0.0991
7389,4856,137,1,576.21,0.0474
7390,9630,47,5,1873.76,0.1459
7391,6031,200,1,920.97,0.2849
7392,1526,145,5,628.16,0.0319
7393,6568,15,2,1421.39,0.2507
7394,4596,170,4,41.5,0.2205
7395,7446,54,1,2441.54,0.0988
7396,5600,141,5,2358.32,0.0413
7397,4311,178,3,1978.44,0.2796
7398,8936,44,1,147.79,0.1138
7399,2166,3,2,201.07,0.1304
7400,6705,181,2,1625.96,0.0959
7401,9847,56,3,2002.5,0.2544
7402,5570,54,5,149.43,0.0681
7403,5779,185,5,1415.68,0.2279
7404,3812,140,5,1752.24,0.0738
7405,3470,93,5,421.56,0.1024
7406,263,128,5,451.34,0.2774
7407,4432,187,3,2329.44,0.1852
7408,3802,65,2,1011.55,0.2077
7409,9209,96,3,697.24,0.1878
7410,984,37,4,128.25,0.0535
7411,7672,148,4,106.68,0.1997
7412,1560,200,1,656.56,0.1617
7413,2703,37,5,1555.62,0.2482
7414,5687,159,2,1518.76,0.2965
7415,7522,25,1,575.33,0.187
7416,4498,50,4,1860.33,0.1003
7417,5803,109,1,1161.05,0.2574
7418,6629,49,4,2001.43,0.2535
7419,8582,8,4,2312.07,0.2566
7420,4269,94,3,604.77,0.1075
7421,4049,121,1,1129.07,0.124
7422,507,91,4,147.18,0.2309
7423,6288,163,2,1910.28,0.1268
7424,247,114,4,816.61,0.1469
7425,6685,13,3,1633.27,0.0029
7426,7553,21,1,962.16,0.267
7427,2715,73,4,369.23,0.1426
7428,6756,152,5,32.54,0.2707
7429,9635,176,5,1606.29,0.2914
7430,2640,33,4,2336.83,0.0475
7431,6685,1,1,2260.31,0.0255
7432,4158,72,3,2352.25,0.2006
7433,1919,3,2,1724.88,0.0763
7434,5922,142,1,1081.45,0.1321
7435,944,142,3,1323.17,0.0024
7436,8309,177,4,1819.68,0.1284
7437,2558,122,2,757.41,0.2913
7438,9416,33,1,491.06,0.029
7439,6699,4,4,183.64,0.2062
7440,989,38,2,1199.6,0.1599
7441,7937,153,4,242.59,0.2549
7442,6694,47,5,1158.74,0.1955
7443,8156,141,5,2034.84,0.0
7444,4280,119,3,395.26,0.2019
7445,3568,117,2,314.58,0.2454
7446,7161,167,5,624.9,0.2195
7447,9929,25,4,221.88,0.2194
7448,3114,102,3,920.88,0.2647
7449,9516,43,5,1527.99,0.182
7450,8708,166,3,1188.18,0.2007
7451,4215,35,2,1805.0,0.1608
7452,3149,93,5,313.82,0.2837
7453,4888,183,5,860.67,0.2018
7454,2887,50,1,1051.11,0.0847
7455,7291,78,1,1157.34,0.2533
7456,2482,34,2,185.7,0.1012
7457,2011,153,2,174.59,0.2584
7458,1426,170,1,224.88,0.0513
7459,7518,92,5,363.82,0.0569
7460,668,179,3,16.08,0.1575
7461,5533,94,2,765.23,0.1104
7462,6473,165,1,1037.25,0.2852
7463,103,66,3,1378.53,0.2141
7464,5461,85,1,82.98,0.1468
7465,3686,34,4,1120.85,0.2904
7466,5165,166,5,2346.02,0.2824
7467,6489,159,3,1881.89,0.0656
7468,49,154,1,813.0,0.0718
7469,4948,76,3,1322.7,0.2416
7470,9618,154,4,1751.04,0.1297
7471,8660,191,4,398.92,0.0452
7472,8239,176,5,194.24,0.2758
7473,4720,127,1,1553.0,0.2221
7474,3828,125,1,1846.49,0.1139
7475,1294,95,1,1292.8,0.2963
7476,6101,112,2,1743.16,0.1857
7477,6909,79,5,1801.72,0.1545
7478,1317,10,4,1615.56,0.1569
7479,7751,36,5,2342.59,0.1031
7480,499,168,2,1347.07,0.0963
7481,9893,154,1,156.52,0.2913
7482,487,137,4,1419.44,0.2616
7483,7580,181,1,1603.88,0.085
7484,4475,198,2,861.85,0.2783
7485,8967,86,2,1189.85,0.0245
7486,5741,53,1,1929.67,0.0864
7487,889,167,1,1801.32,0.275
7488,4788,61,3,456.36,0.0185
7489,7333,52,4,606.3,0.2778
7490,4110,196,4,1433.06,0.1066
7491,7737,196,5,985.06,0.0541
7492,7172,170,5,1879.97,0.0486
7493,1105,195,2,266.72,0.1241
7494,9070,96,4,824.11,0.2103
7495,181,75,2,928.6,0.1938
7496,4768,179,1,1085.19,0.0959
7497,870,131,4,1919.32,0.1281
7498,8409,141,2,60.95,0.0765
7499,5386,108,3,374.34,0.1222
7500,2811,141,3,1384.7,0.0582
7501,8817,120,4,1224.61,0.2277
7502,6334,121,4,2379.42,0.1166
7503,632,61,5,153.78,0.1064
7504,7568,24,4,751.84,0.1874
7505,131,148,5,1948.0,0.0788
7506,8722,74,3,2403.99,0.1239
7507,6560,97,3,2485.69,0.0254
7508,1148,183,3,739.86,0.0413
7509,562,35,1,1495.21,0.1568
7510,3587,78,4,2395.03,0.2995
7511,1096,80,3,2443.48,0.1676
7512,2173,30,5,307.78,0.137
7513,7173,83,5,895.78,0.0696
7514,84,161,2,1838.06,0.1102
7515,2988,41,2,1404.15,0.238
7516,6876,194,1,1446.65,0.139
7517,5143,102,5,1084.97,0.2066
7518,5080,177,2,2113.05,0.0995
7519,906,8,4,175.26,0.0594
7520,6794,84,4,584.64,0.1591
7521,3233,131,4,1762.29,0.1061
7522,3145,65,4,2051.04,0.0334
7523,9313,85,2,2427.09,0.1033
7524,9802,121,1,750.81,0.124
7525,8731,114,2,562.52,0.2203
7526,6206,200,4,657.12,0.1267
7527,8594,130,3,634.58,0.2756
7528,199,169,4,1199.67,0.1905
7529,5334,181,1,720.07,0.2638
7530,6922,144,5,360.99,0.0594
7531,9724,137,5,148.37,0.2465
7532,4123,96,4,650.74,0.0251
7533,5101,111,1,2046.52,0.2192
7534,972,39,2,2113.66,0.0998
7535,5315,192,1,1483.74,0.0899
7536,5559,164,4,998.35,0.1983
7537,8043,151,2,677.12,0.0205
7538,2371,175,5,113.01,0.286
7539,8090,177,4,2476.09,0.07
7540,7982,183,5,963.56,0.2446
7541,9826,119,4,941.71,0.2037
7542,5322,94,2,1002.63,0.1223
7543,7619,138,1,1945.39,0.2161
7544,8952,63,5,1651.08,0.1074
7545,1372,95,2,2358.97,0.2002
7546,2059,108,5,200.3,0.001
7547,8627,26,3,2402.75,0.2874
7548,3104,176,2,1479.93,0.0448
7549,840,158,2,2324.64,0.1547
7550,6292,130,1,1913.41,0.079
7551,6413,29,1,2466.02,0.1143
7552,7802,182,4,544.28,0.0999
7553,4739,160,1,1308.88,0.2944
7554,5007,108,4,2347.48,0.0394
7555,6908,166,1,356.71,0.0448
7556,2300,21,1,1953.38,0.2915
7557,2616,27,4,2286.18,0.0396
7558,892,34,3,946.72,0.0258
7559,4011,23,2,1116.01,0.1522
7560,8953,78,4,2082.65,0.0612
7561,1226,167,3,1422.54,0.0639
7562,2297,69,1,1204.09,0.2458
7563,4910,117,4,696.06,0.0708
7564,6517,73,3,1347.25,0.0975
7565,8368,45,3,949.05,0.1999
7566,3177,63,2,1185.75,0.2968
7567,865,8,1,2127.54,0.1475
7568,9879,135,5,2116.27,0.1987
7569,6583,30,3,67.17,0.1503
7570,2102,12,4,1371.46,0.0539
7571,2369,20,1,2377.57,0.1333
7572,1243,192,5,1123.39,0.1887
7573,928,157,5,289.37,0.0194
7574,5589,120,5,43.03,0.0508
7575,6892,183,3,1029.27,0.2446
7576,2944,12,2,2194.17,0.0246
7577,4500,84,5,2233.41,0.0497
7578,347,22,5,1659.23,0.0763
7579,6820,151,4,2383.08,0.0167
7580,489,176,5,194.57,0.2373
7581,2848,45,1,935.68,0.1596
7582,2407,26,2,1984.69,0.0614
7583,9273,109,2,2102.1,0.0286
7584,7709,111,5,242.36,0.1719
7585,7086,107,3,1474.08,0.1821
7586,1111,28,3,1670.33,0.2056
7587,2426,183,5,566.42,0.2316
7588,9123,73,5,97.87,0.2917
7589,6223,197,3,66.47,0.2512
7590,9579,2,5,907.11,0.0713
7591,970,106,4,331.75,0.0239
7592,4404,28,4,1434.47,0.0285
7593,1935,77,5,636.18,0.2512
7594,3161,181,3,855.18,0.2278
7595,4787,142,4,871.28,0.0132
7596,7455,107,3,2329.3,0.2197
7597,6800,174,5,2156.03,0.2212
7598,164,125,5,1627.18,0.2456
7599,5415,78,5,405.11,0.1966
7600,8843,67,4,206.22,0.1617
7601,7921,198,2,898.92,0.0894
7602,7923,148,2,1434.16,0.018
7603,7642,35,2,1816.6,0.0295
7604,2095,176,4,74.69,0.1307
7605,4102,171,3,499.05,0.0538
7606,9763,20,2,1104.52,0.005
7607,9339,113,2,908.65,0.1372
7608,4853,56,1,1153.84,0.2986
7609,5008,108,5,828.57,0.2921
7610,2569,3,2,1475.83,0.2271
7611,4939,68,2,2166.99,0.0761
7612,3797,139,3,218.57,0.2361
7613,5934,62,5,743.08,0.1898
7614,2375,105,4,676.83,0.0985
7615,1932,61,4,1367.18,0.0136
7616,7027,186,1,2232.14,0.1466
7617,6888,121,3,2052.48,0.176
7618,7174,29,3,2257.85,0.1832
7619,4139,166,5,543.13,0.0906
7620,7450,84,3,868.72,0.2153
7621,1590,88,1,699.56,0.2049
7622,2944,87,5,1371.6,0.0912
7623,7819,22,3,1682.87,0.2206
7624,5335,41,3,1047.22,0.2242
7625,3097,110,2,779.74,0.2511
7626,908,63,2,1585.35,0.1279
7627,4673,125,1,1253.38,0.2806
7628,8452,166,2,2074.37,0.2886
7629,8129,112,3,149.05,0.2151
7630,5538,178,2,1844.14,0.1967
7631,5595,105,3,1736.52,0.2462
7632,9325,135,5,2168.75,0.041
7633,2763,152,2,2114.7,0.233
7634,9870,108,1,388.51,0.1309
7635,870,101,4,1608.7,0.2744
7636,2032,174,3,1516.29,0.0282
7637,8125,153,1,1740.6,0.0551
7638,9781,29,3,2453.47,0.1086
7639,5238,67,3,286.93,0.2911
7640,8767,103,5,1578.64,0.1768
7641,8333,80,3,1498.29,0.2757
7642,4095,150,4,33.56,0.2814
7643,3373,85,4,1651.75,0.0101
7644,6369,86,4,1250.44,0.219
7645,9399,137,1,1935.88,0.0837
7646,6305,87,5,1891.76,0.1186
7647,9278,177,1,123.49,0.002
7648,397,128,1,1954.32,0.2078
7649,1865,114,4,2244.55,0.2545
7650,6373,36,1,1585.53,0.0296
7651,8630,5,3,2174.99,0.1867
7652,6558,4,2,532.23,0.0768
7653,6753,24,3,2254.05,0.2951
7654,5952,169,1,2340.68,0.0163
7655,652,107,5,722.75,0.1581
7656,2178,14,3,873.24,0.2514
7657,8847,12,1,1781.61,0.2219
7658,849,82,5,850.13,0.1647
7659,9379,44,4,2473.91,0.2578
7660,8670,137,2,731.17,0.2941
7661,1062,66,1,86.75,0.0308
7662,976,166,3,2046.81,0.022
7663,5884,96,2,122.59,0.2498
7664,519,77,4,2436.04,0.0732
7665,2949,57,4,1505.89,0.263
7666,7997,175,2,1106.67,0.1038
7667,3803,183,1,1835.46,0.0638
7668,8257,130,1,1793.85,0.0967
7669,4033,125,5,980.48,0.2725
7670,9045,112,5,546.64,0.2222
7671,9154,102,1,2114.61,0.0123
7672,8198,83,3,2306.11,0.2972
7673,4360,146,4,2487.23,0.0638
7674,4149,108,5,917.66,0.1464
7675,2313,66,2,1448.66,0.0685
7676,2854,185,2,2452.92,0.0831
7677,6304,64,1,1039.99,0.0213
7678,7191,155,2,1979.36,0.1979
7679,2433,53,2,2350.29,0.16
7680,4971,187,1,475.87,0.1999
7681,9472,118,3,1815.54,0.112
7682,618,29,1,1761.76,0.2591
7683,2360,122,4,981.56,0.1593
7684,3932,111,5,2452.78,0.2882
7685,5603,72,3,2169.09,0.2499
7686,2080,14,3,2485.77,0.164
7687,2886,68,2,1381.94,0.293
7688,8285,43,5,567.06,0.0688
7689,9083,113,5,709.14,0.1745
7690,4130,29,3,1981.97,0.2094
7691,3361,57,4,913.6,0.0241
7692,9560,118,4,549.18,0.1545
7693,6457,33,2,2305.89,0.0531
7694,7830,21,2,862.31,0.2038
7695,5324,169,4,217.84,0.0454
7696,4716,113,5,1422.86,0.2358
7697,4819,129,4,1382.3,0.1807
7698,3501,155,3,1064.46,0.0481
7699,5096,2,1,1124.31,0.1848
7700,7675,64,1,561.11,0.0025
7701,9678,179,1,750.12,0.0111
7702,5303,126,5,1224.1,0.0656
7703,7227,118,4,2430.74,0.1134
7704,9505,182,3,2450.61,0.0438
7705,6240,74,3,231.67,0.2362
7706,6649,74,2,2267.33,0.0336
7707,8403,158,5,1108.7,0.0134
7708,7950,129,3,1155.94,0.0022
7709,7739,157,2,907.86,0.1692
7710,8975,141,5,2200.29,0.1725
7711,8095,43,3,1151.1,0.0559
7712,7137,41,4,29.1,0.0792
7713,7371,89,3,2339.38,0.2339
7714,112,186,5,2435.63,0.268
7715,9581,77,2,1089.53,0.0982
7716,5243,142,5,1098.77,0.1309
7717,3785,41,1,58.51,0.0206
7718,697,195,3,516.44,0.2536
7719,7738,182,1,313.5,0.1971
7720,9053,6,4,1991.96,0.0238
7721,8447,46,2,1295.86,0.1769
7722,1253,129,4,734.02,0.0307
7723,9557,29,5,2312.6,0.223
7724,2975,123,3,1620.61,0.0395
7725,9781,154,2,2342.58,0.1401
7726,3410,186,1,646.79,0.2126
7727,258,87,1,2168.18,0.0547
7728,3132,131,5,2139.24,0.0297
7729,5078,60,1,2244.37,0.227
7730,8624,142,5,2046.33,0.221
7731,118,98,2,2018.29,0.1013
7732,6077,23,4,2124.77,0.0639
7733,2948,190,3,2241.45,0.2762
7734,6170,10,4,1068.04,0.1936
7735,340,4,4,559.23,0.1603
7736,1277,39,3,194.23,0.0818
7737,8724,113,2,698.71,0.1096
7738,3376,88,5,2159.37,0.1014
7739,6521,34,1,2492.79,0.2859
7740,1597,120,3,1066.33,0.0413
7741,151,25,4,1177.93,0.1304
7742,829,180,3,990.88,0.0131
7743,7871,15,2,1384.04,0.1559
7744,8467,12,3,1202.87,0.253
7745,9420,129,1,1714.7,0.2904
7746,9444,106,4,697.56,0.093
7747,8011,120,1,1016.44,0.0576
7748,8449,137,1,1015.45,0.186
7749,681,59,1,806.92,0.0925
7750,8074,142,1,1998.61,0.0298
7751,6480,105,3,1357.57,0.0618
7752,9835,31,3,1406.58,0.0064
7753,3112,53,4,614.27,0.2655
7754,2983,191,5,1068.55,0.1127
7755,5076,138,5,871.46,0.2338
7756,9992,106,1,2270.71,0.1965
7757,6474,171,2,108.99,0.058
7758,243,146,1,449.96,0.1187
7759,5055,67,2,1656.44,0.1336
7760,480,59,2,1518.41,0.1953
7761,5215,76,1,1791.07,0.2781
7762,5031,99,4,127.88,0.0571
7763,8966,108,2,2208.16,0.1211
7764,8401,23,1,2328.46,0.0607
7765,9738,86,1,1957.87,0.2473
7766,8149,46,1,449.28,0.2208
7767,2626,177,2,1975.36,0.2477
7768,481,151,3,801.65,0.232
7769,7692,140,2,392.79,0.0081
7770,1549,29,3,216.44,0.0797
7771,9196,88,3,132.19,0.106
7772,1959,59,4,2108.19,0.2407
7773,1638,53,5,2110.06,0.2556
7774,3757,68,1,97.35,0.1412
7775,2261,101,1,1793.34,0.2959
7776,1193,191,2,646.45,0.1591
7777,9424,29,5,568.51,0.1527
7778,2018,3,4,1411.59,0.161
7779,7043,95,1,1152.89,0.2214
7780,521,89,2,485.07,0.113
7781,5036,111,4,29.1,0.2719
7782,8211,165,5,816.47,0.1648
7783,9702,63,2,1022.49,0.129
7784,4626,23,4,1195.92,0.0738
7785,2285,177,5,1029.39,0.11
7786,2152,86,1,960.24,0.1979
7787,937,115,5,2408.81,0.2921
7788,237,77,2,2301.05,0.1746
7789,3174,131,1,987.16,0.161
7790,1972,110,3,2354.36,0.0908
7791,9135,150,2,231.5,0.2762
7792,391,113,3,46.63,0.1843
7793,2809,36,5,837.12,0.2546
7794,3852,138,4,475.42,0.0198
7795,5081,120,1,1765.5,0.2297
7796,5144,9,2,1571.27,0.0788
7797,3504,56,1,2436.58,0.287
7798,9471,183,5,1888.43,0.0436
7799,7666,147,5,995.95,0.0323
7800,630,72,4,683.05,0.1032
7801,4495,33,4,150.5,0.0903
7802,8348,148,2,671.6,0.2958
7803,5979,35,1,468.06,0.1874
7804,1151,123,2,2100.13,0.2338
7805,8469,31,3,824.75,0.0425
7806,3052,178,5,1713.98,0.2986
7807,7195,119,3,1625.03,0.2595
7808,7087,46,3,162.46,0.2846
7809,7736,78,1,71.08,0.0653
7810,8175,10,3,1120.96,0.0971
7811,8829,67,3,2315.63,0.2613
7812,874,119,4,1603.61,0.1118
7813,9102,162,2,2144.36,0.0041
7814,21,51,4,124.29,0.2816
7815,5646,39,1,955.2,0.0562
7816,5361,196,2,161.28,0.0043
7817,6251,140,2,862.39,0.0908
7818,4812,154,5,721.18,0.2054
7819,8732,199,5,2304.87,0.1901
7820,8049,67,3,2048.15,0.0599
7821,2981,90,2,2018.88,0.14
7822,5734,121,2,76.85,0.204
7823,242,130,5,1277.01,0.1717
7824,3054,12,3,256.58,0.2181
7825,396,59,5,2166.24,0.1317
7826,5323,125,2,1138.55,0.1172
7827,4316,32,1,256.47,0.0173
7828,4515,51,5,2459.38,0.2678
7829,3298,124,4,730.93,0.2639
7830,5334,102,5,511.27,0.1295
7831,2407,11,2,1417.94,0.248
7832,8693,32,3,1218.91,0.1874
7833,3543,192,2,697.1,0.0758
7834,7948,173,3,1847.28,0.0532
7835,8979,54,2,734.36,0.0154
7836,2262,6,4,872.44,0.1981
7837,2540,26,4,1754.41,0.0848
7838,8414,8,3,1434.96,0.2692
7839,1924,136,4,732.62,0.2562
7840,6413,38,1,2308.05,0.2158
7841,1108,136,1,1801.28,0.1847
7842,4839,17,4,766.03,0.278
7843,6022,103,5,2158.69,0.2534
7844,2092,83,4,792.24,0.0786
7845,1612,125,3,2439.49,0.0772
7846,5072,131,4,2271.41,0.0065
7847,3949,169,4,1011.59,0.1472
7848,8017,113,3,1662.73,0.1367
7849,161,53,1,1345.81,0.075
7850,9593,110,5,2044.74,0.2899
7851,4404,121,2,2158.07,0.1627
7852,2387,97,5,1581.28,0.0455
7853,9997,96,2,1395.63,0.2532
7854,888,198,4,858.38,0.1332
7855,5770,62,1,2251.59,0.2265
7856,6050,53,4,1521.25,0.1086
7857,940,187,2,182.8,0.022
7858,3493,93,1,1676.34,0.2974
7859,2152,101,2,544.03,0.2494
7860,8248,126,4,366.33,0.0665
7861,9211,83,2,2465.19,0.2507
7862,9523,95,1,2242.93,0.2428
7863,8688,83,5,1823.42,0.2407
7864,1165,151,4,1473.88,0.0744
7865,4130,175,2,971.95,0.0472
7866,5476,163,2,801.34,0.154
7867,8245,14,5,851.25,0.2116
7868,3075,65,1,1139.77,0.1434
7869,330,113,3,864.93,0.1267
7870,7787,49,3,573.48,0.1389
7871,1670,164,3,2282.13,0.2865
7872,8341,129,4,1900.7,0.2773
7873,3578,84,3,1608.36,0.2817
7874,8325,22,3,1115.15,0.0901
7875,2307,163,5,2013.78,0.0078
7876,1300,3,3,415.13,0.2929
7877,7229,140,2,361.13,0.0194
7878,7075,165,5,2385.84,0.2822
7879,6291,58,2,2356.78,0.15
7880,4938,77,4,1676.18,0.1736
7881,825,12,5,1172.09,0.0251
7882,5786,2,2,2225.77,0.2761
7883,5958,126,2,1853.37,0.0454
7884,4592,84,1,1925.44,0.2644
7885,6767,193,1,1631.82,0.058
7886,4698,186,1,2305.51,0.0558
7887,8066,60,1,787.85,0.0446
7888,7729,41,3,677.06,0.0472
7889,1440,163,4,1476.38,0.201
7890,3988,102,3,886.24,0.0007
7891,8957,11,4,155.43,0.2398
7892,5214,180,5,2405.5,0.2184
7893,2725,180,4,2260.35,0.1247
7894,7789,107,3,40.9,0.2494
7895,3988,62,5,2172.33,0.2092
7896,572,191,5,1301.91,0.2913
7897,9809,15,5,1270.09,0.1974
7898,4650,70,1,430.94,0.1885
7899,1687,40,3,503.78,0.0315
7900,8617,9,1,713.08,0.2676
7901,2633,114,2,1397.04,0.1875
7902,2587,198,5,1214.7,0.142
7903,9809,145,5,701.46,0.0029
7904,9961,151,5,2017.99,0.1504
7905,2222,58,3,888.77,0.1754
7906,1649,80,5,504.25,0.2135
7907,763,51,3,1042.59,0.0508
7908,4043,57,2,1769.16,0.0288
7909,1193,86,2,819.29,0.1714
7910,4681,144,2,806.66,0.2526
7911,782,173,1,302.74,0.1923
7912,2027,189,5,267.57,0.2297
7913,2627,12,2,742.99,0.1079
7914,3994,6,4,1803.18,0.06
7915,6915,132,3,1351.54,0.0794
7916,8622,102,4,2064.98,0.0623
7917,953,122,2,1799.94,0.2734
7918,7904,163,1,1599.66,0.2785
7919,9390,47,1,369.74,0.1733
7920,7950,85,4,2288.7,0.1929
7921,2696,117,2,88.84,0.2647
7922,3512,19,5,2394.48,0.0949
7923,3970,27,3,2011.66,0.0796
7924,4468,139,3,641.93,0.2686
7925,287,70,1,2463.96,0.0564
7926,3163,187,4,1129.08,0.2996
7927,9425,41,2,2014.41,0.2392
7928,2595,171,2,2331.4,0.2654
7929,5694,28,5,1251.64,0.079
7930,9134,63,5,1555.78,0.2552
7931,6296,67,2,1642.0,0.1081
7932,4673,173,2,1464.89,0.1283
7933,9050,24,3,476.35,0.194
7934,9779,101,4,740.42,0.2872
7935,6764,192,3,281.5,0.1618
7936,856,79,5,1097.66,0.1819
7937,5921,39,1,475.4,0.2704
7938,9408,122,2,450.38,0.0691
7939,7578,45,2,301.79,0.1441
7940,7525,61,4,1066.71,0.2634
7941,9895,171,5,245.09,0.2488
7942,6202,195,2,1827.88,0.0179
7943,4582,92,3,2251.77,0.017
7944,1141,170,4,793.48,0.2595
7945,6386,41,2,2100.95,0.0775
7946,7398,47,1,1478.55,0.1056
7947,843,171,5,1023.61,0.2034
7948,3837,122,4,2033.39,0.1989
7949,8905,151,3,1972.71,0.2113
7950,8419,32,5,2351.72,0.0262
7951,2617,74,2,2352.48,0.18
7952,1606,122,1,1747.61,0.1441
7953,3832,102,3,2282.7,0.2416
7954,2633,185,5,151.26,0.0462
7955,8959,166,2,486.56,0.211
7956,4872,77,4,775.88,0.229
7957,6747,15,2,1985.08,0.2962
7958,6643,156,4,121.92,0.1839
7959,5592,13,4,1898.43,0.0775
7960,8944,35,2,1681.22,0.2541
7961,8714,130,1,2196.54,0.2389
7962,5004,61,4,132.3,0.0109
7963,7325,65,4,1559.3,0.2272
7964,9887,169,2,263.17,0.2071
7965,8454,96,4,155.13,0.0721
7966,9991,86,3,2369.73,0.1769
7967,8693,4,5,567.63,0.1579
7968,8033,181,2,484.97,0.0797
7969,7192,110,3,2188.69,0.1393
7970,8019,14,4,791.61,0.0581
7971,581,145,4,2120.43,0.0476
7972,5270,142,4,1680.41,0.2818
7973,1852,41,5,486.11,0.1722
7974,5910,62,1,1306.12,0.2433
7975,2140,52,2,1657.32,0.1015
7976,2193,27,3,1811.22,0.1016
7977,5983,85,1,1212.65,0.1501
7978,2223,40,2,897.39,0.2567
7979,3217,35,4,2372.96,0.2847
7980,4799,95,4,1052.33,0.0143
7981,6279,187,3,1734.8,0.1402
7982,541,177,1,2095.09,0.2627
7983,4333,191,4,434.56,0.1643
7984,1736,11,5,1215.08,0.1352
7985,3944,80,2,1387.01,0.0454
7986,7952,134,3,1431.61,0.133
7987,9808,98,5,385.34,0.2219
7988,5707,125,3,79.37,0.2036
7989,5819,41,2,1667.7,0.1317
7990,5161,160,1,1559.21,0.2301
7991,9020,21,5,1754.98,0.1782
7992,6603,93,4,569.25,0.0824
7993,9157,75,3,854.24,0.0416
7994,6122,57,1,1432.47,0.2001
7995,7910,133,2,158.35,0.0526
7996,4720,156,4,528.15,0.0634
7997,5593,114,3,2203.78,0.0836
7998,2106,77,1,398.17,0.2845
7999,6829,107,2,423.01,0.204
8000,9739,70,1,1806.93,0.2782
8001,9784,155,2,2210.44,0.0735
8002,7656,94,4,2427.83,0.1848
8003,4045,181,5,2093.24,0.202
8004,4276,48,3,1785.19,0.2852
8005,28,58,5,2217.31,0.1401
8006,9331,137,4,1260.48,0.1929
8007,2948,55,5,739.07,0.2633
8008,7906,45,3,1804.63,0.0425
8009,5875,156,4,1025.8,0.2732
8010,2039,156,3,950.04,0.0985
8011,6964,174,5,1073.09,0.1288
8012,5897,153,1,1568.31,0.1514
8013,1810,26,1,2257.21,0.2152
8014,8898,62,3,2380.77,0.0473
8015,1704,196,1,1640.93,0.2056
8016,3094,195,3,104.38,0.0286
8017,7269,162,5,1027.52,0.1149
8018,3248,149,2,337.62,0.1856
8019,272,162,4,1402.19,0.0421
8020,5169,44,5,997.78,0.2003
8021,9570,76,2,1847.8,0.2863
8022,6138,21,5,1508.82,0.287
8023,7781,146,2,469.42,0.1758
8024,6719,36,3,396.52,0.1556
8025,9570,70,4,263.82,0.1306
8026,2893,181,3,1860.32,0.1368
8027,1968,148,4,840.42,0.1703
8028,9100,115,2,1109.2,0.1304
8029,4815,127,1,1078.22,0.1279
8030,3806,94,1,1652.57,0.0865
8031,9951,3,1,129.55,0.2033
8032,6498,8,1,896.86,0.2619
8033,1568,48,5,255.65,0.0101
8034,8556,151,5,135.51,0.2892
8035,5783,118,1,217.99,0.2173
8036,4682,1,3,1062.02,0.0028
8037,5397,2,2,1739.68,0.03
8038,203,74,1,1165.61,0.28
8039,1932,37,3,622.98,0.2013
8040,7089,94,3,1633.26,0.0182
8041,8807,51,3,517.16,0.1013
8042,4271,172,5,955.85,0.2653
8043,5373,152,4,2380.61,0.2567
8044,3438,160,5,2075.97,0.0572
8045,1178,184,1,2285.14,0.127
8046,9512,50,1,408.16,0.2258
8047,7824,192,1,1557.61,0.206
8048,2994,158,2,785.21,0.0299
8049,9757,166,2,2043.86,0.1786
8050,2413,119,4,1144.45,0.0076
8051,9126,126,5,1845.03,0.1084
8052,3773,78,3,789.64,0.1553
8053,5796,183,5,185.46,0.0129
8054,7509,131,1,1884.18,0.2533
8055,8458,153,4,1511.22,0.124
8056,6319,45,2,2168.5,0.1217
8057,7852,190,4,302.33,0.0329
8058,508,135,3,2424.55,0.1425
8059,1388,81,4,2283.84,0.026
8060,4030,155,4,1636.54,0.0455
8061,251,23,4,1320.92,0.2505
8062,2567,160,1,1006.87,0.2048
8063,8678,2,3,249.66,0.1789
8064,197,162,2,2323.03,0.1522
8065,1299,180,5,499.89,0.1419
8066,5486,189,2,902.35,0.2854
8067,9880,111,4,476.6,0.2973
8068,5206,126,4,664.15,0.1155
8069,2197,34,5,990.47,0.0041
8070,1362,7,3,1746.54,0.273
8071,2662,10,4,2030.65,0.0961
8072,6693,130,1,159.78,0.2771
8073,9265,158,1,2041.07,0.1599
8074,1945,81,2,1985.88,0.2893
8075,1063,157,1,350.26,0.1538
8076,1230,60,2,696.93,0.1292
8077,8418,17,4,224.07,0.2767
8078,2486,184,1,1218.62,0.2159
8079,7263,86,1,2422.28,0.2526
8080,1457,179,5,2193.14,0.0227
8081,8194,153,2,2186.94,0.184
8082,1535,16,5,331.2,0.2004
8083,8495,153,3,2254.71,0.0399
8084,4583,15,5,65.05,0.09
8085,2659,101,1,1909.45,0.2674
8086,8582,79,1,759.33,0.0688
8087,6874,185,3,1261.92,0.2337
8088,2560,15,2,1838.47,0.0076
8089,6954,184,2,1623.38,0.0544
8090,990,82,2,847.36,0.0155
8091,2632,37,3,2046.55,0.1221
8092,5345,128,4,1635.51,0.0609
8093,2698,65,4,2111.65,0.0781
8094,3184,33,3,925.4,0.1518
8095,740,131,5,306.71,0.1555
8096,7913,49,3,939.24,0.0639
8097,503,150,4,1243.85,0.2553
8098,5682,182,4,372.81,0.1007
8099,3820,149,5,1410.76,0.1136
8100,5832,110,1,1658.47,0.2689
8101,6853,105,1,21.41,0.1291
8102,7681,27,1,1394.13,0.0648
8103,6595,132,2,332.94,0.0258
8104,8475,115,4,369.34,0.1998
8105,8381,129,3,951.49,0.0575
8106,4221,4,5,245.74,0.239
8107,3760,183,4,1436.67,0.268
8108,1815,24,1,1846.85,0.1526
8109,940,110,5,826.17,0.1752
8110,5032,157,3,2338.54,0.0224
8111,7051,22,4,1781.37,0.1977
8112,6795,151,3,2472.66,0.274
8113,3940,78,4,1522.86,0.0002
8114,2662,8,4,1160.16,0.0648
8115,1980,58,1,1913.52,0.099
8116,3383,80,5,995.62,0.2455
8117,8600,88,1,16.97,0.0323
8118,9534,59,4,544.41,0.1326
8119,9000,90,1,526.47,0.0557
8120,8465,7,4,1230.42,0.2738
8121,2915,25,1,1783.4,0.0628
8122,1036,102,4,1398.83,0.0935
8123,5263,173,2,271.39,0.1657
8124,1191,154,2,662.4,0.0242
8125,269,158,3,354.48,0.1283
8126,2142,194,4,212.64,0.094
8127,2154,124,1,404.39,0.2607
8128,5907,53,4,1306.75,0.2386
8129,1737,167,1,1893.04,0.278
8130,1337,108,3,1001.51,0.0835
8131,4156,139,4,513.96,0.2444
8132,696,140,3,1084.32,0.2464
8133,1433,128,1,834.89,0.0347
8134,1384,178,5,126.0,0.1501
8135,3972,56,1,2307.5,0.2918
8136,5044,168,3,41.38,0.2493
8137,3711,111,4,117.4,0.1971
8138,7269,144,4,761.54,0.1541
8139,3652,177,3,1945.31,0.2129
8140,8940,32,4,1229.84,0.2402
8141,3180,82,2,1285.48,0.1482
8142,8109,117,5,1548.44,0.2225
8143,2697,173,3,114.81,0.0465
8144,377,71,5,2397.62,0.1182
8145,8579,133,3,1380.52,0.0169
8146,4326,128,5,2061.82,0.2299
8147,4050,172,1,1081.26,0.0634
8148,2423,169,3,1098.04,0.0495
8149,2286,97,4,433.38,0.1313
8150,4063,85,5,909.7,0.1605
8151,6391,195,1,474.51,0.0498
8152,8578,125,1,2283.1,0.1088
8153,1062,150,1,831.21,0.1739
8154,7412,145,4,1007.8,0.0274
8155,8711,89,1,348.43,0.0952
8156,7562,105,5,2480.61,0.0784
8157,1101,178,4,1435.03,0.2162
8158,9659,159,3,1442.64,0.0497
8159,9985,141,4,376.62,0.1482
8160,4133,51,3,1702.94,0.0982
8161,4505,33,3,1707.55,0.2167
8162,3650,105,3,2261.88,0.2889
8163,844,20,3,719.92,0.2595
8164,6968,176,4,2176.38,0.1551
8165,5583,124,2,1117.53,0.2568
8166,4650,72,2,574.55,0.2129
8167,6193,200,1,1656.93,0.0574
8168,3143,74,5,96.1,0.2074
8169,246,121,5,2147.2,0.1754
8170,5111,142,5,177.47,0.0612
8171,6020,62,1,1005.8,0.2919
8172,5968,179,5,371.18,0.2447
8173,8534,127,4,1184.33,0.2307
8174,6211,198,2,2394.28,0.2932
8175,8918,98,3,369.46,0.2965
8176,6068,127,5,282.16,0.143
8177,2887,81,1,506.8,0.1518
8178,4153,149,1,2347.11,0.2548
8179,1310,92,4,713.69,0.19
8180,9672,38,3,1523.44,0.0236
8181,9939,143,3,732.15,0.2073
8182,7623,36,1,1803.21,0.1419
8183,4289,9,5,1583.44,0.0178
8184,6770,59,4,2399.66,0.2742
8185,9338,82,4,832.19,0.07
8186,667,54,3,791.73,0.2858
8187,586,145,4,1951.24,0.1507
8188,354,82,2,408.1,0.1934
8189,2615,4,3,1824.36,0.079
8190,7638,84,1,1933.69,0.2958
8191,3098,13,4,2148.09,0.0141
8192,8236,115,3,1729.23,0.2586
8193,9797,43,5,430.07,0.0201
8194,2896,8,5,849.84,0.2722
8195,8716,148,2,153.82,0.2726
8196,9321,123,1,1885.67,0.1104
8197,7256,199,5,1732.49,0.18
8198,6795,61,3,1294.44,0.2562
8199,8850,44,4,2447.02,0.095
8200,7844,179,5,809.71,0.0389
8201,2387,186,5,2227.75,0.2748
8202,5446,128,2,466.66,0.0223
8203,6743,117,4,2388.33,0.0395
8204,1863,158,4,732.7,0.0532
8205,7020,99,5,2018.52,0.1854
8206,777,84,4,294.02,0.0956
8207,5826,101,1,1031.8,0.1672
8208,1664,10,1,2415.28,0.2338
8209,756,146,5,788.45,0.1813
8210,4655,124,5,1954.65,0.2732
8211,7533,25,1,1218.84,0.0301
8212,3696,103,4,1519.23,0.2775
8213,303,162,2,1502.39,0.1457
8214,1099,44,2,1432.03,0.0172
8215,7619,167,2,1216.18,0.2667
8216,1405,90,4,488.66,0.0342
8217,1322,108,2,45.43,0.2014
8218,305,196,1,1698.25,0.085
8219,6174,171,4,1769.34,0.0315
8220,4104,148,1,1938.03,0.2529
8221,5541,72,4,2328.17,0.1282
8222,8,2,2,418.96,0.1859
8223,9967,114,2,2227.85,0.2117
8224,1215,155,5,601.12,0.1657
8225,6521,34,3,1362.29,0.2338
8226,698,55,1,659.5,0.15
8227,4002,164,2,360.14,0.1248
8228,2727,200,4,142.78,0.2255
8229,6800,107,5,868.89,0.0628
8230,1924,72,1,2428.75,0.2827
8231,3424,69,2,1189.29,0.0899
8232,9829,104,5,108.37,0.0116
8233,430,65,2,1691.52,0.1628
8234,9927,126,2,516.48,0.0905
8235,5389,85,2,160.16,0.0475
8236,3154,172,5,1984.56,0.2349
8237,9898,43,3,1123.87,0.1771
8238,6157,74,2,2443.32,0.1778
8239,7069,194,1,1791.18,0.1548
8240,1221,21,5,732.13,0.1935
8241,3062,189,2,2453.74,0.2767
8242,5727,141,5,2178.97,0.0991
8243,5951,108,1,800.4,0.1906
8244,3942,114,1,736.97,0.235
8245,3123,28,4,1263.53,0.061
8246,303,158,4,1361.3,0.2203
8247,7511,82,3,1452.93,0.1145
8248,2079,106,4,555.56,0.2524
8249,3670,130,5,150.86,0.0885
8250,8734,58,4,1360.68,0.2079
8251,6550,21,5,1521.87,0.1532
8252,4784,90,5,2395.48,0.2249
8253,6887,174,3,1366.03,0.2437
8254,5480,83,5,403.44,0.0364
8255,2480,25,4,778.57,0.0788
8256,3001,57,4,144.13,0.0772
8257,8511,148,2,53.25,0.0136
8258,7428,6,3,1202.72,0.2874
8259,4583,18,1,1660.05,0.1673
8260,9169,177,1,2379.23,0.0662
8261,1361,148,2,1589.35,0.1696
8262,3819,103,4,464.94,0.2487
8263,9128,162,3,2269.48,0.0479
8264,2387,138,4,2201.64,0.1945
8265,8956,33,2,1027.91,0.0448
8266,5007,115,1,1313.38,0.2551
8267,4997,183,3,1255.92,0.0719
8268,5294,147,4,1109.25,0.1816
8269,8216,194,5,834.48,0.0053
8270,1026,47,5,2467.27,0.0004
8271,7867,177,5,2271.93,0.2045
8272,1188,195,1,843.56,0.0169
8273,1008,30,5,1541.36,0.0636
8274,5471,59,5,227.29,0.2818
8275,1118,31,2,1867.17,0.1937
8276,8396,21,2,2111.61,0.0786
8277,7291,17,2,1175.04,0.2014
8278,8229,181,4,203.73,0.298
8279,6774,179,5,1462.13,0.1308
8280,9045,152,1,151.39,0.153
8281,7308,168,5,2042.62,0.1603
8282,634,98,5,1468.78,0.0482
8283,9445,175,4,2179.13,0.1601
8284,4515,20,2,956.67,0.189
8285,9709,16,5,636.64,0.1469
8286,5860,58,3,2347.66,0.1383
8287,4981,49,3,2253.47,0.066
8288,8520,170,2,179.07,0.1743
8289,7524,140,2,2160.27,0.1645
8290,1031,169,5,2321.13,0.2788
8291,2563,186,3,1141.19,0.1101
8292,8920,60,1,2233.38,0.2103
8293,9417,24,1,1126.5,0.235
8294,7060,13,3,157.2,0.2376
8295,5332,34,2,1372.75,0.1696
8296,686,189,4,2341.01,0.1874
8297,3141,155,4,1342.25,0.2404
8298,6081,85,1,360.5,0.0087
8299,2026,67,2,1107.43,0.0645
8300,5649,14,5,279.01,0.1575
8301,2380,107,3,1469.44,0.219
8302,430,101,1,1567.35,0.0541
8303,2808,41,4,1665.36,0.2607
8304,6884,108,4,146.43,0.154
8305,1195,185,5,2122.66,0.1136
8306,8398,158,5,2293.15,0.0455
8307,5723,45,4,727.64,0.168
8308,1161,74,2,1960.95,0.2365
8309,2847,1,4,1216.18,0.0939
8310,3085,103,3,1334.88,0.1489
8311,9583,92,2,618.39,0.0531
8312,7118,94,5,2238.42,0.078
8313,3818,84,5,2396.51,0.2074
8314,7061,180,5,1641.78,0.2899
8315,9971,20,3,391.95,0.1837
8316,6829,23,5,1343.24,0.1894
8317,5503,95,2,766.62,0.2643
8318,2022,96,5,1135.4,0.0545
8319,6408,116,5,1691.23,0.2441
8320,5513,90,4,190.7,0.2576
8321,6589,6,4,520.2,0.2081
8322,9044,161,3,1878.44,0.0106
8323,2915,8,2,109.85,0.2778
8324,4905,63,2,1510.64,0.1779
8325,3997,124,4,679.16,0.0665
8326,4556,132,2,2257.68,0.146
8327,5686,141,5,2085.26,0.1705
8328,3295,35,3,2299.55,0.024
8329,6879,93,4,248.25,0.1779
8330,8057,162,5,2486.87,0.186
8331,1579,56,4,371.59,0.2387
8332,4677,139,4,2177.26,0.2767
8333,8400,38,3,949.28,0.1386
8334,1296,173,3,2388.43,0.0839
8335,8858,86,4,17.59,0.2038
8336,3863,186,5,1727.59,0.0447
8337,89,118,1,2489.21,0.0296
8338,5881,162,5,1739.26,0.2348
8339,3825,110,2,1770.76,0.2586
8340,3190,75,4,1673.11,0.2441
8341,5796,92,4,2448.74,0.2668
8342,3875,119,3,1798.25,0.0831
8343,417,200,2,1249.88,0.1884
8344,6916,152,1,630.69,0.1835
8345,2618,74,1,1945.84,0.0133
8346,4532,63,3,415.14,0.0077
8347,2248,109,1,169.4,0.2627
8348,1899,167,4,1911.35,0.0053
8349,7818,149,1,931.55,0.219
8350,9022,164,1,542.23,0.1288
8351,5920,48,5,1920.87,0.0118
8352,4912,84,1,2171.07,0.2553
8353,1243,141,5,277.15,0.1169
8354,6321,2,2,1046.15,0.2206
8355,5586,111,5,74.03,0.1503
8356,890,155,2,2071.72,0.2608
8357,7331,7,3,35.41,0.1507
8358,9500,105,4,985.42,0.2265
8359,6842,19,3,2258.32,0.18
8360,7218,168,3,1464.67,0.2344
8361,2865,21,3,2010.05,0.0327
8362,6586,58,2,350.38,0.1063
8363,8409,154,1,300.0,0.1101
8364,9425,36,5,895.67,0.0336
8365,8538,44,3,1687.69,0.2687
8366,1429,64,3,420.86,0.0798
8367,2656,27,1,177.88,0.2334
8368,8041,136,3,2439.94,0.1459
8369,5183,90,2,737.59,0.2663
8370,339,129,2,1566.64,0.2189
8371,322,127,1,1653.97,0.2273
8372,4259,23,2,111.03,0.1461
8373,336,73,3,1421.27,0.1168
8374,5363,31,3,512.75,0.1406
8375,5272,135,4,238.35,0.1468
8376,5215,9,4,1001.32,0.0177
8377,2026,199,1,1985.2,0.0319
8378,8599,125,3,2423.1,0.0868
8379,97,181,3,1245.21,0.1241
8380,2853,116,5,2220.4,0.0202
8381,2404,144,2,2363.79,0.144
8382,3135,152,1,1115.7,0.1742
8383,3832,74,1,376.23,0.2882
8384,6463,174,2,785.61,0.0313
8385,6931,157,5,978.04,0.2429
8386,917,30,4,1144.5,0.2194
8387,2131,179,5,1617.0,0.2237
8388,5530,159,4,1618.33,0.2536
8389,8371,30,4,1364.99,0.2896
8390,5692,34,5,582.34,0.1922
8391,4302,19,1,918.21,0.2653
8392,6354,156,3,1042.4,0.0376
8393,634,6,1,1664.37,0.0714
8394,4449,145,3,366.54,0.1132
8395,5510,101,1,615.47,0.0232
8396,1724,91,5,720.4,0.0661
8397,5565,107,5,1303.15,0.2939
8398,9861,164,5,1897.38,0.2224
8399,1126,1,3,2113.2,0.2157
8400,143,144,1,1859.73,0.1604
8401,7717,196,4,1874.2,0.0677
8402,3050,47,1,613.51,0.0366
8403,9629,23,1,2213.75,0.1572
8404,9475,195,2,145.62,0.1978
8405,2714,190,1,1357.5,0.1688
8406,1640,85,4,234.75,0.1381
8407,4909,88,1,1508.18,0.0075
8408,2694,143,2,132.52,0.1794
8409,99,67,2,1607.64,0.1563
8410,216,43,4,98.7,0.0849
8411,1779,136,1,425.31,0.2389
8412,6582,115,5,1887.15,0.2077
8413,6457,98,5,767.35,0.2917
8414,4331,172,2,2212.05,0.1503
8415,5961,26,4,258.85,0.0204
8416,7251,195,5,1333.42,0.2786
8417,4339,160,2,2315.6,0.1374
8418,1760,64,2,1041.66,0.2982
8419,1248,43,1,829.54,0.1509
8420,1121,112,4,2415.46,0.1257
8421,321,62,5,1069.15,0.0228
8422,1841,139,1,1751.61,0.0372
8423,4996,118,3,2301.05,0.0339
8424,2588,137,4,41.77,0.192
8425,3563,48,2,1429.85,0.1595
8426,1074,134,1,1787.92,0.2958
8427,6412,54,5,1056.19,0.1303
8428,4179,62,2,1687.24,0.0477
8429,6388,127,2,2018.94,0.0849
8430,8417,121,5,799.23,0.2404
8431,7906,182,3,817.97,0.2472
8432,3038,98,4,233.1,0.0354
8433,4486,56,4,2388.23,0.2956
8434,2636,82,2,96.84,0.1057
8435,156,87,1,1184.75,0.1075
8436,3275,158,3,1339.15,0.0855
8437,98,131,3,365.54,0.2303
8438,4400,128,2,1232.78,0.2814
8439,6306,61,1,747.42,0.214
8440,7870,143,5,2009.36,0.0283
8441,9658,3,5,2060.48,0.2319
8442,2793,143,2,1090.46,0.2335
8443,4637,195,1,1094.72,0.195
8444,6580,157,3,203.6,0.0575
8445,6498,31,3,902.5,0.1499
8446,5587,199,3,1022.96,0.0099
8447,9736,71,4,1124.87,0.0766
8448,7005,55,3,1140.47,0.2015
8449,3984,92,5,244.07,0.1088
8450,8862,124,1,420.29,0.0481
8451,8535,171,3,1093.18,0.0322
8452,8276,110,2,955.27,0.2293
8453,4945,104,2,368.89,0.0847
8454,2458,25,5,1626.92,0.289
8455,6073,183,3,307.34,0.2217
8456,4079,120,5,27.88,0.106
8457,7207,50,5,1537.33,0.1029
8458,4093,38,5,220.66,0.0424
8459,2081,60,4,165.23,0.2148
8460,1744,85,3,228.1,0.1483
8461,4885,180,2,2341.82,0.2469
8462,3250,84,4,276.83,0.0828
8463,4480,198,5,2100.0,0.1019
8464,8147,76,2,1944.82,0.1436
8465,7868,173,5,2105.4,0.212
8466,8407,100,4,1518.91,0.2583
8467,4954,112,1,400.45,0.2862
8468,8876,19,5,1930.7,0.0145
8469,6351,133,5,1420.18,0.2536
8470,9504,170,2,1427.28,0.0378
8471,571,122,2,1527.8,0.2947
8472,8039,93,5,383.64,0.0132
8473,3308,101,3,739.3,0.0936
8474,5713,30,2,2483.83,0.2997
8475,2477,65,1,2185.58,0.0745
8476,6071,76,1,907.7,0.2566
8477,552,5,5,2466.54,0.2503
8478,7330,38,2,188.07,0.0794
8479,8305,139,1,881.84,0.1513
8480,9740,84,4,1394.67,0.0231
8481,2046,29,1,1558.12,0.0408
8482,6616,14,2,2015.82,0.1078
8483,3337,74,5,1845.61,0.2718
8484,6036,91,1,1724.74,0.1986
8485,5209,108,5,2436.28,0.1813
8486,5487,10,4,1501.94,0.2856
8487,216,39,1,31.29,0.2336
8488,8462,60,5,1547.63,0.2983
8489,9017,96,1,1900.96,0.1379
8490,6902,151,1,2296.47,0.058
8491,8491,97,2,989.96,0.1274
8492,1238,150,2,143.29,0.1274
8493,7003,117,3,330.1,0.233
8494,6208,87,2,2271.23,0.0799
8495,770,151,2,2377.16,0.1587
8496,6774,22,3,593.02,0.1219
8497,6976,190,3,1693.88,0.1362
8498,9705,19,1,1191.22,0.03
8499,8520,22,1,1516.86,0.1693
8500,6680,127,1,140.1,0.1902
8501,1410,129,2,2410.57,0.0147
8502,3387,162,5,1186.97,0.039
8503,4710,124,5,1934.97,0.0211
8504,6108,26,2,1298.67,0.0609
8505,418,4,4,2144.08,0.0211
8506,6456,176,1,1587.66,0.124
8507,9676,45,2,811.82,0.0775
8508,370,12,4,1254.01,0.2218
8509,2053,92,1,1979.58,0.2787
8510,109,37,3,681.5,0.1583
8511,1916,131,2,1970.67,0.1074
8512,183,156,4,1776.18,0.1676
8513,3364,130,5,35.64,0.0438
8514,2888,184,2,2168.83,0.2417
8515,8030,193,5,1309.3,0.1637
8516,5815,46,4,2319.87,0.0077
8517,9301,111,2,41.98,0.1492
8518,9390,172,2,2156.5,0.1868
8519,8756,146,2,1928.76,0.0443
8520,7906,37,2,1657.77,0.1152
8521,644,54,3,1501.11,0.0829
8522,4280,25,2,1504.38,0.1459
8523,1291,127,4,2099.68,0.1418
8524,2518,105,4,2484.93,0.2639
8525,3177,83,3,1163.44,0.2654
8526,7869,190,2,1422.62,0.0818
8527,9879,153,2,466.34,0.2229
8528,7550,180,1,988.99,0.04
8529,3185,191,1,435.69,0.1107
8530,8478,143,5,40.93,0.1108
8531,123,46,3,1813.02,0.2537
8532,8153,56,1,775.11,0.022
8533,6141,114,4,2177.07,0.1548
8534,88,26,4,1235.85,0.1302
8535,542,110,4,2013.3,0.1789
8536,8172,192,3,1067.8,0.261
8537,4048,148,4,2084.38,0.0214
8538,9084,195,1,2142.09,0.2942
8539,6027,153,1,1175.09,0.1981
8540,9801,21,5,2333.57,0.2292
8541,4516,162,5,748.72,0.1194
8542,3696,102,3,944.14,0.2827
8543,692,105,5,1199.45,0.0996
8544,4613,25,3,1874.1,0.2321
8545,8906,193,2,1005.75,0.2465
8546,1280,157,5,223.28,0.2053
8547,916,32,3,20.8,0.2276
8548,4196,111,1,2183.76,0.0437
8549,7156,129,5,1605.23,0.034
8550,1305,163,5,437.52,0.1679
8551,1257,184,3,2256.78,0.1022
8552,2818,16,2,1809.92,0.258
8553,9100,32,5,1916.7,0.0674
8554,28,133,3,1131.97,0.2
8555,6188,10,2,1886.3,0.0732
8556,6455,107,3,1520.79,0.0507
8557,3976,72,2,1840.45,0.0581
8558,6012,79,4,855.85,0.0866
8559,1397,20,5,1344.53,0.2468
8560,1068,89,4,103.37,0.2992
8561,8203,140,3,418.32,0.1559
8562,3784,90,4,2143.15,0.0367
8563,9115,196,2,1645.29,0.2386
8564,4601,191,1,2072.63,0.036
8565,5589,154,4,1409.29,0.0739
8566,9337,188,3,1089.04,0.2859
8567,8091,74,5,2040.6,0.0644
8568,7182,61,4,132.19,0.1707
8569,6621,143,4,1721.34,0.2715
8570,5528,5,1,1529.46,0.2135
8571,6720,160,3,103.58,0.2313
8572,6808,96,4,849.03,0.0749
8573,5878,150,5,1303.32,0.2513
8574,1922,22,2,95.72,0.0913
8575,4020,12,5,780.46,0.1525
8576,8460,64,4,51.91,0.1434
8577,4289,75,4,690.51,0.1468
8578,4053,88,1,2444.04,0.2436
8579,5085,109,3,1142.27,0.1262
8580,94,16,1,2374.57,0.2505
8581,8490,193,5,2013.36,0.2737
8582,8705,51,3,666.58,0.2609
8583,7574,32,1,2342.8,0.2748
8584,909,115,4,760.73,0.0613
8585,2254,126,3,873.06,0.2304
8586,2026,181,2,768.85,0.1341
8587,4320,131,2,1114.04,0.2417
8588,6182,115,5,198.01,0.1168
8589,820,141,1,2043.58,0.1801
8590,3565,92,5,218.58,0.0341
8591,8303,58,2,1204.27,0.1539
8592,3544,45,4,187.66,0.0846
8593,6636,24,4,1642.13,0.1455
8594,667,179,4,1133.77,0.2361
8595,2146,13,4,17.82,0.0855
8596,5821,152,4,1086.59,0.2405
8597,5117,5,2,918.79,0.2435
8598,6742,81,3,2286.62,0.2583
8599,3646,178,4,1503.46,0.0263
8600,259,119,3,2070.56,0.0014
8601,3534,177,4,374.45,0.191
8602,6503,146,5,329.01,0.0158
8603,6612,33,1,469.51,0.1239
8604,9705,186,3,2359.99,0.2708
8605,5690,159,1,262.06,0.0774
8606,9374,162,2,1216.4,0.0802
8607,2283,94,5,204.55,0.175
8608,1875,96,4,1900.53,0.2955
8609,9087,31,4,971.33,0.0311
8610,957,99,2,1535.23,0.2883
8611,5532,79,3,193.04,0.1916
8612,4490,27,4,1087.27,0.2275
8613,5264,187,3,347.46,0.0534
8614,5023,27,4,821.38,0.1798
8615,2058,119,3,484.33,0.0465
8616,2378,129,1,1212.1,0.1456
8617,9372,76,3,2235.51,0.1279
8618,530,196,2,1002.31,0.2256
8619,3563,151,4,2260.52,0.1106
8620,9152,98,5,1940.74,0.0224
8621,264,52,3,1871.09,0.2833
8622,478,185,5,1956.01,0.0435
8623,8548,87,3,1781.03,0.1149
8624,8255,179,1,520.14,0.1561
8625,4173,123,5,2098.31,0.2663
8626,1944,191,2,949.2,0.0289
8627,7623,77,5,684.01,0.203
8628,2061,28,3,2085.21,0.1292
8629,1715,24,2,1548.85,0.2362
8630,3915,22,1,643.83,0.2612
8631,8861,168,5,2220.92,0.0635
8632,3600,136,2,1354.02,0.1842
8633,8660,96,5,74.44,0.1571
8634,4437,12,1,1324.12,0.1733
8635,3127,177,1,2388.36,0.2566
8636,7502,104,1,417.58,0.0888
8637,6455,149,1,762.94,0.0897
8638,4777,128,2,582.79,0.2151
8639,1744,67,2,562.48,0.1518
8640,6758,167,1,206.99,0.1806
8641,5533,109,3,1174.1,0.2331
8642,280,62,2,2048.82,0.1118
8643,6195,82,1,611.55,0.0953
8644,7445,58,2,1782.19,0.1242
8645,3031,190,5,1439.04,0.0077
8646,8539,198,3,542.49,0.2459
8647,1397,164,1,1430.56,0.1164
8648,6027,173,3,1313.59,0.1252
8649,2774,128,2,576.17,0.2358
8650,6009,79,2,57.08,0.0613
8651,2771,15,5,1026.12,0.0449
8652,6024,62,1,818.07,0.2729
8653,9211,166,1,717.82,0.2773
8654,3735,64,4,1751.14,0.2383
8655,808,108,5,1778.0,0.0453
8656,1801,125,3,2317.84,0.2481
8657,9368,116,1,83.2,0.2804
8658,8268,88,4,2277.23,0.2561
8659,736,199,3,1690.54,0.1203
8660,2690,137,2,1653.84,0.0276
8661,5371,199,2,2480.26,0.1147
8662,2308,153,5,208.25,0.0013
8663,6461,78,2,2010.99,0.1558
8664,1150,193,2,1489.47,0.0034
8665,4800,148,4,416.86,0.1678
8666,548,28,3,1930.44,0.1349
8667,9575,49,3,906.24,0.1031
8668,4262,34,4,642.91,0.0901
8669,6482,20,3,1449.57,0.2488
8670,9008,107,3,1200.32,0.1533
8671,3818,102,5,405.37,0.0862
8672,414,22,1,1831.68,0.2046
8673,3812,172,3,790.1,0.1799
8674,703,47,3,1237.65,0.0955
8675,5145,25,3,732.57,0.2965
8676,8964,150,2,1109.09,0.2333
8677,1526,102,4,635.35,0.2073
8678,3425,61,5,1209.86,0.0291
8679,8641,180,2,414.25,0.0418
8680,2625,119,4,717.7,0.1731
8681,1563,148,5,544.92,0.2744
8682,7887,20,2,911.78,0.1403
8683,5208,105,5,2078.12,0.0422
8684,3004,106,3,1246.03,0.1609
8685,3308,102,2,1068.63,0.2827
8686,4146,173,2,1437.38,0.171
8687,8375,37,1,1964.74,0.2531
8688,394,143,3,753.02,0.2578
8689,2925,76,3,2020.21,0.0619
8690,1769,137,2,635.24,0.1612
8691,4282,101,2,2122.13,0.0211
8692,8281,172,4,2086.32,0.0419
8693,86,143,1,1483.3,0.1214
8694,3688,44,2,901.25,0.0204
8695,120,120,5,1044.43,0.0376
8696,8280,118,4,2035.37,0.0672
8697,9371,86,2,219.68,0.2148
8698,912,140,3,1970.19,0.0344
8699,3366,155,1,346.19,0.233
8700,8117,147,4,2041.54,0.1678
8701,2583,153,5,2254.85,0.2951
8702,4792,192,4,1290.93,0.0231
8703,1743,108,1,1885.94,0.24
8704,735,140,1,518.08,0.1412
8705,7115,50,4,1932.65,0.013
8706,53,72,5,1761.64,0.2504
8707,1738,139,4,300.15,0.1559
8708,9928,103,3,1267.54,0.1264
8709,7684,83,4,1918.85,0.1942
8710,3997,23,2,244.92,0.1165
8711,1965,88,2,1652.25,0.1403
8712,4969,143,5,2006.08,0.0963
8713,4734,63,2,880.64,0.0832
8714,8905,148,2,963.93,0.1346
8715,6128,89,4,697.04,0.1297
8716,5843,10,4,479.64,0.0297
8717,8811,112,1,2395.27,0.0838
8718,7281,189,2,1763.37,0.045
8719,8859,175,2,145.97,0.096
8720,4270,118,1,2320.26,0.1527
8721,6329,49,1,302.03,0.1702
8722,4492,49,5,2311.29,0.2493
8723,1222,76,1,1137.68,0.1462
8724,8101,33,1,1221.91,0.0589
8725,4806,87,2,1357.04,0.1382
8726,2613,78,3,247.95,0.2865
8727,9749,23,5,1667.18,0.258
8728,4558,181,5,1640.59,0.212
8729,7694,37,4,1450.74,0.1207
8730,8307,22,5,2221.14,0.084
8731,3802,130,1,1203.9,0.137
8732,6527,148,5,1780.69,0.1999
8733,1231,5,5,858.12,0.2656
8734,1886,3,4,2312.72,0.2838
8735,3504,82,4,2331.3,0.231
8736,7673,12,5,1213.0,0.1895
8737,5560,160,2,1843.85,0.0198
8738,6757,186,1,594.56,0.1907
8739,5289,199,1,1614.11,0.2249
8740,2480,70,1,226.39,0.2531
8741,5788,40,4,2158.52,0.1305
8742,9964,101,1,1808.12,0.0082
8743,701,134,2,2387.94,0.0473
8744,6992,63,1,1948.88,0.1138
8745,9154,153,4,469.79,0.2058
8746,4433,91,2,1176.69,0.1522
8747,3889,197,5,1362.91,0.1949
8748,6423,83,3,2073.74,0.1711
8749,1979,50,2,1382.74,0.2819
8750,7399,168,4,1199.58,0.2363
8751,4205,1,2,1786.81,0.2444
8752,1897,174,2,1610.79,0.2088
8753,1150,73,4,1875.71,0.0246
8754,3829,167,3,1195.69,0.2941
8755,6471,138,5,1812.91,0.0211
8756,5387,113,4,2428.2,0.1069
8757,7656,49,5,466.31,0.2422
8758,6792,14,5,144.98,0.0935
8759,3348,46,1,1433.26,0.1894
8760,8363,40,2,408.75,0.2685
8761,3147,114,3,425.16,0.2448
8762,4217,147,5,1685.26,0.1688
8763,5830,17,5,1063.58,0.1546
8764,8191,174,2,95.85,0.0634
8765,8455,114,1,1410.64,0.1784
8766,6282,193,1,622.3,0.2079
8767,5288,70,3,1092.95,0.1827
8768,6660,38,1,111.98,0.0715
8769,2249,102,3,172.83,0.259
8770,2150,103,3,491.0,0.1611
8771,3057,125,5,1799.97,0.0293
8772,2197,145,3,1978.11,0.0444
8773,8689,73,4,869.25,0.2576
8774,750,125,3,327.07,0.0924
8775,4103,11,3,2341.97,0.1684
8776,6102,53,4,1971.16,0.1402
8777,1047,120,2,424.77,0.1545
8778,1980,146,1,578.95,0.2124
8779,6234,109,1,105.63,0.2288
8780,3602,135,1,2253.69,0.2911
8781,6005,163,2,2334.21,0.2105
8782,4800,172,4,220.98,0.0942
8783,4238,71,1,380.04,0.195
8784,1049,39,1,525.19,0.175
8785,762,11,3,464.58,0.1608
8786,2736,125,2,2352.32,0.0029
8787,3623,10,1,664.38,0.2423
8788,1402,128,2,946.52,0.2802
8789,7380,98,1,185.73,0.0825
8790,9349,88,1,1576.7,0.0201
8791,7793,76,1,676.03,0.0537
8792,3149,137,4,624.33,0.2991
8793,4622,102,3,2443.15,0.192
8794,3007,110,4,110.87,0.1123
8795,8758,8,2,479.96,0.0814
8796,1789,176,3,1290.29,0.2965
8797,6829,21,5,1412.22,0.0563
8798,7666,97,4,1786.93,0.0572
8799,946,89,3,534.64,0.1302
8800,2043,103,1,994.22,0.1106
8801,7849,6,1,728.64,0.0497
8802,8700,59,4,2088.72,0.2178
8803,4226,196,3,909.11,0.294
8804,5192,23,4,663.89,0.0725
8805,4749,73,5,1547.81,0.1805
8806,7679,100,2,282.17,0.0698
8807,5246,118,4,2124.66,0.1475
8808,5883,163,2,708.4,0.2412
8809,9721,140,3,2062.67,0.1466
8810,4610,199,5,2478.57,0.2493
8811,6623,185,4,67.99,0.1719
8812,1034,157,3,492.05,0.2947
8813,4567,67,4,1870.69,0.1606
8814,7542,61,1,220.83,0.2209
8815,8928,61,3,1124.44,0.0645
8816,7233,118,5,389.13,0.0666
8817,2157,30,3,1182.34,0.1072
8818,7427,27,5,46.23,0.066
8819,6767,124,1,389.1,0.0043
8820,6558,30,1,698.26,0.065
8821,4124,100,2,506.75,0.1474
8822,2611,183,2,912.96,0.2006
8823,3709,151,1,375.13,0.1666
8824,2920,37,1,2054.69,0.0569
8825,158,154,2,1307.84,0.0389
8826,3438,164,2,785.75,0.2485
8827,6597,63,2,748.55,0.2332
8828,4718,165,3,621.28,0.0729
8829,4919,179,1,1270.51,0.1562
8830,639,68,4,1335.07,0.202
8831,2640,93,5,2479.06,0.2083
8832,52,108,5,1578.1,0.1366
8833,4913,191,5,1335.57,0.1442
8834,1472,37,5,110.16,0.1447
8835,7984,97,2,1381.81,0.1699
8836,330,115,2,1244.92,0.14
8837,8977,31,1,2243.13,0.1452
8838,8488,153,2,1810.54,0.2459
8839,346,153,5,1206.76,0.0617
8840,2202,105,3,581.83,0.1388
8841,7314,174,3,1790.51,0.2067
8842,1506,30,4,728.04,0.1645
8843,3875,148,1,892.02,0.0891
8844,3448,23,3,1735.53,0.03
8845,8760,127,3,791.31,0.2
8846,3957,129,3,752.7,0.2134
8847,8222,143,5,1113.83,0.0191
8848,6642,21,5,1663.72,0.217
8849,3659,30,4,2355.47,0.2472
8850,2542,11,2,384.55,0.2685
8851,6884,114,2,642.65,0.2956
8852,3210,180,2,2463.61,0.1767
8853,694,158,3,1548.58,0.2949
8854,3874,137,2,38.91,0.1646
8855,5311,69,2,2238.17,0.2022
8856,4767,47,5,716.04,0.2064
8857,1504,162,5,1381.85,0.2214
8858,178,33,2,927.57,0.2312
8859,9937,122,5,448.11,0.1693
8860,994,65,5,1510.95,0.2306
8861,4899,179,3,549.18,0.0759
8862,3047,159,4,581.64,0.1549
8863,5858,123,5,2009.69,0.053
8864,5346,56,4,1613.17,0.1283
8865,6051,199,1,2297.23,0.1167
8866,8727,45,2,1103.39,0.0081
8867,8189,33,4,1269.98,0.0843
8868,3030,106,4,187.47,0.211
8869,735,51,1,909.13,0.1358
8870,5469,133,2,136.17,0.277
8871,7443,38,2,885.0,0.1215
8872,950,133,2,1030.67,0.1378
8873,8740,56,5,445.04,0.233
8874,312,81,3,2139.89,0.0257
8875,9161,199,3,851.79,0.2773
8876,5952,89,5,151.03,0.1484
8877,2275,153,2,985.09,0.2214
8878,1083,195,1,1376.87,0.2122
8879,5217,52,5,1202.92,0.092
8880,721,36,5,1415.0,0.2999
8881,4345,120,4,2208.1,0.0116
8882,8013,151,5,87.9,0.2789
8883,2309,136,2,1976.27,0.0293
8884,1427,159,5,949.08,0.093
8885,4154,63,3,969.2,0.2701
8886,73,21,3,1481.72,0.0642
8887,4081,99,5,1490.03,0.0191
8888,6678,105,1,277.59,0.2172
8889,4199,106,4,1590.19,0.0863
8890,9328,122,5,450.83,0.1197
8891,819,50,2,747.95,0.1345
8892,918,157,1,1216.66,0.2031
8893,1531,60,2,1673.32,0.2201
8894,4466,195,2,1896.63,0.1002
8895,6976,44,4,1801.91,0.2712
8896,7353,2,4,1307.85,0.0643
8897,1050,108,3,437.92,0.2278
8898,8217,105,2,1696.94,0.2171
8899,928,98,5,2441.86,0.1568
8900,1846,143,2,2043.67,0.2914
8901,8157,167,3,1085.95,0.1404
8902,4779,168,2,1156.25,0.2577
8903,1928,175,4,2386.59,0.0188
8904,686,52,3,183.39,0.1196
8905,6434,88,1,1488.41,0.0645
8906,6724,134,2,365.41,0.2571
8907,8079,198,2,202.33,0.1285
8908,9874,176,4,721.68,0.1583
8909,139,186,1,585.19,0.1996
8910,5339,101,2,128.14,0.1217
8911,8690,131,2,2134.71,0.1085
8912,1049,96,1,2090.5,0.101
8913,8598,174,4,1706.66,0.2313
8914,5372,146,5,1924.4,0.296
8915,1751,184,1,180.39,0.0977
8916,7050,92,4,692.81,0.2022
8917,1617,161,2,1485.27,0.2634
8918,9293,145,1,2231.9,0.2952
8919,480,32,4,1771.62,0.1735
8920,7326,76,2,59.27,0.0549
8921,1710,101,3,609.17,0.1631
8922,7317,130,4,1020.16,0.1966
8923,5263,154,4,1560.25,0.1438
8924,5457,167,4,1666.89,0.0923
8925,453,191,2,1533.25,0.0938
8926,4489,145,5,190.97,0.2402
8927,1370,116,5,1898.24,0.2898
8928,6309,100,3,1680.17,0.2065
8929,7564,34,1,545.25,0.1365
8930,531,19,3,1248.34,0.0956
8931,6939,62,1,651.54,0.0485
8932,1552,160,1,1721.11,0.0896
8933,6658,50,3,551.56,0.0053
8934,405,86,3,65.1,0.1006
8935,8714,45,4,1087.78,0.0537
8936,618,182,2,121.91,0.0076
8937,2065,122,5,122.38,0.0358
8938,9929,82,1,489.99,0.2705
8939,3762,115,1,1806.84,0.0818
8940,9727,88,4,2357.88,0.1614
8941,9226,1,5,1288.94,0.0747
8942,4880,66,2,1699.73,0.1962
8943,1793,168,4,138.17,0.0481
8944,6157,152,2,1979.03,0.1345
8945,2237,52,1,1128.98,0.0671
8946,7600,2,5,1213.69,0.1634
8947,6288,189,1,2009.68,0.0297
8948,7593,155,4,304.56,0.1761
8949,1741,194,2,1147.34,0.2192
8950,8520,87,2,1355.26,0.1346
8951,695,161,1,1539.4,0.285
8952,2929,162,4,1773.1,0.064
8953,5087,190,5,1583.21,0.0298
8954,8523,32,3,2121.46,0.0258
8955,8967,3,4,2455.24,0.1
8956,7094,55,5,57.02,0.0435
8957,9473,27,5,1041.9,0.0028
8958,1056,8,2,1031.53,0.0685
8959,3026,20,3,1879.93,0.0705
8960,9308,180,3,736.88,0.0379
8961,4285,17,3,52.44,0.1162
8962,5198,109,1,200.53,0.2876
8963,9037,33,2,2310.19,0.2748
8964,6584,55,4,2296.78,0.0057
8965,118,73,1,651.94,0.2459
8966,7708,98,1,2340.93,0.0672
8967,7718,108,3,2191.78,0.1612
8968,9430,199,3,1727.2,0.1401
8969,7801,144,5,623.07,0.295
8970,8404,91,5,309.1,0.1806
8971,4257,79,2,431.75,0.189
8972,1601,64,2,506.5,0.2805
8973,8224,88,4,2020.75,0.0481
8974,5942,101,1,812.29,0.1481
8975,5950,113,3,1699.75,0.0367
8976,4717,168,3,1924.53,0.033
8977,902,186,2,1092.37,0.2135
8978,4341,83,5,546.58,0.1805
8979,6006,23,4,1194.2,0.0335
8980,4840,103,1,348.45,0.1563
8981,7319,95,2,2041.4,0.2843
8982,3345,94,5,2018.7,0.0417
8983,4123,7,5,2335.76,0.0497
8984,8843,187,1,2032.43,0.2008
8985,9807,109,1,1627.76,0.0682
8986,5344,59,2,953.67,0.2269
8987,4811,114,1,1248.92,0.2762
8988,2154,3,3,478.39,0.0024
8989,8669,112,5,1688.78,0.0964
8990,3016,30,5,2089.33,0.1747
8991,7845,138,3,1747.47,0.1545
8992,7370,98,4,2392.96,0.1637
8993,3082,13,4,2433.04,0.2071
8994,7425,167,1,1745.79,0.2421
8995,6290,77,2,1869.02,0.0841
8996,8176,192,4,828.43,0.225
8997,3430,25,2,127.1,0.023
8998,4831,169,2,2147.98,0.2107
8999,7271,168,4,1724.52,0.2504
9000,4820,62,2,2412.58,0.2796
9001,4144,40,1,15.77,0.1928
9002,5921,162,3,1793.71,0.0946
9003,1209,79,3,681.64,0.196
9004,1248,3,1,1119.07,0.053
9005,7980,180,1,1137.05,0.2092
9006,1401,46,5,103.68,0.263
9007,3031,86,3,2132.32,0.2861
9008,4207,98,1,234.74,0.0555
9009,8514,69,4,2382.76,0.1854
9010,4859,41,2,1433.97,0.2944
9011,7154,60,1,697.58,0.188
9012,7876,157,4,1602.13,0.2828
9013,3225,136,5,2319.49,0.1316
9014,6121,98,3,1955.22,0.2372
9015,9572,4,4,426.5,0.0254
9016,7081,25,2,785.06,0.0627
9017,8535,178,4,284.87,0.0352
9018,4728,151,5,1832.23,0.0169
9019,9633,153,2,514.38,0.1331
9020,8057,98,3,1867.86,0.256
9021,6428,70,2,342.35,0.0836
9022,8929,98,4,1909.97,0.0708
9023,1181,149,1,1293.43,0.2277
9024,880,108,1,2099.17,0.079
9025,6840,94,2,1304.51,0.1827
9026,1423,123,2,632.8,0.048
9027,2853,56,5,1707.28,0.1212
9028,2963,3,4,761.29,0.1637
9029,7531,79,2,243.67,0.2992
9030,8635,149,1,2069.61,0.2566
9031,3507,177,3,1827.89,0.0042
9032,7800,46,4,157.76,0.1908
9033,7509,126,5,2318.47,0.1934
9034,8440,119,4,520.95,0.1652
9035,2979,78,1,1862.91,0.0082
9036,1498,68,4,69.43,0.0839
9037,4188,31,5,1204.99,0.0609
9038,9764,46,5,653.12,0.0105
9039,4944,172,3,1394.56,0.2656
9040,1548,45,4,686.36,0.1764
9041,1991,177,3,1249.69,0.0781
9042,3147,4,2,43.02,0.2652
9043,1747,125,3,2271.1,0.2549
9044,2761,185,2,2024.13,0.0686
9045,6962,56,2,77.05,0.0701
9046,4637,166,2,2466.38,0.0542
9047,9018,6,1,2321.03,0.0568
9048,23,82,5,1653.71,0.2197
9049,5649,152,2,994.22,0.072
9050,8251,180,4,2211.48,0.2491
9051,1680,39,1,2147.63,0.2903
9052,7783,111,2,1061.94,0.0167
9053,1630,73,2,1766.68,0.1587
9054,1526,165,5,2028.93,0.0106
9055,6586,98,1,2046.4,0.099
9056,3158,162,1,2434.14,0.2806
9057,5818,127,3,2003.04,0.1098
9058,621,40,4,1393.64,0.2067
9059,3586,168,5,2013.07,0.1611
9060,4652,37,3,765.76,0.1762
9061,716,126,3,628.94,0.2983
9062,8298,50,4,750.89,0.2461
9063,7789,11,5,1367.36,0.2758
9064,6700,59,4,1477.64,0.2003
9065,729,154,5,810.86,0.1209
9066,2544,188,2,1212.28,0.1138
9067,3153,8,1,1449.04,0.2908
9068,697,28,2,704.4,0.0893
9069,4230,60,2,156.13,0.0558
9070,8599,89,2,277.28,0.0389
9071,7166,10,4,1537.6,0.1632
9072,9772,63,5,2305.68,0.2121
9073,5186,189,2,1122.43,0.1469
9074,2349,75,1,1278.68,0.2705
9075,3315,154,2,114.85,0.2213
9076,516,151,3,2381.57,0.0517
9077,2145,191,3,2147.86,0.2862
9078,3426,147,4,1227.94,0.1965
9079,7264,146,1,2207.25,0.0518
9080,9145,178,4,1100.86,0.1317
9081,1746,147,4,1151.65,0.1375
9082,2185,15,4,1712.29,0.1894
9083,3429,16,2,818.52,0.2862
9084,1072,148,5,2205.61,0.1168
9085,1188,147,5,546.1,0.1757
9086,500,199,1,2402.2,0.1166
9087,2550,147,2,2318.64,0.2706
9088,9689,88,5,873.91,0.2872
9089,6082,31,3,1656.64,0.2221
9090,7148,180,4,1249.25,0.0782
9091,5746,176,5,1467.56,0.1855
9092,821,8,4,444.33,0.0758
9093,9192,50,2,1875.24,0.1723
9094,8766,189,5,1283.17,0.1168
9095,5246,88,4,273.89,0.2292
9096,1699,136,5,2001.16,0.269
9097,3043,13,5,2256.0,0.0042
9098,3257,147,1,30.34,0.2742
9099,7997,178,1,2020.03,0.0776
9100,2188,151,2,1424.97,0.217
9101,1779,185,4,140.24,0.0673
9102,49,106,1,1122.25,0.1034
9103,1495,97,1,1047.89,0.1843
9104,9366,158,2,492.19,0.0474
9105,6468,157,3,909.67,0.0696
9106,9543,61,3,1264.83,0.1435
9107,919,35,5,1379.59,0.0356
9108,351,137,2,377.56,0.0404
9109,1927,200,4,1472.65,0.2008
9110,1918,112,1,652.81,0.2997
9111,5267,25,3,420.3,0.296
9112,9502,121,1,837.02,0.1495
9113,6011,106,5,1597.56,0.2279
9114,3960,64,1,2399.79,0.1868
9115,5270,115,2,2064.01,0.0018
9116,5693,110,4,2165.45,0.2707
9117,7241,37,1,553.0,0.2355
9118,5178,38,4,1161.83,0.0688
9119,7904,8,2,1124.47,0.291
9120,4767,75,5,1159.16,0.1136
9121,7456,168,2,511.28,0.1174
9122,4105,23,3,2110.77,0.1999
9123,1502,173,5,839.33,0.1961
9124,5669,129,1,1193.73,0.202
9125,2824,177,4,916.17,0.0072
9126,68,9,5,878.18,0.1003
9127,9524,40,5,1540.73,0.0038
9128,6677,156,3,2482.63,0.1019
9129,7945,97,1,2214.0,0.2523
9130,764,96,5,2320.55,0.0787
9131,5573,136,3,1093.52,0.0529
9132,8670,37,4,487.55,0.277
9133,4614,199,4,48.56,0.0685
9134,5040,18,1,123.75,0.1428
9135,1024,112,1,1820.15,0.1008
9136,5839,196,1,917.5,0.0259
9137,5577,77,4,1639.12,0.0682
9138,4739,75,2,1388.54,0.1884
9139,6815,80,1,2450.0,0.0249
9140,2427,44,2,1785.99,0.0118
9141,6759,78,2,2456.88,0.0481
9142,4743,144,1,761.03,0.0871
9143,1532,180,2,839.16,0.2136
9144,4700,181,2,1282.63,0.1461
9145,1402,18,2,1248.94,0.1495
9146,5859,168,3,1308.36,0.1117
9147,655,189,5,2132.47,0.2359
9148,8967,25,1,1789.78,0.0127
9149,6623,35,3,457.53,0.1761
9150,6054,71,1,1473.3,0.2877
9151,5512,27,5,450.23,0.1714
9152,3824,138,2,1061.7,0.2214
9153,7632,75,3,2275.14,0.0444
9154,8802,148,1,196.81,0.1725
9155,385,161,2,2408.81,0.0944
9156,8910,80,4,565.33,0.2124
9157,3159,139,3,451.22,0.054
9158,192,197,3,1209.16,0.1729
9159,8162,67,4,2238.13,0.1541
9160,6786,187,2,481.1,0.2188
9161,2744,194,5,33.76,0.2005
9162,9835,181,4,1055.93,0.2226
9163,4945,166,4,1440.06,0.277
9164,8351,138,1,1871.81,0.172
9165,3386,6,3,154.18,0.1198
9166,7159,95,5,1312.07,0.1497
9167,2010,162,5,429.59,0.2079
9168,4729,49,5,1083.72,0.0713
9169,2723,32,3,2423.96,0.0575
9170,5124,29,5,2449.91,0.0267
9171,6940,122,1,2463.59,0.1204
9172,7398,193,2,917.78,0.0232
9173,3999,161,1,1761.77,0.0344
9174,9422,17,2,2183.57,0.264
9175,3850,98,3,1271.6,0.1801
9176,1449,49,4,1194.12,0.2858
9177,1005,144,4,1809.83,0.1101
9178,7185,135,5,1264.53,0.1085
9179,9971,13,5,1461.95,0.2567
9180,7869,132,3,1140.76,0.1733
9181,212,63,4,1832.71,0.1696
9182,5948,197,2,2126.61,0.1678
9183,8370,124,3,1143.14,0.2434
9184,6109,73,4,1235.3,0.2022
9185,8815,76,2,2308.0,0.0567
9186,644,78,5,1414.42,0.2109
9187,31,15,5,1195.15,0.1629
9188,8196,133,4,2427.51,0.0355
9189,18,42,2,180.05,0.0952
9190,7163,18,3,1563.18,0.2292
9191,9554,72,4,78.5,0.2787
9192,4328,136,4,1130.62,0.1419
9193,1826,68,1,820.88,0.2141
9194,8240,115,1,1094.99,0.0147
9195,6207,154,1,2258.99,0.1544
9196,6414,75,4,1280.37,0.1515
9197,3162,70,2,1465.89,0.2986
9198,2048,161,3,833.77,0.299
9199,7767,22,3,2463.34,0.1423
9200,8481,69,5,2437.27,0.0484
9201,7249,129,4,2181.29,0.1528
9202,8362,86,1,1774.73,0.2035
9203,2944,35,3,1078.62,0.2219
9204,7027,184,2,329.5,0.0551
9205,4779,126,2,2274.21,0.226
9206,7646,67,4,1341.8,0.2856
9207,2191,131,2,1410.98,0.0516
9208,8498,199,5,269.76,0.1432
9209,6516,129,4,1984.56,0.2594
9210,8767,42,4,1387.56,0.0913
9211,5224,58,5,657.11,0.0198
9212,9362,88,5,441.99,0.2921
9213,1,96,2,1540.67,0.2158
9214,6872,85,1,2161.88,0.0449
9215,5245,192,3,1319.99,0.137
9216,7204,4,4,2153.83,0.1763
9217,242,17,4,480.45,0.2755
9218,5074,77,3,1390.18,0.0874
9219,2538,99,2,1111.2,0.2456
9220,4861,168,3,817.62,0.0004
9221,5285,162,1,263.86,0.2631
9222,5064,184,2,527.39,0.228
9223,2642,11,4,2222.43,0.2826
9224,1836,40,3,915.0,0.1187
9225,5196,141,3,2147.05,0.2902
9226,8525,152,2,2038.09,0.2388
9227,3918,100,4,772.76,0.0429
9228,3763,34,3,1203.3,0.0695
9229,8969,136,5,1141.42,0.2413
9230,9688,135,3,2244.17,0.1377
9231,370,62,3,1543.19,0.2283
9232,6481,46,1,1102.15,0.1372
9233,8024,199,1,1305.81,0.1874
9234,581,127,3,2106.2,0.1014
9235,9834,126,3,779.98,0.1421
9236,1563,13,1,1048.86,0.2542
9237,4488,130,5,339.29,0.1497
9238,2054,2,4,1426.5,0.2064
9239,5509,29,2,2424.97,0.0617
9240,8630,91,3,870.43,0.2065
9241,3189,82,4,2352.78,0.0313
9242,1991,186,3,2014.31,0.1834
9243,3748,2,1,1984.23,0.163
9244,3063,187,3,1860.22,0.1258
9245,3968,181,4,1903.26,0.2481
9246,3382,196,2,852.64,0.1741
9247,6306,61,1,2083.16,0.0761
9248,7456,177,5,2434.75,0.1533
9249,4659,174,3,274.43,0.2392
9250,1667,72,2,330.33,0.2577
9251,5886,100,4,43.84,0.0929
9252,7509,59,1,1759.81,0.0237
9253,3500,48,2,195.25,0.0762
9254,5384,137,5,1311.86,0.2671
9255,826,146,3,1724.22,0.1991
9256,892,50,1,1492.66,0.2887
9257,3419,86,2,1524.03,0.0124
9258,317,155,4,2404.21,0.1053
9259,9976,160,4,763.8,0.1225
9260,9214,66,5,1556.42,0.0996
9261,6069,66,3,1572.25,0.0761
9262,4295,22,5,700.5,0.1374
9263,1100,86,2,767.7,0.2034
9264,3954,152,1,1855.94,0.0545
9265,2468,91,1,797.04,0.2373
9266,4966,141,2,591.57,0.0644
9267,7531,122,1,2459.34,0.2911
9268,2451,143,2,245.64,0.2343
9269,6162,112,5,792.35,0.0973
9270,9900,177,3,2104.14,0.1755
9271,2708,145,4,519.04,0.1149
9272,2562,39,4,654.11,0.2994
9273,30,87,4,418.17,0.1433
9274,435,4,1,1469.35,0.2038
9275,9388,185,5,21.6,0.191
9276,47,15,5,2191.11,0.0905
9277,8491,171,4,947.87,0.1153
9278,9739,124,5,1260.84,0.1509
9279,3542,159,2,633.03,0.0744
9280,9642,6,4,119.47,0.0596
9281,4483,187,4,2406.41,0.2899
9282,3555,65,3,2203.61,0.0849
9283,7023,86,4,701.65,0.1031
9284,5798,30,1,261.93,0.2463
9285,4258,58,2,1133.65,0.2352
9286,3379,86,5,1383.33,0.0467
9287,9631,56,1,1432.59,0.0484
9288,339,197,2,2292.98,0.0507
9289,6203,164,3,1687.38,0.1702
9290,5340,46,4,1546.25,0.2468
9291,2409,129,5,227.4,0.2209
9292,6169,140,4,1318.91,0.1159
9293,1930,113,1,1389.02,0.1747
9294,2501,67,4,1580.29,0.2113
9295,7375,125,2,414.68,0.0032
9296,9300,10,4,2402.63,0.247
9297,2296,1,4,1437.29,0.2352
9298,7416,19,3,1049.83,0.2216
9299,7219,82,4,1664.32,0.2893
9300,7093,116,3,374.66,0.0024
9301,9738,95,1,1098.88,0.2474
9302,2225,183,3,1806.6,0.1405
9303,6269,177,3,2352.19,0.2276
9304,8358,183,1,1124.98,0.0091
9305,6121,68,3,1581.8,0.0176
9306,8318,41,4,1085.8,0.0378
9307,3441,183,1,1316.85,0.0555
9308,882,69,1,1264.8,0.0424
9309,5934,114,3,1745.59,0.1021
9310,7415,171,3,1638.82,0.0926
9311,4166,82,2,34.57,0.0648
9312,6138,57,1,222.03,0.0459
9313,523,48,5,1904.99,0.2024
9314,9616,50,4,416.27,0.1428
9315,9602,197,3,1927.39,0.2856
9316,3130,136,1,2041.38,0.2473
9317,3546,184,1,2337.86,0.2256
9318,6997,110,4,2037.57,0.0257
9319,2982,116,1,1340.73,0.2727
9320,3151,154,5,539.94,0.292
9321,6329,109,2,334.72,0.0218
9322,1095,23,4,2186.85,0.2514
9323,1140,41,5,984.99,0.1261
9324,4027,87,1,144.76,0.0955
9325,6467,93,1,878.25,0.2033
9326,8207,59,3,2173.71,0.0947
9327,6586,18,4,1412.11,0.0331
9328,1539,71,2,1608.98,0.2094
9329,5178,199,3,644.78,0.1969
9330,6543,124,1,63.43,0.2365
9331,4796,136,2,2293.19,0.1682
9332,7580,114,4,199.27,0.2395
9333,9903,186,5,2498.23,0.0022
9334,9653,106,2,2174.95,0.2307
9335,5012,17,3,302.91,0.1313
9336,1817,51,5,2498.35,0.1716
9337,5636,161,5,2023.08,0.2669
9338,6995,30,2,2122.76,0.2327
9339,6204,66,2,2027.06,0.1953
9340,4252,188,3,2323.32,0.0441
9341,6613,174,2,1895.31,0.0756
9342,9892,22,4,1323.0,0.1045
9343,2977,32,5,15.13,0.2801
9344,8507,153,5,709.17,0.2322
9345,9901,136,3,1506.6,0.1502
9346,4864,63,2,790.74,0.2277
9347,6276,29,2,1034.03,0.0789
9348,3754,40,5,283.15,0.0449
9349,2459,173,5,2450.24,0.1761
9350,136,2,3,300.74,0.1275
9351,814,49,2,192.34,0.1377
9352,2009,31,1,1467.45,0.051
9353,2074,68,2,1559.55,0.1092
9354,6657,90,3,1318.28,0.2925
9355,7137,137,5,892.8,0.0237
9356,8958,10,5,2311.89,0.2952
9357,3795,51,1,868.47,0.1821
9358,6077,198,1,787.08,0.1238
9359,2770,172,3,2363.76,0.0006
9360,3674,26,2,2213.92,0.1312
9361,8390,79,5,1199.81,0.1346
9362,9190,121,4,662.83,0.0708
9363,4033,149,4,336.78,0.2573
9364,1347,108,4,2000.66,0.1127
9365,1720,91,5,1819.5,0.0333
9366,8633,30,5,277.47,0.2528
9367,8584,199,4,1854.94,0.1969
9368,9863,143,1,2245.59,0.0155
9369,9548,80,4,153.73,0.022
9370,5004,123,1,1035.36,0.2924
9371,2256,187,3,1029.79,0.2603
9372,5342,84,4,2028.64,0.2646
9373,2027,113,4,310.56,0.029
9374,4340,102,1,391.25,0.0369
9375,3731,84,1,966.83,0.2962
9376,1299,70,1,2131.63,0.2975
9377,1613,108,3,2466.85,0.1402
9378,108,104,4,1372.13,0.2193
9379,1354,148,1,407.17,0.2209
9380,1647,197,3,2258.48,0.297
9381,4221,53,3,418.19,0.234
9382,1117,130,5,928.97,0.0962
9383,8604,158,1,1855.73,0.1974
9384,3021,136,1,163.27,0.1451
9385,237,40,1,1219.61,0.1327
9386,2703,122,5,1027.03,0.1425
9387,8401,136,1,2364.25,0.2702
9388,7191,145,1,1372.22,0.102
9389,7595,99,3,2220.78,0.1983
9390,6052,30,1,235.46,0.2918
9391,5055,129,4,1401.06,0.0994
9392,3249,197,2,1734.43,0.2093
9393,2814,64,1,390.43,0.0417
9394,2338,36,3,2122.94,0.2574
9395,5727,79,5,2199.66,0.25
9396,1952,177,5,1699.49,0.063
9397,3802,81,2,1307.96,0.0296
9398,7889,24,3,1739.82,0.038
9399,2454,107,1,723.67,0.2689
9400,6563,132,5,290.11,0.1452
9401,9606,123,5,1386.85,0.2246
9402,8439,110,4,1214.1,0.1461
9403,5722,77,2,1074.82,0.2617
9404,2534,190,4,484.67,0.1397
9405,7686,137,5,487.82,0.2602
9406,8979,26,1,2463.34,0.0811
9407,5230,47,1,2318.68,0.0191
9408,5727,144,4,643.81,0.0861
9409,6743,165,1,163.94,0.185
9410,5133,107,2,821.78,0.2589
9411,342,198,4,2115.27,0.0815
9412,4803,11,3,570.17,0.0235
9413,6732,130,1,2460.46,0.1298
9414,9375,123,1,521.14,0.2792
9415,1047,83,3,1401.66,0.1303
9416,1021,23,2,2480.81,0.0963
9417,6970,175,4,338.3,0.208
9418,2243,62,4,505.98,0.1251
9419,8903,76,2,1482.31,0.2097
9420,1162,39,4,1976.58,0.036
9421,2558,134,1,1760.2,0.1373
9422,5343,164,2,1479.04,0.0243
9423,5548,190,1,1084.78,0.2092
9424,8006,60,1,1968.94,0.2279
9425,8919,110,1,364.4,0.0425
9426,6360,79,3,623.89,0.0191
9427,9709,36,2,1976.41,0.1224
9428,6467,77,1,713.77,0.2502
9429,5837,72,2,358.48,0.0685
9430,6055,88,5,2109.77,0.1727
9431,7841,159,1,1925.31,0.0559
9432,6859,168,4,1602.6,0.1959
9433,6557,60,5,1644.89,0.058
9434,7313,141,4,1664.45,0.1083
9435,7342,93,5,1830.54,0.2171
9436,3342,37,3,798.04,0.1933
9437,4773,61,3,2165.5,0.1307
9438,2930,146,5,660.23,0.1056
9439,1643,146,5,1043.09,0.2672
9440,9976,162,2,1283.43,0.0442
9441,1875,54,3,2018.48,0.1429
9442,853,122,2,1091.48,0.1491
9443,3101,31,4,1277.21,0.1001
9444,5340,79,3,2132.9,0.2588
9445,9937,165,2,2499.33,0.0027
9446,7217,84,1,1986.12,0.252
9447,2041,92,4,764.7,0.0737
9448,5122,68,3,288.07,0.0046
9449,8902,200,1,1741.91,0.1553
9450,70,186,5,1721.89,0.0808
9451,4801,128,1,1229.98,0.1339
9452,8238,96,5,1815.67,0.0939
9453,3135,181,5,171.66,0.092
9454,1655,87,5,2486.0,0.224
9455,6882,62,5,1218.22,0.2442
9456,8021,79,4,1424.24,0.2196
9457,917,7,5,1338.38,0.159
9458,1051,112,5,1368.42,0.1884
9459,1215,159,5,1959.41,0.2925
9460,1815,96,3,192.65,0.0865
9461,3300,40,2,2302.74,0.0272
9462,4964,78,1,868.13,0.2206
9463,4320,83,1,1568.31,0.0991
9464,1082,178,2,158.7,0.1029
9465,9005,80,4,1229.31,0.2825
9466,4817,137,5,2040.05,0.0821
9467,6798,193,3,793.68,0.0071
9468,6673,25,1,908.43,0.0249
9469,9117,136,2,1615.95,0.2353
9470,4592,39,5,187.17,0.2477
9471,6896,160,1,968.15,0.134
9472,5158,8,1,1957.0,0.0652
9473,8026,141,1,1677.75,0.2263
9474,3170,195,5,1369.82,0.0447
9475,2106,194,4,1470.1,0.0405
9476,1371,109,2,648.43,0.025
9477,529,156,2,2368.82,0.0226
9478,8824,4,1,2491.11,0.1365
9479,8727,23,4,420.55,0.0636
9480,4578,34,4,203.71,0.0801
9481,2770,183,5,446.19,0.1608
9482,8405,71,2,799.11,0.1349
9483,2196,94,1,1781.91,0.0845
9484,1120,186,1,1348.75,0.2914
9485,6404,73,4,153.59,0.0434
9486,4169,19,3,1264.59,0.1852
9487,4427,137,5,1495.97,0.2735
9488,4145,23,4,346.86,0.0105
9489,3294,13,5,228.88,0.1914
9490,7533,159,4,1057.38,0.2551
9491,794,72,4,1941.34,0.0125
9492,4601,110,4,425.66,0.2146
9493,2867,19,3,334.97,0.2351
9494,680,5,2,2101.69,0.0202
9495,6181,167,1,651.81,0.0145
9496,1203,120,5,310.73,0.1453
9497,8249,142,4,2267.28,0.2128
9498,7913,150,1,968.06,0.119
9499,8528,150,4,1052.57,0.2469
9500,584,5,2,2421.33,0.2486
9501,4099,190,2,1767.12,0.048
9502,3263,180,2,2279.66,0.0213
9503,4303,80,4,770.55,0.0933
9504,5231,167,1,1521.84,0.0583
9505,7674,26,2,1171.11,0.2402
9506,2611,117,5,2497.61,0.1599
9507,9099,80,3,1220.82,0.1979
9508,3206,125,3,1723.08,0.2274
9509,2002,184,3,515.82,0.2596
9510,1305,140,3,364.0,0.1725
9511,5346,49,3,260.8,0.1796
9512,5658,140,3,1437.37,0.2026
9513,8122,96,4,2186.13,0.1875
9514,2640,133,1,2186.38,0.269
9515,3093,100,5,187.54,0.0227
9516,9777,92,1,1989.07,0.0871
9517,5460,124,5,2201.82,0.0083
9518,1596,179,2,2021.09,0.2608
9519,4970,4,5,75.47,0.1483
9520,8946,103,4,1768.55,0.2483
9521,8638,103,2,937.51,0.1756
9522,7699,93,3,1823.66,0.0336
9523,4491,25,4,1155.3,0.0232
9524,3662,152,4,1679.82,0.0118
9525,5476,184,1,695.52,0.0854
9526,643,19,1,377.91,0.2772
9527,4310,23,2,2305.41,0.225
9528,4224,95,4,1801.19,0.0925
9529,8704,83,2,2359.89,0.1072
9530,1643,96,3,2020.69,0.1732
9531,1069,46,1,584.31,0.2628
9532,4482,146,4,1756.17,0.229
9533,3941,189,3,1407.11,0.2651
9534,5303,71,4,702.72,0.0046
9535,5907,45,3,2167.12,0.2931
9536,9624,121,5,1952.24,0.0731
9537,2565,174,3,334.14,0.0977
9538,1955,17,5,1431.39,0.1935
9539,3091,143,1,1924.34,0.2458
9540,9247,73,5,415.45,0.1023
9541,1515,34,2,2479.62,0.2078
9542,7018,99,3,1517.66,0.2774
9543,1873,136,1,2156.45,0.1621
9544,8611,50,4,1372.43,0.1656
9545,5493,119,3,782.59,0.2114
9546,2685,139,3,2091.2,0.0385
9547,7016,88,5,1126.78,0.2138
9548,5273,170,5,1462.86,0.0479
9549,2774,94,3,1445.61,0.2883
9550,5773,171,3,161.54,0.0541
9551,1322,35,2,858.17,0.137
9552,3215,59,4,843.75,0.2384
9553,8461,140,2,123.61,0.0953
9554,2379,12,2,275.24,0.1571
9555,5292,28,4,1433.99,0.0205
9556,9678,174,1,815.4,0.2208
9557,7092,109,4,1262.07,0.0316
9558,4387,40,1,1216.47,0.2185
9559,9007,99,3,1640.81,0.0365
9560,4331,29,2,2126.28,0.0395
9561,4183,120,3,578.84,0.2181
9562,5453,128,2,913.53,0.0977
9563,710,198,5,1399.64,0.0881
9564,733,144,2,1857.59,0.0874
9565,1825,46,2,967.84,0.1763
9566,7170,193,2,673.84,0.1519
9567,4513,29,1,1693.23,0.0236
9568,3643,52,5,1664.72,0.1951
9569,5883,40,1,1895.83,0.2264
9570,3097,6,4,1251.35,0.0474
9571,3315,27,4,202.44,0.069
9572,7595,165,5,1477.67,0.2384
9573,8644,150,4,795.92,0.1415
9574,1102,7,3,2494.71,0.098
9575,2769,129,1,1459.85,0.0976
9576,2153,77,2,1113.73,0.2906
9577,2442,176,3,1908.54,0.1237
9578,1139,179,2,2445.66,0.2177
9579,9878,142,4,1241.3,0.0714
9580,8790,79,1,838.42,0.1422
9581,4144,140,4,1211.51,0.2775
9582,5695,177,1,1739.11,0.0211
9583,8983,169,2,1688.02,0.0266
9584,2274,196,2,1866.38,0.1999
9585,3152,107,2,1556.38,0.0174
9586,9116,130,5,2386.5,0.1368
9587,9422,119,4,921.77,0.135
9588,4724,85,5,18.1,0.0702
9589,9193,190,3,386.41,0.172
9590,7567,57,5,124.26,0.1846
9591,9433,142,2,392.89,0.0259
9592,8648,172,1,548.94,0.1973
9593,4095,66,4,690.45,0.259
9594,1767,75,4,75.98,0.1194
9595,9715,165,4,715.5,0.0035
9596,8107,78,3,384.61,0.153
9597,9523,175,4,228.69,0.0063
9598,2810,189,3,1459.42,0.2723
9599,9313,84,2,494.49,0.1336
9600,8844,27,1,217.26,0.0055
9601,5213,177,2,460.77,0.1428
9602,4748,188,5,2171.67,0.1729
9603,9245,198,4,1330.64,0.272
9604,9065,71,5,1343.2,0.0676
9605,9277,173,3,691.56,0.1718
9606,6804,1,2,1297.61,0.1601
9607,4066,13,4,1843.95,0.0323
9608,5934,38,3,1497.35,0.2885
9609,2807,145,2,1349.69,0.0923
9610,9886,100,2,918.56,0.2172
9611,5299,166,3,1582.01,0.2355
9612,1473,129,1,2144.86,0.207
9613,3740,129,2,488.84,0.0354
9614,3379,83,4,2063.07,0.1134
9615,5116,115,5,1217.93,0.2486
9616,9480,158,3,2448.46,0.2468
9617,9767,7,1,665.95,0.0734
9618,9404,107,2,257.64,0.1615
9619,1619,148,5,414.03,0.2461
9620,8848,44,1,62.63,0.1838
9621,395,13,3,922.88,0.064
9622,472,39,2,810.8,0.2396
9623,9910,20,2,1601.44,0.2494
9624,7180,5,3,419.47,0.2757
9625,3364,112,5,1905.56,0.2512
9626,4153,52,5,816.59,0.1902
9627,8656,114,4,2192.61,0.1396
9628,9154,153,2,470.34,0.2994
9629,602,140,3,1996.67,0.2945
9630,4612,184,2,477.75,0.1437
9631,2781,129,4,63.65,0.2274
9632,6800,72,4,160.22,0.1008
9633,22,177,1,2041.78,0.0581
9634,7275,195,2,1338.47,0.2728
9635,2474,22,3,813.33,0.0125
9636,7407,114,1,1609.1,0.2227
9637,8231,85,3,952.4,0.253
9638,3829,31,4,2052.05,0.2168
9639,7830,129,5,1874.78,0.2647
9640,8222,155,5,1175.62,0.0824
9641,7582,2,3,42.48,0.2356
9642,2209,121,3,1305.82,0.2143
9643,616,93,5,966.57,0.2957
9644,5790,129,1,1490.84,0.2738
9645,6042,42,5,414.36,0.0191
9646,2182,136,4,1667.15,0.0393
9647,2614,35,2,527.47,0.2997
9648,4024,109,3,2450.09,0.1842
9649,9859,35,1,2050.01,0.0282
9650,7993,135,4,465.18,0.0985
9651,80,23,2,1367.15,0.1147
9652,7131,23,1,1145.42,0.0216
9653,5240,46,3,2029.11,0.1863
9654,1158,19,1,1853.24,0.2842
9655,9933,79,4,750.5,0.2108
9656,447,72,5,920.39,0.2576
9657,9244,97,3,164.57,0.2772
9658,5421,13,2,1424.76,0.2944
9659,9786,178,3,1901.0,0.2434
9660,979,159,4,1056.12,0.1549
9661,29,199,2,2365.09,0.0211
9662,2425,84,4,355.94,0.0159
9663,1974,127,3,2228.78,0.2289
9664,33,166,1,68.53,0.076
9665,7622,57,4,2284.41,0.1223
9666,5056,8,5,774.34,0.2411
9667,8812,100,5,287.8,0.1849
9668,2948,14,3,2473.31,0.2398
9669,7669,94,2,1865.13,0.1655
9670,9488,179,1,1332.55,0.0612
9671,2549,9,2,993.36,0.2345
9672,9091,141,4,648.9,0.2115
9673,4799,194,3,1499.78,0.1516
9674,3665,38,1,1130.54,0.167
9675,1942,21,3,1273.58,0.0168
9676,3218,157,3,1162.81,0.2132
9677,6713,84,3,1611.18,0.2239
9678,6428,128,2,2310.97,0.2
9679,5015,178,4,2382.79,0.134
9680,6280,192,4,2090.2,0.0075
9681,3244,128,2,682.09,0.1944
9682,4985,9,5,630.86,0.2271
9683,9775,15,1,1448.58,0.1122
9684,7178,181,1,2436.95,0.1228
9685,2345,181,2,1386.3,0.0511
9686,2755,199,3,292.87,0.1934
9687,4095,3,3,2164.8,0.2329
9688,330,87,4,1870.71,0.1798
9689,6592,22,2,608.44,0.1931
9690,8207,39,5,1580.34,0.2617
9691,2264,9,5,573.16,0.2753
9692,9917,162,1,1071.73,0.2034
9693,5373,12,1,603.51,0.0506
9694,4426,34,3,1497.98,0.0348
9695,2612,45,3,768.38,0.251
9696,5550,97,2,432.69,0.1953
9697,1083,50,3,163.11,0.0654
9698,6320,99,3,1585.03,0.0629
9699,3890,156,4,1497.49,0.0161
9700,3420,39,2,498.65,0.1518
9701,4457,3,1,21.93,0.0359
9702,1790,175,2,353.27,0.1155
9703,7234,12,5,773.85,0.06
9704,6057,43,3,1314.99,0.2187
9705,2618,77,1,2215.72,0.0016
9706,8831,120,2,537.59,0.1136
9707,2564,195,1,550.51,0.0134
9708,2481,18,3,2112.76,0.0149
9709,5152,111,1,1277.96,0.0287
9710,5807,90,1,1733.14,0.0824
9711,1598,10,1,876.66,0.235
9712,2274,4,5,2099.62,0.1635
9713,6288,101,4,1132.7,0.0419
9714,9668,12,2,2258.78,0.1171
9715,6162,53,1,1010.21,0.2736
9716,2780,179,5,2024.69,0.1263
9717,6890,16,1,153.38,0.2845
9718,5510,145,1,1711.81,0.2758
9719,747,95,4,366.7,0.1191
9720,2410,154,5,2244.33,0.1946
9721,6079,2,4,2412.14,0.2363
9722,4945,29,5,813.33,0.054
9723,6244,94,2,1413.22,0.1591
9724,4352,175,2,1008.4,0.0309
9725,5435,139,4,1538.1,0.151
9726,9055,101,2,895.8,0.0385
9727,162,162,1,2050.59,0.2324
9728,4013,199,2,92.95,0.1847
9729,5761,29,2,1857.15,0.1942
9730,7933,121,2,49.38,0.0737
9731,3215,177,1,2407.78,0.1826
9732,6367,120,5,115.76,0.2247
9733,6451,91,2,1990.58,0.0931
9734,9826,144,2,1753.52,0.2841
9735,571,81,3,2153.97,0.1129
9736,6289,142,3,334.26,0.1077
9737,3896,13,5,896.86,0.1155
9738,6801,163,2,228.75,0.2709
9739,8978,52,2,731.91,0.0921
9740,823,25,5,1529.22,0.1841
9741,6627,125,5,2425.21,0.0792
9742,9775,187,3,646.82,0.2327
9743,8625,117,1,861.62,0.2965
9744,7063,68,5,1028.57,0.2921
9745,4373,170,3,91.16,0.0356
9746,3741,176,4,1725.83,0.2434
9747,2734,118,1,328.81,0.1943
9748,6244,173,3,2197.86,0.2269
9749,5173,72,5,1045.77,0.1145
9750,8839,72,4,2187.34,0.1043
9751,9502,29,4,1840.77,0.1302
9752,1885,3,5,1950.56,0.2991
9753,4673,21,5,948.82,0.0488
9754,5141,159,4,2035.03,0.2757
9755,7468,141,1,1408.85,0.1615
9756,6503,176,4,435.01,0.1978
9757,7928,96,5,2232.44,0.0264
9758,8335,24,1,1026.4,0.2484
9759,4706,2,3,2246.09,0.0268
9760,7170,3,2,1445.95,0.2052
9761,643,154,2,142.61,0.191
9762,7856,2,2,1965.39,0.2967
9763,2500,33,3,78.5,0.2629
9764,4143,34,3,261.4,0.1152
9765,8619,90,4,852.57,0.2717
9766,868,98,3,1583.38,0.0235
9767,1563,38,3,1078.25,0.0821
9768,2948,127,5,1003.05,0.2792
9769,2740,148,3,1078.49,0.1593
9770,5037,138,5,330.53,0.0911
9771,6632,161,4,1752.52,0.056
9772,9779,122,2,514.78,0.1226
9773,4768,45,1,1096.0,0.2783
9774,529,60,2,2425.1,0.2795
9775,3351,194,4,2320.59,0.1857
9776,9612,189,1,1924.73,0.0267
9777,4662,179,2,2216.66,0.1285
9778,8717,12,4,1718.41,0.1675
9779,9156,137,4,2051.97,0.2222
9780,6902,11,5,631.97,0.2738
9781,8642,149,3,1145.13,0.2988
9782,8975,196,5,728.68,0.1234
9783,1764,26,5,109.36,0.2652
9784,9417,191,2,612.2,0.2482
9785,6808,147,4,652.11,0.175
9786,497,17,3,1716.53,0.1706
9787,2887,172,4,866.56,0.2945
9788,8400,189,1,551.7,0.1128
9789,5585,129,2,47.15,0.1311
9790,1502,122,5,1009.22,0.1508
9791,6198,200,3,1930.64,0.215
9792,1780,186,3,1573.96,0.1572
9793,9606,94,3,2245.44,0.1801
9794,9081,121,1,1440.98,0.1148
9795,6359,115,5,133.86,0.0189
9796,2502,41,3,1097.74,0.1824
9797,4507,152,4,1058.0,0.186
9798,9933,171,3,2125.74,0.0923
9799,3965,81,3,1647.07,0.1857
9800,4028,118,3,675.64,0.1854
9801,4205,94,1,1757.62,0.1081
9802,27,116,5,2081.02,0.2191
9803,1440,9,4,156.92,0.1768
9804,1006,194,2,1807.86,0.0305
9805,9505,160,3,1990.7,0.1409
9806,1012,169,5,913.02,0.2635
9807,9869,11,1,2378.9,0.2295
9808,6494,193,4,2082.98,0.0424
9809,6006,116,5,668.8,0.2857
9810,6790,18,3,992.44,0.0753
9811,8522,8,5,2271.91,0.104
9812,6052,27,1,2083.68,0.0617
9813,4018,9,2,2020.54,0.2187
9814,3005,2,1,2428.58,0.1676
9815,6227,81,2,199.91,0.1715
9816,4363,46,3,170.65,0.2077
9817,3458,198,4,1096.0,0.1766
9818,5177,133,1,2283.06,0.1022
9819,6943,140,4,1340.82,0.2775
9820,2235,172,1,2335.08,0.1731
9821,7505,170,4,400.96,0.2189
9822,1871,99,2,1846.99,0.0462
9823,5607,115,5,816.39,0.1085
9824,9737,158,5,1697.82,0.2327
9825,6257,52,2,1079.29,0.1012
9826,6133,47,2,769.99,0.2177
9827,3414,36,3,2140.6,0.1474
9828,7938,70,1,983.34,0.2394
9829,7631,32,4,582.24,0.2221
9830,3782,44,2,390.5,0.0758
9831,919,144,4,455.24,0.045
9832,3702,71,1,1313.13,0.1106
9833,8348,96,4,149.36,0.0788
9834,1599,145,5,202.83,0.1061
9835,9873,160,3,1137.04,0.0203
9836,1047,14,1,1756.64,0.1362
9837,3948,154,1,1727.48,0.2003
9838,4883,141,3,2250.3,0.1044
9839,3483,128,1,1272.82,0.2051
9840,7942,12,3,556.76,0.2006
9841,228,173,2,2004.23,0.022
9842,5883,144,2,381.61,0.2444
9843,3153,52,4,1688.88,0.0327
9844,2636,149,5,1751.6,0.152
9845,3353,24,5,495.45,0.267
9846,6775,43,1,151.13,0.2749
9847,2812,123,1,481.46,0.1198
9848,8366,133,4,1986.92,0.0
9849,7527,111,5,2088.59,0.171
9850,1399,33,2,665.94,0.2989
9851,7223,159,2,1306.48,0.2009
9852,7832,9,3,155.09,0.0629
9853,3403,35,2,496.83,0.1617
9854,3736,8,5,1423.53,0.1675
9855,2435,75,3,593.43,0.2269
9856,3220,145,1,141.58,0.2542
9857,1148,80,4,2225.37,0.2535
9858,4836,20,5,592.56,0.2585
9859,9670,78,2,1945.01,0.2681
9860,706,22,3,1064.69,0.1118
9861,6223,182,2,1768.83,0.1137
9862,2597,113,1,900.4,0.1389
9863,3529,71,2,1512.68,0.2126
9864,3833,77,2,1646.58,0.0068
9865,4808,115,4,322.21,0.1196
9866,8793,81,2,2211.47,0.0247
9867,6370,196,4,891.98,0.1964
9868,2383,159,3,1971.37,0.0911
9869,8314,85,1,1387.79,0.0193
9870,476,141,4,470.0,0.0327
9871,8429,113,2,897.87,0.2689
9872,2827,29,3,226.91,0.255
9873,3914,138,4,689.58,0.2256
9874,9860,161,4,529.71,0.0837
9875,8574,143,3,695.41,0.1493
9876,7572,123,1,2010.71,0.2825
9877,4485,107,3,213.9,0.2615
9878,1471,77,1,1585.56,0.2091
9879,3265,35,1,893.95,0.2386
9880,3725,54,2,1217.16,0.0063
9881,2511,149,4,543.84,0.2185
9882,8777,158,3,2384.54,0.1441
9883,515,112,1,1664.14,0.0567
9884,3468,174,3,516.65,0.2876
9885,210,42,4,1233.71,0.2611
9886,6968,199,3,400.99,0.2528
9887,4154,177,5,2275.14,0.1227
9888,9945,152,3,1185.27,0.0667
9889,3841,69,1,198.71,0.196
9890,4040,134,2,389.88,0.1499
9891,5233,130,5,1252.2,0.2026
9892,4167,121,2,503.47,0.1237
9893,9699,3,2,1782.08,0.2777
9894,1069,53,4,1073.25,0.2876
9895,3857,10,2,1417.45,0.2382
9896,1766,24,2,1551.15,0.0898
9897,6686,112,3,2370.89,0.0486
9898,9420,161,5,2334.92,0.1315
9899,4572,84,5,949.04,0.1325
9900,7408,22,3,2241.07,0.2473
9901,572,61,1,2485.03,0.0063
9902,7622,67,5,2201.45,0.0272
9903,3226,4,5,141.3,0.1015
9904,9766,179,5,827.95,0.0365
9905,4562,4,4,287.5,0.1144
9906,225,39,5,1714.67,0.0635
9907,8750,31,1,883.65,0.2947
9908,5674,185,5,483.53,0.1559
9909,3529,30,1,529.95,0.1891
9910,6636,93,5,947.21,0.2462
9911,8645,167,1,1494.96,0.1536
9912,1898,99,3,1707.15,0.1346
9913,2850,25,5,69.02,0.1761
9914,742,58,1,2453.3,0.0465
9915,8901,164,4,116.26,0.2435
9916,8346,139,4,2450.69,0.1908
9917,8658,106,3,683.18,0.2804
9918,8759,46,2,2232.29,0.2247
9919,4058,89,4,2202.19,0.0869
9920,2815,21,5,1217.95,0.2467
9921,5570,130,3,1881.56,0.0293
9922,6223,39,1,1666.5,0.0351
9923,8203,99,1,2057.45,0.2702
9924,1005,161,1,1396.81,0.0467
9925,4906,31,1,851.37,0.0265
9926,4945,132,5,1052.52,0.2928
9927,6305,67,4,361.33,0.1238
9928,499,197,1,728.11,0.2236
9929,6316,141,5,2418.98,0.2244
9930,7001,123,3,1081.76,0.0839
9931,6370,65,5,1788.05,0.0302
9932,5940,173,3,787.39,0.0477
9933,7437,167,4,1803.03,0.1203
9934,4391,87,1,1199.9,0.2871
9935,7487,105,2,1975.26,0.1147
9936,1552,181,3,1007.09,0.2694
9937,726,159,2,2411.56,0.242
9938,4682,141,5,472.73,0.1613
9939,6728,129,5,1271.09,0.0333
9940,4430,98,2,423.29,0.2167
9941,6881,157,4,669.02,0.2081
9942,4458,61,1,1305.4,0.1389
9943,9122,95,5,450.39,0.1426
9944,935,72,2,284.01,0.0133
9945,9265,130,2,2120.64,0.1087
9946,4586,12,3,923.36,0.1287
9947,3813,56,2,1783.09,0.0526
9948,873,94,2,1206.59,0.0605
9949,8491,41,3,1869.18,0.0806
9950,2607,121,3,665.64,0.1527
9951,5819,155,5,260.97,0.0221
9952,3269,166,4,1313.28,0.1469
9953,3985,114,5,1592.48,0.1077
9954,7187,180,4,2373.11,0.1545
9955,6062,80,1,1936.41,0.1657
9956,7541,160,3,2188.14,0.2494
9957,5274,130,5,1828.85,0.1103
9958,8386,66,3,2487.08,0.2489
9959,2652,148,3,1855.6,0.0273
9960,2436,57,4,1638.43,0.0078
9961,5526,62,2,802.13,0.0548
9962,368,86,2,628.63,0.1675
9963,2610,176,3,708.5,0.2361
9964,7616,135,5,82.26,0.2891
9965,7123,67,5,597.2,0.0806
9966,7946,50,4,724.27,0.0992
9967,1890,34,1,227.7,0.0759
9968,8720,105,5,43.81,0.0935
9969,2148,87,1,1264.36,0.1184
9970,5559,69,3,465.03,0.1845
9971,8470,107,4,592.93,0.1668
9972,1402,67,4,2452.54,0.0174
9973,329,88,3,383.79,0.158
9974,1024,162,3,139.01,0.2317
9975,8956,115,1,2065.46,0.1984
9976,33,43,5,687.58,0.1961
9977,3169,21,5,1269.07,0.0278
9978,386,12,2,2086.33,0.1553
9979,6757,32,1,1274.29,0.0789
9980,3389,175,4,2233.96,0.2305
9981,6465,113,1,1664.46,0.0163
9982,4182,98,1,1546.74,0.1827
9983,2590,87,3,1895.12,0.0406
9984,9280,55,3,558.89,0.1536
9985,8272,193,3,442.02,0.0109
9986,394,68,3,2103.27,0.1522
9987,667,17,3,2251.81,0.1967
9988,2926,26,1,413.94,0.1034
9989,7979,95,3,1334.89,0.2827
9990,2259,103,5,436.09,0.1287
9991,7539,101,5,90.46,0.0912
9992,7267,104,2,1258.03,0.2435
9993,2315,161,5,1509.44,0.0625
9994,9268,192,2,1180.72,0.2399
9995,7290,138,5,1957.06,0.2585
9996,32,100,4,588.99,0.0806
9997,1021,174,2,2302.25,0.2039
9998,9552,110,1,1414.47,0.1336
9999,4564,51,3,1338.08,0.1701
10000,292,34,2,1139.56,0.1753
10001,7599,142,5,549.51,0.0601
10002,8792,169,1,718.74,0.257
10003,171,101,5,1388.47,0.2953
10004,6512,38,1,1858.63,0.1551
10005,3893,48,5,364.86,0.0386
10006,7301,171,3,1313.7,0.2207
10007,9299,28,4,89.98,0.049
10008,2931,120,5,470.49,0.0123
10009,2940,169,5,2012.08,0.141
10010,112,184,2,701.6,0.2038
10011,355,122,3,717.98,0.1493
10012,5890,76,1,1334.57,0.058
10013,8074,65,2,937.5,0.1444
10014,8383,60,3,2105.56,0.0495
10015,3643,13,3,1143.13,0.2737
10016,2310,197,2,2142.1,0.1295
10017,9940,52,1,37.2,0.0951
10018,9555,101,4,2024.07,0.2358
10019,7216,104,2,87.15,0.1644
10020,5021,43,5,2175.78,0.0413
10021,3928,168,4,2379.8,0.0334
10022,4425,42,1,2217.43,0.0803
10023,2920,165,1,2228.85,0.2294
10024,8965,151,2,1390.37,0.1355
10025,2065,67,2,2367.72,0.0561
10026,5656,69,4,314.46,0.0117
10027,8027,79,4,293.35,0.1114
10028,5744,110,5,700.44,0.0705
10029,6226,117,5,1372.58,0.2847
10030,5638,69,5,432.68,0.0603
10031,2844,98,4,2197.89,0.2109
10032,6250,123,3,662.41,0.0687
10033,1684,186,4,2288.06,0.0194
10034,7888,46,5,726.03,0.0032
10035,147,87,3,359.25,0.08
10036,3080,175,5,1861.21,0.2723
10037,3877,17,3,141.9,0.0708
10038,9917,137,1,1949.91,0.1658
10039,2559,68,4,2337.29,0.0725
10040,8927,30,1,589.37,0.2141
10041,4134,95,2,2036.64,0.2302
10042,6071,61,1,2296.81,0.0625
10043,7392,193,1,818.55,0.0156
10044,8079,186,2,1950.96,0.0394
10045,8763,155,4,262.54,0.1474
10046,3659,194,5,2166.45,0.1212
10047,7530,45,4,1170.89,0.0307
10048,9940,40,5,630.79,0.0348
10049,1420,61,2,1322.98,0.1676
10050,9073,121,3,654.66,0.2978
10051,849,41,2,1997.28,0.278
10052,6931,88,4,814.65,0.2659
10053,8957,170,3,196.68,0.0228
10054,6427,190,2,102.11,0.0341
10055,7605,119,4,661.27,0.2129
10056,5802,80,3,1337.3,0.2665
10057,4348,105,4,1593.02,0.0903
10058,9588,38,2,1272.8,0.1494
10059,5421,188,1,1751.02,0.1173
10060,9540,177,1,1707.58,0.041
10061,8900,146,2,1441.71,0.126
10062,9047,99,5,1709.49,0.1268
10063,2084,5,4,2156.61,0.1911
10064,7627,101,2,115.14,0.2255
10065,9446,139,1,2084.63,0.2358
10066,9861,4,4,899.66,0.0492
10067,3355,101,5,774.3,0.1841
10068,9755,61,1,2159.88,0.0693
10069,9823,124,3,1523.1,0.2324
10070,7500,115,5,160.56,0.1482
10071,7104,12,4,488.7,0.1071
10072,2950,49,1,2339.7,0.2624
10073,7244,111,4,1040.05,0.2598
10074,3512,28,1,692.94,0.2778
10075,1152,34,1,506.76,0.1722
10076,278,184,3,1398.29,0.2027
10077,3767,193,3,2420.84,0.1288
10078,8523,6,1,348.57,0.2702
10079,6504,161,3,609.57,0.1461
10080,7732,175,3,1246.44,0.2213
10081,871,152,5,549.97,0.253
10082,6246,34,3,2498.65,0.1292
10083,8569,72,5,1032.23,0.2516
10084,2637,16,2,1109.78,0.266
10085,4094,80,5,559.71,0.0032
10086,9014,16,5,1992.62,0.1312
10087,1864,116,1,1170.95,0.2868
10088,5979,115,2,1626.33,0.0165
10089,4224,84,2,447.88,0.1322
10090,9135,142,4,336.36,0.2441
10091,6496,122,2,1408.61,0.145
10092,3754,59,4,457.29,0.2188
10093,8451,190,4,1295.38,0.2579
10094,9426,194,5,2498.03,0.0609
10095,2070,147,5,1112.77,0.0634
10096,1185,189,1,77.03,0.2239
10097,5862,194,1,1591.24,0.1072
10098,2407,26,3,658.36,0.0896
10099,1879,177,4,2352.62,0.1838
10100,830,19,3,595.91,0.2902
10101,5405,124,1,2332.65,0.0547
10102,5954,128,2,60.41,0.2144
10103,6450,49,3,2446.28,0.2012
10104,48,30,1,694.51,0.2271
10105,7468,57,5,1957.36,0.1612
10106,9458,85,4,1173.8,0.2315
10107,3576,36,3,935.63,0.0019
10108,1735,168,1,2395.63,0.1735
10109,9314,28,3,2355.45,0.0399
10110,9008,97,3,1515.96,0.1854
10111,5385,174,1,2349.1,0.225
10112,6329,32,1,1974.78,0.1322
10113,9912,87,4,917.89,0.2026
10114,6927,186,3,2241.56,0.29
10115,8927,76,2,906.44,0.286
10116,3517,154,3,2366.25,0.0895
10117,1907,70,5,1297.08,0.0611
10118,1263,197,1,1850.78,0.1936
10119,558,87,5,1597.99,0.1446
10120,6471,178,5,1837.9,0.0286
10121,3363,110,3,463.66,0.0314
10122,8048,79,3,2224.74,0.0905
10123,290,32,3,2058.56,0.2997
10124,2275,186,3,1582.92,0.1011
10125,3871,64,4,541.45,0.0262
10126,3596,77,5,1438.94,0.1054
10127,4271,127,2,1098.66,0.0646
10128,3713,156,4,59.71,0.1067
10129,847,115,5,2309.08,0.153
10130,2810,97,1,1926.38,0.2802
10131,7875,200,3,2245.59,0.0086
10132,4931,119,3,1513.77,0.2247
10133,7474,39,3,840.93,0.0048
10134,4983,45,5,1107.39,0.0313
10135,1920,141,1,2075.75,0.1238
10136,7780,148,1,510.46,0.255
10137,859,58,4,391.43,0.1706
10138,6897,147,4,264.58,0.1932
10139,1140,91,5,262.15,0.0144
10140,7844,137,4,1224.21,0.2497
10141,5871,77,4,1844.54,0.0989
10142,9227,147,3,2227.64,0.0508
10143,8359,55,4,1426.24,0.013
10144,7178,119,4,1248.1,0.2593
10145,1824,106,4,977.21,0.1237
10146,1972,39,5,762.17,0.2285
10147,8520,145,4,98.33,0.1609
10148,5167,190,2,1831.24,0.1725
10149,3597,60,2,190.98,0.2886
10150,5955,42,4,1898.84,0.2001
10151,821,130,2,1788.69,0.1775
10152,4495,50,3,2468.91,0.1667
10153,7925,67,5,64.65,0.1613
10154,2779,148,4,618.48,0.2891
10155,2683,1,2,219.46,0.1032
10156,489,133,3,2333.19,0.0097
10157,9981,97,3,1292.25,0.0316
10158,4846,126,4,2389.89,0.2384
10159,9583,167,3,401.05,0.2765
10160,1339,87,3,835.0,0.0212
10161,1134,146,4,1602.67,0.0284
10162,4652,68,2,699.4,0.0291
10163,3163,105,1,2305.78,0.0535
10164,239,97,5,1105.39,0.0364
10165,7468,22,4,1540.29,0.1115
10166,8962,30,2,887.21,0.1208
10167,7411,90,3,533.99,0.157
10168,7121,1,1,1998.48,0.2362
10169,4087,70,3,1985.43,0.1748
10170,777,81,1,2041.29,0.0263
10171,3779,51,1,835.31,0.2419
10172,5016,68,2,2137.8,0.2242
10173,1734,74,4,807.8,0.2301
10174,2949,189,2,912.44,0.1718
10175,7236,176,4,759.1,0.1259
10176,1694,53,2,1085.23,0.0511
10177,7396,103,1,80.98,0.2844
10178,947,34,2,637.82,0.2607
10179,4256,86,5,649.32,0.0748
10180,4938,135,4,2132.18,0.0967
10181,6899,39,4,1739.97,0.0185
10182,1125,37,2,668.0,0.2236
10183,9441,63,1,916.2,0.1976
10184,8747,183,1,2407.21,0.2364
10185,1389,15,3,1497.79,0.0312
10186,8607,74,2,1752.85,0.0326
10187,7646,101,3,2428.0,0.2552
10188,5143,128,1,1654.05,0.2063
10189,3648,101,3,1008.89,0.0902
10190,840,190,4,966.79,0.1338
10191,1207,114,4,293.4,0.1257
10192,8848,68,5,265.91,0.1451
10193,9848,110,4,954.03,0.1128
10194,4873,178,5,1056.84,0.287
10195,979,169,1,1647.48,0.1048
10196,551,61,5,1159.97,0.1168
10197,8492,25,2,1820.64,0.2544
10198,9513,156,2,264.24,0.0029
10199,5389,35,4,799.68,0.2344
10200,3980,83,5,2260.75,0.0702
10201,2096,181,2,123.86,0.176
10202,205,167,5,1648.87,0.0783
10203,8614,59,1,1392.01,0.2616
10204,1986,65,3,165.01,0.2774
10205,6464,111,2,342.15,0.0549
10206,3747,129,5,728.44,0.265
10207,7312,120,2,268.57,0.0402
10208,1704,45,2,934.13,0.1318
10209,6234,19,1,1680.68,0.0055
10210,4025,176,2,1837.17,0.1178
10211,3684,177,3,926.76,0.0246
10212,8166,14,2,2207.36,0.1973
10213,1794,67,1,2188.15,0.202
10214,6102,158,4,371.48,0.0353
10215,5379,116,1,1689.49,0.2404
10216,9903,193,1,679.69,0.066
10217,6255,69,5,1490.67,0.09
10218,5659,6,5,949.54,0.0336
10219,6079,84,4,1427.36,0.2506
10220,684,46,3,1575.6,0.1494
10221,7176,42,2,389.96,0.2564
10222,23,200,1,1264.5,0.1276
10223,5766,189,4,423.24,0.1176
10224,9625,31,3,463.44,0.1378
10225,6715,154,2,1866.22,0.1458
10226,1792,186,5,2285.8,0.1152
10227,6032,33,4,1111.52,0.1386
10228,5455,52,1,1894.42,0.1441
10229,4783,103,4,1445.65,0.2972
10230,3496,32,2,2193.91,0.1892
10231,5267,54,1,2327.88,0.2567
10232,8187,129,1,2092.63,0.1465
10233,752,133,3,2309.27,0.1758
10234,7596,150,1,635.92,0.0101
10235,3427,106,2,733.59,0.0858
10236,8858,121,2,1473.04,0.2405
10237,8500,133,2,2004.26,0.1013
10238,1869,8,1,226.5,0.2174
10239,8495,70,5,812.52,0.0087
10240,712,63,4,822.67,0.1673
10241,526,10,2,2173.78,0.2966
10242,7322,190,3,1866.34,0.2142
10243,8952,40,3,1631.99,0.2098
10244,4702,102,1,478.08,0.1448
10245,2547,175,1,1317.15,0.0847
10246,7912,80,3,37.91,0.1241
10247,8298,56,1,530.2,0.1544
10248,8077,28,3,2007.87,0.2143
10249,4836,56,4,1642.75,0.049
10250,907,1,5,1374.65,0.1108
10251,6302,52,2,2110.49,0.257
10252,6389,62,4,1112.87,0.0028
10253,3666,108,1,711.12,0.2463
10254,5655,170,4,2099.05,0.0162
10255,8262,175,5,767.79,0.2328
10256,2926,118,3,2141.81,0.297
10257,9291,103,3,1663.04,0.2239
10258,135,37,3,1584.11,0.1603
10259,8111,139,1,213.16,0.0395
10260,737,195,5,1201.36,0.0173
10261,7034,29,5,942.79,0.121
10262,8330,4,1,2319.01,0.1235
10263,1877,139,2,45.97,0.0704
10264,6857,30,3,1513.5,0.1201
10265,3959,79,4,1039.09,0.0868
10266,1438,79,4,2015.1,0.0168
10267,5552,186,4,2088.2,0.1345
10268,2288,160,2,1168.43,0.1452
10269,6681,157,1,411.89,0.2102
10270,217,113,1,523.03,0.1652
10271,2929,43,3,1814.02,0.271
10272,3084,85,2,2060.19,0.1053
10273,6651,39,4,925.95,0.0666
10274,6562,139,1,925.15,0.0204
10275,387,96,2,432.19,0.116
10276,5254,155,5,1648.64,0.0155
10277,5435,24,2,313.93,0.1448
10278,923,37,3,1762.72,0.2683
10279,8228,65,4,1501.33,0.1611
10280,9021,32,1,2029.34,0.1968
10281,9828,53,1,1502.34,0.264
10282,3265,129,5,530.16,0.0403
10283,6826,109,5,1452.76,0.1653
10284,5262,184,5,2263.67,0.1081
10285,6392,162,3,1984.04,0.1757
10286,2369,157,4,440.49,0.0389
10287,5644,6,5,246.99,0.1078
10288,3458,185,4,2398.09,0.2116
10289,3939,95,4,1868.69,0.1716
10290,9677,14,5,2071.02,0.2229
10291,8515,69,4,2252.24,0.1342
10292,5933,190,1,1175.32,0.0508
10293,9353,86,4,2187.07,0.069
10294,9885,51,4,339.61,0.2306
10295,6205,13,1,857.24,0.1055
10296,1825,76,1,863.52,0.1223
10297,2967,105,2,103.87,0.2497
10298,6472,132,2,480.4,0.0656
10299,2216,38,5,1825.77,0.2443
10300,2406,132,3,1164.68,0.0356
10301,2916,158,4,1497.72,0.0437
10302,683,54,4,1544.0,0.1067
10303,6228,65,3,539.02,0.246
10304,4922,189,5,2317.38,0.2173
10305,5616,177,4,362.63,0.2292
10306,3070,159,2,22.95,0.0565
10307,3968,170,4,670.05,0.2931
10308,9124,178,1,1274.02,0.0286
10309,2529,23,4,432.03,0.0322
10310,8838,60,4,1936.88,0.1078
10311,7456,160,1,536.25,0.1589
10312,4289,184,2,2386.62,0.2258
10313,8692,56,1,1778.83,0.1983
10314,8861,100,3,2140.7,0.2662
10315,4671,87,2,1377.33,0.1797
10316,5657,34,4,1390.2,0.0218
10317,2039,169,1,2437.34,0.1408
10318,317,39,1,306.06,0.2315
10319,2648,42,2,1458.43,0.1449
10320,9179,66,1,184.16,0.0382
10321,5658,148,3,2475.66,0.2099
10322,7446,14,5,1582.44,0.2188
10323,6073,166,4,220.88,0.2284
10324,5950,37,3,725.81,0.1033
10325,4474,37,1,2229.23,0.2054
10326,2166,116,5,217.55,0.2211
10327,1938,12,4,696.24,0.1161
10328,3871,184,3,1269.77,0.125
10329,6170,136,2,2456.7,0.1478
10330,4335,149,4,532.62,0.1832
10331,7277,167,2,1984.04,0.0908
10332,5210,176,4,867.01,0.0489
10333,8574,146,1,38.02,0.074
10334,2841,112,3,1958.7,0.1605
10335,1656,63,4,1232.28,0.2241
10336,7860,137,2,1207.58,0.2621
10337,5138,87,4,1689.04,0.2691
10338,664,30,4,1631.69,0.1722
10339,502,86,4,1645.84,0.2593
10340,620,59,1,824.18,0.0784
10341,5775,55,3,1457.48,0.1325
10342,1920,198,5,2196.06,0.0661
10343,6920,50,4,2234.35,0.0411
10344,217,189,4,1021.0,0.2004
10345,6168,163,1,594.48,0.0706
10346,5614,142,2,201.31,0.1696
10347,5882,197,5,2146.53,0.0216
10348,5096,46,5,426.01,0.0496
10349,6517,35,5,802.76,0.0919
10350,5953,199,1,2032.53,0.1186
10351,5658,98,5,1961.93,0.0764
10352,8522,102,2,1094.52,0.2169
10353,7322,42,3,1738.69,0.0186
10354,5954,181,5,607.95,0.1667
10355,936,19,4,2325.77,0.0082
10356,6561,173,2,2379.95,0.2716
10357,9657,54,2,2356.24,0.1889
10358,8615,192,5,1563.26,0.2052
10359,5761,169,4,192.64,0.2103
10360,3346,145,2,1539.54,0.1611
10361,1182,11,1,1063.21,0.0336
10362,1691,127,5,997.05,0.1259
10363,4796,109,4,84.57,0.2247
10364,3505,92,3,2187.01,0.2947
10365,4209,131,2,2146.41,0.0925
10366,9133,138,3,819.78,0.1913
10367,1781,24,4,2444.44,0.2949
10368,7780,56,1,352.41,0.1723
10369,3510,123,4,2090.42,0.2414
10370,18,26,3,1560.12,0.1773
10371,159,69,4,1222.09,0.1301
10372,1034,152,4,2409.29,0.2029
10373,5882,172,2,1463.88,0.2589
10374,7684,154,4,2086.85,0.2348
10375,565,71,1,592.04,0.263
10376,8891,76,2,95.14,0.2854
10377,9961,185,1,539.79,0.2236
10378,9082,36,3,2471.03,0.2515
10379,8583,17,4,1409.9,0.079
10380,6283,18,5,2107.09,0.0473
10381,7028,96,4,1717.17,0.1155
10382,2810,66,5,398.79,0.0931
10383,2173,113,2,297.5,0.1242
10384,3700,138,3,1221.17,0.0424
10385,2267,189,5,2356.14,0.1262
10386,7920,39,4,345.64,0.246
10387,6246,142,4,1262.27,0.0153
10388,3112,116,4,1903.1,0.0763
10389,1400,175,3,211.2,0.1186
10390,1215,138,5,1026.34,0.1742
10391,8055,55,5,1346.99,0.1306
10392,2482,152,3,287.42,0.0101
10393,2059,126,1,1645.58,0.1914
10394,5820,40,2,1850.81,0.2138
10395,5366,191,3,1604.12,0.0344
10396,6276,162,4,199.27,0.0042
10397,6628,124,1,31.27,0.1662
10398,415,177,5,1999.35,0.26
10399,7498,63,2,1232.56,0.2246
10400,4664,105,4,1419.49,0.1506
10401,2403,9,4,2268.83,0.1051
10402,1580,175,4,1404.52,0.0076
10403,9937,173,3,645.14,0.235
10404,8453,164,5,1127.31,0.0681
10405,6736,137,1,1219.77,0.2964
10406,4676,139,2,1709.08,0.0216
10407,7172,85,4,889.12,0.2666
10408,6485,113,3,2101.84,0.0741
10409,970,24,3,1346.43,0.2704
10410,95,1,2,1371.1,0.1308
10411,6160,61,1,1903.24,0.0693
10412,5231,85,3,218.83,0.0321
10413,4082,197,3,2221.93,0.0375
10414,5342,21,5,498.22,0.2826
10415,7439,4,5,841.99,0.0851
10416,9067,100,1,242.79,0.2916
10417,8528,58,2,1185.67,0.2496
10418,9717,200,4,855.41,0.2217
10419,164,135,3,551.98,0.2155
10420,5506,129,4,453.88,0.2671
10421,6556,197,4,362.43,0.0677
10422,8511,77,4,172.8,0.2711
10423,1279,192,1,549.97,0.1347
10424,1855,123,2,24.87,0.226
10425,6694,136,2,218.63,0.2369
10426,1444,117,5,2417.29,0.2513
10427,3766,60,4,1013.66,0.1349
10428,187,162,4,2297.1,0.0758
10429,6286,86,3,1007.97,0.2603
10430,428,114,1,1951.03,0.0188
10431,1148,9,4,1752.79,0.1727
10432,4121,73,1,418.1,0.23
10433,1827,128,5,1178.04,0.2629
10434,6991,173,1,317.28,0.0361
10435,3759,82,2,1023.94,0.1397
10436,1681,17,1,717.03,0.2077
10437,5143,7,4,1548.97,0.2723
10438,3808,103,4,1865.84,0.1892
10439,8314,51,4,2285.78,0.0716
10440,983,144,4,134.05,0.0412
10441,9446,185,1,1861.76,0.1226
10442,8209,92,4,331.15,0.0511
10443,4098,25,2,2173.0,0.2106
10444,8459,22,3,1629.17,0.1581
10445,5648,183,4,2256.89,0.0735
10446,8443,34,5,337.21,0.1855
10447,4373,143,3,1217.93,0.0284
10448,5934,16,1,1239.4,0.1891
10449,5357,16,2,1857.0,0.2003
10450,3607,38,2,2425.28,0.0051
10451,9913,86,5,47.45,0.2013
10452,6077,93,4,1631.09,0.0968
10453,2272,160,5,116.45,0.0142
10454,941,171,4,1064.12,0.1276
10455,7654,88,4,2125.55,0.1076
10456,8665,105,2,1412.71,0.2107
10457,514,50,2,2126.66,0.2082
10458,5462,185,4,1610.6,0.13
10459,8492,38,2,2265.31,0.1971
10460,7119,23,2,1983.42,0.2567
10461,2502,89,2,1814.81,0.0173
10462,3962,36,4,1863.18,0.0449
10463,2529,178,4,1421.79,0.1403
10464,2123,98,3,2125.57,0.2524
10465,2357,141,2,1172.39,0.1519
10466,4172,97,4,178.73,0.0549
10467,7469,105,2,1877.46,0.2842
10468,2795,110,3,1849.49,0.0672
10469,9757,132,3,351.11,0.2484
10470,5936,117,1,636.05,0.2998
10471,9791,36,4,624.03,0.1831
10472,3569,191,3,1486.99,0.058
10473,1220,126,4,1401.96,0.1497
10474,6624,54,4,311.26,0.2038
10475,3177,79,2,1105.79,0.0416
10476,1801,60,4,76.46,0.293
10477,5194,142,2,405.29,0.2872
10478,9291,127,2,186.63,0.1518
10479,9313,60,2,1242.17,0.2448
10480,7409,60,5,170.06,0.2971
10481,3723,22,4,2378.91,0.2006
10482,7277,193,3,1571.24,0.1763
10483,4124,65,4,1932.85,0.1825
10484,9800,159,1,1038.49,0.1598
10485,150,119,4,2374.03,0.2715
10486,8874,111,5,1940.71,0.0416
10487,3226,193,1,792.73,0.1444
10488,8954,102,1,315.64,0.0045
10489,8375,150,2,1157.64,0.2673
10490,7371,125,3,1382.74,0.0939
10491,8365,194,1,1336.15,0.1419
10492,8547,86,5,2351.87,0.1916
10493,2202,4,3,1740.6,0.0365
10494,6745,114,4,1170.87,0.2257
10495,8925,104,5,1785.16,0.1523
10496,9112,7,3,879.33,0.0199
10497,9527,200,5,2001.2,0.0456
10498,8038,155,1,2206.59,0.178
10499,5218,173,2,2368.47,0.1296
10500,5420,99,2,99.91,0.2727
10501,8553,189,3,734.23,0.1995
10502,6028,102,2,425.87,0.1785
10503,9066,167,1,1671.93,0.2172
10504,9279,93,5,649.91,0.1542
10505,718,5,2,1163.78,0.1443
10506,6804,82,1,1966.7,0.2936
10507,4937,90,5,2129.34,0.2698
10508,8447,55,1,1517.76,0.0536
10509,4357,2,3,1136.52,0.0611
10510,7297,95,5,172.92,0.0794
10511,523,153,5,1847.3,0.2191
10512,6020,89,1,1781.77,0.2808
10513,5649,160,2,601.25,0.0376
10514,2628,186,3,1826.95,0.2985
10515,8608,22,2,589.5,0.0972
10516,3077,180,4,1692.46,0.1032
10517,918,189,3,381.12,0.16
10518,8398,21,3,2282.06,0.029
10519,6613,190,1,1004.15,0.277
10520,9283,15,1,1513.36,0.0058
10521,4853,11,3,528.62,0.0021
10522,8459,46,3,2132.93,0.2912
10523,9959,71,5,2421.07,0.1206
10524,9956,127,2,773.14,0.0744
10525,4571,158,1,522.93,0.0829
10526,9702,142,5,1348.91,0.1481
10527,153,40,4,2395.54,0.2684
10528,554,119,3,1911.56,0.2241
10529,4583,70,1,2459.62,0.052
10530,7971,178,3,2190.58,0.1027
10531,7759,46,5,1720.87,0.1273
10532,7216,72,3,473.79,0.2967
10533,7192,36,3,2203.14,0.2337
10534,1399,56,5,1521.09,0.147
10535,9964,140,2,1137.38,0.0742
10536,6853,197,5,1258.79,0.0468
10537,3429,77,3,2410.33,0.0514
10538,9249,19,2,42.49,0.0999
10539,7640,150,5,1879.23,0.1583
10540,9030,12,5,1908.81,0.0512
10541,2613,32,1,251.9,0.2205
10542,9159,38,5,2416.08,0.2807
10543,1522,189,3,1246.42,0.1582
10544,3797,38,1,1792.38,0.1096
10545,7976,80,2,1074.81,0.2097
10546,9214,12,1,801.96,0.2072
10547,7171,101,4,1431.4,0.2448
10548,3121,46,2,2231.92,0.2799
10549,3086,80,4,1605.81,0.1026
10550,8061,69,3,1637.82,0.039
10551,247,200,2,801.8,0.2717
10552,8624,71,2,596.9,0.055
10553,567,26,1,1575.66,0.1063
10554,8673,77,4,377.7,0.1265
10555,8727,46,4,1124.47,0.2579
10556,6252,145,1,635.67,0.1753
10557,4272,126,1,1768.77,0.1794
10558,469,135,1,1344.86,0.2312
10559,3959,106,1,264.21,0.2995
10560,2575,64,5,1406.33,0.2893
10561,4248,119,1,1509.89,0.0392
10562,5396,109,1,737.33,0.2954
10563,7206,125,1,837.33,0.2173
10564,1622,170,5,2188.99,0.1909
10565,2996,119,3,292.86,0.119
10566,1971,53,3,2420.47,0.2976
10567,8623,142,1,546.35,0.0947
10568,4416,37,2,615.79,0.2845
10569,2119,13,5,986.8,0.1068
10570,1112,72,1,2370.9,0.0426
10571,2215,52,5,2241.41,0.1888
10572,4727,161,5,1870.34,0.2637
10573,797,101,3,1989.76,0.2843
10574,3308,148,4,1311.41,0.2458
10575,2970,68,4,2263.88,0.1192
10576,9614,129,4,331.4,0.2325
10577,6464,189,1,1361.92,0.0066
10578,5935,182,4,2056.47,0.0551
10579,4628,111,1,1431.28,0.172
10580,4103,75,2,2039.3,0.0852
10581,9938,165,3,430.21,0.202
10582,8430,195,2,110.85,0.2065
10583,8030,81,1,1403.29,0.1848
10584,2499,40,2,1747.44,0.2119
10585,5234,148,4,1396.32,0.0933
10586,8641,35,2,918.88,0.0653
10587,3230,168,5,1810.93,0.0032
10588,9197,79,5,2326.64,0.1972
10589,8002,141,3,1431.25,0.1756
10590,5519,90,2,438.32,0.0997
10591,639,151,1,1310.43,0.1041
10592,7904,13,3,1880.44,0.0635
10593,2630,48,4,506.3,0.1032
10594,8121,50,4,1117.01,0.0908
10595,4761,109,5,1676.12,0.2916
10596,1559,78,3,210.99,0.1505
10597,7818,52,4,522.93,0.1746
10598,2961,98,2,1807.95,0.0063
10599,2228,116,3,792.8,0.2482
10600,953,93,2,246.84,0.2265
10601,9728,27,2,1866.7,0.154
10602,493,166,2,533.28,0.2332
10603,1617,77,3,269.75,0.0491
10604,7881,67,3,1566.42,0.1343
10605,2991,103,5,2276.83,0.072
10606,3399,102,3,1200.42,0.1777
10607,3584,197,1,570.81,0.1867
10608,8982,59,3,1460.93,0.2956
10609,6066,80,5,1594.15,0.0057
10610,9322,159,3,2345.67,0.1074
10611,2382,86,1,2421.15,0.2843
10612,9590,131,3,867.04,0.2908
10613,2500,69,5,1843.67,0.171
10614,4280,195,1,2154.65,0.1702
10615,6848,79,5,1598.97,0.1272
10616,6484,15,4,2130.2,0.0639
10617,5992,155,2,1312.24,0.0224
10618,4707,77,5,1504.49,0.1151
10619,1477,146,4,265.16,0.1036
10620,225,10,3,964.14,0.1661
10621,7000,160,1,49.5,0.1042
10622,1317,196,5,1869.49,0.1291
10623,3545,128,1,1011.57,0.1816
10624,5974,194,4,2248.6,0.2118
10625,2797,158,5,272.7,0.0039
10626,7429,180,3,69.56,0.0633
10627,1672,57,3,946.89,0.0566
10628,2814,174,3,2434.2,0.1252
10629,6965,3,2,2426.2,0.024
10630,4463,63,3,1703.95,0.2706
10631,5403,172,2,645.02,0.1271
10632,1507,69,5,1208.77,0.2496
10633,833,98,5,2439.7,0.2766
10634,5831,125,4,1999.46,0.0611
10635,9216,55,4,1675.17,0.1487
10636,1411,58,1,2323.29,0.291
10637,1213,62,5,1741.68,0.2463
10638,6634,7,1,749.29,0.0128
10639,6194,19,4,1413.81,0.2905
10640,2249,118,1,679.61,0.007
10641,8367,19,4,1423.9,0.0102
10642,3347,81,2,2405.1,0.1933
10643,2238,176,4,1272.76,0.1901
10644,7302,185,5,1272.77,0.2481
10645,8071,149,5,718.49,0.0911
10646,1637,107,2,575.54,0.1451
10647,9050,1,2,287.44,0.2564
10648,7982,82,4,1658.51,0.2267
10649,1569,24,5,1421.4,0.1275
10650,1652,158,4,1294.68,0.2556
10651,2377,190,4,2342.12,0.1447
10652,7669,199,2,1610.06,0.1591
10653,7709,155,4,910.42,0.1758
10654,1397,180,4,654.03,0.1118
10655,3583,27,2,1199.08,0.0861
10656,2823,67,2,817.82,0.2037
10657,2530,117,3,857.05,0.0471
10658,9770,4,4,1731.71,0.1502
10659,5587,173,3,736.46,0.0956
10660,431,185,2,53.29,0.1142
10661,3586,128,5,887.93,0.1385
10662,6148,129,3,2331.19,0.061
10663,4433,44,1,1651.08,0.1469
10664,9311,109,1,1297.36,0.2205
10665,7615,90,3,1112.06,0.0704
10666,4126,103,1,2117.82,0.2559
10667,9090,195,5,322.31,0.1303
10668,9034,4,4,781.57,0.2236
10669,6272,161,5,1424.82,0.204
10670,1888,178,1,1669.15,0.1222
10671,8417,133,4,807.18,0.2434
10672,3346,125,1,2016.24,0.009
10673,408,52,3,809.36,0.0782
10674,6821,11,5,94.33,0.0035
10675,2206,131,4,1280.49,0.2379
10676,6551,18,2,2487.92,0.0404
10677,1193,30,5,837.54,0.1228
10678,2392,174,2,799.78,0.1832
10679,1423,94,3,1225.34,0.2911
10680,6656,145,1,460.36,0.2999
10681,3274,167,3,1510.59,0.261
10682,2043,80,2,1061.91,0.1613
10683,3660,33,4,1015.95,0.0397
10684,5729,111,3,1759.7,0.1083
10685,9386,194,1,477.42,0.2596
10686,2819,66,4,2496.67,0.2871
10687,9521,133,4,1375.29,0.1972
10688,4178,164,1,458.35,0.2418
10689,1317,3,4,221.06,0.2396
10690,6919,104,5,1887.8,0.2888
10691,879,160,4,588.14,0.2426
10692,9254,142,2,1853.86,0.109
10693,6586,122,5,1804.75,0.143
10694,3205,166,3,2492.01,0.0734
10695,595,133,4,236.63,0.0468
10696,4281,174,1,1382.99,0.1059
10697,668,184,5,1747.02,0.2019
10698,4645,60,4,493.75,0.1782
10699,217,83,2,1948.05,0.2256
10700,6008,75,4,1301.48,0.2684
10701,4704,7,4,942.65,0.0152
10702,9465,141,5,916.34,0.0748
10703,6757,115,2,923.66,0.2341
10704,8158,153,4,1940.59,0.2769
10705,9554,112,5,2402.37,0.2809
10706,4481,140,1,1645.14,0.0555
10707,4193,31,4,561.27,0.0306
10708,8789,15,3,316.22,0.2794
10709,3982,97,1,223.27,0.0199
10710,2799,11,4,1418.08,0.1986
10711,4784,103,1,2221.71,0.1196
10712,4739,160,3,1035.76,0.0836
10713,3579,9,1,389.5,0.082
10714,4785,52,4,1120.31,0.1077
10715,5560,169,3,1987.04,0.1088
10716,1753,140,2,1949.91,0.2446
10717,700,83,5,1000.55,0.1595
10718,3318,12,5,1210.55,0.2825
10719,353,192,4,1583.6,0.1918
10720,7166,88,5,1287.83,0.1225
10721,8063,73,5,619.28,0.1597
10722,8669,140,4,1938.43,0.2818
10723,9619,109,4,1102.3,0.2503
10724,4091,37,1,868.72,0.2773
10725,6810,133,5,714.76,0.2123
10726,6135,9,1,2196.76,0.1898
10727,1070,185,5,756.22,0.0737
10728,862,148,5,1758.9,0.1059
10729,86,70,2,762.9,0.0174
10730,6891,114,5,630.16,0.1727
10731,2642,126,4,1053.93,0.1919
10732,6021,141,5,2357.01,0.2252
10733,9442,80,3,2073.84,0.2568
10734,5266,133,2,704.0,0.0886
10735,7422,118,1,914.71,0.0531
10736,7690,171,5,1526.31,0.0352
10737,6786,81,5,1077.29,0.1628
10738,6107,182,1,2182.42,0.0802
10739,6589,62,2,1377.85,0.0591
10740,9078,10,1,2157.19,0.167
10741,5526,158,5,650.13,0.1804
10742,3978,7,1,1716.82,0.0421
10743,3387,185,1,1041.31,0.1572
10744,4076,139,5,277.72,0.0282
10745,8255,200,2,964.1,0.2364
10746,1778,51,4,859.63,0.1761
10747,4031,64,2,814.41,0.1791
10748,3206,31,4,1573.87,0.2151
10749,816,112,5,1024.08,0.0646
10750,9743,1,5,294.0,0.0561
10751,6857,89,4,538.57,0.0938
10752,6032,186,5,1276.93,0.1739
10753,2210,92,5,1299.43,0.2474
10754,3070,51,4,106.73,0.297
10755,8619,93,1,450.24,0.2465
10756,8216,150,2,1647.95,0.1478
10757,5094,46,2,894.1,0.1728
10758,5222,145,3,847.39,0.085
10759,1305,13,5,131.32,0.0669
10760,3948,80,1,978.38,0.0427
10761,7934,123,1,160.85,0.1554
10762,4395,115,5,717.15,0.053
10763,3079,76,2,296.77,0.0161
10764,7099,113,3,2097.04,0.054
10765,7707,39,3,507.95,0.1157
10766,8740,19,3,328.65,0.0679
10767,6121,61,4,2124.8,0.0661
10768,5523,96,4,1560.38,0.0741
10769,7353,133,5,2378.36,0.2655
10770,2276,57,3,1573.04,0.0248
10771,7237,47,1,1695.47,0.0967
10772,197,79,4,913.0,0.1185
10773,9730,160,4,1867.93,0.0842
10774,9323,1,5,1461.99,0.1142
10775,7314,35,4,409.93,0.1887
10776,3232,159,5,401.15,0.0419
10777,369,148,1,1613.92,0.108
10778,3229,47,5,691.23,0.0415
10779,9009,24,3,1366.72,0.2191
10780,1492,40,4,493.21,0.2587
10781,7028,74,2,1056.98,0.1665
10782,720,78,5,2158.16,0.0178
10783,2763,126,1,1731.24,0.1334
10784,4735,192,3,1226.03,0.1259
10785,8988,93,5,1236.34,0.2396
10786,2203,120,3,977.57,0.0169
10787,3208,138,1,1635.8,0.2919
10788,2504,117,3,483.05,0.064
10789,5783,189,1,852.85,0.2461
10790,6176,2,4,1703.99,0.2375
10791,5135,23,3,1809.1,0.2302
10792,1883,82,2,2216.64,0.0385
10793,9595,193,2,772.78,0.0248
10794,1988,186,2,2134.04,0.1341
10795,8288,139,5,2062.78,0.2217
10796,815,101,4,40.32,0.2043
10797,2661,125,4,1686.42,0.2327
10798,9334,164,1,1921.21,0.0356
10799,2570,97,1,24.83,0.128
10800,7348,63,5,1242.17,0.1392
10801,5344,36,3,2382.87,0.0729
10802,7422,185,5,2384.74,0.173
10803,4019,89,2,1855.03,0.0123
10804,975,23,4,2081.69,0.2327
10805,1862,182,1,779.26,0.0648
10806,649,63,1,1160.75,0.2224
10807,8934,33,4,2488.21,0.022
10808,1577,175,2,2021.15,0.1491
10809,2600,19,2,125.83,0.0665
10810,4880,162,2,150.5,0.1171
10811,1788,23,4,1455.37,0.2655
10812,138,110,5,942.66,0.1341
10813,2057,86,2,601.61,0.0818
10814,1832,195,5,810.49,0.091
10815,8761,4,3,2397.99,0.1905
10816,4727,97,1,814.1,0.2215
10817,5895,84,5,914.16,0.0123
10818,4267,128,3,1136.52,0.1494
10819,9076,96,4,414.75,0.1263
10820,4608,181,3,982.49,0.1162
10821,7679,112,3,1621.69,0.1226
10822,4471,143,1,659.17,0.2123
10823,1896,121,3,1562.96,0.2996
10824,8396,17,3,623.16,0.2927
10825,4153,150,1,1969.92,0.2119
10826,657,162,4,2344.58,0.0727
10827,9241,161,2,1119.38,0.0021
10828,3463,25,5,2409.37,0.233
10829,3127,14,5,1665.99,0.1443
10830,3025,110,3,1783.42,0.084
10831,3744,50,2,1285.68,0.1262
10832,72,30,2,580.23,0.2238
10833,5654,22,3,2350.22,0.014
10834,750,83,5,2425.05,0.1529
10835,953,102,5,2107.32,0.1139
10836,6280,4,2,1166.82,0.0621
10837,4613,72,2,440.48,0.2683
10838,4123,45,3,237.89,0.2166
10839,4180,116,5,1268.81,0.2263
10840,6027,74,5,773.48,0.2055
10841,5172,114,3,2144.17,0.0924
10842,74,28,3,1366.29,0.0087
10843,2060,182,4,2302.96,0.1793
10844,9552,186,2,1817.39,0.0992
10845,1278,85,2,1138.76,0.0828
10846,4699,65,2,1861.6,0.2034
10847,9194,165,1,2420.69,0.1064
10848,1128,182,1,1413.76,0.2925
10849,603,98,3,795.53,0.2718
10850,6459,139,4,938.94,0.0135
10851,1525,144,1,1556.57,0.0313
10852,5292,193,2,2429.88,0.1658
10853,9899,95,4,1188.08,0.0082
10854,1167,172,5,1776.76,0.1337
10855,1933,171,3,460.25,0.1214
10856,9953,155,1,1556.8,0.1963
10857,4293,81,4,1838.71,0.1321
10858,8857,80,1,1067.0,0.045
10859,6334,1,1,1596.31,0.0537
10860,963,30,3,579.24,0.1147
10861,9245,123,1,1156.64,0.0742
10862,9181,192,3,2066.56,0.2524
10863,6699,165,3,511.12,0.3
10864,88,151,5,236.35,0.2366
10865,4952,27,2,1745.61,0.0992
10866,8665,101,5,794.12,0.1394
10867,2469,80,1,1227.93,0.1358
10868,6213,88,5,2231.19,0.2759
10869,4875,156,4,444.95,0.1802
10870,3496,158,5,1935.96,0.2146
10871,8043,88,5,1274.13,0.0944
10872,247,95,5,130.83,0.0135
10873,2879,179,3,461.03,0.0662
10874,6132,130,2,1246.38,0.0442
10875,4495,71,5,573.14,0.1358
10876,3977,112,5,898.24,0.1673
10877,9714,87,2,1737.73,0.0548
10878,326,93,5,2121.17,0.1209
10879,8794,35,2,1110.35,0.156
10880,811,94,5,1280.2,0.0852
10881,8596,157,5,1482.29,0.1246
10882,6781,159,4,436.91,0.0043
10883,5987,114,4,1499.73,0.1201
10884,5547,170,4,2025.64,0.1901
10885,6846,194,3,2239.24,0.1429
10886,4690,179,1,489.86,0.1699
10887,2275,79,4,2143.64,0.2327
10888,2228,16,1,2190.8,0.2994
10889,3018,8,2,1910.79,0.1255
10890,8090,61,1,2050.54,0.0514
10891,7134,92,2,1117.28,0.2934
10892,1439,40,1,2428.6,0.0856
10893,3385,185,2,1798.82,0.0786
10894,664,85,4,654.95,0.2607
10895,8346,178,4,88.19,0.2679
10896,733,27,4,451.01,0.1012
10897,806,85,2,1868.29,0.1943
10898,4218,160,3,2157.4,0.2069
10899,8374,156,1,232.41,0.1569
10900,8073,124,2,1640.74,0.1792
10901,3680,119,4,931.99,0.1077
10902,4069,29,1,1475.33,0.212
10903,1704,177,4,2124.26,0.2672
10904,8530,164,3,1078.45,0.2595
10905,6247,125,5,480.76,0.2444
10906,5302,119,4,297.05,0.0467
10907,6771,24,5,2496.13,0.2291
10908,7019,85,3,1921.82,0.0495
10909,3299,128,5,149.95,0.2394
10910,728,167,4,441.46,0.0969
10911,4959,178,3,1717.3,0.0413
10912,2938,136,1,1065.7,0.2183
10913,4024,82,5,1557.32,0.1395
10914,2014,147,5,1419.1,0.1652
10915,1834,166,2,405.25,0.258
10916,9692,172,4,1106.95,0.1099
10917,9100,26,4,1332.46,0.0838
10918,5668,70,5,1104.42,0.1193
10919,6008,177,5,1210.18,0.1897
10920,2011,26,5,2473.56,0.0674
10921,2250,92,4,2463.11,0.2385
10922,8856,160,2,891.03,0.2649
10923,8520,162,5,1827.76,0.2732
10924,9041,173,4,595.63,0.1848
10925,8457,37,4,2478.76,0.2815
10926,1467,89,2,1043.19,0.0408
10927,8446,95,2,1465.87,0.168
10928,9286,6,2,962.34,0.1342
10929,5655,159,1,404.18,0.294
10930,1237,65,1,397.66,0.0271
10931,610,104,5,2349.37,0.1201
10932,2034,137,4,1388.07,0.0491
10933,3195,149,2,2429.41,0.1063
10934,6681,67,1,1016.11,0.2613
10935,8742,170,5,1193.11,0.0676
10936,1219,174,4,557.39,0.1482
10937,9706,133,2,275.37,0.0614
10938,4295,37,1,1960.36,0.2938
10939,2190,77,1,999.05,0.023
10940,9457,29,4,1969.71,0.2547
10941,5329,92,1,1127.41,0.2797
10942,9482,49,4,2313.22,0.2333
10943,355,153,2,2211.83,0.1109
10944,2865,138,4,2055.65,0.1192
10945,8155,98,2,1986.21,0.009
10946,2224,15,3,1649.94,0.0585
10947,3119,158,1,2179.01,0.2791
10948,2841,187,3,2130.97,0.2183
10949,3719,55,4,544.05,0.1652
10950,8359,55,2,1746.77,0.2971
10951,3627,197,1,2088.59,0.2283
10952,6702,142,5,1867.11,0.1842
10953,5419,111,1,57.34,0.1554
10954,1127,184,5,1549.5,0.1397
10955,86,61,1,723.04,0.2568
10956,3778,5,2,1937.91,0.1448
10957,3573,6,4,1855.17,0.1308
10958,2715,141,2,285.35,0.0693
10959,5970,168,1,844.56,0.1913
10960,2051,187,5,2252.89,0.0092
10961,2872,13,2,1215.8,0.0762
10962,2927,46,2,1274.55,0.1577
10963,1048,97,5,521.58,0.0929
10964,5594,128,3,456.94,0.1542
10965,7828,151,1,181.36,0.071
10966,9434,149,2,213.22,0.2577
10967,2731,72,2,450.54,0.0335
10968,8782,34,1,49.82,0.0662
10969,5877,53,5,2486.36,0.1389
10970,3174,31,1,1095.6,0.1316
10971,30,84,4,1029.52,0.2015
10972,3855,194,4,1472.8,0.212
10973,6611,88,2,2140.28,0.197
10974,6347,127,4,1663.37,0.1914
10975,724,75,1,546.59,0.1349
10976,2091,196,2,1866.3,0.1339
10977,1576,154,4,362.91,0.0266
10978,2491,142,5,2143.36,0.0008
10979,2199,84,4,1836.43,0.2563
10980,7212,100,5,2343.33,0.0031
10981,5713,153,4,2189.65,0.272
10982,5377,103,5,1041.12,0.0627
10983,3562,74,1,2237.14,0.1683
10984,4046,192,1,2027.37,0.2793
10985,1127,69,3,1126.43,0.1145
10986,3965,68,1,1741.85,0.2414
10987,9769,113,4,428.87,0.1736
10988,9610,148,2,1342.8,0.1291
10989,4204,126,5,148.25,0.0482
10990,6473,43,1,1036.09,0.0511
10991,3406,133,2,1575.85,0.0934
10992,9724,93,5,1574.3,0.2686
10993,7737,110,5,935.39,0.0554
10994,4729,160,5,234.08,0.2352
10995,1834,86,1,1607.84,0.0328
10996,4693,45,5,225.53,0.244
10997,4522,171,3,597.3,0.0208
10998,755,108,1,2011.15,0.0668
10999,6660,71,2,1100.08,0.0692
11000,3802,150,3,2499.43,0.2472
11001,2532,41,3,1929.08,0.1762
11002,1266,58,1,1021.85,0.1914
11003,7845,187,5,287.91,0.2458
11004,8468,28,3,1081.48,0.2287
11005,8032,55,4,354.53,0.0051
11006,2042,51,2,1729.49,0.0949
11007,8370,36,4,275.98,0.0855
11008,8863,196,1,2359.13,0.2398
11009,812,171,3,983.54,0.0029
11010,9759,6,5,96.16,0.0053
11011,8523,51,5,2074.08,0.0599
11012,3556,122,3,888.23,0.0697
11013,6697,53,3,1679.82,0.0498
11014,7438,139,5,2160.37,0.0257
11015,174,178,2,161.18,0.1982
11016,6621,145,1,54.07,0.0474
11017,8284,46,2,366.81,0.1908
11018,2558,82,5,600.35,0.1376
11019,7040,174,1,1317.44,0.2579
11020,2649,77,1,2402.98,0.0807
11021,599,41,5,1369.46,0.2957
11022,5665,51,5,2150.37,0.1665
11023,2185,11,3,511.02,0.2898
11024,2726,51,3,2234.32,0.1949
11025,4185,27,3,1790.8,0.0715
11026,5714,49,5,2375.44,0.0901
11027,9259,16,2,2185.57,0.0475
11028,5767,50,1,2127.9,0.128
11029,8536,143,2,196.71,0.0987
11030,2679,182,4,1689.56,0.0751
11031,1342,14,2,779.3,0.0602
11032,8227,26,4,657.14,0.2509
11033,4431,40,4,1141.14,0.2517
11034,4175,18,1,2170.19,0.1626
11035,7301,154,1,238.12,0.1819
11036,6516,110,4,2311.58,0.126
11037,5288,146,5,2147.18,0.1878
11038,5934,1,4,710.47,0.2363
11039,5653,16,3,858.31,0.147
11040,4589,101,1,141.06,0.2374
11041,6793,149,2,1828.1,0.2678
11042,5447,200,1,441.89,0.2971
11043,4251,194,5,748.99,0.2893
11044,2114,119,3,1003.94,0.0746
11045,1768,131,5,1025.39,0.1833
11046,9581,8,2,2006.86,0.1071
11047,200,99,1,1245.05,0.21
11048,8704,18,2,153.28,0.0599
11049,6642,90,3,1507.34,0.0831
11050,2733,25,2,777.42,0.2908
11051,1064,200,4,859.56,0.1821
11052,6416,18,3,528.57,0.06
11053,6304,24,5,292.64,0.118
11054,6179,69,5,651.62,0.1074
11055,6080,154,2,2193.96,0.0696
11056,4382,74,3,2181.29,0.0178
11057,7576,11,2,2363.48,0.2938
11058,3010,4,4,100.05,0.1114
11059,8597,10,3,2252.77,0.1637
11060,4584,101,1,913.37,0.1213
11061,9316,12,5,1626.7,0.2128
11062,2793,74,2,1555.26,0.224
11063,9218,140,4,441.67,0.27
11064,1533,133,5,442.67,0.096
11065,528,91,3,545.26,0.2941
11066,6839,5,5,682.93,0.2391
11067,2447,23,5,933.04,0.0571
11068,7191,184,1,1145.7,0.1507
11069,8439,46,1,907.4,0.1022
11070,628,130,4,1479.39,0.1537
11071,2117,126,4,405.54,0.0931
11072,6042,94,2,2331.89,0.0729
11073,6708,74,1,2095.63,0.2226
11074,8800,1,3,143.78,0.1549
11075,6429,141,2,1162.04,0.1649
11076,2194,188,3,2039.5,0.1274
11077,5403,36,1,890.86,0.2735
11078,298,62,3,1067.22,0.0142
11079,5827,63,3,2489.45,0.2352
11080,3294,67,1,1892.44,0.242
11081,9737,108,1,703.28,0.1175
11082,5158,16,5,1419.63,0.0206
11083,9675,168,3,2009.72,0.2349
11084,5190,48,2,711.49,0.1352
11085,8974,111,4,204.21,0.1858
11086,2050,174,5,834.63,0.2413
11087,3685,5,4,2208.18,0.05
11088,6986,153,2,1177.66,0.1097
11089,3285,38,2,1499.2,0.2077
11090,83,182,1,117.66,0.1028
11091,4451,81,3,610.08,0.1108
11092,8333,82,1,1965.14,0.2228
11093,1832,173,3,1782.65,0.2236
11094,6744,113,5,290.51,0.1802
11095,6098,167,1,2053.83,0.1235
11096,5516,156,1,1336.59,0.1165
11097,4931,53,2,636.05,0.0879
11098,6937,54,3,401.44,0.0227
11099,931,96,2,441.06,0.0137
11100,5008,20,1,1053.72,0.2766
11101,2289,55,3,2192.09,0.0383
11102,2672,193,3,928.91,0.1838
11103,5421,22,5,1632.94,0.0818
11104,9209,51,2,369.75,0.1908
11105,9368,200,5,173.75,0.209
11106,1021,140,2,1036.68,0.2354
11107,9178,187,2,423.66,0.0273
11108,2954,54,3,498.79,0.031
11109,4883,53,3,685.05,0.2421
11110,6936,88,4,167.84,0.28
11111,5309,38,1,2005.14,0.0774
11112,6277,103,5,1362.01,0.0923
11113,4197,92,4,1026.7,0.2754
11114,8098,140,5,838.29,0.2376
11115,5478,95,5,17.42,0.0714
11116,6108,92,1,2175.35,0.1748
11117,9740,86,5,1908.26,0.0943
11118,5485,7,5,1831.69,0.1327
11119,3181,68,3,448.51,0.2113
11120,187,157,3,144.71,0.0747
11121,3477,127,3,175.78,0.0223
11122,5472,125,1,1347.63,0.2979
11123,3033,120,3,1595.77,0.1281
11124,47,45,4,2495.52,0.2191
11125,2869,138,4,1313.07,0.2993
11126,3913,106,4,840.97,0.0115
11127,3038,132,1,1704.22,0.1331
11128,3306,24,2,1615.2,0.0058
11129,1614,85,2,71.92,0.1949
11130,6361,82,4,322.44,0.0499
11131,6318,154,2,1735.49,0.2821
11132,9893,184,5,219.64,0.2625
11133,8146,72,1,2018.41,0.1961
11134,9629,23,4,2270.87,0.0483
11135,113,9,4,511.99,0.1035
11136,4242,25,4,1271.12,0.294
11137,2692,32,5,796.65,0.0947
11138,3585,135,3,1309.52,0.298
11139,2346,97,4,1545.66,0.247
11140,56,187,2,44.14,0.1595
11141,581,187,3,2240.06,0.2553
11142,3546,62,5,932.5,0.2921
11143,7562,145,4,491.71,0.0868
11144,7738,163,3,94.78,0.035
11145,1668,86,4,2481.87,0.0248
11146,8411,58,4,1902.26,0.183
11147,9084,29,5,1148.08,0.0976
11148,4427,191,2,2166.7,0.1153
11149,5259,56,5,1148.49,0.0467
11150,6648,117,5,1724.45,0.0257
11151,7939,115,2,2393.58,0.0959
11152,844,63,3,1770.02,0.0524
11153,3512,47,5,611.69,0.0201
11154,6709,74,4,2334.42,0.0117
11155,3838,15,5,70.2,0.0177
11156,1120,120,2,2302.32,0.2161
11157,9994,57,3,2405.88,0.1832
11158,9328,135,2,243.15,0.2078
11159,6035,102,4,154.14,0.2448
11160,3766,18,3,2099.11,0.1865
11161,7915,82,5,77.41,0.1438
11162,6398,6,3,2014.61,0.2451
11163,6432,43,5,892.17,0.1878
11164,7959,185,5,69.85,0.2101
11165,1939,41,1,1612.36,0.1299
11166,3056,76,5,709.38,0.135
11167,8387,51,5,390.84,0.1342
11168,3097,61,5,1373.41,0.0858
11169,1030,94,1,85.13,0.1854
11170,1505,19,3,992.63,0.132
11171,865,121,1,1548.64,0.0142
11172,2191,21,2,1818.47,0.2099
11173,9876,80,5,1299.11,0.1509
11174,490,163,1,168.34,0.0568
11175,7128,71,1,1912.18,0.0171
11176,5315,54,3,978.24,0.0575
11177,5356,106,3,464.15,0.1532
11178,2043,83,3,672.96,0.0195
11179,9734,26,4,1673.65,0.1848
11180,5881,169,3,506.49,0.0815
11181,4883,140,5,233.97,0.2895
11182,8314,5,1,1558.32,0.2368
11183,5936,26,2,1620.06,0.0334
11184,3289,133,2,1120.86,0.2141
11185,7114,166,2,1269.93,0.2494
11186,8230,82,5,2082.07,0.2602
11187,1962,6,1,856.34,0.164
11188,5106,1,4,2161.23,0.2587
11189,3837,75,4,2185.82,0.229
11190,4835,126,3,1287.38,0.1699
11191,1027,80,4,56.52,0.1266
11192,5929,90,1,2307.17,0.0006
11193,8864,167,3,362.66,0.1844
11194,4126,49,5,1325.09,0.0735
11195,628,82,2,1685.5,0.0683
11196,5287,37,2,251.32,0.0428
11197,3161,90,3,1879.35,0.205
11198,3768,1,3,1538.43,0.2037
11199,5842,37,3,1687.23,0.1252
11200,9078,19,1,397.33,0.1405
11201,6426,165,3,690.57,0.2281
11202,975,114,1,766.93,0.0461
11203,8581,56,3,388.74,0.069
11204,5025,67,1,1421.54,0.2827
11205,5453,35,1,205.38,0.2996
11206,4715,84,4,652.63,0.1537
11207,8604,26,4,1906.65,0.1387
11208,8599,174,3,604.17,0.0247
11209,8189,163,3,498.37,0.2015
11210,2025,22,1,366.78,0.1405
11211,9341,142,1,1548.42,0.1615
11212,2670,157,4,1143.27,0.2796
11213,3579,186,5,561.55,0.2762
11214,5950,159,2,521.6,0.2753
11215,3120,17,2,2472.21,0.0295
11216,9538,151,5,180.93,0.1151
11217,3262,59,5,1862.98,0.1992
11218,7791,164,2,2288.95,0.0414
11219,9950,89,4,1121.74,0.2821
11220,6213,59,2,1211.83,0.1728
11221,7498,80,5,2134.75,0.179
11222,6639,130,2,50.9,0.0381
11223,9892,90,2,486.58,0.0053
11224,1543,122,5,1788.83,0.193
11225,9089,12,4,1292.94,0.0643
11226,7738,10,2,2418.51,0.2458
11227,7670,120,3,540.71,0.0149
11228,3348,2,3,2218.31,0.0516
11229,8610,16,2,2499.66,0.234
11230,5540,164,5,18.13,0.0043
11231,6042,106,3,731.99,0.0724
11232,1185,123,2,2453.36,0.2175
11233,2049,177,5,2247.68,0.2087
11234,5187,36,3,254.92,0.0612
11235,7715,134,4,653.84,0.2375
11236,8355,105,5,1574.15,0.1259
11237,315,101,3,630.81,0.21
11238,3681,95,1,988.18,0.1393
11239,8717,105,1,645.14,0.0029
11240,7446,130,5,757.85,0.0015
11241,593,156,3,862.69,0.2967
11242,7083,135,4,1320.13,0.0609
11243,1738,21,5,1952.66,0.2572
11244,3323,190,5,1383.03,0.0685
11245,731,108,4,626.16,0.1356
11246,3693,169,2,1644.35,0.2953
11247,4220,43,2,2083.22,0.0402
11248,3143,77,4,1628.31,0.1661
11249,9913,136,4,2003.23,0.1084
11250,3497,117,3,1131.35,0.1711
11251,9101,142,4,2311.99,0.1574
11252,2960,77,1,1541.07,0.0391
11253,8520,11,1,1782.57,0.1703
11254,6711,10,2,290.21,0.1087
11255,5084,157,1,1578.43,0.0773
11256,8647,55,1,86.85,0.0419
11257,6818,2,3,421.9,0.2001
11258,8929,1,2,1751.21,0.2155
11259,9348,47,3,1694.59,0.2452
11260,1975,91,5,1248.23,0.2454
11261,8294,83,1,1649.54,0.2986
11262,4034,18,1,2051.66,0.0723
11263,7904,35,3,2087.65,0.1697
11264,5351,121,5,2225.39,0.1713
11265,5994,62,1,2226.96,0.1608
11266,6715,25,4,1419.46,0.1061
11267,809,107,3,892.08,0.0535
11268,1242,157,2,15.72,0.1727
11269,7087,115,5,2329.17,0.0447
11270,3733,80,1,505.47,0.0036
11271,9954,147,1,2084.78,0.1983
11272,1393,200,2,638.06,0.1317
11273,2187,117,1,814.72,0.2883
11274,3415,194,4,528.01,0.1026
11275,5143,69,4,1942.77,0.2975
11276,9281,98,5,1097.07,0.0027
11277,7739,10,4,2405.29,0.0176
11278,3673,200,5,2027.18,0.199
11279,1734,108,5,1422.68,0.1905
11280,8306,25,3,1961.01,0.1627
11281,1905,115,1,2108.31,0.0579
11282,9713,27,1,2294.01,0.0285
11283,9698,189,4,213.72,0.018
11284,2588,10,1,2005.91,0.2323
11285,9113,164,5,472.01,0.264
11286,7407,39,5,2291.62,0.2462
11287,1309,135,2,481.87,0.045
11288,7572,15,1,442.67,0.2339
11289,9262,114,1,1242.33,0.2942
11290,7865,141,4,2145.3,0.1843
11291,4748,33,4,232.9,0.1151
11292,4552,99,3,163.85,0.0282
11293,6823,194,4,1915.97,0.0907
11294,3285,104,5,2101.39,0.1758
11295,4508,11,5,1150.42,0.1255
11296,9375,149,1,1623.59,0.1539
11297,911,151,2,336.32,0.2051
11298,1980,44,1,1497.33,0.1296
11299,551,193,2,41.85,0.0582
11300,5734,70,4,765.23,0.0232
11301,3543,164,3,68.2,0.1256
11302,3182,122,3,689.6,0.2641
11303,4872,190,3,71.46,0.2038
11304,6954,170,4,2352.57,0.0705
11305,8635,101,2,2209.33,0.15
11306,1359,197,1,526.13,0.0652
11307,2894,180,3,2294.05,0.0414
11308,916,129,1,2241.22,0.2338
11309,3645,158,3,557.9,0.1281
11310,544,129,2,1687.0,0.0168
11311,645,176,4,479.76,0.2454
11312,9963,142,2,1709.23,0.2809
11313,3833,159,2,173.22,0.1029
11314,8215,190,5,2150.53,0.1487
11315,144,87,3,2065.15,0.2276
11316,4680,159,2,442.09,0.011
11317,3297,121,5,1108.25,0.275
11318,1072,135,1,646.83,0.2994
11319,6549,148,2,321.29,0.1516
11320,6910,84,4,48.11,0.1601
11321,1553,159,5,767.12,0.1557
11322,4337,9,4,2347.64,0.2473
11323,9472,11,5,2222.12,0.1574
11324,1971,6,3,1094.44,0.1963
11325,6211,171,1,732.02,0.1951
11326,4874,59,4,779.54,0.1592
11327,1029,110,2,1770.27,0.2777
11328,4078,18,1,675.96,0.2558
11329,5879,127,1,2067.41,0.0214
11330,6192,29,2,907.04,0.1225
11331,2382,129,4,182.71,0.1756
11332,9860,118,4,317.43,0.2355
11333,136,44,3,1930.59,0.1078
11334,4615,161,5,1930.39,0.1845
11335,7651,67,1,1001.95,0.1311
11336,3360,38,1,2488.34,0.0372
11337,8534,101,3,559.97,0.2985
11338,3350,169,5,502.7,0.2037
11339,3802,16,5,1324.96,0.0884
11340,6771,38,5,1394.9,0.1969
11341,8477,63,2,1056.98,0.0821
11342,9156,90,3,1446.96,0.2159
11343,7391,85,2,2235.13,0.0708
11344,9814,9,5,1170.82,0.2908
11345,1725,155,2,2490.44,0.1635
11346,8569,159,1,2371.56,0.2415
11347,53,143,2,1768.76,0.2119
11348,328,157,2,1765.74,0.2605
11349,639,9,4,1817.76,0.2507
11350,7286,44,3,2155.63,0.018
11351,5700,101,5,2077.77,0.0887
11352,7658,188,3,1802.83,0.1673
11353,4602,78,1,2042.59,0.2498
11354,4964,39,5,1083.88,0.2628
11355,5064,179,1,1252.16,0.1199
11356,8751,40,2,2238.8,0.2251
11357,4036,63,4,242.75,0.1927
11358,9101,134,5,1943.05,0.275
11359,6798,38,1,1683.6,0.26
11360,8201,160,2,384.21,0.074
11361,5532,6,5,1051.81,0.1029
11362,2572,115,5,1824.59,0.0823
11363,5724,54,3,1815.14,0.1554
11364,277,51,5,1732.18,0.0202
11365,6583,117,1,402.47,0.1083
11366,9254,98,4,1947.23,0.2774
11367,6964,162,5,343.18,0.2298
11368,1818,76,1,2452.56,0.0994
11369,5910,137,2,400.27,0.1324
11370,435,133,2,1488.91,0.2133
11371,1268,81,5,1941.73,0.2797
11372,9032,114,4,33.35,0.2315
11373,7717,61,5,1804.25,0.294
11374,6888,134,3,571.84,0.2977
11375,9558,178,5,464.21,0.0576
11376,6989,32,3,199.46,0.0078
11377,6053,147,3,490.15,0.2513
11378,4110,116,3,1530.66,0.2678
11379,7151,58,3,2497.75,0.136
11380,1159,48,3,1425.46,0.0194
11381,9916,109,2,1517.79,0.051
11382,5499,17,5,982.51,0.0348
11383,567,60,5,108.33,0.0533
11384,4898,138,3,1833.42,0.0245
11385,127,50,3,209.5,0.0351
11386,9987,103,3,1801.76,0.212
11387,5115,38,5,2088.43,0.01
11388,6056,112,3,570.85,0.2592
11389,1868,168,3,1942.78,0.25
11390,3684,131,4,2281.56,0.1856
11391,3231,79,5,1400.47,0.2752
11392,1559,91,4,1076.82,0.0268
11393,9416,31,1,1385.47,0.0767
11394,739,16,4,2016.66,0.1441
11395,79,28,4,1547.08,0.041
11396,9973,173,1,1417.05,0.188
11397,3164,104,4,1022.78,0.25
11398,2188,165,4,79.22,0.2548
11399,9217,171,3,380.54,0.0903
11400,267,73,1,1287.71,0.045
11401,7219,73,3,1619.92,0.2335
11402,8421,156,2,460.44,0.1064
11403,1393,71,5,1702.73,0.1962
11404,2605,60,4,1316.02,0.0237
11405,5219,64,2,1680.57,0.1467
11406,597,60,1,1325.16,0.0896
11407,9027,99,2,1078.33,0.2034
11408,8921,36,1,796.2,0.1834
11409,7977,175,1,427.74,0.1361
11410,1922,166,1,229.14,0.2798
11411,2625,193,4,2143.35,0.1636
11412,9109,34,1,1365.35,0.0042
11413,8847,150,4,2469.27,0.1574
11414,1975,94,2,2112.01,0.0184
11415,7510,179,2,305.32,0.2883
11416,3092,200,4,2179.95,0.2225
11417,8525,45,2,1943.83,0.0023
11418,8487,71,3,2469.36,0.1463
11419,3743,2,2,2223.32,0.283
11420,9931,186,3,903.01,0.2395
11421,2611,94,2,1610.12,0.0819
11422,5816,140,2,1598.75,0.203
11423,8033,100,1,2354.01,0.2303
11424,3869,102,3,444.91,0.1946
11425,250,27,4,1111.43,0.2689
11426,7893,98,1,1459.2,0.0702
11427,301,166,3,29.96,0.224
11428,5126,75,1,378.43,0.1811
11429,4318,148,5,1623.55,0.2898
11430,6457,171,1,1188.62,0.2052
11431,4444,32,4,657.36,0.13
11432,8883,151,5,485.45,0.0348
11433,6235,41,4,1891.92,0.191
11434,8103,88,4,1250.26,0.2875
11435,3919,2,3,731.86,0.0996
11436,1195,62,2,864.98,0.1972
11437,294,120,1,1909.91,0.2358
11438,2240,53,4,945.89,0.2626
11439,2854,57,5,991.33,0.2296
11440,8223,48,3,1297.06,0.1244
11441,4878,134,1,164.19,0.0025
11442,5624,144,1,1805.72,0.1768
11443,8191,139,3,238.83,0.1658
11444,5218,109,1,2217.46,0.1269
11445,4148,46,2,1361.03,0.1901
11446,7511,73,2,2354.74,0.0126
11447,2858,57,1,1015.05,0.2727
11448,4446,195,1,2458.74,0.0914
11449,5138,7,3,1530.35,0.0366
11450,6374,52,5,321.68,0.0589
11451,8906,180,4,1413.35,0.1793
11452,7724,30,4,145.04,0.2335
11453,610,55,5,1108.6,0.0469
11454,1505,150,1,1687.7,0.2045
11455,5532,4,4,349.99,0.0454
11456,6532,5,2,423.1,0.2152
11457,8847,150,3,1909.29,0.2069
11458,6146,68,5,691.39,0.2581
11459,2940,104,4,2137.8,0.2002
11460,151,132,5,1541.44,0.0201
11461,8945,171,1,1373.63,0.253
11462,7586,109,4,996.55,0.196
11463,5773,15,5,2397.87,0.0632
11464,1192,124,4,1566.79,0.2819
11465,7178,144,4,209.3,0.2637
11466,4996,84,4,1029.59,0.1272
11467,3410,186,5,320.19,0.1775
11468,1891,33,3,1840.54,0.2009
11469,111,95,3,636.24,0.2534
11470,6324,193,5,55.64,0.1065
11471,977,25,2,2485.86,0.2034
11472,9627,37,1,1188.11,0.213
11473,7944,18,5,101.71,0.1107
11474,4277,25,2,1145.38,0.1273
11475,2134,120,5,693.54,0.1271
11476,1707,143,1,1819.63,0.1219
11477,1630,196,5,34.01,0.1618
11478,5043,35,4,355.34,0.0135
11479,7231,68,5,894.34,0.2991
11480,7748,170,2,1000.86,0.092
11481,3725,125,5,1227.19,0.1623
11482,5766,84,3,892.76,0.0859
11483,4265,12,5,1005.74,0.2808
11484,4413,94,2,1219.67,0.2925
11485,2452,105,5,2331.87,0.2939
11486,213,150,3,1324.28,0.1306
11487,634,164,5,1084.3,0.1816
11488,6018,162,1,133.9,0.2465
11489,7914,153,3,387.09,0.0456
11490,9577,167,1,1896.49,0.1146
11491,8864,59,3,2396.96,0.092
11492,2171,178,2,968.09,0.1463
11493,1046,61,5,2405.54,0.2393
11494,3290,161,5,830.61,0.1884
11495,2601,135,1,2381.01,0.0349
11496,877,147,3,1529.23,0.0611
11497,394,148,2,86.47,0.0398
11498,6701,133,3,209.23,0.0652
11499,2572,115,4,2449.71,0.0092
11500,1769,7,1,773.53,0.2648
11501,233,148,3,49.78,0.2533
11502,3570,175,1,209.26,0.1665
11503,5906,98,4,1331.64,0.2309
11504,832,135,3,582.9,0.3
11505,8279,84,3,1888.98,0.1746
11506,7041,64,1,2212.67,0.1842
11507,6837,66,4,916.14,0.2592
11508,5349,7,2,1743.86,0.159
11509,7762,91,5,1816.54,0.015
11510,9427,15,1,1191.34,0.1037
11511,8685,83,1,660.11,0.2154
11512,5660,34,5,1898.21,0.2113
11513,8214,66,3,141.33,0.2982
11514,3878,156,1,220.25,0.2224
11515,3383,194,2,305.85,0.0215
11516,345,11,4,805.33,0.2865
11517,6000,198,3,756.15,0.0093
11518,1161,184,1,804.67,0.1932
11519,484,151,2,256.99,0.0769
11520,4018,10,5,1060.82,0.0738
11521,1829,152,3,1216.09,0.1705
11522,6721,188,2,2206.98,0.0087
11523,316,120,1,2323.99,0.0842
11524,4863,92,5,842.34,0.0702
11525,2330,109,1,2404.33,0.1216
11526,9806,12,4,1196.65,0.0134
11527,4471,121,1,2103.71,0.0974
11528,2101,119,5,30.87,0.0536
11529,809,5,4,220.03,0.062
11530,4612,19,4,1070.36,0.249
11531,8706,72,3,997.94,0.2982
11532,2339,37,1,1164.6,0.1316
11533,8187,28,3,672.39,0.0289
11534,5025,44,5,1444.67,0.2328
11535,4581,171,3,1851.77,0.2503
11536,1897,197,3,350.03,0.088
11537,7602,72,5,1373.61,0.1356
11538,2701,120,4,603.2,0.1063
11539,7283,20,1,2217.78,0.2918
11540,1139,99,3,2272.69,0.2537
11541,124,134,2,1782.66,0.0818
11542,1627,69,4,429.58,0.2006
11543,1585,117,3,2380.81,0.1867
11544,3459,128,2,1852.82,0.1447
11545,4369,12,5,269.92,0.2148
11546,4761,117,3,1458.25,0.2485
11547,1406,143,1,1551.43,0.2838
11548,1245,195,4,1486.42,0.1407
11549,5893,87,3,1344.88,0.1956
11550,199,63,1,187.91,0.2215
11551,2131,117,3,502.54,0.1528
11552,5623,164,2,2331.86,0.2477
11553,1331,7,4,1932.22,0.0054
11554,3345,1,1,1421.48,0.2092
11555,5758,72,1,1468.5,0.0534
11556,9175,177,5,757.68,0.1198
11557,3133,150,4,818.33,0.2473
11558,4443,52,3,337.2,0.2415
11559,6175,95,2,2322.5,0.1369
11560,3599,43,3,1645.35,0.0094
11561,1345,39,2,682.98,0.1131
11562,4841,171,5,1786.13,0.1025
11563,4929,182,1,2133.62,0.0602
11564,5920,149,2,1756.8,0.0393
11565,3312,117,1,707.87,0.095
11566,5270,15,1,556.76,0.1233
11567,429,92,3,281.11,0.2182
11568,2299,166,2,1014.08,0.1703
11569,6155,123,2,2315.62,0.1689
11570,2465,23,1,510.69,0.2543
11571,577,91,2,1208.97,0.2704
11572,8742,80,4,39.72,0.1198
11573,4553,51,5,2112.05,0.253
11574,9485,23,4,1559.06,0.2461
11575,5040,179,3,811.48,0.0677
11576,4376,199,3,333.0,0.0149
11577,8996,114,4,1580.96,0.2766
11578,3220,46,5,1348.24,0.2955
11579,7723,94,2,2459.29,0.1793
11580,9325,61,5,1181.24,0.1027
11581,4195,144,5,408.0,0.1984
11582,9771,114,2,2120.92,0.0157
11583,852,60,2,2238.07,0.2255
11584,9320,160,2,270.64,0.0621
11585,4723,169,2,2069.9,0.0288
11586,8766,188,1,664.43,0.2702
11587,4722,149,4,1352.66,0.1675
11588,9414,196,1,1488.89,0.1471
11589,6908,7,4,2239.12,0.1851
11590,3994,70,4,407.11,0.2985
11591,1551,20,4,63.94,0.0578
11592,8826,172,5,1497.99,0.0633
11593,9061,44,4,1579.73,0.212
11594,7699,140,2,2413.83,0.2478
11595,4984,59,5,263.37,0.281
11596,6601,162,5,1028.34,0.2399
11597,6587,44,1,1782.22,0.1572
11598,9553,81,3,1396.68,0.2143
11599,6543,40,5,2385.69,0.1601
11600,6330,130,2,235.32,0.1968
11601,3637,189,5,378.27,0.0232
11602,3996,21,1,1541.19,0.1937
11603,9671,140,5,1577.68,0.0955
11604,2014,193,3,1171.92,0.1616
11605,6786,78,4,1854.39,0.0405
11606,658,88,5,846.5,0.1647
11607,245,140,1,695.71,0.1995
11608,5114,52,3,481.7,0.0601
11609,3765,14,4,1522.34,0.0294
11610,8328,146,5,2013.97,0.1131
11611,8397,152,2,89.31,0.1364
11612,9076,154,5,414.15,0.1918
11613,3733,189,2,2133.95,0.0532
11614,5980,196,1,69.85,0.141
11615,4652,64,4,125.02,0.2749
11616,8007,168,5,1294.98,0.1247
11617,6393,157,4,926.99,0.0517
11618,9077,146,2,1928.05,0.2525
11619,9175,196,3,1635.99,0.127
11620,8164,59,1,480.66,0.1891
11621,5282,123,5,855.04,0.2644
11622,1221,97,3,230.6,0.1867
11623,8898,184,1,249.43,0.253
11624,2607,109,2,2454.02,0.1952
11625,9218,66,1,111.69,0.2444
11626,3284,115,4,466.24,0.137
11627,7895,12,2,1001.7,0.294
11628,1317,22,1,1484.9,0.1628
11629,3152,190,4,2383.83,0.2047
11630,119,154,4,981.01,0.0576
11631,4694,142,5,474.98,0.1237
11632,6719,9,5,1230.9,0.1398
11633,1909,7,1,1932.02,0.2479
11634,4086,105,4,659.96,0.2321
11635,6379,175,3,435.3,0.1628
11636,427,186,4,1792.68,0.2415
11637,5736,20,2,1308.85,0.2433
11638,5882,79,1,1713.76,0.1979
11639,640,184,1,922.09,0.2828
11640,9396,171,5,2037.38,0.257
11641,3766,114,4,1070.46,0.0652
11642,2764,98,5,1648.33,0.1035
11643,6693,188,4,966.44,0.0379
11644,7619,180,1,1428.01,0.1272
11645,146,115,2,1420.35,0.1019
11646,3131,194,2,1997.49,0.2352
11647,7571,20,2,259.4,0.2413
11648,5773,141,1,576.38,0.1371
11649,9249,25,5,742.07,0.153
11650,7134,121,4,1275.3,0.2626
11651,1458,36,5,2272.17,0.159
11652,5491,3,1,2000.57,0.2795
11653,1608,47,5,2096.91,0.2507
11654,1074,140,3,870.42,0.1358
11655,1523,188,4,846.13,0.2805
11656,536,28,1,1746.63,0.2352
11657,6213,75,3,2148.24,0.2872
11658,3080,81,5,2397.37,0.0627
11659,761,142,2,916.5,0.2072
11660,8400,31,5,1576.47,0.2763
11661,8100,197,1,1758.23,0.0006
11662,3264,111,2,2258.71,0.0292
11663,1998,194,5,1846.31,0.0364
11664,4006,60,1,1071.59,0.1218
11665,9588,103,3,1923.84,0.2625
11666,26,77,3,1131.25,0.1438
11667,8699,20,2,2476.93,0.0244
11668,861,11,5,922.63,0.0655
11669,4474,106,3,197.15,0.1049
11670,7684,132,5,1780.04,0.2643
11671,8152,180,3,757.25,0.0602
11672,4161,47,1,1769.17,0.2112
11673,3982,122,2,203.54,0.2548
11674,2851,195,2,2467.94,0.1539
11675,597,139,4,1993.19,0.1847
11676,2020,116,3,1725.25,0.1619
11677,6423,50,3,1612.11,0.2284
11678,5908,151,4,364.18,0.1568
11679,5978,190,5,374.08,0.2828
11680,169,53,2,206.5,0.2596
11681,1924,95,2,1912.91,0.225
11682,6507,142,2,1788.57,0.0997
11683,7655,47,1,2165.24,0.1809
11684,6228,18,5,1630.65,0.0386
11685,3310,67,4,998.07,0.1189
11686,7626,109,2,2252.86,0.1625
11687,7874,103,3,1547.34,0.104
11688,8701,151,3,131.86,0.0274
11689,4077,95,5,2247.07,0.0938
11690,6985,188,1,2185.01,0.2768
11691,5118,187,4,1898.08,0.1828
11692,874,88,2,2321.2,0.0589
11693,3843,50,4,1005.89,0.2388
11694,5824,189,4,2113.07,0.2718
11695,182,145,3,2334.36,0.1678
11696,8199,124,1,1980.49,0.1298
11697,4761,54,2,1832.19,0.108
11698,408,91,3,900.42,0.0495
11699,6406,9,3,856.3,0.0166
11700,9615,160,3,2247.53,0.065
11701,9807,22,3,461.52,0.1451
11702,7357,40,4,120.71,0.0155
11703,8059,78,1,1606.61,0.2938
11704,826,101,4,853.43,0.2085
11705,5741,52,1,1828.51,0.1031
11706,96,156,1,2493.76,0.1285
11707,8591,172,2,553.88,0.2966
11708,1262,182,4,809.67,0.1061
11709,6024,104,5,1497.05,0.0461
11710,7701,48,1,1667.05,0.1305
11711,7981,22,5,2483.3,0.0596
11712,8921,104,3,1246.87,0.1763
11713,5091,163,1,559.36,0.1142
11714,1657,45,1,2209.18,0.0793
11715,9000,28,4,1779.44,0.0879
11716,5470,67,1,1555.42,0.2886
11717,5471,86,5,2164.17,0.1131
11718,8959,38,1,204.73,0.2814
11719,5131,181,2,1145.17,0.1656
11720,5242,103,2,2224.55,0.1689
11721,382,87,4,220.79,0.0253
11722,295,6,2,1439.67,0.2932
11723,55,142,1,787.05,0.1574
11724,5964,36,2,1421.55,0.2555
11725,8835,51,3,253.53,0.2066
11726,5547,87,4,1359.88,0.1461
11727,80,77,1,1286.98,0.2072
11728,8832,44,2,175.87,0.033
11729,9705,45,3,596.44,0.0174
11730,5371,115,2,348.52,0.1066
11731,2344,112,2,1196.23,0.0573
11732,3907,169,2,719.53,0.2656
11733,4835,6,1,1302.81,0.0901
11734,899,110,4,1415.74,0.1985
11735,3999,92,3,33.85,0.2734
11736,1513,135,4,2176.44,0.0186
11737,1821,95,4,381.25,0.2127
11738,7294,93,5,2107.89,0.0032
11739,2816,47,3,1366.28,0.2577
11740,9505,161,1,583.15,0.2954
11741,2022,107,1,1954.63,0.0694
11742,3251,22,5,1618.99,0.0484
11743,5200,67,5,1638.69,0.1496
11744,4193,104,5,787.36,0.2854
11745,30,13,5,1015.77,0.0898
11746,994,56,1,1347.08,0.0953
11747,5795,77,1,934.83,0.186
11748,1287,12,2,918.81,0.2145
11749,9056,5,4,2112.2,0.1627
11750,5186,183,4,2408.6,0.0671
11751,6880,127,4,1210.14,0.2708
11752,4949,76,4,2163.51,0.1568
11753,5905,74,1,2001.95,0.2839
11754,7438,15,1,1227.2,0.1431
11755,9250,66,5,1660.27,0.041
11756,8788,38,1,177.54,0.1101
11757,1941,98,1,1612.5,0.163
11758,6832,55,2,620.86,0.058
11759,2362,183,3,2345.07,0.1218
11760,5575,47,5,1674.28,0.0319
11761,9194,104,5,1557.03,0.2677
11762,157,14,2,2264.94,0.2872
11763,2953,143,3,1871.25,0.1368
11764,1231,163,1,1055.2,0.2684
11765,7580,159,5,1972.13,0.0532
11766,1190,162,3,2328.24,0.0208
11767,7695,7,4,2359.83,0.0982
11768,4601,38,5,635.75,0.0716
11769,544,127,3,1378.57,0.0707
11770,1576,129,4,1989.96,0.2335
11771,9292,14,4,2449.97,0.2444
11772,5890,25,1,235.99,0.169
11773,5865,117,3,1931.57,0.2166
11774,8484,136,5,1136.64,0.085
11775,1434,168,5,2108.51,0.2094
11776,613,6,3,1881.26,0.2264
11777,2641,79,2,1135.39,0.2831
11778,7289,20,2,2317.3,0.0262
11779,7679,81,1,928.1,0.2541
11780,8923,96,1,996.25,0.0485
11781,6378,187,2,1894.86,0.1286
11782,8410,134,4,672.36,0.0019
11783,9678,167,4,1939.17,0.2859
11784,7507,138,2,1998.54,0.289
11785,1771,137,5,1813.54,0.2872
11786,5697,162,2,948.15,0.0269
11787,8438,55,5,1182.54,0.0928
11788,404,75,5,1393.33,0.1197
11789,6113,75,4,333.52,0.2936
11790,2081,94,4,934.73,0.2358
11791,9641,189,4,420.97,0.1942
11792,8461,59,5,702.14,0.1154
11793,9969,110,5,2253.68,0.2924
11794,6443,117,1,154.95,0.2135
11795,8305,11,2,1391.46,0.1561
11796,3913,13,4,1096.32,0.155
11797,5624,62,3,1677.68,0.0229
11798,5102,114,3,2407.2,0.1137
11799,9537,71,5,1154.09,0.0413
11800,7716,95,1,1270.92,0.2214
11801,206,107,2,312.17,0.263
11802,1910,22,5,2279.55,0.2793
11803,9173,38,2,980.79,0.2932
11804,9451,142,5,119.74,0.0645
11805,2645,6,4,1331.71,0.1542
11806,9952,31,1,2114.12,0.2206
11807,40,125,4,1483.5,0.1935
11808,6540,51,4,1502.59,0.2999
11809,3677,131,3,68.46,0.0764
11810,3969,145,3,2426.89,0.1762
11811,7952,20,3,1023.52,0.0813
11812,3060,135,3,367.53,0.2014
11813,2354,145,5,363.55,0.0871
11814,9962,58,5,1675.46,0.2173
11815,6999,117,1,1087.43,0.1915
11816,1008,155,3,148.15,0.0521
11817,4028,13,3,229.18,0.0675
11818,7301,5,5,1074.34,0.1445
11819,3989,65,2,1992.14,0.2108
11820,1618,145,4,369.03,0.0472
11821,8341,165,1,297.96,0.0857
11822,2119,144,5,1187.63,0.0372
11823,2369,146,5,1318.3,0.027
11824,5723,92,4,1290.53,0.129
11825,2492,3,1,1265.26,0.067
11826,7993,146,5,2226.24,0.0874
11827,10000,169,3,990.11,0.1886
11828,5480,128,3,98.38,0.2032
11829,458,78,5,39.82,0.0102
11830,1876,17,2,1017.2,0.1024
11831,8880,83,2,2235.45,0.1076
11832,6117,61,2,1783.52,0.2632
11833,4889,175,3,1432.07,0.1351
11834,1220,72,3,1759.03,0.1029
11835,7328,68,4,430.88,0.0529
11836,4188,152,2,758.54,0.2529
11837,7848,93,4,1980.15,0.2632
11838,6289,175,5,41.64,0.2923
11839,1095,56,5,772.05,0.2658
11840,7867,127,1,2378.9,0.2311
11841,2715,75,1,1533.15,0.1483
11842,7567,76,1,1832.7,0.217
11843,3774,142,1,998.29,0.1803
11844,8966,71,3,271.82,0.2253
11845,7146,67,4,1710.49,0.2118
11846,9319,139,3,1069.33,0.1368
11847,4376,2,5,372.44,0.1419
11848,6277,17,2,2242.97,0.1959
11849,6230,170,2,640.49,0.2597
11850,1205,58,4,881.0,0.136
11851,1530,125,4,534.65,0.1127
11852,8802,23,5,989.04,0.2557
11853,4574,33,3,1533.93,0.087
11854,1747,45,2,529.63,0.2747
11855,466,78,3,907.09,0.162
11856,2433,49,5,48.41,0.1088
11857,7849,106,3,411.3,0.1202
11858,3194,20,2,2268.66,0.1635
11859,9525,111,5,1593.84,0.0965
11860,7376,181,3,1267.77,0.2326
11861,9342,145,3,1294.33,0.2944
11862,1960,109,3,1610.58,0.2463
11863,5182,136,3,538.35,0.0366
11864,5468,7,4,99.54,0.0987
11865,3595,165,5,1034.3,0.1543
11866,240,49,5,2274.16,0.2649
11867,820,196,3,1284.03,0.139
11868,4951,30,3,2208.59,0.0964
11869,8240,52,4,328.09,0.2327
11870,813,54,2,694.62,0.2218
11871,4583,52,4,1605.98,0.0423
11872,3008,85,3,73.3,0.0492
11873,1614,107,3,388.49,0.1524
11874,5641,170,3,289.13,0.2574
11875,5634,155,3,1300.16,0.0839
11876,7677,3,4,2205.57,0.1901
11877,9675,95,3,22.93,0.1285
11878,5902,16,2,154.04,0.0071
11879,35,71,1,1664.43,0.1411
11880,9792,117,2,930.66,0.1907
11881,5738,98,3,2235.05,0.2598
11882,7577,42,4,1351.59,0.0863
11883,2913,122,3,163.17,0.1772
11884,1545,184,4,32.19,0.2779
11885,6349,109,1,1106.22,0.1806
11886,5898,33,5,1001.88,0.2722
11887,4641,29,2,1211.17,0.1779
11888,5613,114,1,1082.57,0.1831
11889,905,95,3,1510.68,0.2155
11890,1590,91,4,2253.4,0.225
11891,8344,103,4,1893.7,0.1524
11892,7230,62,5,1330.03,0.1944
11893,7552,194,1,1325.8,0.2089
11894,6971,8,2,2457.47,0.0472
11895,5432,43,4,2355.45,0.0911
11896,8252,113,2,405.62,0.2683
11897,8161,175,3,1596.32,0.072
11898,3739,12,4,789.9,0.1913
11899,3692,84,4,510.57,0.0161
11900,3372,40,1,2356.51,0.2469
11901,7737,5,5,228.6,0.1775
11902,2008,184,3,82.82,0.1515
11903,8139,57,5,1184.25,0.2224
11904,5981,110,1,1347.06,0.2288
11905,1136,110,2,281.35,0.0739
11906,6080,1,1,2368.87,0.2927
11907,6007,161,1,243.99,0.2735
11908,5962,188,1,1808.39,0.0637
11909,3807,73,4,922.01,0.0984
11910,5827,105,3,668.38,0.1125
11911,1717,34,2,539.47,0.2351
11912,7339,72,5,452.02,0.1002
11913,6504,33,2,1326.77,0.2008
11914,5531,56,4,126.23,0.1974
11915,7217,76,4,1929.62,0.1698
11916,6704,100,5,595.12,0.1862
11917,1488,83,4,1093.91,0.0682
11918,739,149,5,214.41,0.0457
11919,4322,196,4,1182.42,0.1008
11920,2441,132,1,1572.16,0.1465
11921,9021,177,4,137.73,0.16
11922,7801,11,5,2172.87,0.0521
11923,8280,123,5,757.01,0.2102
11924,2147,133,5,860.92,0.0291
11925,2476,60,3,427.3,0.2961
11926,316,158,2,2211.27,0.2373
11927,477,66,2,873.95,0.2706
11928,6271,105,1,754.48,0.139
11929,551,144,5,1803.51,0.2862
11930,2473,76,3,799.18,0.2953
11931,8073,90,3,1161.89,0.1424
11932,7041,12,3,2499.13,0.2511
11933,9157,26,5,1233.35,0.2012
11934,2187,68,3,1166.1,0.0608
11935,4228,27,3,1998.55,0.1209
11936,6305,53,2,120.97,0.215
11937,8749,87,4,948.28,0.047
11938,3476,85,4,1755.82,0.0966
11939,6309,176,4,2282.4,0.0985
11940,6996,37,5,1627.14,0.1248
11941,6370,45,1,1331.75,0.0001
11942,1331,131,1,1161.02,0.0906
11943,7824,134,2,1205.03,0.0629
11944,6880,134,1,1186.22,0.2819
11945,9636,77,1,2348.96,0.2504
11946,4274,157,4,2028.15,0.1579
11947,3576,161,4,821.04,0.0273
11948,3370,17,5,165.66,0.284
11949,3682,185,1,1714.39,0.1174
11950,3259,11,5,1826.54,0.2308
11951,951,123,3,1933.67,0.0677
11952,2936,66,2,593.77,0.1889
11953,9952,34,2,1597.2,0.1317
11954,5204,144,3,1603.5,0.1521
11955,4988,169,2,290.7,0.0606
11956,2688,124,1,1937.82,0.2617
11957,2699,37,5,1486.3,0.2065
11958,922,150,1,1251.57,0.1228
11959,4643,174,2,113.7,0.1099
11960,4072,35,1,1154.09,0.0172
11961,3717,135,2,2128.97,0.1184
11962,8810,50,5,939.64,0.0681
11963,2830,117,2,2449.26,0.2525
11964,1810,15,3,1970.47,0.089
11965,972,132,2,2061.83,0.1746
11966,1987,88,3,1476.52,0.1944
11967,9832,13,5,712.89,0.1836
11968,8366,29,2,1015.16,0.1862
11969,580,50,5,1550.54,0.2362
11970,5689,16,4,2214.56,0.1327
11971,6696,1,4,1820.72,0.0467
11972,474,34,2,910.01,0.1484
11973,5520,98,4,655.69,0.0043
11974,3902,104,1,1589.61,0.2181
11975,2327,33,1,215.9,0.0288
11976,216,143,3,945.88,0.0848
11977,6140,186,4,637.86,0.1058
11978,4606,81,3,2177.51,0.2563
11979,4691,35,4,1645.87,0.2308
11980,6248,181,1,315.59,0.2596
11981,7135,157,4,1285.22,0.2981
11982,3123,120,1,1976.29,0.1703
11983,8961,58,1,287.8,0.0435
11984,9293,77,5,1436.39,0.1493
11985,1113,149,1,1898.47,0.2554
11986,6794,39,1,534.15,0.0891
11987,4858,1,3,2322.72,0.1729
11988,2078,49,4,1387.57,0.0468
11989,8078,77,2,1585.4,0.0464
11990,1760,43,2,892.43,0.1807
11991,5278,113,1,1938.4,0.2834
11992,8709,88,4,1502.65,0.0778
11993,6637,88,5,2295.32,0.2049
11994,6415,77,2,1219.72,0.2351
11995,5473,100,3,1523.93,0.0776
11996,1740,133,3,1444.24,0.0723
11997,2329,183,3,1451.09,0.2413
11998,8467,78,5,1790.12,0.0213
11999,9275,70,5,275.73,0.0977
12000,4567,130,5,1514.26,0.1571
12001,679,109,4,1054.64,0.0807
12002,895,68,4,1134.53,0.0306
12003,9640,63,4,1093.69,0.2693
12004,7381,80,5,290.14,0.1357
12005,8292,100,2,51.41,0.0491
12006,6163,85,2,280.65,0.2914
12007,3908,81,2,1097.09,0.2716
12008,6634,67,4,953.3,0.0825
12009,5779,88,4,367.01,0.0112
12010,5435,198,2,1813.32,0.0972
12011,5437,83,5,1790.96,0.0308
12012,8224,98,2,2279.65,0.1313
12013,7018,3,2,2122.92,0.1695
12014,1581,167,1,2072.49,0.0179
12015,2467,11,4,2007.8,0.2934
12016,3510,111,1,2206.12,0.1492
12017,1002,30,1,1293.1,0.196
12018,4833,50,3,209.36,0.0794
12019,8865,67,1,1423.11,0.1798
12020,7959,176,5,2118.56,0.1437
12021,5113,104,2,251.0,0.2568
12022,7786,40,3,2053.55,0.0649
12023,7134,16,5,356.85,0.0009
12024,4677,160,3,79.44,0.054
12025,8149,100,3,1759.97,0.0676
12026,4304,190,3,1617.94,0.1318
12027,5319,102,1,2197.13,0.113
12028,7817,40,5,1661.94,0.0824
12029,9777,199,3,669.75,0.087
12030,8218,66,3,2304.56,0.0615
12031,7392,104,2,2258.33,0.023
12032,5611,139,1,2357.53,0.2325
12033,7451,134,4,1850.24,0.0105
12034,6313,137,5,2175.94,0.1879
12035,2021,147,2,613.94,0.2586
12036,8403,153,4,1469.55,0.1126
12037,3179,133,4,680.23,0.1814
12038,9047,5,5,828.55,0.1878
12039,9026,54,5,2071.21,0.0362
12040,317,195,4,1780.59,0.0666
12041,4418,196,1,2316.68,0.0626
12042,8089,12,5,1959.19,0.0334
12043,2667,134,3,736.93,0.1989
12044,1086,91,1,2207.72,0.1383
12045,7646,104,5,204.34,0.112
12046,7251,87,3,217.81,0.2595
12047,3864,113,5,693.86,0.2844
12048,7542,38,5,2015.53,0.1471
12049,4961,158,1,2319.72,0.2531
12050,4027,165,3,1619.36,0.2743
12051,8781,153,4,2321.7,0.0932
12052,6239,172,2,1506.67,0.0066
12053,8870,60,4,2331.57,0.2176
12054,7688,142,3,1069.68,0.0896
12055,1850,67,2,2431.03,0.007
12056,1310,116,1,538.31,0.1201
12057,1591,68,2,591.17,0.1446
12058,7522,164,1,622.98,0.1183
12059,9588,25,1,432.43,0.0828
12060,3974,8,4,1276.53,0.2573
12061,6594,25,2,1364.09,0.1527
12062,837,164,1,1949.9,0.237
12063,9258,30,2,773.29,0.1011
12064,5375,115,3,2279.16,0.091
12065,7123,79,4,2085.43,0.2403
12066,4161,188,3,1878.19,0.2725
12067,3046,45,2,2453.92,0.2186
12068,6617,47,5,80.18,0.1017
12069,4432,178,2,2470.69,0.282
12070,1960,197,1,597.46,0.224
12071,1716,82,4,118.53,0.1837
12072,7099,42,5,1129.99,0.1557
12073,8213,178,2,1720.49,0.1903
12074,2407,7,4,748.22,0.0127
12075,7247,4,1,1127.81,0.1954
12076,133,54,2,603.54,0.0863
12077,8868,105,3,18.19,0.1221
12078,8819,173,5,2236.66,0.1738
12079,7155,31,4,915.12,0.0901
12080,790,80,2,379.06,0.0595
12081,5512,61,4,972.41,0.0632
12082,991,173,5,49.77,0.2912
12083,3457,122,3,214.77,0.0459
12084,8988,131,2,1400.18,0.224
12085,7989,175,5,575.04,0.2806
12086,4248,177,1,1643.3,0.2683
12087,7422,3,2,1138.91,0.1617
12088,6274,3,1,192.74,0.1113
12089,1599,83,3,1330.51,0.143
12090,3923,4,3,1589.15,0.0065
12091,6697,59,2,1400.75,0.2014
12092,2033,35,4,648.75,0.1823
12093,7959,53,4,84.36,0.1286
12094,9906,144,4,1055.82,0.2926
12095,8522,120,4,1653.69,0.052
12096,3543,179,5,188.69,0.1746
12097,1697,154,2,2294.03,0.1676
12098,9683,166,4,865.7,0.0323
12099,3127,113,3,874.65,0.1422
12100,9267,68,2,843.17,0.0144
12101,3426,113,4,2250.97,0.1275
12102,8869,162,1,2363.38,0.0054
12103,5695,21,2,2228.84,0.0449
12104,8003,169,4,1974.55,0.1383
12105,1273,187,5,661.99,0.224
12106,1351,89,1,1855.49,0.1519
12107,9323,3,1,739.82,0.1592
12108,8369,56,3,950.94,0.114
12109,7935,190,4,372.04,0.1813
12110,4004,146,4,1325.97,0.2461
12111,3265,84,2,2019.5,0.2723
12112,9310,15,3,1700.65,0.2981
12113,9650,194,1,955.46,0.2256
12114,4192,30,5,1678.89,0.0342
12115,689,167,4,1589.91,0.0439
12116,5075,64,1,1358.55,0.1495
12117,1583,185,4,680.65,0.2026
12118,9994,63,4,86.55,0.0385
12119,9516,7,5,109.74,0.1194
12120,9968,86,5,2380.04,0.1749
12121,4908,72,5,2170.96,0.0601
12122,3809,23,2,604.24,0.2097
12123,365,76,5,498.06,0.1016
12124,516,6,5,768.34,0.0814
12125,576,186,5,1437.11,0.0219
12126,4918,14,5,57.92,0.2048
12127,6909,28,3,2232.02,0.0651
12128,8143,5,2,1939.88,0.0356
12129,4777,196,4,1327.98,0.091
12130,6134,56,2,2166.09,0.2189
12131,8734,121,2,1378.03,0.0849
12132,7239,153,2,235.35,0.009
12133,7910,155,5,1401.89,0.1825
12134,9129,188,2,1209.4,0.1741
12135,4050,132,3,1740.3,0.2605
12136,1374,29,4,875.09,0.0496
12137,7816,111,2,910.34,0.2845
12138,2133,114,4,2355.91,0.015
12139,6509,7,1,2298.91,0.1705
12140,6471,160,1,2252.91,0.2342
12141,2540,148,2,1045.93,0.229
12142,2757,64,3,1877.59,0.1972
12143,5280,112,1,2350.07,0.2888
12144,7376,43,1,2417.69,0.1287
12145,6334,100,3,618.06,0.1974
12146,9946,158,5,548.16,0.0366
12147,9883,60,2,1252.34,0.1067
12148,2550,156,1,2175.93,0.0353
12149,5243,40,3,1327.96,0.1704
12150,8924,67,1,1982.77,0.265
12151,834,37,4,1194.04,0.1074
12152,4687,99,1,1881.7,0.2088
12153,6119,59,4,676.16,0.0755
12154,9428,20,5,2063.17,0.1669
12155,285,191,3,1995.88,0.0434
12156,7492,163,5,573.79,0.003
12157,3539,58,4,2183.26,0.2972
12158,4234,121,1,308.02,0.2518
12159,76,138,5,1925.12,0.1892
12160,9088,59,4,2127.55,0.0798
12161,7016,117,5,2074.68,0.2235
12162,1745,149,4,621.9,0.0306
12163,7238,43,1,216.69,0.1898
12164,6701,43,5,87.4,0.2412
12165,7346,103,3,74.63,0.2019
12166,4784,129,5,1284.82,0.2283
12167,9131,174,4,512.57,0.0222
12168,3342,127,2,2179.52,0.0119
12169,7009,107,1,422.68,0.1295
12170,1708,159,5,1682.17,0.2375
12171,4252,63,4,2296.26,0.0902
12172,3779,174,3,2412.56,0.2216
12173,5014,151,1,2149.38,0.0215
12174,6237,18,1,522.99,0.1966
12175,646,190,3,1330.52,0.2772
12176,2240,27,3,473.65,0.1381
12177,9322,44,4,1501.19,0.0172
12178,9654,174,5,609.26,0.2163
12179,2279,61,1,835.31,0.2651
12180,7095,140,2,1387.46,0.1088
12181,9244,105,3,318.59,0.1116
12182,8719,16,3,895.63,0.0991
12183,4459,149,1,859.95,0.0319
12184,2418,100,3,1469.64,0.0919
12185,2138,117,3,1437.34,0.1274
12186,9918,192,5,984.15,0.1255
12187,9921,123,4,2165.94,0.0618
12188,6766,13,4,1612.56,0.1666
12189,4541,178,3,2014.28,0.1621
12190,4055,128,2,1433.26,0.1146
12191,129,8,3,962.29,0.2805
12192,3154,184,2,959.15,0.2896
12193,8401,184,2,529.85,0.2039
12194,8238,136,2,2086.05,0.0855
12195,6636,173,2,2109.42,0.2815
12196,1,98,1,286.21,0.2164
12197,3236,152,3,2080.8,0.1322
12198,4933,118,1,2054.61,0.2637
12199,8005,21,2,1512.71,0.0463
12200,6016,141,5,1869.64,0.1995
12201,1635,50,4,2303.99,0.0834
12202,8990,179,3,1221.81,0.1654
12203,9096,4,3,1945.69,0.0871
12204,4354,126,1,2397.95,0.1739
12205,1895,188,2,963.61,0.129
12206,5657,196,2,1125.45,0.1749
12207,5267,149,1,1641.33,0.0229
12208,4851,162,3,1253.98,0.001
12209,7751,73,1,662.54,0.235
12210,3944,153,4,1527.88,0.0825
12211,2062,105,3,1903.48,0.2086
12212,8068,85,2,29.23,0.0117
12213,4526,132,5,513.72,0.1985
12214,3365,64,5,2484.96,0.2147
12215,9067,80,3,2149.91,0.2125
12216,2846,25,3,2488.33,0.2552
12217,8175,168,2,1604.88,0.259
12218,9934,7,5,1272.56,0.0601
12219,5019,126,1,94.78,0.1736
12220,9080,173,1,871.39,0.0062
12221,269,5,1,1044.56,0.0266
12222,7623,40,1,343.65,0.1257
12223,3410,21,5,996.51,0.0115
12224,3878,162,5,575.27,0.1038
12225,6119,176,2,1113.98,0.1919
12226,4681,150,3,1485.58,0.2446
12227,3496,91,5,1671.72,0.1306
12228,5798,61,5,1357.46,0.1456
12229,1255,79,3,105.05,0.0018
12230,5824,119,4,2294.92,0.2599
12231,8760,131,1,2067.55,0.2952
12232,4311,111,5,1512.3,0.1353
12233,9009,56,5,2136.72,0.0911
12234,4775,193,1,2175.68,0.0528
12235,8186,111,5,581.01,0.2174
12236,9015,73,3,676.69,0.1234
12237,1795,167,5,190.47,0.1015
12238,2184,26,2,1388.9,0.1771
12239,5839,18,5,1794.91,0.2434
12240,4857,72,1,292.17,0.2126
12241,329,15,3,1181.25,0.2433
12242,6408,46,5,2040.18,0.1593
12243,3943,22,4,1666.29,0.1727
12244,9204,166,3,1414.26,0.0039
12245,5180,46,3,1328.03,0.1292
12246,2016,4,4,935.43,0.241
12247,2506,21,5,1099.85,0.1862
12248,8972,46,2,738.19,0.2075
12249,8891,89,1,1689.87,0.0446
12250,8379,23,3,1614.28,0.2742
12251,9162,17,2,516.32,0.2247
12252,4140,96,1,680.91,0.2692
12253,8358,66,1,2466.07,0.0865
12254,9368,129,5,274.67,0.1753
12255,701,177,2,1738.35,0.2411
12256,6484,35,3,1298.3,0.1247
12257,7984,60,3,209.2,0.102
12258,8401,6,5,162.69,0.1215
12259,3270,118,3,2007.09,0.1911
12260,7616,169,1,1549.36,0.1108
12261,3177,84,5,126.0,0.066
12262,9108,177,1,730.69,0.1521
12263,7090,26,1,657.97,0.0205
12264,4999,162,4,1409.68,0.2715
12265,3752,74,4,614.69,0.2799
12266,5469,4,5,1989.81,0.2953
12267,1496,103,1,606.68,0.227
12268,1091,9,5,1135.53,0.2407
12269,8361,69,4,1063.81,0.2516
12270,2200,9,5,192.72,0.052
12271,4570,25,2,983.13,0.0616
12272,8933,40,5,1029.14,0.246
12273,8354,195,2,376.81,0.1251
12274,6787,25,5,2214.27,0.2375
12275,8800,51,2,942.96,0.0434
12276,728,121,2,2122.69,0.0147
12277,643,146,2,1461.84,0.1192
12278,7064,187,2,39.18,0.0814
12279,7500,87,3,1711.07,0.2435
12280,4044,187,3,1019.55,0.2751
12281,7761,162,5,1833.76,0.1961
12282,9284,53,4,1728.16,0.0316
12283,6378,47,1,1851.16,0.0046
12284,3528,152,3,1734.25,0.2336
12285,9215,61,2,65.98,0.2615
12286,9927,57,3,2413.11,0.2843
12287,3767,194,2,1166.94,0.2153
12288,154,77,4,2229.73,0.0096
12289,4278,148,3,424.65,0.1436
12290,1208,71,1,902.52,0.147
12291,2616,115,1,2435.1,0.0128
12292,4661,162,3,2189.65,0.2733
12293,5320,54,3,1996.88,0.2292
12294,1981,65,1,736.19,0.0616
12295,7214,200,4,1767.51,0.1956
12296,2890,179,5,614.24,0.2438
12297,8901,117,3,1683.31,0.2562
12298,6003,41,3,2418.37,0.2604
12299,8166,129,1,884.48,0.2354
12300,3158,153,1,1228.55,0.1857
12301,8148,52,1,1008.01,0.0258
12302,9576,81,1,262.79,0.0783
12303,7349,71,3,2378.25,0.1599
12304,3646,144,2,976.63,0.1103
12305,2122,21,1,2402.32,0.2134
12306,2942,130,4,1804.61,0.0355
12307,3881,69,4,564.76,0.283
12308,8557,5,3,1524.54,0.1017
12309,6000,73,1,241.04,0.1553
12310,185,181,5,501.16,0.1005
12311,4789,146,1,279.34,0.2396
12312,3006,19,3,176.11,0.0462
12313,7656,191,5,1552.41,0.1064
12314,730,6,3,684.82,0.1846
12315,5226,63,2,1896.36,0.0138
12316,7602,155,4,849.33,0.1832
12317,567,182,3,2178.28,0.2089
12318,1312,159,1,1112.32,0.2851
12319,4439,192,1,888.1,0.2926
12320,7737,149,3,116.11,0.0784
12321,8804,14,4,1830.01,0.2007
12322,624,2,3,2441.34,0.0251
12323,7617,146,3,662.4,0.2165
12324,8690,18,1,1641.27,0.1
12325,6066,35,1,1691.3,0.0638
12326,8415,82,1,1109.84,0.0054
12327,5818,83,4,867.52,0.1577
12328,9145,25,1,144.71,0.0538
12329,1907,135,5,2374.54,0.1739
12330,1161,131,5,1282.32,0.1533
12331,2785,57,3,775.41,0.1856
12332,3835,54,3,2205.66,0.0733
12333,5987,16,2,357.89,0.0354
12334,8895,148,5,1755.12,0.2349
12335,6338,133,4,306.35,0.2974
12336,6946,61,3,1829.34,0.1139
12337,3409,159,3,1512.47,0.1162
12338,997,24,4,1431.88,0.2598
12339,5950,128,5,1413.88,0.0523
12340,4828,63,2,1101.83,0.1037
12341,8779,173,4,2240.99,0.0836
12342,2985,172,2,106.75,0.0379
12343,2870,88,2,2194.36,0.1631
12344,2724,125,3,1071.91,0.1881
12345,1005,80,5,832.29,0.2636
12346,1776,111,2,1495.86,0.1945
12347,1115,167,4,553.13,0.0151
12348,4721,28,5,1122.1,0.0146
12349,7508,124,1,1573.4,0.0177
12350,613,123,1,943.93,0.0759
12351,7378,5,4,805.51,0.0752
12352,1404,15,1,1480.43,0.2328
12353,11,105,5,1569.22,0.0148
12354,1998,49,5,792.77,0.183
12355,8108,4,3,1626.77,0.1789
12356,7783,14,5,2110.69,0.1538
12357,7763,138,2,296.33,0.0069
12358,555,87,3,2348.24,0.2476
12359,8956,125,2,182.31,0.1134
12360,4647,101,5,1317.95,0.1345
12361,755,44,3,2258.28,0.201
12362,3156,77,4,650.58,0.199
12363,8529,164,4,1746.31,0.0829
12364,8247,128,4,119.25,0.0034
12365,1117,187,3,1209.09,0.2416
12366,4204,160,5,1570.57,0.2269
12367,6995,109,5,1355.6,0.1923
12368,3422,65,3,456.93,0.2805
12369,6553,192,3,68.33,0.0613
12370,2794,4,1,1129.05,0.0311
12371,5328,126,1,463.6,0.2997
12372,4946,1,3,923.15,0.2605
12373,4585,124,4,2103.91,0.0125
12374,9014,77,5,1378.92,0.0991
12375,4169,21,4,218.09,0.1553
12376,2868,79,2,1797.63,0.1885
12377,448,169,2,1133.27,0.1249
12378,6950,41,2,115.77,0.0263
12379,7980,10,4,1808.36,0.1419
12380,8023,117,1,2216.12,0.164
12381,7403,132,2,1870.24,0.0944
12382,7894,197,3,2445.63,0.0476
12383,3288,172,5,406.12,0.1554
12384,166,187,1,1417.96,0.0833
12385,434,166,2,244.53,0.0717
12386,1820,24,5,2439.58,0.2171
12387,4166,152,5,549.47,0.1679
12388,8735,19,1,2355.87,0.223
12389,2233,84,4,1153.18,0.1344
12390,9866,116,5,1986.92,0.0232
12391,140,171,1,2387.19,0.1478
12392,3335,75,2,593.64,0.1786
12393,4252,123,1,2042.23,0.233
12394,9696,87,4,2225.2,0.1749
12395,7956,79,2,1385.7,0.2387
12396,4417,85,4,1690.57,0.1538
12397,6282,100,5,1116.61,0.1836
12398,8083,127,1,1071.86,0.0068
12399,8394,141,3,411.16,0.2584
12400,4186,32,4,1727.08,0.0497
12401,5569,10,1,429.73,0.2217
12402,1470,59,3,467.08,0.1334
12403,4897,46,3,1264.3,0.2677
12404,986,101,1,1153.51,0.0913
12405,3554,123,2,1628.91,0.2916
12406,8869,32,3,1312.6,0.2207
12407,4749,177,1,798.38,0.1844
12408,8030,84,1,158.79,0.2823
12409,3050,39,2,1478.13,0.162
12410,1890,179,1,1229.92,0.1091
12411,1829,144,4,216.0,0.2085
12412,7198,39,4,1752.17,0.0732
12413,7382,60,2,648.32,0.1568
12414,8956,133,5,100.27,0.2683
12415,6312,81,1,42.48,0.1321
12416,4751,192,4,1356.07,0.1273
12417,1360,176,4,2321.98,0.1012
12418,85,26,1,2121.7,0.197
12419,9058,51,1,267.61,0.08
12420,3176,68,3,805.87,0.2422
12421,1142,102,2,793.04,0.1896
12422,1062,110,3,2133.72,0.2874
12423,6625,154,2,2003.39,0.2768
12424,4232,20,3,2414.55,0.0954
12425,8268,71,2,1308.75,0.2469
12426,6439,152,1,49.51,0.0159
12427,316,67,2,2256.86,0.0976
12428,8689,195,4,103.73,0.2315
12429,9148,50,5,2081.72,0.0221
12430,8813,118,4,1304.12,0.1789
12431,3640,16,2,2414.81,0.2276
12432,8210,161,2,618.13,0.2123
12433,4528,178,2,1288.97,0.2326
12434,8808,116,5,48.65,0.0492
12435,149,89,5,1508.13,0.0952
12436,4536,119,3,182.78,0.2276
12437,4315,115,2,177.42,0.1762
12438,6150,130,3,1825.8,0.0261
12439,8863,59,4,475.3,0.277
12440,3682,41,5,2444.97,0.0511
12441,6983,191,1,999.95,0.1776
12442,9211,62,5,1216.33,0.0623
12443,2943,84,3,796.98,0.2452
12444,9467,130,1,706.93,0.1746
12445,9695,7,1,2187.51,0.1233
12446,6006,126,1,2234.5,0.2204
12447,5561,118,5,533.65,0.1051
12448,884,136,2,113.06,0.0006
12449,2672,3,1,704.6,0.0268
12450,9745,142,4,2064.62,0.0179
12451,5187,87,4,1252.41,0.0659
12452,5947,72,1,1975.04,0.2731
12453,2563,33,4,2085.26,0.0565
12454,1902,155,4,2051.07,0.1754
12455,8347,11,4,1463.04,0.2358
12456,7681,97,3,438.81,0.2216
12457,5455,11,3,1584.57,0.0982
12458,388,107,4,769.12,0.1428
12459,4,18,2,1914.19,0.0228
12460,9177,92,4,523.68,0.0294
12461,2428,90,3,1620.87,0.0741
12462,9931,94,1,228.03,0.045
12463,1035,109,4,2007.94,0.0203
12464,716,74,5,797.16,0.0779
12465,7887,170,3,2431.99,0.1604
12466,1533,3,3,1158.24,0.0632
12467,6329,32,3,654.08,0.0843
12468,9370,36,1,327.16,0.247
12469,1903,138,5,2467.32,0.2253
12470,922,115,5,1008.33,0.0092
12471,694,55,5,1672.81,0.0241
12472,8859,199,3,812.76,0.2785
12473,1252,117,4,576.35,0.1084
12474,102,25,4,1434.87,0.007
12475,5814,190,5,998.36,0.1171
12476,1801,162,3,1210.41,0.2293
12477,72,153,4,1767.96,0.2707
12478,7667,8,2,716.98,0.2102
12479,884,53,4,398.22,0.0818
12480,3050,10,4,1350.76,0.2961
12481,3904,78,2,303.43,0.0455
12482,7409,93,4,1694.59,0.1105
12483,7957,129,1,1484.25,0.1068
12484,1434,186,3,597.34,0.1476
12485,7823,147,1,684.39,0.0347
12486,5547,20,1,477.75,0.1841
12487,5849,48,3,2230.79,0.1915
12488,9895,72,1,806.14,0.136
12489,5648,58,4,2278.09,0.0295
12490,6691,38,5,70.78,0.2283
12491,3212,170,5,990.73,0.2784
12492,8120,88,1,2263.82,0.1057
12493,7920,7,5,1795.59,0.071
12494,308,197,1,165.52,0.2861
12495,4488,20,3,1244.94,0.0417
12496,87,180,2,331.7,0.1439
12497,9355,26,1,367.45,0.2082
12498,5499,89,2,1117.88,0.0131
12499,7211,84,4,2190.1,0.243
12500,866,56,3,920.16,0.2009
12501,8345,198,5,1716.29,0.224
12502,6616,199,1,579.79,0.0629
12503,2712,62,1,1017.13,0.0809
12504,618,128,4,301.85,0.2986
12505,9711,190,3,349.75,0.1079
12506,3922,36,2,1638.52,0.0073
12507,938,20,3,44.09,0.1063
12508,1615,146,4,1788.69,0.1142
12509,5231,200,2,2162.67,0.2653
12510,7436,27,2,645.98,0.0834
12511,2525,133,1,2186.81,0.238
12512,3732,95,1,1834.96,0.0328
12513,6531,174,3,2061.87,0.1532
12514,3408,41,2,1970.45,0.1221
12515,3655,85,1,18.75,0.098
12516,1265,52,2,1701.03,0.2328
12517,4324,131,2,1131.73,0.1806
12518,1686,58,5,2471.32,0.2852
12519,9167,90,1,1457.18,0.1082
12520,4169,153,1,1515.48,0.0366
12521,1553,196,1,2498.95,0.0711
12522,4319,120,5,681.01,0.2049
12523,5646,169,4,1930.55,0.1969
12524,485,190,5,152.76,0.189
12525,5805,41,4,1236.9,0.2156
12526,6410,33,3,1579.65,0.0318
12527,9174,38,1,528.93,0.0865
12528,6360,146,4,1194.07,0.1724
12529,9911,182,2,1149.65,0.1308
12530,6898,49,4,714.07,0.1522
12531,7350,61,4,1526.53,0.0639
12532,5249,16,2,1697.41,0.183
12533,2613,85,3,232.67,0.1007
12534,5984,44,1,400.07,0.2399
12535,3792,31,5,2393.35,0.1761
12536,8275,95,3,112.83,0.2992
12537,3097,155,5,284.87,0.1775
12538,7601,169,5,2034.28,0.016
12539,5194,114,3,2025.3,0.0654
12540,5764,3,4,2386.3,0.0756
12541,9880,95,3,2167.13,0.0076
12542,2478,162,5,552.83,0.2756
12543,1990,138,3,1706.13,0.1881
12544,6009,57,2,506.77,0.2436
12545,9612,157,4,2063.5,0.176
12546,9044,166,4,1312.64,0.2572
12547,8652,101,5,1167.6,0.1881
12548,7486,115,4,1259.52,0.0247
12549,9804,6,5,75.47,0.0088
12550,5562,142,2,1794.92,0.133
12551,6310,132,5,430.63,0.1928
12552,5572,173,2,355.46,0.2541
12553,6289,39,2,763.1,0.2686
12554,2515,54,4,1231.7,0.2463
12555,3755,154,4,1280.52,0.0318
12556,7205,29,5,1647.82,0.2267
12557,4508,62,5,178.22,0.1048
12558,8578,136,4,856.27,0.2572
12559,3494,167,5,622.74,0.2476
12560,4134,146,3,1016.35,0.1952
12561,7386,22,5,1280.21,0.2747
12562,3115,146,3,2125.8,0.1626
12563,2166,165,5,2152.97,0.0724
12564,2654,111,3,1344.12,0.1959
12565,9540,161,2,1968.1,0.0574
12566,198,176,1,1018.51,0.2286
12567,9698,48,5,2470.07,0.2638
12568,6395,130,5,328.61,0.1997
12569,9209,26,2,370.56,0.1471
12570,2516,145,4,743.68,0.2856
12571,9024,4,4,273.8,0.237
12572,9765,9,4,28.74,0.1381
12573,7671,10,2,827.12,0.1649
12574,8296,69,1,130.12,0.2152
12575,2033,166,4,1462.22,0.1321
12576,1258,49,4,2090.88,0.1209
12577,6217,40,5,467.93,0.2603
12578,5282,177,2,1508.3,0.1084
12579,5019,19,2,615.9,0.2978
12580,337,37,3,1331.0,0.1019
12581,5609,49,5,1343.33,0.2252
12582,4293,134,3,143.04,0.1526
12583,995,64,3,2325.81,0.0176
12584,100,151,1,456.5,0.2397
12585,2111,31,4,1446.5,0.2497
12586,9550,53,2,1153.39,0.2237
12587,1021,33,3,2013.61,0.2764
12588,3778,17,5,951.3,0.0187
12589,2332,65,2,1828.0,0.0927
12590,9935,67,4,1939.2,0.2959
12591,876,173,2,425.47,0.1514
12592,8174,88,1,1687.27,0.0807
12593,7306,37,4,1100.28,0.1094
12594,8611,92,4,2388.17,0.2827
12595,5890,27,2,2470.2,0.2167
12596,991,148,5,1755.79,0.0363
12597,2475,170,3,1415.89,0.0762
12598,8876,153,3,804.16,0.0324
12599,43,108,3,667.68,0.2586
12600,2036,70,2,1205.73,0.1096
12601,3380,179,5,1345.24,0.2932
12602,9838,110,2,1370.43,0.2944
12603,4243,167,3,2024.28,0.1982
12604,4913,121,3,2110.19,0.207
12605,2429,106,3,893.85,0.1481
12606,9967,30,5,1285.74,0.1253
12607,9919,47,1,1897.12,0.1147
12608,3188,175,3,2181.56,0.2778
12609,9681,50,3,387.74,0.1198
12610,3741,28,5,1871.29,0.2893
12611,844,31,2,2299.39,0.235
12612,3279,48,4,638.54,0.0695
12613,1077,194,4,1229.95,0.1027
12614,7266,181,5,22.33,0.0444
12615,6069,60,1,2058.71,0.0469
12616,6801,47,2,2108.92,0.1664
12617,6901,173,3,2285.87,0.0833
12618,2296,129,2,1829.69,0.2838
12619,9706,194,1,857.3,0.1097
12620,2898,119,3,464.46,0.0141
12621,3928,100,5,855.05,0.0356
12622,7500,23,5,580.39,0.1104
12623,3108,148,3,284.13,0.1579
12624,7365,161,3,1173.03,0.0079
12625,2232,94,5,522.69,0.1035
12626,8259,89,1,176.78,0.2219
12627,2081,48,1,1397.02,0.0306
12628,5287,144,5,1429.96,0.0338
12629,6842,102,2,1277.29,0.0945
12630,9740,167,1,451.76,0.0305
12631,1269,135,1,1053.75,0.1145
12632,9702,62,1,1761.75,0.216
12633,4692,172,4,1804.87,0.2949
12634,9041,97,4,1509.35,0.0136
12635,8136,81,3,2084.88,0.1735
12636,6763,177,1,1548.88,0.0676
12637,7693,104,4,161.97,0.1329
12638,1875,4,1,1928.23,0.2981
12639,602,13,1,972.68,0.298
12640,6260,26,3,563.67,0.1821
12641,7045,141,5,101.71,0.0498
12642,4781,96,5,820.2,0.1501
12643,7513,171,1,1534.15,0.2508
12644,9605,140,3,2134.88,0.172
12645,2583,120,4,792.37,0.2153
12646,96,85,2,1276.11,0.2313
12647,4221,33,3,404.52,0.1366
12648,8426,67,1,1134.8,0.2011
12649,4678,7,5,720.68,0.0374
12650,6775,7,4,377.63,0.1148
12651,8214,43,3,1233.0,0.153
12652,2809,176,5,2378.92,0.2183
12653,1236,154,3,1533.23,0.1391
12654,8188,76,2,1799.01,0.2874
12655,2523,187,3,563.37,0.0853
12656,7351,116,2,1078.44,0.0535
12657,8610,184,4,2185.29,0.0595
12658,553,168,1,1086.0,0.1113
12659,2588,109,1,780.93,0.1593
12660,7967,66,2,408.21,0.0937
12661,7701,104,4,1461.0,0.2602
12662,5194,143,3,191.13,0.2104
12663,8228,44,3,481.79,0.0796
12664,6093,187,4,517.5,0.2292
12665,4066,101,2,109.74,0.1729
12666,8723,162,2,247.82,0.2057
12667,3090,140,1,1068.33,0.2828
12668,6228,134,1,34.08,0.0737
12669,4801,123,4,1165.03,0.2759
12670,918,100,3,2423.26,0.2111
12671,7890,138,5,1146.29,0.0627
12672,6538,80,2,2030.21,0.2726
12673,2068,125,4,21.77,0.1321
12674,9212,153,5,1862.17,0.0622
12675,9533,40,4,1157.09,0.0801
12676,2405,176,3,741.99,0.2184
12677,7318,87,5,24.41,0.2829
12678,8964,184,2,1474.13,0.0715
12679,2874,60,4,1944.35,0.2751
12680,7708,108,4,437.37,0.0192
12681,5481,135,1,1969.99,0.0374
12682,717,113,3,2177.51,0.1088
12683,9273,175,4,1889.34,0.1763
12684,4160,124,2,2028.25,0.1721
12685,6430,14,5,1668.81,0.0134
12686,6486,101,1,1979.23,0.0109
12687,2557,130,5,2169.19,0.1977
12688,1458,191,5,1322.03,0.1338
12689,7606,37,1,2081.72,0.1444
12690,6679,69,4,1978.02,0.009
12691,3602,102,3,498.67,0.2996
12692,3838,22,3,728.86,0.1767
12693,8273,70,5,2195.03,0.2742
12694,2429,45,5,999.84,0.1098
12695,6838,7,3,2493.04,0.1682
12696,8031,5,2,1654.89,0.1276
12697,3996,154,2,130.63,0.0359
12698,2696,92,5,976.0,0.1305
12699,4512,47,3,1982.38,0.0707
12700,7030,87,1,932.25,0.0787
12701,3880,66,4,950.39,0.2259
12702,3763,149,1,870.22,0.1024
12703,223,121,2,833.41,0.2229
12704,6340,66,2,497.02,0.2949
12705,1015,2,2,485.82,0.0977
12706,1019,18,5,1988.26,0.0707
12707,2297,192,5,1544.62,0.2258
12708,8418,46,1,694.17,0.1724
12709,5774,197,1,1959.99,0.2388
12710,4583,9,1,1495.09,0.0475
12711,5270,142,2,1200.33,0.1965
12712,3948,68,4,1551.59,0.2162
12713,6354,193,4,770.77,0.0402
12714,4412,40,3,1856.8,0.0462
12715,9779,150,3,601.98,0.282
12716,4496,15,2,1398.48,0.057
12717,9708,153,3,2112.6,0.206
12718,5248,64,4,1313.98,0.1631
12719,8070,179,5,1275.81,0.2482
12720,769,160,2,1624.99,0.0151
12721,9228,170,5,795.1,0.0043
12722,8216,145,3,2472.92,0.2251
12723,2174,126,5,1757.9,0.2635
12724,5291,162,1,849.59,0.19
12725,3293,197,2,1591.42,0.1151
12726,6112,47,2,2196.89,0.1326
12727,7225,170,3,2108.49,0.2331
12728,5781,94,4,2362.72,0.1547
12729,2081,50,5,397.7,0.2061
12730,9377,109,5,805.91,0.2845
12731,6044,181,5,2363.0,0.0823
12732,5228,14,5,1634.08,0.0469
12733,7140,67,3,2292.41,0.2549
12734,2113,20,5,648.29,0.2087
12735,3148,189,1,1858.95,0.145
12736,6049,151,5,1295.08,0.1706
12737,3948,23,1,1632.14,0.2729
12738,5573,149,5,1422.16,0.2871
12739,6052,172,4,1832.23,0.0034
12740,9142,133,5,525.83,0.2173
12741,4530,52,2,2439.32,0.2925
12742,8818,167,5,1283.13,0.0561
12743,7476,22,4,2053.03,0.0538
12744,405,69,5,65.35,0.0376
12745,5756,196,4,391.56,0.1273
12746,8335,149,1,842.88,0.2341
12747,3721,133,3,1778.15,0.1623
12748,2807,189,3,782.41,0.1161
12749,288,77,1,1944.95,0.172
12750,4168,124,5,341.76,0.1053
12751,1819,11,2,1118.25,0.1523
12752,4650,67,2,808.04,0.1414
12753,5384,68,4,259.3,0.2748
12754,8971,113,5,1817.43,0.16
12755,1941,137,4,2196.69,0.1978
12756,1068,94,5,2189.13,0.0889
12757,990,51,5,676.33,0.1087
12758,8481,60,5,2418.34,0.293
12759,7747,45,2,2004.64,0.1828
12760,6144,188,4,609.1,0.09
12761,3108,58,1,2193.85,0.0213
12762,4634,76,1,490.22,0.1822
12763,7462,182,3,383.31,0.025
12764,5220,49,2,2201.8,0.0485
12765,1175,141,1,2312.33,0.0648
12766,9352,149,1,1139.46,0.1923
12767,9998,21,4,1638.37,0.121
12768,3538,155,3,810.91,0.2193
12769,7592,69,4,1916.23,0.0663
12770,7781,81,2,2095.48,0.2653
12771,1689,55,4,513.87,0.0637
12772,6553,85,5,1737.13,0.01
12773,644,193,4,2218.64,0.1355
12774,4347,16,2,1922.55,0.0372
12775,5844,150,3,1985.62,0.1277
12776,8045,87,4,587.03,0.291
12777,4975,148,1,2067.57,0.2403
12778,2620,128,2,1277.4,0.1383
12779,9815,177,1,44.69,0.2186
12780,555,72,4,1674.51,0.1277
12781,6070,46,3,1943.12,0.0003
12782,1844,49,3,1957.74,0.2402
12783,533,105,4,2333.45,0.2288
12784,7832,102,2,228.42,0.2753
12785,3493,66,5,481.77,0.0345
12786,634,62,4,2316.63,0.2439
12787,9170,120,4,1880.33,0.2429
12788,5804,121,3,1051.48,0.1091
12789,3283,191,4,358.97,0.1207
12790,2181,160,4,2095.57,0.1261
12791,957,13,3,787.29,0.1063
12792,1324,170,3,2087.43,0.1745
12793,8411,10,2,1399.75,0.1544
12794,3057,175,1,1349.25,0.1728
12795,9550,197,4,1512.52,0.1802
12796,4483,188,5,1058.03,0.2081
12797,2719,189,5,288.33,0.0885
12798,3373,58,4,1470.74,0.0569
12799,4210,25,4,1062.73,0.1588
12800,3658,71,3,1156.02,0.1295
12801,2871,124,2,1506.72,0.2139
12802,8252,62,2,367.9,0.1707
12803,927,61,3,610.01,0.2078
12804,3838,173,5,729.04,0.0582
12805,4851,27,1,952.25,0.2972
12806,6259,52,5,257.02,0.0689
12807,8487,187,5,403.66,0.1193
12808,9596,43,1,648.74,0.2158
12809,616,28,1,1741.43,0.0076
12810,1584,21,2,1681.46,0.248
12811,9243,162,1,37.77,0.1737
12812,3856,85,3,190.57,0.2642
12813,3508,47,1,1255.06,0.1627
12814,5353,27,5,1071.31,0.0082
12815,4350,15,3,746.28,0.148
12816,5485,5,1,1259.21,0.269
12817,5508,64,2,511.88,0.0776
12818,8539,17,2,350.86,0.0959
12819,5257,136,5,188.16,0.0098
12820,3225,57,4,193.3,0.2553
12821,2106,57,5,506.19,0.2601
12822,220,48,1,1980.71,0.0487
12823,5138,88,5,2009.42,0.0641
12824,1201,128,3,2282.5,0.1601
12825,5676,146,5,1658.2,0.0646
12826,5614,42,2,949.01,0.0636
12827,4582,197,3,334.49,0.1207
12828,5835,54,2,559.49,0.1696
12829,9166,144,5,1107.53,0.0081
12830,6054,85,1,634.34,0.2636
12831,705,145,5,797.96,0.217
12832,4945,172,3,2361.13,0.0264
12833,4049,33,2,974.07,0.1725
12834,3562,139,5,395.39,0.0397
12835,9953,168,1,874.88,0.2054
12836,6402,165,1,110.04,0.0584
12837,2930,75,4,1547.5,0.0706
12838,2452,28,1,1805.76,0.2531
12839,1248,107,5,1017.54,0.0934
12840,771,158,1,1384.83,0.2506
12841,2596,174,1,2186.57,0.2275
12842,4357,78,3,526.1,0.0959
12843,5891,115,1,424.12,0.2069
12844,3428,171,5,657.78,0.0024
12845,2374,85,1,560.08,0.1721
12846,8064,91,2,2190.28,0.2485
12847,3375,98,4,128.7,0.2533
12848,8,8,4,224.56,0.1858
12849,4710,43,3,2352.42,0.1057
12850,6769,33,5,990.01,0.2916
12851,6352,55,5,1246.26,0.2969
12852,8142,58,3,1456.51,0.0075
12853,1069,21,4,1959.26,0.048
12854,8714,175,2,1784.41,0.2928
12855,6486,51,4,940.61,0.2981
12856,5865,157,4,2007.29,0.2832
12857,5599,16,2,1870.23,0.0232
12858,5463,68,4,2199.11,0.1966
12859,6313,89,1,640.94,0.0196
12860,2316,69,5,250.9,0.142
12861,8941,147,4,277.91,0.2932
12862,9084,107,2,1368.68,0.26
12863,8792,167,5,666.04,0.0379
12864,3801,70,5,126.34,0.1628
12865,3896,30,4,2094.43,0.0425
12866,3426,28,4,2158.14,0.0454
12867,6216,191,4,926.61,0.0377
12868,2681,13,3,341.28,0.0291
12869,7340,67,5,632.9,0.0614
12870,4323,64,3,1698.93,0.2751
12871,4703,58,4,1724.09,0.1074
12872,3249,68,2,1759.06,0.2559
12873,8294,10,4,2140.01,0.0115
12874,9572,179,4,2211.56,0.1763
12875,4039,70,1,2473.69,0.174
12876,9343,1,1,892.77,0.2763
12877,9610,1,5,2282.92,0.0411
12878,260,135,5,1610.33,0.2271
12879,277,80,5,319.09,0.2367
12880,9002,128,3,1489.11,0.1573
12881,4692,4,5,956.86,0.0679
12882,4561,16,1,198.45,0.1029
12883,7540,199,5,629.07,0.1606
12884,3327,114,4,1786.74,0.1474
12885,2935,25,1,879.74,0.21
12886,3359,143,3,1618.94,0.0768
12887,7730,137,3,2273.31,0.0889
12888,8546,11,5,1482.05,0.2715
12889,2160,199,3,2383.65,0.2224
12890,2764,53,3,868.1,0.1066
12891,3277,39,1,2192.58,0.2163
12892,6210,131,5,2409.12,0.0078
12893,461,199,5,1302.33,0.1062
12894,8738,3,4,918.71,0.0428
12895,5594,140,5,887.09,0.0871
12896,4806,3,5,1069.12,0.1694
12897,4140,71,1,1657.11,0.1933
12898,7841,23,4,1105.05,0.2893
12899,1359,166,4,1910.9,0.1826
12900,5468,122,5,1730.65,0.0886
12901,3557,42,2,823.02,0.2351
12902,9478,133,4,2017.44,0.1166
12903,9742,41,5,1898.39,0.0362
12904,8149,113,5,1550.78,0.182
12905,8197,181,1,479.37,0.1636
12906,1211,62,4,1272.86,0.0087
12907,9141,83,4,1140.04,0.0576
12908,6395,126,2,64.49,0.0429
12909,7544,152,5,2478.88,0.1303
12910,4165,28,4,1774.88,0.2985
12911,8184,81,3,934.14,0.2266
12912,5369,9,4,1448.97,0.0931
12913,232,189,5,2228.29,0.2852
12914,3535,181,3,109.25,0.1594
12915,1647,145,2,658.04,0.2531
12916,793,65,3,2370.51,0.2954
12917,5256,104,1,54.07,0.2427
12918,9806,137,3,1459.02,0.2485
12919,2791,198,3,1348.32,0.2851
12920,4863,15,3,2450.25,0.0648
12921,9888,111,5,1083.52,0.2549
12922,6623,6,2,2439.8,0.0515
12923,8279,117,3,43.99,0.1667
12924,2028,146,1,858.59,0.032
12925,7681,118,4,683.65,0.1005
12926,2447,114,3,378.38,0.044
12927,6890,114,4,2489.63,0.2499
12928,5702,58,4,2430.78,0.1831
12929,1424,92,4,372.93,0.0593
12930,6508,23,3,1315.23,0.2565
12931,81,27,5,252.25,0.1927
12932,8264,77,3,322.73,0.023
12933,1081,75,3,1777.23,0.0949
12934,2555,126,5,2169.58,0.0396
12935,9874,15,2,1517.72,0.0275
12936,5549,158,5,294.76,0.2042
12937,720,134,3,2067.05,0.0391
12938,9819,25,3,2160.11,0.0442
12939,6765,31,5,1406.88,0.2339
12940,3355,11,1,1050.98,0.2767
12941,5580,68,5,1028.41,0.079
12942,265,112,4,1657.51,0.2846
12943,8461,24,5,2289.12,0.0841
12944,9133,14,1,2270.69,0.1093
12945,264,24,4,1965.88,0.1952
12946,3698,87,3,894.57,0.2223
12947,6968,69,2,1016.43,0.2962
12948,3803,111,5,1821.62,0.231
12949,9825,154,5,1736.19,0.1321
12950,4103,94,5,2296.87,0.0324
12951,399,42,5,1983.68,0.1878
12952,8376,102,1,2446.79,0.2525
12953,7252,112,4,565.49,0.2496
12954,6584,48,1,2307.68,0.2151
12955,2853,51,2,2435.52,0.227
12956,3648,195,1,2264.49,0.0389
12957,5710,116,5,365.78,0.0378
12958,2409,146,2,2354.42,0.1734
12959,8303,86,2,1898.1,0.0187
12960,5462,28,2,913.93,0.0546
12961,4404,30,3,1146.53,0.2201
12962,4173,2,1,176.44,0.0075
12963,6890,193,2,1039.83,0.0485
12964,607,36,4,629.64,0.2374
12965,9262,21,2,1802.67,0.2773
12966,1350,62,4,1418.83,0.075
12967,7627,182,1,2336.07,0.1525
12968,6359,28,4,1553.19,0.2654
12969,8633,32,1,1948.04,0.2418
12970,4884,186,1,2034.52,0.2563
12971,8772,70,5,182.29,0.0967
12972,1324,125,5,2054.66,0.0876
12973,1310,151,3,422.12,0.2169
12974,7577,70,5,562.22,0.1561
12975,2542,124,4,1261.83,0.2608
12976,9961,192,2,1173.1,0.2231
12977,8718,159,1,2385.16,0.1048
12978,9830,19,5,1124.01,0.2477
12979,2199,200,1,1060.24,0.2768
12980,6836,8,4,2054.13,0.0353
12981,7123,64,5,745.03,0.1613
12982,1202,126,5,2000.7,0.171
12983,1569,124,2,624.94,0.0179
12984,3028,41,2,1021.91,0.0044
12985,9,117,5,2284.44,0.054
12986,5471,179,1,1189.98,0.2504
12987,6920,7,4,2328.37,0.1922
12988,203,180,4,954.37,0.0541
12989,3057,72,2,232.52,0.1822
12990,5576,3,1,1910.96,0.1884
12991,3636,145,1,631.73,0.1402
12992,3532,5,3,1875.2,0.1576
12993,7368,188,3,1446.8,0.2077
12994,8142,73,3,2436.89,0.2703
12995,7556,115,4,1073.29,0.2572
12996,1615,70,4,2238.54,0.2126
12997,662,136,5,1813.56,0.2568
12998,94,172,5,375.83,0.1882
12999,9057,154,4,1784.9,0.2251
13000,7359,176,1,1599.36,0.2651
13001,6620,84,1,2445.04,0.2637
13002,1064,26,2,1150.88,0.2435
13003,9280,58,3,1395.3,0.1645
13004,5572,118,2,1778.27,0.057
13005,5762,195,4,1526.05,0.2521
13006,3045,186,1,1544.39,0.2276
13007,5871,25,1,1137.66,0.2315
13008,4371,15,5,1931.04,0.0376
13009,7246,11,1,38.63,0.2569
13010,2173,96,4,406.08,0.2394
13011,8713,6,3,2131.89,0.119
13012,5409,2,2,2328.46,0.1437
13013,5247,23,1,1850.65,0.2863
13014,6360,93,1,405.79,0.0131
13015,1130,7,4,1455.62,0.0397
13016,2773,190,4,710.27,0.245
13017,3649,30,4,1411.12,0.1838
13018,6201,80,5,524.16,0.0162
13019,6888,1,1,356.01,0.2096
13020,3352,164,2,493.61,0.1164
13021,614,1,2,2233.88,0.1373
13022,4268,150,2,159.1,0.0676
13023,7273,101,5,101.67,0.0527
13024,8198,62,3,488.7,0.1282
13025,4035,80,5,1424.27,0.1752
13026,2969,44,1,236.55,0.0647
13027,8731,9,5,1305.72,0.1363
13028,7698,89,4,1804.24,0.1761
13029,2520,38,2,1357.02,0.145
13030,9824,22,1,1920.76,0.1404
13031,9471,169,1,1306.64,0.0866
13032,556,2,1,240.78,0.0337
13033,4343,129,1,1678.28,0.285
13034,6917,10,3,828.8,0.2709
13035,8509,99,5,1307.14,0.279
13036,5371,88,1,2487.09,0.1641
13037,8946,178,3,697.6,0.0783
13038,3718,152,5,2055.5,0.0989
13039,5927,175,5,1417.27,0.1803
13040,2288,174,3,2290.47,0.2145
13041,4232,102,4,2277.92,0.1933
13042,2275,148,4,1790.22,0.053
13043,8651,116,1,771.72,0.2671
13044,5716,188,3,2378.53,0.1843
13045,3830,23,3,2091.01,0.2593
13046,1110,23,4,2417.13,0.1854
13047,2985,73,3,2425.47,0.1213
13048,7628,62,3,1108.95,0.0256
13049,4165,132,1,258.15,0.0909
13050,1386,155,1,1271.95,0.0573
13051,5563,57,3,316.99,0.2886
13052,6295,68,2,1233.83,0.1201
13053,5604,66,2,1379.11,0.2715
13054,1734,199,3,1448.72,0.0992
13055,1578,57,4,37.5,0.0371
13056,6741,43,1,2143.05,0.243
13057,8007,176,2,1154.0,0.1408
13058,741,170,1,1773.57,0.2552
13059,2479,12,3,288.09,0.17
13060,2964,91,1,1866.5,0.0299
13061,3292,182,2,1111.79,0.0095
13062,9363,86,3,1855.74,0.0478
13063,2250,107,3,2315.19,0.0962
13064,3794,74,3,1831.29,0.1227
13065,2461,35,1,1542.96,0.2594
13066,4316,168,4,1770.8,0.2638
13067,6956,181,2,1854.29,0.1369
13068,7551,84,5,1262.48,0.1968
13069,617,32,2,2092.01,0.039
13070,1986,133,2,1393.05,0.2855
13071,3350,157,5,1587.26,0.1013
13072,2797,90,2,1067.31,0.1945
13073,8907,11,3,2383.06,0.1658
13074,8710,29,3,1294.95,0.2299
13075,1982,124,1,544.84,0.2977
13076,6941,108,5,806.5,0.1305
13077,3115,148,3,382.27,0.0891
13078,8899,43,5,325.97,0.0303
13079,2296,70,3,2329.13,0.2376
13080,5438,136,2,1667.56,0.0935
13081,8973,173,5,16.45,0.1332
13082,5679,111,3,2033.99,0.287
13083,8463,66,4,1333.93,0.2841
13084,3653,190,5,287.07,0.2082
13085,5926,183,5,1141.43,0.0311
13086,5362,91,4,923.91,0.1346
13087,6238,166,5,810.96,0.2726
13088,6624,93,1,1165.99,0.1512
13089,5524,194,2,1606.82,0.2952
13090,2467,15,2,1348.83,0.0567
13091,3208,33,3,715.48,0.1793
13092,2711,11,1,1813.05,0.0568
13093,4955,168,4,2472.03,0.2388
13094,1530,88,4,2415.5,0.2753
13095,180,169,2,2491.63,0.0185
13096,2696,79,4,1225.83,0.1281
13097,8803,133,2,122.72,0.0114
13098,4421,132,1,1825.27,0.0206
13099,961,196,1,1664.06,0.1104
13100,7359,165,1,2418.0,0.1749
13101,2776,115,3,936.9,0.2555
13102,9505,13,4,2485.39,0.2842
13103,1282,149,3,178.22,0.0806
13104,7889,11,5,907.05,0.0672
13105,1418,14,4,1854.27,0.0475
13106,741,164,5,1543.82,0.0059
13107,6722,141,1,526.39,0.1605
13108,4556,187,3,902.76,0.1594
13109,3087,69,3,418.21,0.0256
13110,471,21,2,2486.33,0.0052
13111,7028,97,1,1293.25,0.1145
13112,1190,108,2,2170.11,0.0237
13113,5789,192,1,993.85,0.0169
13114,3576,183,2,621.58,0.1482
13115,9422,81,3,1227.54,0.2437
13116,1145,91,3,1927.05,0.2006
13117,8875,193,2,2276.6,0.0461
13118,5097,179,2,494.33,0.1983
13119,1510,197,4,332.87,0.1052
13120,3740,76,3,415.34,0.0258
13121,3934,25,5,769.05,0.1109
13122,5628,25,5,1502.83,0.2597
13123,7368,140,1,1848.06,0.0613
13124,8048,11,4,921.25,0.1475
13125,8275,94,2,2298.67,0.1051
13126,3969,48,5,1159.19,0.2399
13127,876,81,1,1228.58,0.1797
13128,8414,131,3,2217.51,0.1229
13129,8185,75,3,170.2,0.1306
13130,1565,177,5,1527.63,0.2711
13131,648,161,1,1407.12,0.0757
13132,1190,47,3,1011.44,0.025
13133,1795,73,1,1088.2,0.256
13134,5431,146,3,1727.2,0.1432
13135,5116,1,3,1429.12,0.0145
13136,2217,70,3,1643.91,0.2714
13137,155,133,2,1108.85,0.1883
13138,1116,3,2,1015.28,0.0756
13139,9372,90,1,1305.32,0.2095
13140,7359,101,3,1073.39,0.0804
13141,6719,198,1,2115.37,0.1171
13142,2825,11,5,2182.43,0.106
13143,5204,75,3,198.55,0.2237
13144,3549,107,3,161.86,0.0319
13145,9245,40,1,732.83,0.0845
13146,9611,102,1,229.02,0.2703
13147,6615,64,5,1356.49,0.2653
13148,7889,80,5,67.84,0.2912
13149,1176,84,1,1965.52,0.0081
13150,2083,58,2,1627.84,0.0344
13151,4922,153,4,541.3,0.2904
13152,9151,30,5,833.88,0.0867
13153,6859,168,4,774.41,0.2182
13154,9975,25,5,2307.63,0.284
13155,3294,10,5,2219.32,0.2487
13156,8892,109,5,1417.36,0.1156
13157,7591,57,5,919.58,0.1854
13158,6548,163,2,1162.48,0.1269
13159,5718,27,2,1426.22,0.0929
13160,1624,196,4,1239.01,0.2229
13161,4544,62,1,170.42,0.2943
13162,8846,157,4,1165.03,0.1355
13163,4237,99,2,2301.47,0.1655
13164,4353,149,2,1030.26,0.1304
13165,2551,169,3,1757.15,0.2928
13166,3675,159,3,2492.69,0.2177
13167,1293,147,5,1387.9,0.1508
13168,8072,38,3,1216.37,0.2283
13169,1554,160,1,685.31,0.0446
13170,4770,4,4,584.7,0.01
13171,9274,78,4,1395.97,0.153
13172,8475,65,2,1695.25,0.2079
13173,3730,104,4,1078.22,0.0312
13174,9273,83,1,19.41,0.079
13175,4978,48,3,1407.0,0.2945
13176,5824,160,3,1435.45,0.0528
13177,591,125,1,196.68,0.0484
13178,4923,8,3,267.43,0.1131
13179,3779,133,5,771.87,0.2998
13180,9721,200,4,1501.13,0.093
13181,4374,177,3,453.9,0.0611
13182,5554,198,4,870.51,0.0531
13183,2455,99,1,380.8,0.2381
13184,84,53,3,849.05,0.2507
13185,6580,127,5,1825.06,0.2144
13186,5895,116,5,943.25,0.2647
13187,1927,60,1,2046.4,0.2708
13188,8141,189,5,2319.68,0.2377
13189,745,190,1,778.44,0.1943
13190,8343,141,5,1559.72,0.2313
13191,2884,89,3,667.27,0.2878
13192,2249,51,4,1428.65,0.2145
13193,8554,157,4,311.39,0.2219
13194,1216,20,2,1511.82,0.1026
13195,4626,35,4,444.03,0.1441
13196,4259,90,5,993.17,0.2885
13197,2327,115,2,603.25,0.2661
13198,1159,84,2,1991.91,0.0449
13199,7869,107,3,466.54,0.0286
13200,945,41,3,2408.93,0.1363
13201,5114,172,3,310.86,0.0531
13202,4851,44,5,1043.39,0.2882
13203,4804,134,5,1924.03,0.2262
13204,9602,191,5,306.02,0.2517
13205,2938,145,4,796.33,0.1971
13206,3759,120,1,1140.21,0.2369
13207,4555,114,3,1909.34,0.0679
13208,9230,91,2,1971.66,0.2962
13209,8808,41,2,2141.01,0.1774
13210,7298,151,2,776.5,0.1016
13211,4,38,1,53.07,0.2961
13212,4755,169,5,1802.96,0.0062
13213,5064,31,5,445.04,0.2071
13214,1613,144,5,984.28,0.2484
13215,4530,123,2,2015.08,0.026
13216,4722,131,1,1531.98,0.2435
13217,8404,80,4,2185.61,0.2114
13218,2241,115,1,1637.65,0.0903
13219,4323,144,1,965.58,0.0346
13220,8532,68,3,97.5,0.2323
13221,5964,69,4,51.66,0.2764
13222,7154,182,1,640.51,0.129
13223,8871,87,4,1621.92,0.1715
13224,2461,42,1,1789.61,0.1202
13225,4419,192,4,870.31,0.2287
13226,2557,126,4,2116.76,0.2583
13227,4171,19,4,2359.23,0.1833
13228,7796,89,3,756.03,0.1461
13229,2388,83,5,889.38,0.2123
13230,3633,62,1,1022.35,0.1276
13231,2367,3,3,705.54,0.1851
13232,795,8,1,1621.85,0.1543
13233,3782,159,1,2273.85,0.0533
13234,5993,19,2,1077.31,0.1192
13235,7226,119,2,462.44,0.078
13236,9850,65,3,500.19,0.0833
13237,3706,53,1,1808.74,0.0043
13238,7433,13,3,1839.49,0.2482
13239,8917,59,5,1197.73,0.0085
13240,978,185,5,1905.34,0.23
13241,9089,171,2,1284.3,0.0507
13242,76,12,2,772.79,0.2802
13243,3603,88,3,361.72,0.2416
13244,1658,98,5,1297.66,0.0347
13245,5006,152,5,2092.45,0.2411
13246,5850,170,3,2315.36,0.1075
13247,1872,137,5,165.76,0.2742
13248,9724,176,2,2297.23,0.1526
13249,4870,68,3,457.29,0.2199
13250,4209,176,4,1517.36,0.0067
13251,350,153,4,1100.63,0.0167
13252,4861,100,4,1756.77,0.0003
13253,3091,152,5,1331.68,0.0097
13254,5849,23,2,983.48,0.1657
13255,2265,103,2,191.98,0.2351
13256,1524,62,5,80.76,0.0156
13257,642,79,2,605.09,0.082
13258,8906,89,3,1868.21,0.1382
13259,8191,189,3,1550.58,0.152
13260,3497,120,5,1053.52,0.1995
13261,5813,107,2,1345.44,0.0222
13262,1928,10,5,1483.21,0.2302
13263,8481,10,2,190.13,0.0443
13264,5547,70,2,817.03,0.1241
13265,6046,69,3,2200.16,0.0851
13266,6434,60,3,1837.56,0.1478
13267,5988,93,3,229.65,0.0626
13268,6164,65,1,700.98,0.2143
13269,6462,57,5,517.37,0.1839
13270,6360,111,4,963.86,0.1889
13271,1624,14,2,2456.11,0.2157
13272,253,36,1,1449.02,0.0634
13273,6212,62,3,407.66,0.17
13274,3663,76,5,1966.48,0.1674
13275,6483,15,2,1471.55,0.197
13276,5779,49,2,2156.69,0.2343
13277,368,80,1,1223.52,0.27
13278,9763,143,3,2227.71,0.0365
13279,2031,200,4,2141.65,0.0357
13280,2701,172,2,172.74,0.0342
13281,7559,78,3,2063.7,0.2676
13282,4624,130,1,307.96,0.1034
13283,3338,119,5,286.89,0.2002
13284,2297,63,5,413.06,0.1097
13285,7846,24,1,2301.92,0.1428
13286,8245,2,4,1245.14,0.1865
13287,9762,82,5,813.29,0.1268
13288,5205,132,1,152.2,0.0272
13289,1409,92,5,305.06,0.1732
13290,719,105,1,485.25,0.2656
13291,6858,168,5,476.71,0.1542
13292,571,7,4,215.44,0.2725
13293,7011,61,1,215.02,0.1739
13294,1049,172,4,755.45,0.2013
13295,4000,109,4,1375.03,0.0945
13296,5663,196,2,1441.75,0.1253
13297,3965,130,1,731.09,0.1823
13298,3075,45,4,214.28,0.2385
13299,854,139,2,1527.41,0.2154
13300,4290,167,2,1645.62,0.1967
13301,5847,123,4,1750.01,0.2851
13302,7016,7,3,2320.64,0.0134
13303,830,29,1,105.33,0.2676
13304,693,64,1,537.87,0.1284
13305,5976,152,3,1436.13,0.0541
13306,5497,67,1,39.92,0.0324
13307,3617,1,4,140.7,0.2941
13308,7921,97,2,993.77,0.2867
13309,3163,116,2,1443.71,0.2966
13310,2701,174,3,1711.57,0.1802
13311,6629,43,4,632.68,0.1516
13312,1575,138,4,1557.12,0.202
13313,2153,79,2,932.39,0.099
13314,7193,75,5,1396.78,0.0937
13315,6638,128,5,1678.78,0.1674
13316,5569,161,1,638.85,0.2605
13317,1552,189,1,905.6,0.2884
13318,4680,38,1,1389.39,0.1029
13319,1621,148,4,590.26,0.2697
13320,4043,96,2,2350.99,0.039
13321,3802,200,4,1813.31,0.0416
13322,8628,53,3,1576.58,0.2863
13323,1468,55,2,1827.22,0.28
13324,3365,17,2,596.8,0.0356
13325,1846,174,2,31.26,0.2738
13326,1535,100,2,1623.67,0.1447
13327,1491,130,1,2412.15,0.2513
13328,4271,98,2,1651.85,0.0876
13329,6485,139,4,447.6,0.2117
13330,9214,78,2,2148.59,0.2637
13331,3819,10,3,1453.68,0.2396
13332,7634,23,5,1549.63,0.1061
13333,170,88,4,1290.59,0.0246
13334,4836,44,4,1839.08,0.2555
13335,701,105,4,2398.62,0.1123
13336,6131,184,1,946.21,0.1794
13337,4542,156,3,1458.41,0.0045
13338,951,27,2,2137.71,0.2906
13339,9743,176,3,2199.04,0.0412
13340,3046,200,2,2060.34,0.1944
13341,2619,118,1,1408.61,0.2425
13342,3831,37,5,2341.53,0.0326
13343,298,64,1,437.18,0.1713
13344,8052,47,3,519.93,0.2887
13345,510,49,1,554.48,0.2728
13346,5894,66,3,1015.01,0.0821
13347,3750,45,3,1673.25,0.2884
13348,7119,58,3,1060.67,0.2892
13349,1441,107,1,2375.39,0.1365
13350,5466,65,5,612.97,0.047
13351,7582,126,2,2038.73,0.0198
13352,5230,68,5,1958.36,0.135
13353,449,112,2,837.48,0.1613
13354,634,3,1,1184.62,0.0778
13355,5887,90,3,1907.56,0.001
13356,1019,71,2,2137.72,0.0408
13357,8907,86,2,1710.96,0.0723
13358,5610,10,1,2306.75,0.0938
13359,5647,10,4,1555.94,0.1248
13360,7116,39,2,1023.62,0.2153
13361,918,65,1,1563.21,0.2349
13362,9016,113,5,1535.8,0.1051
13363,6938,58,4,1387.78,0.2761
13364,4274,37,5,776.25,0.0527
13365,2033,128,3,1673.11,0.0968
13366,8791,75,3,2004.83,0.0425
13367,2365,34,2,2397.69,0.2017
13368,3,123,5,1251.31,0.0656
13369,5278,138,4,1884.49,0.2043
13370,5306,78,5,2007.85,0.0123
13371,6040,38,1,1690.01,0.0622
13372,8005,61,5,956.78,0.1446
13373,4147,194,2,1794.58,0.2329
13374,6966,103,5,2444.23,0.0476
13375,3763,74,1,1522.14,0.0641
13376,2715,29,4,1849.25,0.1829
13377,2473,178,3,603.69,0.2449
13378,7793,65,1,1642.36,0.1684
13379,4216,108,1,99.96,0.1847
13380,618,4,3,2079.26,0.2941
13381,1394,97,5,564.11,0.2382
13382,2465,152,2,177.33,0.1377
13383,1803,169,4,456.35,0.026
13384,8356,22,5,1182.66,0.2647
13385,9849,10,3,120.13,0.243
13386,8827,44,2,101.62,0.1282
13387,9148,188,4,1282.83,0.2404
13388,4645,154,2,1427.25,0.2183
13389,6032,142,3,806.58,0.0598
13390,719,140,2,56.8,0.0527
13391,3464,20,4,1157.1,0.2345
13392,995,35,5,2297.92,0.1681
13393,4617,109,3,1218.61,0.1338
13394,837,63,2,1141.61,0.111
13395,8704,145,3,1402.94,0.2157
13396,7760,156,4,424.2,0.121
13397,1042,80,4,2010.49,0.0036
13398,7628,87,5,97.58,0.0938
13399,4803,165,4,154.89,0.2716
13400,5236,23,5,154.57,0.1107
13401,8736,143,1,1984.61,0.0122
13402,6367,141,5,930.16,0.219
13403,4184,142,2,1613.48,0.0827
13404,5793,137,1,212.64,0.0176
13405,9157,136,4,1910.26,0.2396
13406,1922,117,2,846.94,0.0019
13407,2870,71,2,550.59,0.0479
13408,9190,67,2,1791.19,0.0594
13409,8867,100,4,175.22,0.2066
13410,9079,23,4,1223.18,0.0336
13411,2237,81,2,967.07,0.2115
13412,6515,41,1,1857.03,0.0951
13413,4924,89,2,1602.88,0.1538
13414,2298,87,4,2230.63,0.2449
13415,4220,32,4,1820.97,0.1326
13416,2014,117,5,1047.92,0.0461
13417,2353,193,3,475.23,0.041
13418,4887,27,1,1133.51,0.1154
13419,1860,64,5,429.99,0.0463
13420,4494,73,3,296.68,0.1892
13421,7326,67,4,136.27,0.1789
13422,2051,107,3,1362.26,0.2135
13423,2044,181,4,1422.03,0.1812
13424,6475,10,2,1643.45,0.1077
13425,4675,51,1,2218.67,0.179
13426,2729,160,4,2283.71,0.2594
13427,8112,193,4,861.79,0.0126
13428,5682,46,4,1595.95,0.0276
13429,442,200,3,1163.39,0.2935
13430,2063,103,4,1885.45,0.2304
13431,5242,138,2,1795.4,0.0217
13432,9776,88,5,500.57,0.282
13433,8818,83,5,447.33,0.2827
13434,6977,190,5,298.72,0.2034
13435,6114,117,4,320.3,0.2757
13436,9151,71,2,626.22,0.1025
13437,9231,54,3,883.95,0.1212
13438,7556,167,1,1558.09,0.1323
13439,91,29,3,1868.83,0.2747
13440,2765,16,4,361.05,0.2823
13441,5879,172,2,642.62,0.1786
13442,1518,195,1,1485.34,0.2717
13443,8040,197,4,1899.04,0.2569
13444,6048,198,2,2054.25,0.1273
13445,6665,17,3,967.87,0.2108
13446,3813,42,2,1123.3,0.0553
13447,9433,96,2,1699.57,0.0446
13448,8377,40,3,706.18,0.2037
13449,8387,14,5,220.07,0.1308
13450,8208,160,1,1116.38,0.2089
13451,3153,171,3,2464.3,0.2383
13452,3675,175,1,943.25,0.1258
13453,5770,151,4,756.34,0.2854
13454,6837,60,4,2059.01,0.2745
13455,6209,12,5,2296.55,0.0292
13456,4381,86,5,1955.08,0.0406
13457,8338,117,3,1316.36,0.0396
13458,9632,58,3,2222.59,0.1585
13459,1899,22,1,1480.84,0.1409
13460,3745,192,3,748.72,0.2651
13461,9686,74,5,2343.19,0.1107
13462,1899,140,5,1647.3,0.1368
13463,6411,100,5,346.98,0.2639
13464,5832,87,1,849.35,0.1657
13465,6435,24,3,1654.37,0.1802
13466,8272,200,3,2095.67,0.0353
13467,7788,20,1,2472.1,0.0094
13468,5597,131,1,518.18,0.2366
13469,1186,199,2,2016.3,0.0868
13470,5625,23,1,309.2,0.1504
13471,3060,187,3,1708.47,0.2541
13472,6968,99,3,281.01,0.1216
13473,3935,33,5,1407.3,0.2795
13474,1438,115,5,1313.41,0.2027
13475,5104,46,2,2237.23,0.018
13476,8030,35,1,1349.22,0.0367
13477,8650,22,4,1795.19,0.244
13478,2274,34,2,2161.43,0.2974
13479,5695,36,1,365.05,0.0504
13480,2326,101,3,308.02,0.1668
13481,7993,154,2,314.81,0.1283
13482,5814,41,2,821.54,0.1075
13483,2052,10,1,983.5,0.2204
13484,7361,101,3,110.88,0.0053
13485,9983,114,1,634.27,0.2047
13486,3376,135,3,32.04,0.037
13487,151,42,3,489.79,0.1187
13488,8051,139,5,991.39,0.115
13489,7383,72,4,1889.86,0.0958
13490,1766,71,5,2493.33,0.2857
13491,7495,110,2,510.32,0.1955
13492,4001,107,2,1757.52,0.1183
13493,9114,72,1,890.74,0.0352
13494,955,134,1,2126.19,0.0306
13495,85,46,1,843.53,0.2093
13496,8610,133,5,783.97,0.0515
13497,8898,80,3,1344.71,0.2053
13498,5366,173,4,2494.41,0.2869
13499,8565,112,2,891.65,0.2227
13500,1095,14,2,518.07,0.1368
13501,3274,34,1,1744.17,0.1962
13502,7519,184,5,2236.08,0.0427
13503,9096,58,1,2077.59,0.1192
13504,4865,50,5,2202.13,0.1602
13505,4317,86,3,98.75,0.0997
13506,1183,195,1,214.66,0.1695
13507,5328,105,3,1983.92,0.0496
13508,2899,127,2,1040.18,0.2365
13509,9946,184,2,1136.59,0.1106
13510,4490,148,2,1002.81,0.0666
13511,5093,13,3,434.01,0.1484
13512,8514,126,1,2349.0,0.1809
13513,1204,85,5,1832.13,0.1517
13514,3672,93,5,817.31,0.0197
13515,7550,104,1,1486.0,0.0998
13516,6972,86,4,1326.63,0.0639
13517,8014,45,5,1199.54,0.2397
13518,126,159,5,2406.91,0.2895
13519,5102,198,1,1134.77,0.2004
13520,6962,169,1,1539.71,0.2779
13521,3691,46,1,661.87,0.243
13522,3160,2,4,924.92,0.0164
13523,6143,124,3,1440.11,0.2498
13524,3598,135,2,2317.08,0.2125
13525,3315,140,3,2431.78,0.075
13526,2578,64,3,2025.89,0.0964
13527,4386,43,1,2055.38,0.2283
13528,3625,51,1,315.73,0.2791
13529,1611,83,1,2263.33,0.0627
13530,5297,111,2,2372.98,0.2309
13531,8410,20,3,590.41,0.2215
13532,4821,141,2,1276.49,0.2356
13533,2864,175,5,997.91,0.1494
13534,4033,154,3,1868.51,0.0111
13535,3854,58,2,392.15,0.0401
13536,391,150,2,1837.5,0.1271
13537,3998,59,4,2121.96,0.2167
13538,4247,143,2,312.43,0.2491
13539,8655,173,2,588.21,0.2376
13540,5009,47,4,322.48,0.2087
13541,6018,82,2,2022.81,0.2478
13542,9544,31,3,69.33,0.1709
13543,9127,111,1,2237.37,0.0004
13544,9436,98,3,1350.22,0.1894
13545,3376,157,1,551.05,0.2592
13546,511,41,4,389.79,0.1506
13547,4869,18,2,397.34,0.1867
13548,4066,96,4,679.4,0.2619
13549,3143,10,4,215.31,0.2675
13550,2910,9,4,1998.26,0.2209
13551,5214,180,3,694.8,0.0783
13552,2767,116,4,52.28,0.0274
13553,1609,155,2,1995.79,0.0839
13554,1691,26,5,1471.0,0.2935
13555,8962,85,4,94.0,0.1515
13556,228,29,1,574.92,0.2415
13557,7343,20,2,816.53,0.0772
13558,808,73,2,2346.78,0.2559
13559,6361,196,5,1074.24,0.0936
13560,548,143,2,1732.07,0.2915
13561,5517,180,2,1945.37,0.1727
13562,724,106,4,1315.76,0.2655
13563,115,106,5,265.85,0.0004
13564,6662,80,4,2336.97,0.1019
13565,4036,129,5,1132.99,0.1154
13566,9341,147,5,438.44,0.198
13567,6452,154,4,1924.17,0.1625
13568,9935,59,2,2206.59,0.2031
13569,7683,4,3,1835.13,0.1301
13570,4162,62,4,1123.85,0.0785
13571,8470,185,5,2459.06,0.2844
13572,139,126,4,263.56,0.063
13573,676,188,2,380.04,0.2526
13574,7477,35,3,698.38,0.2701
13575,9259,163,2,343.71,0.0822
13576,1837,108,5,1127.28,0.1749
13577,8873,168,5,1495.5,0.2215
13578,4367,149,5,768.26,0.2626
13579,2348,101,5,89.93,0.2499
13580,1066,155,3,1407.76,0.2452
13581,9813,175,3,1408.36,0.0209
13582,7684,104,5,2179.02,0.2931
13583,5033,13,4,271.37,0.1566
13584,6406,54,1,938.5,0.0927
13585,5841,6,4,590.91,0.0586
13586,3327,159,4,270.25,0.2883
13587,6225,87,5,763.92,0.0175
13588,4507,161,3,2015.18,0.279
13589,8922,137,3,598.79,0.0644
13590,4852,69,4,2285.14,0.2929
13591,8050,172,4,1735.36,0.0122
13592,7271,186,4,252.71,0.0397
13593,5664,38,5,565.79,0.0033
13594,9586,44,2,100.01,0.0039
13595,2903,68,1,302.39,0.2776
13596,51,32,5,1807.1,0.2299
13597,7406,131,1,398.64,0.2687
13598,8232,106,2,741.88,0.0089
13599,6023,59,2,1715.41,0.0197
13600,8961,140,5,1602.25,0.2981
13601,2969,100,3,2244.01,0.1472
13602,6367,111,3,845.18,0.0406
13603,8710,174,1,926.96,0.1336
13604,8156,160,3,252.2,0.0314
13605,2020,159,4,719.5,0.2944
13606,6416,141,4,2116.31,0.2155
13607,7574,49,2,359.5,0.0595
13608,4325,91,5,937.22,0.1685
13609,5681,69,3,2110.56,0.2173
13610,9467,64,2,562.48,0.2219
13611,4490,154,4,405.58,0.0902
13612,7463,49,3,32.1,0.0228
13613,6714,151,3,2296.22,0.264
13614,5831,194,5,2176.92,0.2793
13615,2730,3,3,483.58,0.1628
13616,9517,149,3,1971.79,0.2594
13617,601,174,5,2433.58,0.1622
13618,1797,109,1,773.62,0.0784
13619,8505,167,3,1675.68,0.1973
13620,5200,78,5,525.42,0.1698
13621,663,38,2,1474.36,0.2719
13622,5778,28,2,828.92,0.2825
13623,8687,197,4,1545.73,0.1318
13624,3976,45,5,1675.0,0.052
13625,3048,102,3,1799.14,0.236
13626,2195,62,2,2259.4,0.07
13627,6373,17,3,287.41,0.175
13628,3996,168,5,699.29,0.2006
13629,1732,110,2,437.56,0.2547
13630,2902,35,4,1098.94,0.0622
13631,4428,185,2,1086.79,0.2505
13632,5569,25,4,847.26,0.1533
13633,776,15,5,2469.3,0.1593
13634,442,111,1,1905.96,0.2808
13635,3049,147,5,243.2,0.1143
13636,411,179,4,1014.36,0.0089
13637,8301,141,3,2154.58,0.0796
13638,7670,96,2,429.06,0.23
13639,3174,95,2,1168.59,0.255
13640,5869,25,4,1936.59,0.1509
13641,2937,151,2,228.47,0.1401
13642,6783,81,4,2046.31,0.1061
13643,8079,59,3,290.02,0.2487
13644,4830,144,1,1166.65,0.1247
13645,5827,96,5,2393.05,0.0742
13646,1727,51,3,1280.16,0.2173
13647,3166,117,3,2253.78,0.1552
13648,484,109,2,2296.87,0.0236
13649,6915,138,2,1081.74,0.2038
13650,6964,200,1,2336.57,0.1233
13651,4140,183,4,237.79,0.2559
13652,1340,122,4,875.96,0.2832
13653,6202,190,3,2213.01,0.2896
13654,607,45,3,1335.63,0.2967
13655,5262,194,2,1794.54,0.2569
13656,6931,25,4,121.0,0.1097
13657,9662,186,1,1668.03,0.0772
13658,8627,91,3,2126.91,0.0608
13659,4219,64,2,1704.12,0.2217
13660,3062,172,5,2383.48,0.1922
13661,1818,152,5,1740.46,0.1729
13662,4722,51,5,800.13,0.1237
13663,952,63,5,646.89,0.2311
13664,2807,152,3,1579.14,0.1217
13665,9068,48,4,253.29,0.1345
13666,9701,20,4,971.53,0.1007
13667,4781,32,4,1096.56,0.1406
13668,3295,162,1,1510.54,0.0369
13669,6866,52,1,593.76,0.2754
13670,2946,38,4,2320.08,0.2254
13671,4218,14,3,2356.15,0.1687
13672,7533,152,5,1499.68,0.2597
13673,7494,117,5,1685.23,0.0424
13674,2888,200,4,778.29,0.0405
13675,9325,8,2,652.54,0.2315
13676,2884,134,3,685.01,0.114
13677,4639,113,2,1024.57,0.2339
13678,1146,171,2,2323.84,0.2389
13679,2119,55,3,781.88,0.2744
13680,1199,155,3,731.46,0.0951
13681,7461,24,1,824.76,0.0156
13682,1745,92,1,597.86,0.1451
13683,9952,67,5,1823.84,0.0247
13684,3091,6,1,1017.25,0.1547
13685,9945,66,2,1178.09,0.2609
13686,9269,144,3,1792.46,0.1608
13687,9214,185,5,1631.12,0.0559
13688,992,62,1,1020.19,0.0678
13689,587,193,5,72.59,0.2609
13690,7812,146,4,2233.11,0.2536
13691,8750,113,1,299.31,0.139
13692,3487,80,5,2108.87,0.2287
13693,9764,166,3,1875.71,0.0049
13694,9348,146,2,2087.91,0.2597
13695,8834,14,3,2236.94,0.059
13696,4775,154,4,129.95,0.0711
13697,3884,70,1,1102.82,0.1625
13698,4187,11,4,158.6,0.1391
13699,8057,2,2,803.31,0.0426
13700,7977,25,1,364.79,0.21
13701,3194,195,1,1452.63,0.1732
13702,5985,189,2,1545.51,0.2723
13703,3878,168,4,1428.01,0.2895
13704,4042,158,3,570.5,0.1175
13705,2753,9,2,623.9,0.115
13706,3186,158,5,780.11,0.2561
13707,419,149,3,402.03,0.0357
13708,4619,86,1,1089.69,0.0105
13709,2235,45,2,1765.55,0.0052
13710,7750,140,2,2011.98,0.2859
13711,811,42,5,72.33,0.132
13712,7655,124,4,127.59,0.1925
13713,9832,181,5,1565.63,0.0408
13714,2905,158,5,1152.48,0.0124
13715,2775,46,4,869.92,0.2659
13716,1654,70,1,1953.49,0.2219
13717,4101,91,2,1235.82,0.2268
13718,5786,60,3,1477.04,0.1398
13719,6944,121,1,850.55,0.1877
13720,4399,55,1,753.6,0.1865
13721,1976,54,1,2372.56,0.2966
13722,6499,158,3,1751.4,0.1407
13723,5050,79,2,836.02,0.1184
13724,9884,59,1,2497.51,0.2129
13725,5215,36,5,149.17,0.2059
13726,7759,58,3,1083.1,0.1799
13727,4791,57,4,2453.04,0.1172
13728,826,107,2,2250.91,0.1333
13729,5109,93,5,1142.25,0.0742
13730,430,135,3,1789.12,0.0703
13731,3914,52,3,935.1,0.2585
13732,5805,51,4,1206.09,0.0654
13733,3722,93,3,1619.67,0.2539
13734,1382,14,2,944.17,0.0536
13735,1756,152,5,1940.76,0.163
13736,3672,166,3,879.47,0.1428
13737,4601,2,4,525.74,0.2294
13738,5488,199,2,646.54,0.2661
13739,2912,120,3,2260.77,0.0762
13740,5894,117,1,1889.6,0.1365
13741,1419,35,1,2248.51,0.0544
13742,4483,168,4,2326.58,0.1027
13743,5064,178,1,44.56,0.0744
13744,1953,154,1,493.75,0.2899
13745,2031,96,2,988.19,0.131
13746,979,143,2,534.34,0.0809
13747,762,107,5,150.51,0.0313
13748,6154,138,5,2321.95,0.1045
13749,5907,27,5,2224.14,0.2703
13750,135,154,2,488.02,0.213
13751,2621,146,2,1235.62,0.0418
13752,2574,193,2,2444.81,0.0038
13753,2306,194,1,1482.89,0.1815
13754,6588,32,5,1358.77,0.2875
13755,2349,95,1,1069.9,0.0852
13756,7956,106,5,330.57,0.1137
13757,5146,77,4,299.23,0.2456
13758,5563,59,1,2190.57,0.1129
13759,5111,63,5,616.61,0.1612
13760,7144,93,3,689.44,0.01
13761,9879,187,4,353.35,0.2039
13762,7376,131,1,990.16,0.0051
13763,9881,68,1,1572.09,0.1108
13764,4724,144,3,1358.28,0.0253
13765,6345,63,2,100.17,0.0146
13766,381,10,3,1181.2,0.0014
13767,6047,14,2,1055.26,0.0063
13768,1139,179,1,666.9,0.1766
13769,6447,101,2,1628.23,0.0059
13770,142,83,3,2350.42,0.0223
13771,4624,171,5,1755.68,0.1233
13772,5268,113,4,461.63,0.1221
13773,1525,94,1,1634.05,0.0788
13774,5894,196,4,391.0,0.1993
13775,9245,62,3,1373.16,0.0201
13776,6404,120,4,2404.54,0.0861
13777,2056,100,5,2429.2,0.2085
13778,3376,62,5,2209.7,0.0318
13779,7184,160,5,927.7,0.2132
13780,3375,91,3,1766.92,0.0048
13781,6240,23,5,436.91,0.2106
13782,4322,34,1,2326.62,0.236
13783,8780,147,5,1145.99,0.209
13784,9540,23,3,1428.2,0.2277
13785,7287,44,5,971.49,0.2483
13786,7339,179,4,1045.17,0.141
13787,34,106,5,945.75,0.1099
13788,7942,168,3,1197.98,0.1987
13789,5425,184,4,2150.69,0.1742
13790,9267,119,2,2114.82,0.2128
13791,1545,200,1,853.2,0.2447
13792,7534,137,5,298.33,0.0106
13793,528,120,3,1132.45,0.1787
13794,3259,14,1,28.45,0.1758
13795,6328,58,4,1873.96,0.2245
13796,7361,63,3,21.6,0.2703
13797,3156,34,5,527.76,0.0688
13798,896,193,5,388.61,0.2688
13799,5514,160,2,2185.32,0.226
13800,5081,136,1,2498.79,0.0733
13801,1527,23,5,378.4,0.198
13802,604,160,4,1428.1,0.2021
13803,8995,38,4,2067.73,0.0981
13804,1086,124,4,890.68,0.1133
13805,2081,110,4,648.39,0.0262
13806,143,22,1,738.85,0.1579
13807,9578,101,2,817.46,0.2937
13808,9714,155,2,652.18,0.0171
13809,5235,189,3,181.04,0.183
13810,1909,180,1,2299.14,0.006
13811,5477,157,3,2251.55,0.0133
13812,9610,141,5,2133.04,0.1753
13813,3576,117,3,1920.89,0.2104
13814,6736,165,4,1874.35,0.1834
13815,754,170,2,1769.33,0.1506
13816,7775,173,2,2132.8,0.2309
13817,4360,126,2,150.6,0.0511
13818,1261,42,1,1927.82,0.2781
13819,1534,104,4,2172.82,0.2143
13820,1595,162,3,1627.21,0.2333
13821,3921,162,5,2123.99,0.0141
13822,3247,118,1,754.32,0.1715
13823,1596,74,5,913.33,0.1523
13824,3241,155,1,1531.23,0.255
13825,7220,80,4,366.9,0.2377
13826,3300,106,1,490.19,0.0976
13827,7416,170,5,2484.97,0.0429
13828,2380,26,1,1971.78,0.0808
13829,2936,52,4,295.42,0.2694
13830,3510,155,2,304.97,0.1155
13831,7501,179,1,990.4,0.2789
13832,99,196,5,2494.54,0.1162
13833,9928,61,5,2438.04,0.2967
13834,7159,162,1,1189.61,0.0874
13835,5387,105,4,1113.2,0.1257
13836,6152,3,3,1479.2,0.0945
13837,1598,153,2,1659.82,0.2971
13838,5521,153,4,673.07,0.1278
13839,2893,102,3,439.42,0.2431
13840,4068,193,5,2044.67,0.0473
13841,6029,122,1,894.94,0.0294
13842,9046,37,5,112.28,0.2692
13843,3182,122,1,2146.34,0.1191
13844,9786,13,2,1840.33,0.2151
13845,9048,82,1,1807.26,0.1266
13846,2462,143,5,1634.29,0.2437
13847,5005,134,3,1043.77,0.1839
13848,3080,39,3,2221.91,0.2174
13849,3648,141,3,922.9,0.2288
13850,5940,76,1,680.58,0.0522
13851,3974,122,4,1356.05,0.1064
13852,5447,74,5,1166.91,0.0949
13853,1974,123,5,98.72,0.1846
13854,4374,154,4,728.01,0.0153
13855,3263,155,3,962.65,0.048
13856,8696,22,3,1982.75,0.0007
13857,9950,97,5,1002.73,0.1168
13858,700,107,1,2350.08,0.1317
13859,8852,80,1,1855.54,0.0539
13860,4191,193,2,2050.52,0.0514
13861,1651,43,3,2228.05,0.1284
13862,7853,171,5,501.47,0.0747
13863,6778,65,1,2009.07,0.0223
13864,7482,11,2,495.09,0.2766
13865,7372,126,4,1380.41,0.2596
13866,677,86,1,775.56,0.0158
13867,8414,93,1,1251.72,0.0616
13868,6731,34,5,539.14,0.212
13869,6090,67,3,2404.13,0.0203
13870,4830,58,5,1669.98,0.2757
13871,5342,11,4,638.08,0.0045
13872,6574,50,3,602.95,0.1612
13873,3306,110,5,407.21,0.1205
13874,121,101,1,1946.17,0.1431
13875,7729,200,5,1206.86,0.2174
13876,3451,10,3,2237.47,0.0083
13877,9784,102,2,17.85,0.1866
13878,6312,8,2,1249.26,0.2508
13879,8986,192,4,1225.41,0.2114
13880,7764,158,5,2456.83,0.1103
13881,7258,164,1,1816.73,0.0555
13882,5731,30,4,1354.82,0.2144
13883,7440,184,4,1459.31,0.1087
13884,2123,95,4,1752.32,0.2399
13885,4233,105,3,2298.27,0.008
13886,2309,197,2,173.52,0.0034
13887,3284,147,3,174.56,0.1476
13888,6008,49,2,525.73,0.035
13889,6754,77,5,1112.85,0.2476
13890,8990,113,3,883.13,0.025
13891,1568,190,1,144.32,0.2842
13892,4312,189,5,1502.03,0.0846
13893,4881,153,3,2110.31,0.2626
13894,364,139,1,154.03,0.0826
13895,4327,30,5,1314.92,0.1226
13896,8171,71,5,2454.18,0.0629
13897,383,194,1,139.94,0.0147
13898,2202,35,1,746.6,0.1789
13899,5157,171,4,1113.41,0.2417
13900,5433,195,3,445.92,0.219
13901,4108,179,2,1384.77,0.2912
13902,7393,46,1,2132.23,0.2723
13903,2203,190,2,924.7,0.0418
13904,519,190,4,36.82,0.1878
13905,5098,32,2,1540.03,0.1423
13906,236,145,1,2207.44,0.056
13907,5158,179,3,1986.71,0.2256
13908,6064,156,2,1632.0,0.1451
13909,4394,85,5,1942.12,0.2096
13910,1268,51,2,816.4,0.0183
13911,2171,19,4,1222.17,0.034
13912,9708,97,4,970.99,0.1329
13913,8074,185,1,114.33,0.0058
13914,7019,75,3,624.82,0.0569
13915,9481,135,2,1249.67,0.2513
13916,3180,136,1,1619.1,0.1412
13917,5346,158,3,62.89,0.2147
13918,1198,7,4,2318.15,0.049
13919,3933,58,2,1499.42,0.1148
13920,6482,86,1,2088.56,0.2456
13921,9910,27,2,473.53,0.0128
13922,1629,40,2,1574.38,0.0948
13923,7799,100,5,216.41,0.1533
13924,2902,109,4,1139.96,0.1866
13925,9744,164,3,1747.75,0.0441
13926,2989,19,4,1658.16,0.2777
13927,8736,125,1,595.45,0.2212
13928,8616,91,4,290.95,0.0191
13929,3418,184,1,898.35,0.1337
13930,8147,70,4,1531.89,0.2668
13931,994,80,1,237.69,0.2701
13932,9724,24,1,2095.28,0.2639
13933,3004,152,2,1267.17,0.0357
13934,4427,158,5,2146.47,0.1502
13935,3516,167,5,1628.0,0.1363
13936,1573,173,2,2435.69,0.1264
13937,5654,99,5,1236.46,0.1139
13938,1933,177,3,1818.29,0.2577
13939,912,163,2,1232.9,0.2376
13940,4412,148,5,435.67,0.0564
13941,5847,36,2,237.65,0.2349
13942,6816,114,2,601.16,0.2037
13943,7851,147,2,1452.19,0.0141
13944,6304,168,5,2085.26,0.0314
13945,7014,109,5,367.16,0.2846
13946,156,89,3,2311.6,0.159
13947,9121,114,2,1204.31,0.2994
13948,6888,22,5,1267.96,0.2897
13949,5457,193,3,92.62,0.2306
13950,2730,151,4,2424.33,0.0967
13951,7554,152,3,165.71,0.0581
13952,6899,39,5,735.92,0.0033
13953,1698,87,4,1585.82,0.0467
13954,9070,38,1,1609.26,0.2637
13955,5542,127,5,1078.13,0.214
13956,2316,175,3,2174.45,0.2542
13957,5013,135,4,841.92,0.2521
13958,1115,103,2,399.8,0.2925
13959,1320,172,3,118.83,0.2099
13960,357,169,5,353.74,0.1685
13961,7166,107,3,2388.39,0.1773
13962,8510,170,2,785.6,0.2046
13963,9533,74,1,1647.21,0.1374
13964,2900,48,3,2422.2,0.2047
13965,1020,122,5,2215.95,0.1781
13966,6446,72,4,1268.44,0.0482
13967,7401,150,1,224.93,0.0337
13968,9180,191,1,1801.86,0.0657
13969,9629,185,2,342.7,0.2328
13970,1074,82,1,382.6,0.0772
13971,8553,184,1,2200.42,0.2578
13972,3008,162,1,1672.53,0.0861
13973,3574,23,5,2326.83,0.1856
13974,3558,28,1,2396.24,0.26
13975,870,169,3,1159.05,0.2543
13976,6282,10,1,1677.55,0.2505
13977,877,52,2,1642.53,0.2465
13978,3765,107,1,295.14,0.2062
13979,1820,56,3,1553.39,0.2159
13980,2,151,2,290.06,0.2864
13981,9885,138,5,2141.83,0.2344
13982,4916,193,2,2321.84,0.0428
13983,7677,29,3,981.62,0.07
13984,2190,174,2,1739.04,0.1008
13985,6172,41,4,1753.65,0.0265
13986,2305,197,3,139.61,0.2648
13987,3003,44,2,420.5,0.1255
13988,3058,29,1,2216.2,0.1287
13989,7928,116,2,507.32,0.1224
13990,5093,50,1,1899.18,0.1421
13991,3157,20,4,1485.84,0.0593
13992,3315,191,5,1788.76,0.219
13993,5326,8,3,384.66,0.2641
13994,4881,193,5,2014.06,0.2164
13995,1295,100,2,924.36,0.0819
13996,479,44,4,2470.81,0.0085
13997,7726,16,2,1091.22,0.0421
13998,5297,69,4,804.56,0.2027
13999,4878,178,5,370.57,0.2284
14000,3812,115,4,189.19,0.1469
14001,4571,125,2,2205.72,0.008
14002,3459,141,4,318.38,0.1455
14003,9060,193,1,2202.81,0.2661
14004,7422,72,1,1382.53,0.0366
14005,3462,129,4,1660.8,0.2725
14006,1406,20,4,2020.17,0.2852
14007,9691,103,4,1361.41,0.199
14008,5654,115,4,1238.89,0.0188
14009,534,153,4,1960.2,0.1007
14010,4832,29,1,1048.6,0.2587
14011,4443,195,3,210.35,0.2158
14012,9415,18,5,1582.03,0.1474
14013,3303,117,1,102.62,0.0485
14014,3404,88,4,1504.59,0.1452
14015,9552,185,3,1284.17,0.0279
14016,9450,181,3,773.2,0.1845
14017,5118,70,5,872.93,0.2337
14018,8121,92,2,1145.62,0.1884
14019,9531,62,2,1235.82,0.0042
14020,8362,52,2,1069.78,0.2008
14021,3509,78,2,989.59,0.1459
14022,9510,154,1,820.1,0.1288
14023,7513,199,1,1624.22,0.0849
14024,8068,11,4,1032.13,0.0349
14025,7348,21,3,804.38,0.168
14026,6652,197,1,2258.24,0.25
14027,4396,159,1,466.72,0.2958
14028,7703,45,5,375.88,0.1901
14029,3786,109,1,1944.99,0.0935
14030,7391,192,2,302.46,0.1242
14031,8955,27,1,689.18,0.2171
14032,900,162,2,886.93,0.1429
14033,2691,50,1,726.55,0.1567
14034,2526,100,4,1840.06,0.0418
14035,5157,127,4,506.06,0.1611
14036,18,197,5,1728.84,0.2915
14037,3845,154,3,740.04,0.1009
14038,5673,48,5,2143.85,0.0504
14039,2908,180,1,2191.69,0.1423
14040,5772,127,1,708.02,0.1557
14041,1750,84,1,1497.63,0.2993
14042,1542,78,1,2031.15,0.0642
14043,1469,133,2,196.7,0.1629
14044,5119,140,3,1427.85,0.112
14045,9664,13,4,2441.47,0.224
14046,7536,91,3,916.66,0.2612
14047,4573,16,2,1824.76,0.2282
14048,4063,179,1,1993.7,0.057
14049,8773,182,2,1862.45,0.1952
14050,5003,68,4,2374.75,0.0696
14051,7102,141,3,1922.17,0.2951
14052,2961,146,1,2334.01,0.1679
14053,4027,76,5,588.96,0.1292
14054,1689,147,4,1484.37,0.1939
14055,2416,81,1,955.09,0.1799
14056,3552,42,5,1810.61,0.2752
14057,9117,199,4,391.43,0.1538
14058,9763,149,1,460.5,0.2268
14059,4198,181,5,338.74,0.2954
14060,4367,1,1,683.71,0.1895
14061,2355,142,3,478.59,0.0413
14062,6531,131,3,1938.9,0.2988
14063,957,96,5,1473.64,0.193
14064,8451,9,3,937.82,0.2968
14065,4021,11,3,525.05,0.1567
14066,3619,151,4,2010.65,0.015
14067,4616,158,2,2202.3,0.2784
14068,1456,175,3,2134.39,0.266
14069,4555,119,5,2313.09,0.1462
14070,9072,5,4,2022.29,0.1041
14071,7554,30,5,1587.4,0.0444
14072,3474,68,3,1084.01,0.2786
14073,2994,91,1,736.53,0.1567
14074,3094,157,1,30.77,0.2347
14075,8427,173,3,2083.24,0.1851
14076,1822,102,1,1098.97,0.0351
14077,4486,135,2,2182.43,0.0144
14078,5513,144,5,814.82,0.1135
14079,2512,72,2,855.15,0.0022
14080,2589,89,4,67.59,0.0633
14081,5950,169,3,1221.31,0.2751
14082,2077,189,5,1229.5,0.1739
14083,9939,179,3,1642.31,0.2083
14084,534,55,3,1877.93,0.2338
14085,3761,192,2,877.98,0.284
14086,2696,179,1,2319.62,0.046
14087,6226,21,1,1149.05,0.1727
14088,7152,107,5,1440.84,0.1166
14089,9796,186,5,1490.99,0.1146
14090,9768,80,5,2193.23,0.2042
14091,9307,175,4,1736.99,0.0609
14092,7902,139,1,893.8,0.1902
14093,5196,189,4,1769.66,0.109
14094,1677,200,5,2233.49,0.0356
14095,2536,99,2,2057.93,0.2544
14096,6573,110,5,132.75,0.0429
14097,1471,134,2,179.3,0.1518
14098,4673,156,1,1702.57,0.0833
14099,3799,170,3,2453.46,0.286
14100,1898,180,3,1504.52,0.1841
14101,5351,11,5,1097.35,0.1911
14102,1493,198,1,1460.71,0.1629
14103,6492,168,2,1145.4,0.2689
14104,7513,158,3,545.65,0.0908
14105,9604,184,3,709.76,0.1705
14106,3106,77,1,758.05,0.0674
14107,7161,99,2,1504.36,0.0587
14108,9498,134,3,2081.37,0.1444
14109,4469,49,1,142.59,0.0822
14110,9014,161,1,1313.97,0.2245
14111,6555,139,4,1332.97,0.0128
14112,1237,65,1,2403.02,0.035
14113,3349,155,3,2047.51,0.1859
14114,7734,158,2,987.37,0.0227
14115,4317,174,1,1530.2,0.0955
14116,9826,26,3,1645.56,0.1878
14117,4650,156,4,1679.99,0.065
14118,2809,105,2,2271.75,0.2334
14119,110,160,5,1457.91,0.288
14120,8136,12,5,560.18,0.2809
14121,5842,119,1,1612.95,0.0262
14122,949,86,5,599.82,0.2159
14123,453,144,2,304.43,0.2272
14124,7923,71,2,1527.31,0.053
14125,8299,180,3,714.41,0.0282
14126,5,100,5,1576.87,0.0311
14127,5264,130,5,2053.92,0.1491
14128,137,94,3,378.0,0.262
14129,8985,156,5,161.79,0.0997
14130,3513,190,5,225.3,0.0499
14131,9856,157,2,2420.05,0.1809
14132,7233,122,5,236.63,0.1128
14133,8607,105,5,2310.17,0.2947
14134,7969,56,5,2438.53,0.1584
14135,6524,25,4,192.59,0.0046
14136,8389,93,5,1349.1,0.2286
14137,7972,41,4,1750.21,0.2809
14138,9712,133,4,107.12,0.225
14139,8788,190,5,1300.92,0.0838
14140,9718,117,3,1060.22,0.2597
14141,4797,190,5,1277.72,0.1759
14142,723,119,4,1376.82,0.1546
14143,7228,124,5,1793.89,0.0568
14144,8286,105,3,324.29,0.1284
14145,2895,133,3,2483.54,0.2083
14146,9340,68,1,705.01,0.2483
14147,9767,165,2,2449.81,0.265
14148,4109,126,5,1718.8,0.1654
14149,4836,68,1,1713.73,0.262
14150,2602,32,1,2305.94,0.2881
14151,8101,14,1,2216.45,0.2114
14152,1209,90,3,579.45,0.2602
14153,2083,191,5,1746.51,0.2849
14154,6693,124,5,1269.72,0.1061
14155,250,200,5,1238.69,0.2457
14156,8130,30,4,51.84,0.1843
14157,247,171,2,1322.4,0.2318
14158,5783,181,4,252.29,0.0337
14159,7607,53,3,683.15,0.2725
14160,3506,29,1,41.5,0.2161
14161,7788,156,1,1011.29,0.0754
14162,3742,124,4,2314.4,0.2036
14163,9565,78,3,2007.95,0.1975
14164,3308,199,2,157.92,0.1657
14165,6778,177,2,1786.29,0.0533
14166,3883,123,1,1823.22,0.1563
14167,9449,90,1,1949.47,0.191
14168,5019,164,5,1648.56,0.1654
14169,4160,127,4,180.27,0.1001
14170,5126,27,1,1636.84,0.2109
14171,8032,185,3,549.38,0.1918
14172,2847,156,2,1489.51,0.0698
14173,1228,110,2,1701.21,0.1135
14174,1532,158,3,278.84,0.1415
14175,6743,44,2,1174.9,0.2553
14176,4253,171,4,594.32,0.0313
14177,387,55,3,2021.5,0.1205
14178,3681,88,5,2329.22,0.0282
14179,5330,193,2,1297.56,0.2026
14180,7276,105,4,1393.91,0.1224
14181,3798,155,1,211.67,0.0877
14182,6292,129,3,982.29,0.2534
14183,2768,10,1,374.78,0.2985
14184,5178,126,5,1765.69,0.2184
14185,2105,43,1,2398.33,0.0029
14186,8263,69,2,2020.21,0.2921
14187,8689,137,2,979.37,0.0419
14188,7202,67,2,1664.08,0.0888
14189,1508,29,2,2493.67,0.1247
14190,5473,2,3,116.31,0.0431
14191,2753,82,4,706.0,0.1279
14192,1904,124,2,211.68,0.2704
14193,3993,14,5,1600.54,0.079
14194,8621,62,5,2107.54,0.0798
14195,4238,55,2,918.57,0.1772
14196,9849,29,4,994.13,0.2008
14197,2302,5,5,745.73,0.1784
14198,9981,120,3,1415.1,0.0234
14199,4872,197,4,329.3,0.264
14200,9514,194,4,482.76,0.2201
14201,5776,39,4,216.8,0.1718
14202,3835,151,5,371.3,0.1339
14203,9383,16,3,2111.58,0.2925
14204,3685,150,2,462.63,0.2514
14205,4447,157,5,1215.84,0.0782
14206,4487,197,4,1752.58,0.188
14207,2436,140,4,483.79,0.0701
14208,1482,13,4,1131.18,0.1713
14209,2802,122,4,547.35,0.2196
14210,7907,126,5,2288.24,0.1397
14211,2861,136,1,106.37,0.0905
14212,7455,110,1,1473.52,0.1023
14213,2486,152,5,2204.89,0.2584
14214,5678,37,1,1968.42,0.0211
14215,9441,91,5,594.9,0.2737
14216,7173,164,5,1350.41,0.0776
14217,9459,73,5,169.24,0.1847
14218,3223,15,4,708.31,0.1506
14219,4410,59,2,971.39,0.0943
14220,860,5,1,201.2,0.2698
14221,4255,15,5,430.7,0.2483
14222,1001,100,3,2110.7,0.1655
14223,2203,146,4,1176.95,0.1222
14224,8586,133,3,2356.6,0.2029
14225,3144,86,1,403.72,0.0356
14226,649,145,1,1680.94,0.2842
14227,7819,150,3,1913.68,0.2668
14228,858,85,5,1943.19,0.1534
14229,1586,110,3,1905.39,0.2504
14230,6245,192,5,431.67,0.2758
14231,6722,156,4,1124.94,0.0394
14232,9151,81,5,2230.28,0.0791
14233,1683,83,3,1432.09,0.0633
14234,1266,13,2,943.37,0.1994
14235,5764,45,4,50.4,0.2949
14236,5425,34,4,1525.47,0.0097
14237,6839,182,3,2237.97,0.2985
14238,7694,33,2,521.45,0.0346
14239,1740,111,2,2487.65,0.187
14240,149,144,1,538.05,0.2037
14241,2687,43,2,1432.49,0.0112
14242,932,189,1,1208.56,0.0999
14243,2024,94,5,1929.62,0.1402
14244,1343,131,5,1231.11,0.2721
14245,298,91,5,850.96,0.2106
14246,6065,59,1,2399.21,0.1883
14247,6215,128,2,1427.38,0.0388
14248,4693,148,3,124.63,0.087
14249,6794,118,4,1115.57,0.1319
14250,8469,160,2,1261.37,0.0906
14251,5072,149,1,99.11,0.1313
14252,6221,46,3,1711.97,0.276
14253,6962,197,1,1215.84,0.1816
14254,229,120,1,297.35,0.1555
14255,8159,122,4,848.88,0.1613
14256,1735,130,3,1259.22,0.232
14257,9254,199,5,2182.94,0.2925
14258,6140,106,2,1161.44,0.2946
14259,7416,180,5,2260.82,0.1977
14260,1385,1,1,1895.43,0.1105
14261,7710,80,4,1619.69,0.1772
14262,5918,105,3,1561.74,0.0204
14263,7112,156,4,1827.53,0.0485
14264,2122,112,4,1116.81,0.2672
14265,583,189,3,1064.59,0.2245
14266,9696,84,3,558.64,0.0733
14267,3397,154,3,1402.0,0.1236
14268,7530,79,4,1740.28,0.0187
14269,9140,127,1,675.12,0.2593
14270,7918,94,4,589.9,0.0904
14271,2776,12,1,477.74,0.1641
14272,7785,127,2,164.54,0.2959
14273,2478,130,1,2290.72,0.0541
14274,6691,91,2,2274.07,0.2647
14275,6173,120,5,394.12,0.0776
14276,1380,21,2,2043.76,0.0344
14277,7799,55,4,1001.32,0.0066
14278,3106,144,5,1444.85,0.2518
14279,6024,37,4,1358.73,0.0006
14280,4034,173,4,1745.46,0.2857
14281,4958,86,2,1522.26,0.055
14282,7509,39,3,659.82,0.2436
14283,7881,169,4,958.48,0.2585
14284,8642,22,5,917.96,0.0255
14285,3062,49,4,2328.21,0.1148
14286,8817,145,3,125.58,0.0831
14287,7777,154,3,1958.93,0.0046
14288,7174,101,4,1123.76,0.127
14289,4432,38,3,1839.53,0.1456
14290,9093,166,2,776.02,0.2038
14291,7845,41,1,261.02,0.0733
14292,393,125,3,2014.8,0.254
14293,2016,106,4,273.57,0.1439
14294,5695,67,3,2037.76,0.2012
14295,7407,116,4,1344.61,0.1405
14296,3322,73,5,1704.45,0.0244
14297,7865,65,4,676.08,0.2997
14298,247,184,5,1702.15,0.2336
14299,2600,147,1,2232.89,0.2944
14300,4061,14,2,463.33,0.2467
14301,6208,114,1,2052.45,0.1372
14302,2783,66,4,1452.83,0.2071
14303,9338,199,1,546.01,0.2506
14304,1835,166,5,2091.99,0.1931
14305,5245,43,1,573.33,0.1952
14306,3108,121,2,2202.71,0.0602
14307,4204,138,3,903.54,0.0329
14308,2234,89,5,1755.12,0.2203
14309,8211,125,1,1829.11,0.1697
14310,2960,22,1,1248.38,0.2197
14311,3818,75,1,2096.55,0.1749
14312,2142,64,5,933.83,0.0038
14313,3815,104,1,2134.31,0.2918
14314,8320,45,3,1430.89,0.0369
14315,8182,18,4,119.0,0.2132
14316,7984,69,1,1135.46,0.1844
14317,6526,11,3,2047.76,0.0743
14318,5891,155,5,672.05,0.2483
14319,1884,117,4,1785.97,0.0786
14320,7410,27,5,1135.87,0.0211
14321,8171,188,4,786.33,0.2079
14322,3699,164,3,2225.23,0.0978
14323,9844,185,3,1207.64,0.0489
14324,4066,13,4,1889.87,0.0529
14325,2559,111,3,1167.02,0.0047
14326,761,156,2,772.9,0.0913
14327,8894,66,4,2301.6,0.0829
14328,6648,7,1,351.16,0.1446
14329,2304,96,1,1457.77,0.1438
14330,3727,198,1,504.11,0.2038
14331,9505,147,1,301.79,0.1536
14332,4953,15,1,252.27,0.2441
14333,8336,87,2,1921.83,0.2623
14334,2740,88,1,665.16,0.1656
14335,8397,46,3,1429.29,0.2543
14336,5922,112,5,1239.32,0.2971
14337,2175,52,3,2173.0,0.1986
14338,7101,24,3,1917.89,0.0573
14339,7017,54,2,1741.84,0.16
14340,7958,181,2,2255.97,0.0183
14341,2225,56,3,1470.04,0.2338
14342,7919,22,3,2034.34,0.0127
14343,8919,198,1,2136.42,0.1447
14344,3277,175,5,2010.84,0.2792
14345,8392,4,2,952.72,0.2546
14346,7337,162,5,2016.77,0.0149
14347,434,179,5,1316.99,0.1147
14348,1288,27,2,866.2,0.0977
14349,1885,150,5,521.74,0.0213
14350,4214,182,1,1736.64,0.0332
14351,4182,144,2,771.76,0.1694
14352,4418,96,3,670.79,0.0975
14353,6402,57,4,1485.32,0.013
14354,6161,197,1,652.62,0.2554
14355,1757,59,2,807.29,0.1635
14356,4790,41,5,1762.16,0.211
14357,5484,161,3,1686.87,0.2088
14358,6763,173,4,2324.78,0.0239
14359,9140,99,2,2000.57,0.0013
14360,7269,69,1,864.06,0.2534
14361,769,151,1,1168.41,0.2915
14362,2896,174,3,1424.83,0.1676
14363,395,101,1,1004.61,0.1547
14364,8982,127,2,2462.47,0.0358
14365,897,32,3,98.75,0.1677
14366,6477,52,4,1619.87,0.0063
14367,8558,117,2,1544.87,0.2372
14368,4913,33,1,2332.38,0.1558
14369,5802,197,4,2255.2,0.215
14370,8796,185,4,2298.02,0.1431
14371,7089,163,3,2473.31,0.2219
14372,7437,182,1,828.39,0.1654
14373,7006,111,5,1231.48,0.16
14374,9978,58,4,480.17,0.1114
14375,6372,70,4,2039.0,0.0857
14376,9924,118,2,1439.6,0.2298
14377,3214,98,3,1727.7,0.2131
14378,9124,56,5,168.14,0.2704
14379,4792,4,1,161.22,0.236
14380,3287,66,1,201.11,0.0221
14381,5166,137,2,1789.72,0.2862
14382,4111,94,5,929.82,0.2249
14383,9559,126,1,1872.13,0.1038
14384,8328,147,4,1302.25,0.1935
14385,1658,63,4,491.69,0.2293
14386,2744,188,2,299.56,0.041
14387,5387,179,1,2319.33,0.2898
14388,3991,73,2,1650.04,0.1952
14389,3483,133,2,1517.82,0.006
14390,1823,144,3,1537.71,0.166
14391,3944,135,1,910.45,0.0583
14392,1346,2,1,269.31,0.0753
14393,876,78,2,2197.24,0.0207
14394,2416,159,2,2308.51,0.1252
14395,8968,86,4,1176.54,0.0794
14396,3905,161,3,1070.65,0.2509
14397,4505,40,2,562.87,0.2582
14398,408,127,1,35.92,0.0081
14399,3807,187,3,1757.39,0.2318
14400,7795,83,1,1258.55,0.0116
14401,6910,134,3,2376.24,0.1341
14402,308,174,4,124.77,0.0313
14403,4159,40,5,852.54,0.1683
14404,8269,171,5,2462.91,0.2868
14405,4047,110,2,1558.12,0.0692
14406,7968,12,5,888.64,0.2519
14407,365,90,1,508.43,0.2351
14408,9491,4,1,177.38,0.228
14409,1960,115,3,2308.3,0.08
14410,4136,59,4,1012.24,0.1859
14411,8858,49,2,2363.26,0.0256
14412,3589,5,2,888.13,0.1451
14413,8917,125,1,2358.06,0.276
14414,3528,94,1,2027.07,0.1535
14415,8406,152,5,827.78,0.0101
14416,2007,110,2,1072.14,0.2095
14417,8281,103,3,2359.12,0.2618
14418,1607,163,4,1864.24,0.0592
14419,5966,133,2,2015.32,0.0474
14420,4480,5,3,1573.52,0.0084
14421,1193,200,1,165.15,0.2287
14422,4531,55,3,2151.61,0.2735
14423,7878,193,3,1947.99,0.1466
14424,2656,194,2,1435.17,0.0833
14425,319,7,3,1742.35,0.2775
14426,3166,15,2,589.99,0.0595
14427,7538,78,5,2315.76,0.1271
14428,5173,172,5,547.06,0.2713
14429,4961,157,3,1687.63,0.2963
14430,1547,114,3,1195.89,0.0794
14431,7690,2,4,1384.46,0.2854
14432,4829,186,1,525.94,0.1445
14433,988,71,5,464.55,0.1908
14434,8616,10,3,831.25,0.228
14435,7415,55,3,88.47,0.1114
14436,6290,90,3,316.18,0.2504
14437,5202,170,3,919.71,0.2769
14438,5935,198,3,1525.39,0.2286
14439,375,196,4,889.53,0.035
14440,8239,200,1,196.78,0.016
14441,500,13,4,2004.75,0.0904
14442,6651,165,2,407.76,0.2319
14443,7759,136,4,153.8,0.2575
14444,5244,40,1,890.05,0.123
14445,2393,93,1,1168.14,0.037
14446,4525,91,2,2232.43,0.224
14447,5551,137,2,631.33,0.2523
14448,5152,125,1,1473.47,0.0328
14449,2034,188,5,700.42,0.1274
14450,4883,87,1,314.63,0.1927
14451,9362,138,2,1599.18,0.2261
14452,3864,199,5,1876.82,0.2852
14453,2991,77,2,1366.36,0.06
14454,9309,150,4,851.5,0.2728
14455,8438,184,1,2469.79,0.2545
14456,3413,174,4,98.12,0.1508
14457,9877,146,3,1388.17,0.1776
14458,304,73,4,1676.98,0.21
14459,2025,86,3,1067.25,0.269
14460,450,117,1,346.62,0.1666
14461,9133,119,2,458.31,0.0653
14462,534,59,5,2365.18,0.1282
14463,2472,61,5,2263.67,0.0996
14464,6182,180,3,450.02,0.2848
14465,2579,9,2,160.27,0.0304
14466,8083,63,3,444.02,0.1396
14467,2653,192,5,2197.29,0.2964
14468,4978,14,5,264.11,0.1514
14469,3759,76,1,418.02,0.1307
14470,3898,17,3,1771.28,0.199
14471,953,17,3,2048.69,0.0675
14472,9691,51,5,1369.34,0.254
14473,6359,184,5,500.98,0.1428
14474,3576,152,1,2021.61,0.1239
14475,914,77,2,940.67,0.1274
14476,3038,113,2,1690.14,0.2049
14477,4056,36,2,630.16,0.1972
14478,3280,62,4,1391.71,0.1536
14479,5086,18,2,851.51,0.1789
14480,7961,124,1,595.45,0.2599
14481,3494,55,3,1827.06,0.2422
14482,2023,106,3,2170.28,0.1565
14483,5761,123,2,2188.06,0.2796
14484,5288,124,4,1110.22,0.1381
14485,951,170,3,2272.9,0.0926
14486,9055,65,4,1307.03,0.0474
14487,9823,14,2,893.47,0.0674
14488,4065,10,4,1901.1,0.2031
14489,8780,124,5,700.79,0.173
14490,9463,5,5,1024.75,0.0393
14491,8875,150,5,1996.85,0.1434
14492,1328,93,1,1235.64,0.0461
14493,8486,113,1,334.25,0.1214
14494,9050,95,2,2385.69,0.0729
14495,4350,165,4,45.63,0.1466
14496,913,161,4,624.63,0.259
14497,8173,103,5,2019.22,0.0893
14498,9381,97,5,2116.51,0.2918
14499,7874,10,5,1696.38,0.1497
14500,8862,192,4,1538.41,0.0523
14501,9104,186,4,2084.52,0.2001
14502,9772,191,5,1867.1,0.26
14503,1723,163,4,2450.93,0.1437
14504,7300,123,1,1159.7,0.2673
14505,4255,49,2,687.36,0.2317
14506,5417,156,5,25.92,0.0343
14507,9804,55,3,834.7,0.2565
14508,8578,137,1,2068.1,0.0343
14509,5640,173,5,98.44,0.1157
14510,5739,155,5,1731.45,0.2794
14511,5160,160,4,126.26,0.0807
14512,6761,169,1,1197.68,0.0028
14513,6462,122,2,1064.59,0.1282
14514,9786,149,3,2342.27,0.2824
14515,1351,76,5,809.55,0.1273
14516,7767,7,2,1344.75,0.0322
14517,174,22,3,1556.49,0.1259
14518,8551,96,2,735.36,0.296
14519,9882,182,4,631.04,0.0606
14520,9002,67,1,726.57,0.2741
14521,943,76,5,334.3,0.0356
14522,4530,186,3,302.66,0.0323
14523,429,86,5,1486.22,0.0145
14524,1945,192,3,264.97,0.0482
14525,2356,170,2,495.33,0.2826
14526,9607,53,5,438.68,0.2464
14527,4374,28,1,359.09,0.1001
14528,3229,58,3,366.1,0.0418
14529,7896,5,4,1997.3,0.1683
14530,4264,94,2,616.11,0.037
14531,5556,183,4,559.6,0.2023
14532,6514,60,2,335.3,0.265
14533,4044,45,1,1755.9,0.157
14534,7680,121,4,366.93,0.0696
14535,6523,148,2,153.61,0.0944
14536,569,105,4,2492.94,0.1146
14537,8030,137,2,1427.92,0.2881
14538,6243,7,1,1750.98,0.258
14539,2211,135,5,2199.22,0.1637
14540,8026,97,2,21.18,0.205
14541,5395,50,3,2012.86,0.0293
14542,7125,108,5,1730.11,0.0548
14543,344,14,4,841.9,0.1652
14544,2584,99,4,155.12,0.0379
14545,6752,35,4,1389.57,0.0061
14546,3193,191,3,778.23,0.0316
14547,154,19,3,108.03,0.0312
14548,7250,73,3,2335.55,0.2223
14549,7445,59,3,132.29,0.255
14550,4222,82,3,1253.97,0.2442
14551,5404,64,3,1795.47,0.2974
14552,7804,193,5,1309.74,0.2658
14553,1871,17,5,2459.58,0.1281
14554,7959,12,4,1517.5,0.1347
14555,3253,55,3,1468.02,0.0924
14556,5941,146,1,1581.95,0.0655
14557,3548,194,4,2433.89,0.2375
14558,3908,152,4,824.79,0.1914
14559,9577,132,2,2094.36,0.0421
14560,7007,87,4,228.65,0.2103
14561,7805,4,4,1647.75,0.0581
14562,1476,21,4,1445.59,0.1239
14563,4002,27,2,1585.27,0.2676
14564,9350,11,1,1117.21,0.0194
14565,3935,190,3,1767.08,0.1115
14566,4991,64,2,1665.81,0.007
14567,4786,88,3,2133.63,0.1339
14568,3864,155,5,2285.66,0.2031
14569,2521,123,4,529.04,0.0001
14570,4101,192,4,1859.08,0.1969
14571,7734,36,4,1368.56,0.1945
14572,778,91,4,748.4,0.2721
14573,8413,62,1,490.39,0.1327
14574,9822,175,3,612.98,0.0477
14575,1542,128,2,1019.13,0.2046
14576,5648,66,2,1218.67,0.1156
14577,7740,41,1,801.81,0.0521
14578,9157,173,1,951.16,0.1883
14579,6056,79,5,2281.06,0.0343
14580,6644,24,3,489.28,0.0474
14581,6851,147,4,124.47,0.2201
14582,9186,199,4,1860.71,0.2067
14583,3521,81,1,851.32,0.1797
14584,6389,68,1,651.45,0.236
14585,8454,40,2,2369.34,0.0451
14586,4639,94,2,930.88,0.0233
14587,3423,192,1,1057.02,0.2977
14588,2082,180,5,1527.84,0.1546
14589,488,171,5,994.03,0.2907
14590,9973,105,4,2067.8,0.178
14591,3421,190,5,1128.12,0.2132
14592,7614,183,4,972.81,0.0888
14593,6614,170,5,1437.22,0.2603
14594,6438,187,5,2323.25,0.116
14595,4984,48,1,1342.96,0.2636
14596,1783,46,5,785.7,0.0854
14597,7556,53,4,863.81,0.1774
14598,277,120,3,505.74,0.2347
14599,9892,64,3,1573.85,0.2352
14600,8690,20,2,87.27,0.2367
14601,5363,126,4,1722.71,0.2988
14602,8039,157,1,2244.41,0.2871
14603,3929,123,1,1633.86,0.0608
14604,4455,54,2,2107.51,0.1108
14605,2840,181,3,226.29,0.1549
14606,278,83,4,1840.26,0.2182
14607,4267,136,5,1899.05,0.203
14608,1520,20,2,862.44,0.2023
14609,6833,193,4,1760.29,0.0848
14610,4472,58,5,1091.69,0.1012
14611,5138,65,5,1803.38,0.0617
14612,6444,163,4,1747.88,0.2641
14613,4205,136,1,764.6,0.1257
14614,9248,136,4,84.88,0.1404
14615,1466,194,4,1950.99,0.2874
14616,1080,28,1,744.59,0.2749
14617,9956,95,2,1444.37,0.0838
14618,2495,172,1,1568.43,0.2664
14619,6636,16,5,2214.31,0.1645
14620,9081,64,3,86.4,0.1963
14621,8324,165,2,1339.31,0.1288
14622,9454,124,4,1590.84,0.2953
14623,250,33,4,1533.16,0.2052
14624,1066,8,5,1900.42,0.1052
14625,997,34,5,167.53,0.1712
14626,231,141,2,584.91,0.2605
14627,9020,16,2,1606.77,0.0193
14628,404,36,2,854.1,0.0657
14629,4077,182,5,660.19,0.0021
14630,3964,103,3,951.78,0.0476
14631,3453,81,1,2167.45,0.1643
14632,8047,39,5,543.15,0.1123
14633,7957,119,3,2003.58,0.1484
14634,4223,181,5,910.8,0.1456
14635,5765,34,1,1678.45,0.0565
14636,8432,18,2,374.02,0.2467
14637,7718,41,3,430.34,0.1029
14638,6714,107,2,342.66,0.2514
14639,8880,36,1,2110.97,0.0584
14640,8555,5,5,1755.17,0.1029
14641,4270,28,4,2204.12,0.1927
14642,4951,177,1,1567.89,0.0998
14643,2305,197,1,1612.06,0.0647
14644,2148,68,3,1325.97,0.2823
14645,2535,131,4,160.9,0.1354
14646,9564,161,3,102.73,0.2753
14647,2593,57,3,1241.12,0.2957
14648,3438,180,2,1248.6,0.1101
14649,5272,67,1,571.25,0.1039
14650,2630,200,1,1476.76,0.0626
14651,6798,23,1,2250.74,0.1533
14652,8288,70,4,1960.28,0.0647
14653,8531,27,2,1423.04,0.0742
14654,9670,86,4,667.22,0.2271
14655,1108,162,5,609.14,0.1312
14656,7641,193,3,2082.05,0.0646
14657,4221,36,3,929.56,0.0894
14658,2388,91,4,1540.62,0.0581
14659,651,9,4,2215.52,0.0722
14660,5629,108,3,930.23,0.2242
14661,6816,25,2,1762.18,0.2561
14662,1437,78,2,2007.01,0.2863
14663,3358,146,3,385.72,0.2972
14664,3158,27,5,207.96,0.1222
14665,4235,9,4,2064.43,0.02
14666,9172,184,1,2256.49,0.1809
14667,704,115,5,1017.01,0.0208
14668,6054,47,2,1226.27,0.2091
14669,1212,82,1,1844.27,0.2111
14670,9607,177,1,495.72,0.0444
14671,4999,142,5,50.97,0.2287
14672,8132,74,5,2136.27,0.0786
14673,7460,84,4,1645.7,0.1141
14674,1062,22,5,1707.54,0.0184
14675,1060,187,3,1451.94,0.1293
14676,8307,162,2,1409.03,0.0912
14677,8706,48,4,2436.67,0.1914
14678,8503,102,4,1580.71,0.0808
14679,9982,197,3,362.11,0.1857
14680,845,30,1,679.81,0.0903
14681,3260,1,5,704.17,0.0707
14682,4121,26,1,534.39,0.2227
14683,8974,199,2,2162.35,0.0925
14684,7408,7,2,1309.19,0.0634
14685,5513,109,4,1203.61,0.2874
14686,675,5,5,2467.62,0.257
14687,9477,84,1,115.56,0.1438
14688,4332,114,5,1133.08,0.0224
14689,1486,192,4,547.29,0.1594
14690,9726,92,4,1076.91,0.0106
14691,2117,23,1,417.42,0.2494
14692,5371,136,5,372.63,0.1272
14693,6831,175,3,679.15,0.0643
14694,735,169,2,325.55,0.2293
14695,7498,176,2,2370.72,0.0496
14696,3568,70,2,326.45,0.2088
14697,1021,77,4,1172.87,0.1918
14698,6493,194,3,1951.86,0.0484
14699,6160,177,4,2114.14,0.1993
14700,209,130,1,2402.67,0.2347
14701,7211,63,5,1396.91,0.2333
14702,9166,141,5,790.13,0.181
14703,6828,161,5,1601.13,0.0289
14704,1929,119,5,1490.68,0.0513
14705,4935,25,4,1481.73,0.0893
14706,9808,112,5,899.95,0.2812
14707,1724,104,1,2197.97,0.0288
14708,7475,82,3,1393.98,0.1648
14709,8728,29,4,1516.86,0.2677
14710,8574,37,1,1090.35,0.1315
14711,6907,75,1,592.63,0.2643
14712,3063,169,2,572.72,0.0969
14713,6126,111,3,1584.13,0.1327
14714,9399,87,2,47.28,0.1788
14715,5878,87,5,2333.28,0.1953
14716,5251,35,1,1098.6,0.1178
14717,5487,3,2,2151.44,0.138
14718,5994,175,1,1087.77,0.1838
14719,4039,190,5,305.92,0.2554
14720,8467,18,5,278.11,0.107
14721,4522,57,3,18.73,0.1679
14722,3400,180,5,735.04,0.2276
14723,6871,73,3,1089.17,0.2886
14724,7060,48,5,74.28,0.0364
14725,3873,20,5,1142.79,0.0239
14726,8582,109,3,337.44,0.0112
14727,8463,140,2,1356.22,0.0638
14728,3022,161,4,1544.24,0.1588
14729,457,127,2,1276.65,0.0506
14730,8538,198,5,1301.23,0.0742
14731,3328,94,1,418.52,0.0492
14732,5919,70,4,1502.46,0.2639
14733,3457,176,5,2442.3,0.2617
14734,5267,23,3,2439.91,0.1388
14735,9743,46,1,882.62,0.0985
14736,3874,135,4,1825.2,0.2767
14737,5202,26,4,1112.31,0.189
14738,3758,195,4,357.33,0.0488
14739,9267,57,1,1854.84,0.2431
14740,2315,25,1,869.94,0.0932
14741,3563,195,3,1905.91,0.2586
14742,4946,124,1,957.75,0.1607
14743,7616,167,1,449.91,0.2079
14744,6401,68,2,2134.76,0.2135
14745,2057,166,3,143.88,0.0143
14746,4417,173,3,923.45,0.2211
14747,1367,118,4,1686.26,0.0694
14748,7425,64,5,2217.61,0.229
14749,3962,54,4,415.35,0.0925
14750,9364,199,3,253.7,0.0281
14751,2240,141,3,765.81,0.1814
14752,9108,178,5,651.63,0.2968
14753,5244,43,5,1740.19,0.0074
14754,9553,135,5,605.6,0.005
14755,85,172,5,1565.58,0.0551
14756,5032,192,4,1645.18,0.0407
14757,9688,7,1,2016.88,0.2184
14758,7838,10,4,1514.51,0.181
14759,1559,78,5,2303.64,0.0247
14760,5240,197,4,1734.86,0.0349
14761,5176,190,4,617.47,0.2284
14762,6545,147,4,2350.57,0.0638
14763,4610,33,5,487.1,0.0439
14764,4458,62,5,477.2,0.0168
14765,3800,117,5,1859.58,0.2378
14766,33,78,2,1304.73,0.2823
14767,1785,195,1,412.68,0.2526
14768,8463,135,3,298.12,0.0043
14769,9578,30,2,435.95,0.0746
14770,6818,124,2,2317.27,0.2424
14771,8636,91,2,1472.4,0.2325
14772,8340,36,2,1826.96,0.0553
14773,2519,102,4,333.13,0.2314
14774,8735,118,2,957.56,0.0939
14775,2026,107,1,1399.02,0.2965
14776,8544,100,5,1281.73,0.273
14777,369,144,3,940.87,0.263
14778,6169,81,1,252.99,0.1402
14779,7680,19,2,1711.95,0.1592
14780,4428,163,5,1500.85,0.2048
14781,780,38,2,1059.92,0.0505
14782,9676,186,3,2318.64,0.1671
14783,7667,184,2,1893.77,0.2301
14784,2486,63,4,921.6,0.0163
14785,6288,176,4,146.19,0.0674
14786,2750,66,2,2003.97,0.2498
14787,4170,103,5,1108.71,0.1231
14788,9208,191,3,1188.5,0.0477
14789,6026,91,2,1474.57,0.0881
14790,7259,187,3,1656.26,0.2158
14791,9268,51,2,1527.47,0.1863
14792,9232,193,3,714.18,0.1795
14793,2703,66,2,457.09,0.1219
14794,1016,117,4,84.69,0.2194
14795,4623,113,2,47.47,0.2263
14796,9862,52,4,2223.81,0.2174
14797,8145,79,5,2486.43,0.2395
14798,7789,118,2,903.75,0.0829
14799,6258,65,3,544.36,0.2733
14800,5207,198,5,1007.39,0.102
14801,2274,158,4,271.57,0.0831
14802,6268,172,5,1579.85,0.1976
14803,1643,120,2,574.15,0.289
14804,2393,64,1,803.8,0.0769
14805,4390,81,2,2140.79,0.057
14806,2512,40,4,1429.21,0.0154
14807,1577,88,5,350.02,0.141
14808,7308,59,1,252.38,0.2714
14809,5568,178,3,1640.65,0.2701
14810,3739,115,5,419.21,0.2317
14811,504,86,5,504.06,0.0754
14812,326,15,2,1510.44,0.1463
14813,9773,109,3,2277.78,0.0347
14814,4888,21,1,1360.43,0.1733
14815,552,91,5,1178.77,0.2887
14816,3929,16,2,2148.81,0.2252
14817,8485,47,2,744.37,0.1322
14818,9987,68,1,100.93,0.1975
14819,9156,116,3,1400.85,0.1724
14820,1604,88,3,342.76,0.197
14821,2793,77,2,165.55,0.0176
14822,9822,5,3,256.14,0.1898
14823,8485,104,3,289.18,0.1707
14824,114,161,2,1644.32,0.2967
14825,5675,122,5,1462.24,0.0213
14826,3157,109,5,810.74,0.1112
14827,2820,200,3,619.05,0.2543
14828,6343,56,2,16.71,0.1224
14829,634,39,5,409.84,0.2974
14830,4637,83,5,1445.15,0.0228
14831,7779,10,2,1397.78,0.0074
14832,7776,167,1,1845.01,0.2205
14833,9066,159,3,96.96,0.2852
14834,2804,78,3,1990.85,0.0161
14835,7307,8,5,1460.72,0.2089
14836,9714,132,2,693.14,0.1342
14837,5557,133,4,1097.42,0.1509
14838,5649,164,4,2001.45,0.2123
14839,5772,108,2,1221.98,0.0675
14840,9735,6,2,1774.53,0.1562
14841,3564,60,1,1027.5,0.2024
14842,1589,102,4,1372.7,0.0521
14843,5730,101,2,2084.58,0.1176
14844,9469,105,2,1249.18,0.1418
14845,8266,183,3,1414.36,0.0205
14846,2485,122,4,1064.08,0.2964
14847,7685,171,2,488.8,0.0011
14848,1889,21,4,2434.05,0.0321
14849,4772,101,2,66.12,0.2005
14850,1390,188,4,323.65,0.0145
14851,4218,43,1,1786.1,0.2817
14852,4747,182,1,1855.61,0.2895
14853,8640,159,1,403.69,0.1435
14854,5465,75,5,1590.04,0.1751
14855,6691,189,2,2213.95,0.2646
14856,4899,80,3,2003.91,0.0687
14857,6179,73,5,26.13,0.1255
14858,6945,115,4,115.31,0.266
14859,9293,23,2,1174.13,0.1074
14860,9593,103,2,889.99,0.2784
14861,7596,23,5,246.77,0.2053
14862,5864,52,2,494.07,0.2222
14863,294,3,2,2358.33,0.1966
14864,9770,177,4,929.26,0.2262
14865,4269,70,3,564.92,0.2571
14866,7198,148,4,417.49,0.2836
14867,4059,110,5,1481.8,0.0607
14868,5283,30,2,1169.23,0.2931
14869,7196,160,2,862.72,0.246
14870,5545,70,3,929.81,0.1559
14871,8496,159,3,517.38,0.1236
14872,2952,144,1,1869.81,0.1268
14873,4762,29,3,1875.45,0.1815
14874,7019,22,4,95.69,0.2107
14875,9954,168,2,549.89,0.2061
14876,5757,156,4,167.74,0.0692
14877,2931,85,4,232.99,0.1665
14878,2717,136,4,2394.05,0.161
14879,6967,65,4,1145.8,0.0609
14880,5826,158,4,510.58,0.1197
14881,9542,186,4,2414.27,0.1781
14882,3376,2,2,1198.08,0.2697
14883,8144,24,4,1717.76,0.1037
14884,1611,177,5,2394.07,0.0762
14885,123,197,4,2325.52,0.0281
14886,6565,12,1,2411.69,0.182
14887,5379,5,4,2101.01,0.223
14888,7605,14,1,1756.55,0.0596
14889,8360,27,2,534.98,0.1851
14890,8721,66,5,469.2,0.2903
14891,8574,177,2,891.24,0.2066
14892,2790,45,2,2252.54,0.1801
14893,5484,38,4,629.02,0.0188
14894,7983,195,1,537.13,0.2958
14895,3978,58,5,1446.33,0.1405
14896,7229,100,4,590.26,0.1505
14897,245,72,1,1454.8,0.2389
14898,1949,66,4,1633.86,0.1393
14899,1353,105,2,894.75,0.1517
14900,1730,106,1,1144.03,0.2467
14901,8004,54,3,1176.3,0.064
14902,4265,157,4,314.37,0.0582
14903,5352,89,2,294.5,0.0915
14904,1118,4,1,384.05,0.1628
14905,8171,183,2,1896.25,0.1889
14906,459,138,4,1923.17,0.2412
14907,519,121,4,1082.08,0.1058
14908,9810,44,4,82.1,0.0636
14909,4232,193,5,49.02,0.1238
14910,9658,131,5,2398.51,0.052
14911,9326,62,4,583.73,0.0812
14912,763,94,5,432.43,0.0203
14913,8386,5,2,225.74,0.0222
14914,3690,44,1,1752.97,0.0628
14915,7318,139,5,1822.64,0.0997
14916,9140,73,5,2396.49,0.2831
14917,1250,175,5,2109.11,0.1457
14918,4017,14,5,76.92,0.0378
14919,5380,19,3,2036.62,0.0557
14920,2649,13,1,2418.88,0.0777
14921,8121,128,2,1321.47,0.2715
14922,2117,21,5,421.72,0.1093
14923,8140,191,3,592.19,0.2804
14924,3381,39,4,2096.51,0.0248
14925,1875,66,4,2416.81,0.2589
14926,5503,30,3,2390.58,0.1368
14927,2533,151,2,1247.15,0.2683
14928,7351,192,3,1547.73,0.2233
14929,5679,155,4,1677.41,0.0785
14930,5081,129,5,1069.36,0.1168
14931,3001,71,4,2347.67,0.2137
14932,3705,194,1,2050.21,0.0699
14933,8771,151,1,349.22,0.2043
14934,5634,95,4,344.09,0.1705
14935,4491,115,4,1408.44,0.102
14936,2030,157,5,1346.76,0.2067
14937,7134,142,5,61.76,0.2783
14938,8333,60,1,1146.83,0.2718
14939,1192,171,2,2371.24,0.161
14940,3401,5,4,1121.88,0.2177
14941,3588,110,5,1684.92,0.1178
14942,676,33,4,1764.48,0.0701
14943,2080,93,1,90.6,0.1959
14944,6329,70,5,707.85,0.0841
14945,9356,7,3,2346.1,0.0835
14946,6034,173,1,1282.91,0.2195
14947,6639,10,4,2447.45,0.2639
14948,942,73,5,2239.08,0.154
14949,423,145,1,712.19,0.0134
14950,1335,134,4,678.11,0.2141
14951,1949,55,2,896.81,0.2264
14952,3291,129,5,1279.93,0.2813
14953,6497,11,2,2244.0,0.1649
14954,8433,107,1,1260.96,0.1737
14955,8876,145,5,1961.86,0.2143
14956,6676,57,4,1453.56,0.1517
14957,3168,167,2,583.94,0.0619
14958,6997,144,1,1062.82,0.2441
14959,8549,53,4,1040.38,0.1903
14960,2075,91,4,2480.9,0.0848
14961,8486,5,4,1381.47,0.2903
14962,986,102,4,203.14,0.2488
14963,4172,8,2,1442.99,0.1043
14964,7947,186,4,1422.65,0.0046
14965,5024,141,3,1208.9,0.2877
14966,9447,3,5,811.77,0.0316
14967,4069,27,4,631.09,0.0989
14968,5500,50,4,525.82,0.0553
14969,2090,101,3,241.85,0.2685
14970,415,54,5,955.18,0.1004
14971,7819,125,4,1803.28,0.0822
14972,636,56,4,1455.49,0.1359
14973,9086,148,4,52.51,0.2984
14974,3376,97,3,2088.11,0.1565
14975,9466,141,5,1008.76,0.009
14976,2452,116,1,1761.06,0.1885
14977,9747,122,5,1912.81,0.1645
14978,637,50,3,1199.24,0.0233
14979,6534,106,5,1984.03,0.2543
14980,4920,88,4,1530.12,0.0264
14981,1490,84,3,1994.09,0.0184
14982,2812,27,3,1712.5,0.2224
14983,3474,18,5,421.78,0.1437
14984,7915,156,5,613.45,0.0164
14985,2346,97,2,1070.44,0.1617
14986,2620,186,5,956.92,0.118
14987,4152,127,5,787.2,0.2212
14988,259,32,4,1165.63,0.0134
14989,7634,7,1,1310.23,0.1058
14990,7120,143,1,2276.46,0.1466
14991,6187,78,1,760.6,0.1658
14992,8604,163,5,151.56,0.2117
14993,8106,180,1,793.37,0.1116
14994,9353,40,2,1794.73,0.0652
14995,8532,115,3,963.65,0.1252
14996,5141,50,2,497.36,0.0847
14997,3053,95,2,977.68,0.2138
14998,5002,90,1,1804.15,0.0144
14999,940,198,1,247.58,0.2833
15000,4277,155,2,1743.63,0.2654
15001,5878,160,2,352.07,0.0972
15002,7973,12,2,2450.07,0.0316
15003,5816,188,2,1118.86,0.1975
15004,2700,111,2,988.23,0.2849
15005,5627,30,5,1469.31,0.2789
15006,4099,152,2,373.81,0.0283
15007,3726,88,3,841.58,0.1271
15008,8867,4,1,1436.09,0.1777
15009,3426,5,3,186.61,0.2495
15010,8350,132,4,652.77,0.1405
15011,6727,137,1,1250.93,0.1419
15012,8082,119,3,1688.68,0.1719
15013,8657,51,2,789.73,0.2859
15014,9914,168,2,1568.56,0.0815
15015,6969,53,1,639.59,0.1938
15016,1440,98,5,1094.83,0.2889
15017,5745,200,2,1064.64,0.136
15018,3037,96,3,103.36,0.0972
15019,8932,160,1,2351.25,0.0875
15020,8514,177,5,1887.52,0.1959
15021,2981,5,2,1473.94,0.141
15022,6798,32,5,818.81,0.2527
15023,2368,133,3,2066.11,0.077
15024,3703,65,1,1765.79,0.2994
15025,4885,198,2,360.42,0.268
15026,4745,153,5,1416.79,0.1085
15027,4498,155,1,670.56,0.2574
15028,1144,110,3,1819.65,0.2998
15029,6213,78,1,1064.75,0.2987
15030,6206,112,2,645.47,0.0947
15031,9872,73,4,2296.96,0.1555
15032,2169,28,1,2278.18,0.1524
15033,6660,88,2,2054.96,0.2091
15034,9317,191,5,253.17,0.0219
15035,5838,36,1,1891.22,0.2466
15036,2673,101,1,216.5,0.0583
15037,8091,56,4,274.78,0.1388
15038,1186,162,4,418.9,0.179
15039,5892,67,4,1727.55,0.1424
15040,6123,21,4,969.35,0.0209
15041,7660,39,2,2111.29,0.111
15042,3379,165,4,1868.77,0.1336
15043,3970,42,4,1922.23,0.1469
15044,746,164,3,2328.24,0.2927
15045,7146,66,4,1492.32,0.1265
15046,8608,17,2,2135.27,0.1833
15047,570,54,2,652.1,0.035
15048,4246,105,2,2296.02,0.0674
15049,2067,157,5,2349.25,0.019
15050,7898,153,5,985.32,0.1427
15051,6500,149,3,844.14,0.1506
15052,6900,19,5,756.32,0.2765
15053,1970,157,3,1209.79,0.2061
15054,788,131,5,1660.03,0.0668
15055,2349,76,1,1274.15,0.0199
15056,5976,55,3,1326.01,0.0342
15057,7471,179,5,165.49,0.0187
15058,3172,90,1,2244.31,0.2896
15059,9774,39,3,448.42,0.2118
15060,9095,159,3,1809.17,0.0233
15061,4913,200,1,767.72,0.0474
15062,8599,163,3,1182.99,0.2138
15063,9181,69,1,32.66,0.0681
15064,2143,124,1,2043.64,0.1637
15065,8351,27,3,2403.09,0.045
15066,6500,154,3,321.63,0.2651
15067,5650,155,4,493.21,0.1672
15068,4298,13,4,194.74,0.0907
15069,5383,120,2,211.11,0.2724
15070,3757,23,2,1379.92,0.1571
15071,3100,65,1,422.06,0.1632
15072,1042,114,3,565.34,0.119
15073,3062,79,1,1136.68,0.0375
15074,9225,77,4,1209.47,0.0654
15075,875,69,2,729.83,0.1421
15076,7696,90,1,2453.8,0.2133
15077,9534,199,3,296.6,0.0614
15078,1920,113,2,490.8,0.0466
15079,4136,150,1,1081.5,0.1561
15080,5593,124,2,735.87,0.0386
15081,4709,1,3,2084.88,0.131
15082,7262,143,2,454.45,0.1678
15083,8250,181,1,1790.49,0.1466
15084,5829,94,1,327.79,0.2702
15085,6762,67,2,680.8,0.0198
15086,6494,198,3,1853.77,0.2708
15087,9491,5,1,235.87,0.1877
15088,3611,196,5,2270.55,0.0469
15089,2093,184,2,813.69,0.0312
15090,974,25,4,844.88,0.2494
15091,2463,75,1,597.57,0.0077
15092,5426,62,4,2180.5,0.174
15093,2287,171,4,1605.22,0.2633
15094,1483,142,3,124.7,0.2794
15095,2215,89,3,2290.02,0.1855
15096,3835,113,3,2329.98,0.2894
15097,9429,121,2,1382.46,0.1979
15098,4828,180,4,797.69,0.281
15099,9208,27,1,414.54,0.2567
15100,1687,52,4,664.2,0.0118
15101,7534,1,5,2192.87,0.1216
15102,6465,46,4,527.86,0.1208
15103,9149,133,4,386.12,0.0976
15104,1206,62,2,828.5,0.2997
15105,9869,56,1,764.23,0.0444
15106,968,192,5,1853.87,0.0722
15107,5203,21,2,969.5,0.0286
15108,4760,104,5,520.7,0.1716
15109,2152,101,4,372.86,0.2504
15110,7345,124,1,1246.93,0.0671
15111,9851,66,4,2369.9,0.1691
15112,1753,173,2,1045.53,0.0587
15113,3438,115,1,106.41,0.0188
15114,6624,188,5,694.92,0.0363
15115,3308,18,1,831.06,0.1265
15116,7939,15,1,1554.28,0.0618
15117,2493,174,2,2171.09,0.0272
15118,7497,33,2,2410.98,0.1238
15119,7745,11,4,599.16,0.199
15120,2962,179,1,2136.35,0.1721
15121,8259,29,1,251.26,0.1535
15122,9870,8,3,1415.57,0.1394
15123,448,193,4,874.28,0.1515
15124,6432,30,3,317.7,0.2631
15125,3780,107,2,498.72,0.0093
15126,5308,53,5,682.7,0.1401
15127,613,74,4,1797.07,0.2631
15128,6549,6,1,2476.63,0.1566
15129,6506,45,3,94.56,0.0669
15130,2693,63,1,2000.62,0.0707
15131,4675,129,5,1285.7,0.1912
15132,8916,9,1,303.57,0.2375
15133,6825,50,3,592.19,0.2561
15134,6146,180,4,1073.18,0.1523
15135,3324,55,1,1814.88,0.2469
15136,5215,121,3,613.51,0.0762
15137,1627,16,2,1604.43,0.1714
15138,7224,3,1,694.9,0.2367
15139,5179,170,1,2063.96,0.2735
15140,3472,2,5,774.74,0.2353
15141,7258,188,1,2058.9,0.2606
15142,2102,200,3,814.4,0.2662
15143,6907,94,5,1378.13,0.0809
15144,5679,146,5,1980.41,0.097
15145,2996,61,1,254.01,0.2405
15146,7214,59,4,430.92,0.2791
15147,4313,3,2,2392.16,0.2435
15148,6778,6,4,465.94,0.0667
15149,1178,115,3,2244.54,0.2976
15150,7680,110,1,1292.19,0.1905
15151,1329,13,1,284.74,0.1435
15152,9070,15,2,1200.23,0.2895
15153,1182,86,4,1407.85,0.2689
15154,5729,83,4,398.9,0.1773
15155,6297,172,4,1915.3,0.1093
15156,4889,136,4,304.73,0.1406
15157,5019,87,5,271.1,0.1652
15158,8227,25,2,1439.58,0.1818
15159,6414,161,3,2086.89,0.2111
15160,1699,193,4,1542.42,0.1778
15161,5666,65,2,130.37,0.2614
15162,7055,145,2,1101.73,0.03
15163,3591,117,1,1809.18,0.2844
15164,2472,52,3,670.05,0.058
15165,6946,15,3,1745.78,0.0842
15166,2308,51,3,994.15,0.2523
15167,5168,127,5,2415.56,0.1239
15168,108,62,4,1217.95,0.179
15169,6871,91,4,2126.51,0.1772
15170,9565,60,4,881.13,0.0396
15171,3617,184,2,1853.56,0.1203
15172,2583,30,5,825.99,0.2733
15173,2720,89,3,722.37,0.0175
15174,3511,34,1,451.09,0.2112
15175,8707,104,3,1606.62,0.149
15176,5004,40,2,1204.75,0.008
15177,7480,111,4,911.31,0.1443
15178,1220,11,1,152.82,0.1168
15179,5152,29,2,1653.29,0.1909
15180,1609,11,1,1718.73,0.061
15181,2557,129,5,810.4,0.1083
15182,1283,157,1,1653.58,0.1788
15183,5351,191,1,2202.24,0.2272
15184,4389,59,2,879.14,0.0849
15185,6380,91,1,1803.49,0.2154
15186,7971,36,2,2116.18,0.1393
15187,545,143,4,1102.74,0.1549
15188,9904,95,2,397.54,0.1625
15189,645,60,4,112.54,0.052
15190,5324,15,5,1853.47,0.0848
15191,5648,34,3,1314.03,0.2371
15192,859,190,4,451.99,0.1308
15193,6834,16,5,44.5,0.1078
15194,7677,151,4,1075.32,0.0287
15195,2233,33,1,1082.11,0.0541
15196,9785,126,3,2431.96,0.1644
15197,4929,93,5,362.29,0.1442
15198,6969,32,5,478.59,0.2931
15199,406,144,1,2384.17,0.0542
15200,2945,79,4,245.33,0.0649
15201,8367,28,5,2045.02,0.2074
15202,6038,142,4,2074.89,0.1186
15203,4696,122,4,562.32,0.0896
15204,7968,21,1,913.95,0.0167
15205,8302,121,4,2280.89,0.1947
15206,7746,99,3,1598.48,0.2585
15207,6756,71,1,2103.46,0.2941
15208,6983,159,1,2053.86,0.1366
15209,4324,22,2,1296.86,0.1887
15210,4840,25,3,174.3,0.0595
15211,747,46,5,1354.78,0.2294
15212,3620,42,4,83.8,0.0941
15213,6635,132,4,827.11,0.2562
15214,9484,33,1,331.95,0.2521
15215,6812,100,4,1059.91,0.0291
15216,8851,90,3,245.78,0.1915
15217,9557,182,5,1013.23,0.2509
15218,2353,157,4,98.99,0.1576
15219,368,47,1,803.94,0.2148
15220,7860,70,3,1003.23,0.0652
15221,3541,56,5,549.14,0.1877
15222,572,153,3,2399.36,0.1813
15223,7393,58,3,737.23,0.0814
15224,6954,100,3,1530.7,0.2771
15225,8967,48,4,708.56,0.1283
15226,4906,51,3,1992.43,0.2116
15227,1651,107,4,1717.81,0.026
15228,3481,143,3,1970.98,0.0009
15229,8492,113,5,420.5,0.2839
15230,3622,174,1,887.6,0.2149
15231,8170,104,4,517.85,0.0456
15232,6387,54,1,1767.34,0.1651
15233,4766,182,5,1702.49,0.0305
15234,3984,65,1,2438.47,0.2334
15235,3284,190,3,2257.13,0.1118
15236,6717,198,5,2342.89,0.0125
15237,5627,52,4,1454.99,0.008
15238,1669,147,5,384.17,0.073
15239,3693,171,4,2334.05,0.0563
15240,1358,6,3,2184.93,0.2987
15241,2944,115,2,1043.11,0.2857
15242,5545,196,3,1389.27,0.264
15243,1820,138,3,259.87,0.1151
15244,4234,120,1,934.93,0.0051
15245,8829,171,2,2012.38,0.1161
15246,1204,55,5,2442.55,0.2297
15247,4318,125,2,1219.71,0.0307
15248,1394,119,3,719.5,0.0565
15249,4256,137,1,1939.41,0.0797
15250,1228,65,2,2138.58,0.0205
15251,528,179,5,1595.6,0.1071
15252,6746,191,2,1214.25,0.104
15253,8128,184,4,2235.3,0.1396
15254,6947,127,4,1695.3,0.0154
15255,4713,113,5,17.44,0.066
15256,9873,140,2,2430.17,0.1514
15257,7280,46,1,1788.42,0.2475
15258,215,105,5,1214.33,0.027
15259,1942,103,3,52.94,0.03
15260,4786,16,3,127.88,0.023
15261,5653,78,5,2420.48,0.148
15262,4834,198,3,1993.44,0.0544
15263,7214,47,4,255.75,0.1112
15264,9702,188,1,1873.89,0.1171
15265,1439,57,1,444.25,0.0328
15266,8097,63,1,979.36,0.2862
15267,9647,30,2,1272.82,0.1852
15268,3203,84,5,2261.64,0.2244
15269,1976,5,3,144.31,0.1995
15270,3090,143,2,348.89,0.134
15271,6556,122,3,1933.38,0.2845
15272,4239,31,5,2490.33,0.1008
15273,9522,146,3,1944.14,0.2834
15274,1564,77,2,1947.47,0.188
15275,4910,171,2,1332.08,0.1325
15276,3448,11,2,870.94,0.2031
15277,5608,126,1,366.53,0.2494
15278,9979,51,4,467.86,0.2779
15279,9841,140,2,1116.8,0.1845
15280,1118,117,4,2409.56,0.2035
15281,7169,184,2,1523.92,0.2859
15282,8647,147,3,2167.52,0.1543
15283,7994,129,5,622.35,0.2631
15284,7630,142,2,990.95,0.1616
15285,3640,81,1,1832.49,0.2506
15286,5777,66,2,184.91,0.1761
15287,78,103,3,699.8,0.0709
15288,8839,166,3,1417.59,0.0579
15289,1103,148,3,1753.45,0.0953
15290,7100,180,3,1098.04,0.0807
15291,248,151,2,2168.36,0.1208
15292,3293,94,4,1467.22,0.209
15293,1151,65,3,1633.35,0.2587
15294,5000,6,3,687.42,0.0482
15295,8606,145,2,829.68,0.1702
15296,8868,164,5,115.61,0.1985
15297,1410,62,1,201.45,0.1621
15298,7685,187,1,2409.84,0.0199
15299,9902,194,1,1383.09,0.1919
15300,8525,181,5,317.41,0.0978
15301,2344,11,2,788.79,0.0712
15302,8633,107,5,1591.22,0.1334
15303,6923,112,3,2148.08,0.2142
15304,8721,138,2,178.53,0.1645
15305,5707,4,2,1142.97,0.0759
15306,7289,147,1,185.38,0.0494
15307,1818,54,3,1163.46,0.1045
15308,7010,167,4,1809.25,0.0102
15309,2546,108,2,1937.35,0.2644
15310,4249,86,2,697.05,0.0875
15311,4440,62,2,679.22,0.266
15312,4212,170,4,2470.41,0.2159
15313,3998,29,1,304.6,0.2829
15314,8296,172,3,1618.73,0.1734
15315,2296,33,4,1845.07,0.2293
15316,9179,170,2,1937.0,0.0519
15317,5042,139,1,1670.18,0.2007
15318,364,59,3,1047.01,0.1622
15319,1410,115,5,309.07,0.1423
15320,4984,143,1,1435.03,0.0685
15321,9365,131,3,1479.17,0.2065
15322,1227,28,2,1636.33,0.1553
15323,3446,116,3,2319.8,0.2587
15324,6120,181,2,1105.97,0.0278
15325,965,170,1,2397.07,0.0202
15326,1814,15,5,548.98,0.0306
15327,1285,40,1,647.62,0.0952
15328,6662,34,2,328.74,0.2425
15329,5392,36,4,201.68,0.1684
15330,2808,27,1,1167.92,0.1823
15331,8600,142,5,1591.78,0.1657
15332,8206,131,4,991.21,0.1772
15333,536,131,4,1386.74,0.0042
15334,254,87,2,1012.51,0.2116
15335,2892,197,3,126.56,0.237
15336,7079,66,5,447.82,0.2917
15337,9990,188,2,680.94,0.2027
15338,5879,166,5,1592.65,0.1584
15339,4585,125,3,2164.63,0.1583
15340,3184,130,2,466.97,0.098
15341,7470,115,1,577.13,0.1419
15342,105,66,1,1792.1,0.0123
15343,228,100,4,2390.88,0.2906
15344,7593,12,3,892.21,0.0276
15345,6632,30,2,810.67,0.049
15346,2030,136,3,912.81,0.1534
15347,453,96,3,437.57,0.129
15348,9898,20,1,1238.19,0.2619
15349,1211,106,2,1365.56,0.0916
15350,1955,79,4,405.79,0.2158
15351,7491,191,2,571.31,0.127
15352,3411,78,1,517.11,0.1146
15353,8275,154,4,1520.36,0.0631
15354,833,153,4,1783.21,0.2441
15355,147,57,5,774.46,0.0592
15356,9178,60,2,1917.0,0.0029
15357,2383,20,5,2274.29,0.2491
15358,6937,115,1,1302.98,0.0635
15359,2727,26,2,2275.56,0.0452
15360,2271,23,2,1571.45,0.0596
15361,4702,192,2,500.91,0.2814
15362,4956,14,5,653.3,0.2015
15363,9798,86,3,1481.67,0.2071
15364,8874,92,3,574.43,0.0457
15365,398,126,3,24.24,0.1843
15366,1467,38,5,660.95,0.2585
15367,441,40,5,142.91,0.204
15368,7895,185,4,2245.78,0.0231
15369,5087,30,3,1721.45,0.1299
15370,4686,131,5,88.24,0.2134
15371,992,196,4,135.25,0.0279
15372,7615,55,1,86.58,0.1079
15373,9921,98,1,1994.91,0.214
15374,7025,109,5,1968.03,0.2512
15375,8500,77,4,1848.26,0.1913
15376,2697,66,4,388.63,0.2514
15377,144,164,5,2466.79,0.1963
15378,8522,181,2,2115.88,0.2796
15379,784,158,1,1612.54,0.0041
15380,9182,182,1,1704.96,0.1049
15381,3233,160,2,968.97,0.0194
15382,6451,87,1,1432.97,0.1139
15383,2875,175,1,871.73,0.0742
15384,2052,99,1,1790.21,0.0738
15385,3564,109,1,849.54,0.0865
15386,9602,81,3,2377.59,0.0868
15387,4601,160,5,2419.9,0.1744
15388,186,16,2,643.86,0.1948
15389,7014,65,1,2061.3,0.0777
15390,8034,142,3,266.6,0.0426
15391,9497,66,5,652.79,0.125
15392,9851,198,2,669.99,0.0892
15393,3866,183,1,1562.74,0.2758
15394,2788,44,1,2297.31,0.2394
15395,3056,136,1,752.59,0.2655
15396,9198,88,4,1071.73,0.031
15397,1966,186,3,984.2,0.1149
15398,6330,39,5,960.14,0.2546
15399,3467,50,2,1447.07,0.0526
15400,3733,171,2,1688.06,0.2341
15401,3076,31,3,1003.88,0.2621
15402,3397,64,3,2019.24,0.0822
15403,7366,85,1,1476.14,0.2901
15404,8982,148,2,690.28,0.2509
15405,2926,2,1,938.39,0.0505
15406,3431,43,3,2409.83,0.1722
15407,7174,40,3,1512.4,0.069
15408,1998,58,3,1259.32,0.1386
15409,5782,84,5,629.0,0.153
15410,6928,113,5,1339.67,0.2013
15411,2016,86,1,217.71,0.1845
15412,6308,13,3,1009.24,0.1064
15413,2738,123,1,2168.11,0.1596
15414,7738,108,1,1088.29,0.0234
15415,711,151,5,2107.07,0.1679
15416,4695,154,4,114.43,0.2931
15417,1203,124,5,359.3,0.1695
15418,3050,73,1,1837.85,0.261
15419,7555,167,5,1864.82,0.2608
15420,8245,170,3,1620.16,0.2866
15421,9970,32,3,2304.47,0.0206
15422,1311,172,2,1326.79,0.1925
15423,1407,40,4,1820.79,0.2754
15424,4086,76,5,690.03,0.237
15425,4675,124,4,1541.39,0.1343
15426,5457,91,2,1937.11,0.0808
15427,5303,46,3,1748.46,0.1038
15428,3522,26,1,2025.05,0.0368
15429,1309,107,5,1016.69,0.063
15430,5283,14,3,717.44,0.214
15431,6116,139,2,699.74,0.0521
15432,2354,98,1,2012.91,0.2498
15433,9487,182,3,2137.4,0.0763
15434,1565,8,3,532.52,0.1223
15435,409,167,3,939.16,0.0899
15436,1099,15,5,2302.35,0.0981
15437,9701,4,5,49.29,0.2434
15438,5433,193,1,878.82,0.2166
15439,112,163,5,1540.25,0.116
15440,1272,6,2,380.52,0.1079
15441,5939,115,1,1718.12,0.2013
15442,2884,66,3,741.82,0.2072
15443,7036,95,2,2357.89,0.0138
15444,6902,181,3,200.33,0.0647
15445,1676,151,1,2168.81,0.1747
15446,6624,19,3,1508.12,0.1764
15447,325,13,4,1553.72,0.0581
15448,4074,190,2,54.36,0.0198
15449,3827,124,1,2266.18,0.2939
15450,6629,8,1,2125.82,0.038
15451,1433,121,3,1129.71,0.2617
15452,5956,62,3,1219.55,0.1049
15453,5528,92,2,736.76,0.2558
15454,9341,91,5,832.8,0.1877
15455,7944,56,2,1201.08,0.0148
15456,3785,117,4,209.88,0.2735
15457,4380,38,2,208.73,0.2312
15458,6582,106,3,2044.1,0.1392
15459,6014,73,5,953.54,0.1783
15460,872,15,5,2449.34,0.0985
15461,8236,62,2,231.74,0.0437
15462,6520,189,4,2343.42,0.0173
15463,7322,46,2,1630.8,0.1622
15464,4703,162,1,780.17,0.0539
15465,2,25,5,676.52,0.1064
15466,6892,1,1,2389.31,0.0907
15467,4494,15,4,857.43,0.1125
15468,597,47,4,1322.82,0.051
15469,7036,166,3,2387.91,0.235
15470,6518,161,2,529.11,0.2202
15471,1790,49,2,468.28,0.2456
15472,3805,99,2,550.78,0.1462
15473,9977,155,1,600.83,0.2111
15474,7213,180,4,1766.9,0.0404
15475,4067,76,4,443.57,0.177
15476,4911,12,1,114.44,0.2802
15477,5652,122,2,1803.34,0.092
15478,2172,189,2,2409.24,0.1839
15479,4669,165,1,1370.55,0.0662
15480,7424,6,3,918.32,0.0896
15481,5836,127,3,91.84,0.286
15482,8709,92,2,1432.94,0.0268
15483,314,34,2,829.79,0.2313
15484,1361,136,1,1629.88,0.2624
15485,2125,6,5,2389.74,0.1796
15486,828,188,4,70.67,0.0051
15487,1677,154,2,1731.48,0.2275
15488,4392,177,2,1687.56,0.1198
15489,3779,18,5,1489.07,0.2302
15490,1461,127,3,1822.3,0.0385
15491,2755,142,4,944.82,0.1856
15492,5771,148,5,320.75,0.1119
15493,8970,170,1,25.91,0.004
15494,1564,113,3,1008.91,0.1593
15495,5239,193,4,2016.57,0.1778
15496,8587,87,3,1483.13,0.2778
15497,9713,62,5,381.72,0.2768
15498,1273,58,4,805.98,0.2098
15499,5127,144,2,1663.13,0.1135
15500,5533,173,1,2315.62,0.0088
15501,5057,167,3,2149.13,0.2149
15502,8847,147,1,1586.06,0.1195
15503,1476,136,3,557.78,0.0926
15504,6019,152,3,2175.57,0.1024
15505,7188,117,3,2302.99,0.0236
15506,1916,16,1,2274.5,0.0571
15507,8195,141,2,1421.95,0.2132
15508,413,114,3,2180.16,0.1048
15509,4116,158,5,1986.07,0.016
15510,4092,141,5,1553.18,0.0889
15511,4541,83,1,2455.47,0.2658
15512,1370,155,1,622.13,0.2688
15513,9946,166,5,1566.0,0.2264
15514,6821,38,2,80.74,0.0262
15515,3412,179,2,1135.39,0.2765
15516,5171,151,4,2086.6,0.2668
15517,8545,144,3,599.13,0.0419
15518,8670,46,5,1882.87,0.1247
15519,2292,172,1,1906.96,0.1546
15520,5677,114,5,1592.13,0.0005
15521,4823,177,5,2235.27,0.0877
15522,7583,144,1,1131.55,0.0831
15523,7191,11,5,533.82,0.1604
15524,2101,154,2,1634.11,0.0021
15525,5162,15,3,2372.43,0.1348
15526,4949,186,2,1580.82,0.0991
15527,1351,82,5,2198.45,0.1672
15528,373,104,2,2166.99,0.1121
15529,6699,18,4,30.0,0.0522
15530,1490,197,5,207.34,0.2295
15531,4998,66,4,1387.36,0.0324
15532,2868,30,2,2141.1,0.1697
15533,3566,159,1,968.24,0.0478
15534,9666,153,3,2223.9,0.2402
15535,9840,107,1,890.18,0.1416
15536,1023,95,4,1050.79,0.2083
15537,5224,192,1,819.27,0.0781
15538,9284,161,4,1112.86,0.0249
15539,5645,131,1,1155.05,0.1054
15540,2380,18,3,1209.62,0.128
15541,7467,100,5,724.98,0.2271
15542,7024,180,3,972.03,0.0813
15543,5764,90,2,1516.4,0.2749
15544,5212,92,2,36.55,0.2765
15545,490,32,1,1375.26,0.1018
15546,2592,49,3,60.48,0.0692
15547,3981,165,2,1524.14,0.2295
15548,36,71,5,955.59,0.1429
15549,1306,28,1,1166.47,0.1486
15550,7373,32,4,2028.75,0.2371
15551,7830,169,1,1685.53,0.1289
15552,2699,164,3,2326.7,0.1499
15553,2841,86,3,626.75,0.2324
15554,6991,137,5,1002.65,0.069
15555,8365,17,1,567.15,0.2768
15556,9892,10,1,463.51,0.1853
15557,3490,91,3,1672.79,0.1973
15558,6432,17,1,1648.16,0.2876
15559,3174,96,2,1237.3,0.021
15560,665,56,2,379.09,0.0698
15561,2499,139,1,1424.53,0.1906
15562,121,45,2,1280.32,0.0383
15563,1081,89,3,1428.23,0.1196
15564,2287,127,4,1130.21,0.1822
15565,1437,17,1,218.45,0.0448
15566,8213,192,5,1036.16,0.1107
15567,9045,122,1,798.68,0.1606
15568,3605,55,3,684.94,0.223
15569,7111,5,5,1661.74,0.0139
15570,7466,107,5,1681.55,0.0517
15571,6155,120,4,2434.5,0.1073
15572,3642,77,1,1592.12,0.0188
15573,6498,70,1,754.68,0.1528
15574,3824,42,5,1341.36,0.2508
15575,1945,67,2,1591.95,0.175
15576,1218,92,1,1034.91,0.278
15577,7020,131,1,1600.51,0.1611
15578,1010,97,2,2049.32,0.1609
15579,6446,66,4,1582.54,0.2466
15580,5142,188,1,438.47,0.2882
15581,8016,29,3,819.41,0.2687
15582,2695,135,2,2408.64,0.0494
15583,6130,108,1,914.08,0.2985
15584,8209,132,2,2077.99,0.1062
15585,3843,178,2,363.66,0.1001
15586,2444,21,4,2462.96,0.2157
15587,3148,137,4,540.36,0.146
15588,8395,188,5,2404.01,0.0266
15589,8425,12,1,138.49,0.2503
15590,8979,56,4,1448.0,0.2594
15591,1773,5,1,459.0,0.2535
15592,96,191,5,1618.9,0.1644
15593,8466,27,4,2249.62,0.0886
15594,7940,103,4,756.03,0.2565
15595,3990,177,5,1015.12,0.2694
15596,9592,20,3,130.68,0.2755
15597,7878,128,3,1445.58,0.2027
15598,1944,29,5,1514.3,0.1606
15599,2093,36,3,1550.71,0.0009
15600,5499,97,3,2285.92,0.0373
15601,1885,136,3,245.03,0.1459
15602,5002,158,3,1185.89,0.2172
15603,4526,189,2,751.81,0.0149
15604,8868,98,2,619.99,0.162
15605,1634,95,4,850.28,0.1372
15606,9523,129,1,2347.49,0.0431
15607,1267,163,2,641.02,0.1252
15608,137,174,1,225.54,0.1068
15609,5178,18,5,1036.59,0.2453
15610,9124,55,5,678.12,0.0588
15611,1942,110,5,737.39,0.2954
15612,6925,81,1,1140.43,0.2707
15613,8361,106,5,2041.07,0.2195
15614,8654,31,4,2090.52,0.24
15615,4506,64,1,1216.24,0.0291
15616,8056,20,4,2097.52,0.2307
15617,7552,120,4,427.11,0.0603
15618,8748,29,3,677.61,0.2653
15619,6617,171,4,412.42,0.1196
15620,8790,183,2,2303.95,0.2061
15621,6733,73,4,1895.41,0.2318
15622,1266,158,5,1923.7,0.1532
15623,4005,33,3,1721.2,0.1266
15624,9018,146,1,47.9,0.1259
15625,9891,177,4,540.53,0.2608
15626,1532,181,3,2183.82,0.2929
15627,3761,51,4,1211.71,0.2113
15628,5819,10,4,1860.71,0.1394
15629,244,65,5,554.88,0.0706
15630,2269,28,2,177.81,0.152
15631,7303,97,3,2071.59,0.0401
15632,35,123,3,595.15,0.2658
15633,9383,146,4,562.35,0.2499
15634,7430,107,3,1008.85,0.233
15635,5454,61,1,1372.34,0.0363
15636,5230,137,1,1573.73,0.1567
15637,9174,188,4,2313.64,0.1355
15638,1419,87,3,1895.11,0.0688
15639,9,154,4,1323.79,0.1987
15640,5002,43,1,373.12,0.2728
15641,3254,33,3,354.02,0.172
15642,3115,20,2,339.73,0.275
15643,3704,16,4,2466.89,0.2533
15644,113,83,1,2032.89,0.1249
15645,9134,160,1,229.29,0.0153
15646,1343,118,2,770.57,0.1363
15647,1457,11,4,813.5,0.1373
15648,766,108,5,798.82,0.1134
15649,4327,104,5,27.53,0.0667
15650,7135,62,1,1088.9,0.1477
15651,7103,111,5,2144.76,0.2275
15652,680,154,1,284.67,0.1535
15653,7100,119,5,173.22,0.1005
15654,6023,1,1,1625.73,0.0393
15655,7934,12,3,1935.6,0.2018
15656,5037,57,2,619.81,0.2598
15657,2095,73,1,2269.32,0.1516
15658,7310,50,5,1709.86,0.0397
15659,9301,72,4,1199.98,0.0688
15660,2479,95,5,2001.57,0.2129
15661,2141,147,2,819.89,0.0408
15662,3502,96,5,685.4,0.1528
15663,8351,119,5,665.79,0.0092
15664,5684,133,4,471.85,0.0894
15665,9087,31,1,2197.42,0.0535
15666,9988,22,3,989.03,0.1303
15667,4214,121,4,2187.11,0.1972
15668,7726,76,2,2210.47,0.1124
15669,4253,83,4,341.25,0.2006
15670,3505,101,1,114.92,0.1426
15671,7361,66,2,2421.71,0.2293
15672,257,4,3,539.61,0.0409
15673,1860,158,3,964.66,0.192
15674,2047,151,5,338.42,0.2624
15675,2747,186,5,2367.9,0.2717
15676,7400,21,2,241.76,0.2708
15677,2814,182,3,2020.99,0.2746
15678,8613,187,1,2154.43,0.266
15679,4474,69,2,2310.3,0.233
15680,3764,7,5,1159.38,0.0593
15681,7926,76,5,1412.28,0.1506
15682,2690,105,5,1278.11,0.0816
15683,1045,46,4,1353.3,0.1028
15684,4893,191,3,616.0,0.2673
15685,9292,39,4,1449.12,0.2862
15686,8169,195,2,661.82,0.0327
15687,7840,67,4,1467.2,0.144
15688,5801,100,3,2062.37,0.0982
15689,8982,103,2,22.31,0.0973
15690,8676,169,3,2160.01,0.1735
15691,6969,32,3,1122.09,0.1416
15692,1205,164,1,1531.6,0.2993
15693,8144,131,1,653.19,0.2118
15694,4849,198,1,2496.84,0.2929
15695,7697,96,5,1543.42,0.0341
15696,8755,70,4,2432.69,0.1718
15697,7047,184,1,1934.91,0.2919
15698,4029,107,2,2191.89,0.0993
15699,3044,68,5,657.42,0.1564
15700,1852,68,1,1615.9,0.2227
15701,9772,141,4,894.7,0.2328
15702,1357,177,5,2046.69,0.2584
15703,7913,195,5,2440.54,0.2233
15704,4027,99,2,545.57,0.2938
15705,9032,47,3,1844.84,0.2227
15706,1044,80,2,1866.34,0.0175
15707,5036,24,4,884.97,0.218
15708,688,40,4,370.76,0.1106
15709,5450,152,4,807.87,0.1509
15710,9103,57,5,431.69,0.1307
15711,8396,110,4,2210.54,0.1717
15712,9656,152,2,2070.67,0.267
15713,5304,69,5,1916.23,0.0529
15714,3118,63,2,1899.67,0.2363
15715,4537,147,1,1008.37,0.2878
15716,2602,62,1,2268.85,0.2042
15717,2056,199,1,2028.59,0.2217
15718,14,30,2,2266.41,0.1152
15719,794,89,3,1255.57,0.1529
15720,2150,193,2,720.04,0.2211
15721,5149,130,1,1626.72,0.1611
15722,6847,200,3,1710.35,0.0093
15723,1805,68,5,1770.23,0.1882
15724,5078,134,4,977.89,0.2863
15725,2029,108,3,1296.34,0.2128
15726,4539,192,1,292.29,0.2677
15727,760,97,3,1506.34,0.0634
15728,3861,10,4,1169.03,0.1541
15729,7519,152,5,487.52,0.1301
15730,1642,131,2,1239.52,0.192
15731,7192,47,3,880.17,0.0432
15732,1813,88,1,1641.56,0.1315
15733,1817,47,4,2021.45,0.2086
15734,1826,96,3,1032.55,0.158
15735,3186,184,3,2086.81,0.0373
15736,562,53,3,447.18,0.1614
15737,238,80,1,1594.84,0.2206
15738,5979,50,3,1081.89,0.1993
15739,9053,16,3,949.98,0.2361
15740,5834,4,5,582.07,0.1041
15741,7468,139,1,617.02,0.2343
15742,2208,24,3,1153.78,0.1797
15743,5558,159,4,2098.49,0.2217
15744,5004,50,2,1385.36,0.1368
15745,2650,88,2,1437.14,0.0582
15746,5315,120,5,1785.53,0.2972
15747,4714,88,1,738.43,0.2432
15748,5579,118,4,960.25,0.2287
15749,8263,88,1,2122.59,0.2758
15750,7066,100,2,143.51,0.2924
15751,5616,160,4,1291.01,0.1117
15752,6176,79,2,1345.19,0.026
15753,7846,59,2,1386.81,0.2092
15754,1236,12,1,1907.13,0.259
15755,4943,17,3,1136.5,0.2075
15756,463,106,5,2111.73,0.1666
15757,6391,130,4,857.61,0.1638
15758,3801,167,5,858.73,0.0419
15759,5830,50,4,2410.41,0.0639
15760,6477,198,2,821.22,0.0505
15761,5195,51,4,492.39,0.1223
15762,9306,159,4,1386.18,0.1586
15763,2841,153,1,2381.21,0.1504
15764,52,57,5,1951.42,0.0852
15765,7180,156,5,1098.88,0.058
15766,5769,45,4,1272.0,0.1795
15767,9508,26,3,2494.73,0.0983
15768,3169,196,3,1801.43,0.0281
15769,7080,29,5,266.07,0.179
15770,5208,79,4,1530.32,0.237
15771,5173,183,5,2355.91,0.0169
15772,4961,125,1,494.74,0.1001
15773,3233,97,2,1937.45,0.0582
15774,3357,80,1,1046.04,0.2087
15775,4006,40,2,371.22,0.2645
15776,7984,103,4,2098.28,0.0542
15777,973,5,4,1604.26,0.2783
15778,9019,58,1,46.68,0.0845
15779,318,98,1,2079.64,0.0575
15780,767,189,3,1346.45,0.2926
15781,2479,150,1,1565.92,0.2334
15782,3899,37,5,1414.86,0.1068
15783,2434,74,2,984.96,0.1715
15784,5721,121,3,353.02,0.1635
15785,1018,31,5,1801.45,0.041
15786,6681,14,5,1714.62,0.282
15787,2162,34,1,2150.22,0.1714
15788,6020,53,3,1542.37,0.2205
15789,7112,83,4,125.01,0.2389
15790,3042,101,4,1039.07,0.1704
15791,4354,21,1,274.69,0.1018
15792,6099,37,2,1497.84,0.1622
15793,4956,152,1,520.26,0.2935
15794,9506,96,2,2359.5,0.2409
15795,1705,64,5,401.15,0.2999
15796,262,94,3,2084.93,0.0419
15797,6684,102,4,1527.76,0.0298
15798,1160,17,5,781.48,0.2121
15799,1665,46,1,1981.59,0.1993
15800,9552,159,3,2415.34,0.0954
15801,2003,50,4,373.63,0.1306
15802,7442,178,5,2100.94,0.0546
15803,2270,43,1,2031.9,0.1126
15804,5456,17,2,1904.14,0.2786
15805,9168,78,3,687.46,0.1089
15806,9739,198,2,1930.0,0.062
15807,1764,147,3,211.4,0.0793
15808,415,178,2,276.99,0.151
15809,7571,190,5,777.6,0.1426
15810,8819,155,4,654.14,0.0287
15811,6529,40,1,1197.31,0.0329
15812,4035,37,4,1420.52,0.0717
15813,6088,95,3,762.28,0.2194
15814,653,144,2,1744.0,0.1352
15815,513,77,4,32.2,0.0359
15816,2445,26,1,584.0,0.2044
15817,9002,187,1,892.54,0.0039
15818,2910,193,4,993.69,0.1787
15819,8695,161,2,919.96,0.1038
15820,8232,34,3,45.34,0.0145
15821,222,60,5,2345.64,0.0369
15822,7095,124,2,1912.4,0.2245
15823,9658,179,5,29.34,0.074
15824,8162,98,4,887.05,0.0818
15825,1028,64,4,1114.57,0.1462
15826,6064,149,4,553.58,0.0468
15827,9672,125,3,2291.21,0.2907
15828,7023,135,4,1827.75,0.114
15829,5104,193,2,2160.84,0.1338
15830,1042,65,2,1848.45,0.0218
15831,5462,192,3,897.09,0.1673
15832,1907,146,1,1199.18,0.2394
15833,7091,189,5,165.13,0.1264
15834,3446,128,2,1062.47,0.0498
15835,7982,16,2,2006.6,0.0076
15836,7874,65,4,1873.4,0.1042
15837,6973,189,1,1964.83,0.2583
15838,898,75,4,687.59,0.0303
15839,3491,126,3,260.44,0.2868
15840,3910,192,5,1158.45,0.2622
15841,7620,30,5,1209.12,0.0124
15842,577,126,4,1566.6,0.0246
15843,6191,92,5,249.21,0.1335
15844,5338,90,5,111.11,0.024
15845,1245,138,1,1871.7,0.286
15846,3083,75,2,1607.38,0.0069
15847,190,119,3,561.5,0.2826
15848,7044,109,1,2100.73,0.1941
15849,6050,70,1,878.7,0.1637
15850,6751,29,4,1207.33,0.1962
15851,6474,22,4,328.41,0.0383
15852,7349,142,4,2432.09,0.225
15853,4631,134,3,1817.39,0.0786
15854,1073,44,4,611.68,0.2331
15855,8925,63,2,2374.11,0.2479
15856,3695,178,3,964.27,0.1304
15857,4241,119,5,1071.99,0.1367
15858,5419,125,3,424.95,0.0646
15859,1633,61,5,1075.18,0.1753
15860,1339,20,1,2433.62,0.025
15861,726,194,5,1091.36,0.0876
15862,2586,108,3,1754.87,0.0501
15863,9950,89,2,2446.62,0.2661
15864,4440,143,2,1562.85,0.2104
15865,5050,166,5,722.35,0.2256
15866,7197,133,3,869.1,0.2373
15867,5235,15,5,602.99,0.0407
15868,1290,11,5,2367.92,0.262
15869,482,179,1,2234.37,0.1951
15870,5230,33,3,1595.79,0.0598
15871,8597,101,5,211.46,0.2806
15872,3702,125,4,1982.2,0.1315
15873,5755,164,4,2046.53,0.1078
15874,4007,169,4,1879.84,0.0853
15875,8909,102,5,441.78,0.1924
15876,1858,75,3,716.47,0.1352
15877,2811,163,1,2034.16,0.0519
15878,5254,57,4,1117.36,0.2309
15879,6657,64,5,616.77,0.0475
15880,8476,75,5,1610.57,0.1177
15881,8075,161,3,1490.01,0.1701
15882,6055,33,5,1305.72,0.014
15883,124,91,3,869.74,0.2105
15884,7365,146,1,1940.16,0.022
15885,3474,139,1,1429.19,0.0098
15886,9748,62,5,2165.83,0.1311
15887,9548,47,2,2077.0,0.1406
15888,5979,94,1,2357.99,0.097
15889,2362,61,3,1855.56,0.1211
15890,8802,80,5,358.8,0.0249
15891,126,184,2,923.09,0.1864
15892,8924,24,1,1885.48,0.2242
15893,7529,193,3,350.19,0.063
15894,2331,75,5,1696.79,0.0538
15895,1622,6,3,831.21,0.0108
15896,8524,76,5,601.28,0.141
15897,7102,26,2,1369.23,0.2073
15898,8961,83,3,238.65,0.2152
15899,6789,193,3,1739.34,0.0099
15900,7088,182,1,1026.85,0.2907
15901,9861,190,3,1499.77,0.2953
15902,5191,84,1,231.72,0.2481
15903,2330,12,3,1104.67,0.2062
15904,6449,152,3,1965.0,0.1104
15905,1862,39,1,1778.69,0.1171
15906,1853,74,1,1352.68,0.2723
15907,259,150,1,492.73,0.0827
15908,7335,176,2,1480.42,0.2626
15909,3662,4,5,1696.83,0.0451
15910,6833,29,4,1405.27,0.0977
15911,532,134,5,1892.72,0.127
15912,1466,47,5,948.66,0.1857
15913,428,55,5,996.25,0.2233
15914,137,103,2,2355.45,0.0414
15915,6847,183,5,2276.37,0.12
15916,7430,177,2,465.49,0.1115
15917,3686,153,4,624.98,0.0904
15918,9004,173,4,1425.17,0.1354
15919,6149,136,1,1401.65,0.2192
15920,7309,11,5,210.27,0.1673
15921,1400,129,5,2286.3,0.1514
15922,3727,198,1,1938.26,0.1554
15923,3821,102,2,1995.18,0.2135
15924,2560,156,5,1733.73,0.1666
15925,4280,137,5,428.89,0.2128
15926,1225,98,4,919.66,0.1508
15927,8538,49,2,825.97,0.2077
15928,1054,194,2,2471.06,0.2545
15929,8662,150,4,296.27,0.0236
15930,2969,167,2,1393.9,0.2258
15931,6468,151,1,1933.25,0.2442
15932,6428,61,5,1026.35,0.2242
15933,9206,116,3,1324.31,0.0692
15934,4169,67,1,427.34,0.0351
15935,5247,171,4,531.71,0.2749
15936,9089,173,4,1742.89,0.1024
15937,2270,80,4,1814.2,0.0549
15938,8523,41,3,1402.06,0.2029
15939,6441,94,1,2264.84,0.2604
15940,581,147,3,940.41,0.2957
15941,1495,44,5,1818.68,0.1629
15942,8147,26,4,1817.03,0.2637
15943,904,144,3,1165.65,0.1452
15944,6715,150,5,2073.69,0.1624
15945,1905,134,5,1321.24,0.1702
15946,2852,37,5,1570.74,0.2622
15947,8887,197,4,124.02,0.0722
15948,5965,152,2,1730.38,0.2241
15949,9694,168,5,1632.94,0.1015
15950,8361,120,2,2268.44,0.0293
15951,571,138,5,364.96,0.2929
15952,9534,159,3,487.47,0.2777
15953,4166,179,5,1210.45,0.1521
15954,7668,182,4,877.67,0.0462
15955,4965,53,4,362.75,0.2591
15956,8145,148,2,395.38,0.1207
15957,2660,125,2,1791.95,0.1539
15958,9192,159,1,1875.26,0.2968
15959,4192,144,3,2230.99,0.1398
15960,790,101,1,786.38,0.0443
15961,9591,70,5,1142.11,0.1994
15962,4449,43,2,359.8,0.1654
15963,3606,123,4,322.74,0.0543
15964,4690,11,3,42.81,0.0565
15965,397,176,4,435.91,0.276
15966,1490,119,2,710.38,0.0119
15967,8163,168,1,1419.8,0.187
15968,8082,147,3,1558.97,0.2371
15969,7242,65,2,1375.59,0.1121
15970,7584,186,4,95.44,0.0413
15971,4603,155,5,1309.06,0.2762
15972,5022,169,5,1136.2,0.0782
15973,8339,142,5,1932.07,0.0542
15974,688,84,1,2271.5,0.019
15975,6240,163,4,1664.16,0.2681
15976,5450,101,3,1783.0,0.1618
15977,6055,2,2,979.54,0.1168
15978,683,89,5,1485.45,0.2307
15979,5523,13,5,1372.95,0.1578
15980,8523,36,1,2432.58,0.0914
15981,9383,81,5,1835.02,0.1164
15982,3054,170,1,702.56,0.2277
15983,3942,152,1,2219.87,0.0802
15984,8150,15,1,1347.6,0.1611
15985,4923,135,5,409.27,0.2597
15986,6894,131,5,2086.61,0.2632
15987,6238,148,3,1324.99,0.2681
15988,6494,125,1,211.84,0.2291
15989,1263,171,2,986.44,0.1532
15990,6066,26,4,1226.77,0.1498
15991,203,45,1,703.14,0.2873
15992,4310,28,2,744.24,0.231
15993,1290,117,1,338.66,0.0637
15994,8299,99,5,1780.73,0.0988
15995,6518,45,5,147.73,0.0992
15996,9487,188,3,717.01,0.2323
15997,7484,40,3,540.62,0.1399
15998,7203,9,1,1129.79,0.2188
15999,9217,71,5,1967.88,0.0132
16000,6703,40,1,757.61,0.2
16001,5231,142,2,2184.49,0.0945
16002,1269,10,1,2169.81,0.0656
16003,1298,48,3,1028.08,0.1992
16004,7194,143,4,2075.45,0.031
16005,316,173,2,759.43,0.1993
16006,8745,196,3,657.67,0.2982
16007,2770,186,5,2175.48,0.2752
16008,9259,147,1,1690.05,0.2294
16009,2002,120,3,621.3,0.1017
16010,9466,176,3,78.77,0.0903
16011,7835,28,5,1877.62,0.2905
16012,5809,172,4,789.3,0.0297
16013,7480,22,5,257.43,0.0633
16014,6569,86,1,731.76,0.2484
16015,3967,168,5,1092.07,0.149
16016,4451,44,1,557.4,0.2706
16017,599,102,5,164.31,0.1114
16018,312,31,4,843.38,0.0917
16019,9662,91,1,1261.27,0.1778
16020,2622,5,1,1990.76,0.2058
16021,4708,157,3,1959.37,0.2004
16022,9898,197,5,413.98,0.0763
16023,3958,127,3,1180.78,0.2537
16024,1180,82,2,2167.76,0.1377
16025,7205,93,1,141.19,0.0247
16026,8980,194,4,1220.63,0.1655
16027,4643,14,4,1262.94,0.0858
16028,354,187,1,2076.21,0.177
16029,4115,53,3,1250.5,0.0556
16030,9578,157,1,266.57,0.2477
16031,5128,200,2,1729.38,0.0518
16032,3504,132,2,1427.09,0.1261
16033,9666,160,2,1175.53,0.0106
16034,784,49,1,729.02,0.1944
16035,5493,166,5,205.49,0.0279
16036,5773,93,3,2296.49,0.217
16037,5239,157,4,2107.07,0.2011
16038,2505,124,5,2350.47,0.1255
16039,926,129,1,2352.54,0.1466
16040,5567,131,3,446.27,0.2511
16041,9991,42,1,813.93,0.0768
16042,1744,109,4,1201.84,0.1912
16043,5920,160,1,1025.0,0.1721
16044,9149,23,1,2410.54,0.2175
16045,6991,154,5,747.27,0.1211
16046,267,82,1,316.01,0.2644
16047,3088,89,4,1169.39,0.0708
16048,9632,166,5,1279.24,0.2413
16049,9197,22,1,1030.81,0.1807
16050,6622,12,1,1973.02,0.2398
16051,5561,63,2,1242.56,0.289
16052,3042,112,2,774.69,0.0009
16053,9832,84,5,1223.63,0.0085
16054,1887,144,4,2250.48,0.0002
16055,5296,186,1,2156.19,0.0938
16056,9782,110,3,1643.24,0.1181
16057,1658,113,5,1632.46,0.1122
16058,553,143,5,1512.13,0.0147
16059,2553,74,1,584.44,0.2708
16060,5459,133,5,1544.88,0.0386
16061,4669,117,3,1506.85,0.1619
16062,9351,99,5,1428.54,0.2715
16063,9141,81,4,2015.99,0.1619
16064,7645,51,3,127.95,0.1108
16065,6758,41,4,1150.94,0.2114
16066,2101,126,2,148.14,0.2987
16067,6244,132,2,1992.53,0.1805
16068,3549,175,1,594.07,0.1936
16069,3421,150,1,923.49,0.0542
16070,4355,31,5,829.98,0.079
16071,1390,157,2,2343.64,0.2383
16072,8133,169,5,857.44,0.225
16073,6464,189,5,143.61,0.0715
16074,6283,181,4,108.39,0.1518
16075,4045,16,3,552.61,0.2635
16076,7105,55,4,237.61,0.0536
16077,808,145,4,1987.79,0.2175
16078,9599,18,4,1691.08,0.1043
16079,8810,165,3,1942.62,0.0198
16080,911,60,4,1338.17,0.0841
16081,2147,29,1,1191.78,0.1258
16082,3486,95,5,914.52,0.2234
16083,21,106,4,2036.48,0.0382
16084,1760,89,2,19.41,0.2573
16085,5815,119,3,1296.06,0.0968
16086,9044,150,5,943.72,0.0452
16087,703,54,4,397.94,0.1112
16088,8073,81,3,1783.81,0.2783
16089,2356,45,3,681.4,0.1691
16090,6602,103,2,1052.96,0.105
16091,4853,180,3,735.2,0.1289
16092,4617,124,5,1529.78,0.2214
16093,7649,186,3,41.96,0.0131
16094,6779,131,4,1644.42,0.2853
16095,3184,129,1,1041.68,0.2499
16096,8916,183,3,1789.9,0.266
16097,6100,111,5,2099.67,0.2002
16098,1283,45,4,1292.89,0.1772
16099,7054,57,3,2174.98,0.1028
16100,6472,17,3,346.25,0.0902
16101,6260,29,4,100.73,0.0267
16102,7406,18,3,2215.35,0.0101
16103,1711,116,4,307.79,0.0163
16104,9056,137,2,464.91,0.0537
16105,3729,90,1,316.28,0.0486
16106,6696,88,3,440.81,0.2356
16107,1082,97,2,2249.24,0.0315
16108,6532,76,4,2122.11,0.2297
16109,1879,107,1,674.82,0.132
16110,8505,143,3,1766.01,0.2879
16111,8025,116,2,1974.04,0.1813
16112,6296,9,4,399.89,0.1674
16113,6051,159,3,582.01,0.1929
16114,3918,98,2,1202.35,0.1481
16115,3732,130,1,1597.01,0.1713
16116,52,182,1,1060.65,0.2118
16117,1783,48,2,1960.16,0.2531
16118,1294,102,1,2475.91,0.2766
16119,935,109,1,2164.03,0.2065
16120,6394,102,2,2131.15,0.2753
16121,4692,122,4,515.94,0.1632
16122,499,129,5,2262.57,0.0708
16123,7271,121,3,2477.56,0.1016
16124,9228,63,1,1421.01,0.259
16125,470,34,4,1903.87,0.1931
16126,4835,193,4,1504.25,0.0836
16127,1673,11,5,2480.2,0.1732
16128,9086,112,2,1517.59,0.1992
16129,3635,9,1,1193.04,0.2995
16130,5157,7,3,402.29,0.152
16131,6281,46,1,2112.26,0.2704
16132,464,165,3,518.22,0.1019
16133,9332,122,3,1699.58,0.1915
16134,8128,115,5,623.56,0.2377
16135,7509,88,3,1750.66,0.2793
16136,329,177,2,129.53,0.1447
16137,3867,8,3,450.5,0.2565
16138,9332,61,4,1802.97,0.1573
16139,1010,164,4,1483.4,0.1945
16140,8521,130,1,1396.81,0.0725
16141,8667,119,3,247.92,0.2473
16142,8988,45,5,2156.27,0.2905
16143,8227,116,3,1591.57,0.2334
16144,166,134,3,1451.05,0.0809
16145,3680,165,3,2401.32,0.022
16146,7817,185,5,1384.96,0.0176
16147,8579,19,1,2021.72,0.2145
16148,6707,52,3,548.51,0.2362
16149,2637,31,1,833.81,0.1997
16150,6370,47,5,1655.86,0.2005
16151,3038,167,1,1580.5,0.2757
16152,5089,51,1,229.69,0.1335
16153,1699,55,2,150.46,0.1482
16154,2064,149,3,545.78,0.0734
16155,1192,161,1,1341.63,0.3
16156,4933,21,3,1936.42,0.2833
16157,7176,121,2,981.44,0.0704
16158,7606,10,2,640.73,0.0683
16159,5793,132,1,1483.68,0.2319
16160,5555,48,1,260.8,0.0557
16161,3458,57,2,441.39,0.0606
16162,6676,140,4,1140.28,0.2566
16163,8513,123,1,2417.2,0.1782
16164,6032,138,4,826.06,0.084
16165,6889,67,5,2129.89,0.1206
16166,9492,136,5,2441.5,0.0515
16167,4971,69,5,2058.93,0.1779
16168,9870,100,1,1113.02,0.0468
16169,1741,150,1,2030.75,0.0958
16170,1115,35,5,126.4,0.2907
16171,1465,132,4,2162.39,0.1704
16172,5754,144,1,1231.54,0.1042
16173,5538,165,1,1133.81,0.2777
16174,4795,22,3,1835.65,0.111
16175,3664,62,3,2328.84,0.2175
16176,6812,124,3,647.16,0.0987
16177,8107,50,2,1067.71,0.0909
16178,1443,188,1,1631.99,0.142
16179,3471,27,5,1522.07,0.1671
16180,7067,180,2,598.46,0.1289
16181,3711,40,2,59.47,0.2497
16182,4979,200,2,420.05,0.2077
16183,1430,199,5,113.48,0.2886
16184,4969,106,2,165.21,0.1149
16185,9447,30,3,625.59,0.1624
16186,4887,52,2,1813.93,0.2601
16187,9175,38,4,653.1,0.0822
16188,909,15,3,574.53,0.2247
16189,5692,156,1,1597.15,0.1773
16190,631,59,1,1414.55,0.1775
16191,7160,40,3,1278.09,0.0787
16192,8143,73,1,1620.17,0.081
16193,1292,133,5,902.26,0.2795
16194,8241,167,5,51.9,0.0122
16195,7910,104,2,1083.61,0.1634
16196,1756,124,4,926.47,0.2071
16197,2230,56,2,1933.06,0.0544
16198,2168,79,4,239.37,0.1598
16199,1812,125,1,1956.06,0.271
16200,6915,35,3,1781.85,0.2431
16201,770,17,2,845.46,0.2643
16202,1500,147,5,1574.31,0.1248
16203,278,18,2,1323.68,0.185
16204,8995,74,5,543.91,0.0557
16205,3309,130,3,2261.43,0.2593
16206,9460,66,3,486.46,0.0456
16207,8846,177,3,358.07,0.0362
16208,8436,80,2,1033.54,0.2444
16209,9120,32,5,1861.34,0.1074
16210,8123,166,1,565.09,0.221
16211,7204,26,4,2168.66,0.292
16212,5066,96,3,1450.57,0.1026
16213,9792,98,1,487.5,0.284
16214,9357,53,2,1363.68,0.0783
16215,1953,178,4,592.99,0.2323
16216,1157,200,1,517.75,0.1666
16217,4056,127,1,396.16,0.2322
16218,7442,69,3,1477.05,0.0722
16219,2066,160,1,39.72,0.2348
16220,3924,72,1,2383.02,0.2167
16221,3943,150,4,81.79,0.0313
16222,1384,113,4,2326.53,0.1865
16223,1876,102,2,839.72,0.1155
16224,1796,47,3,1431.56,0.262
16225,22,1,3,1257.94,0.1002
16226,6361,75,1,779.64,0.2132
16227,6997,38,3,789.88,0.1781
16228,6638,183,3,350.4,0.1855
16229,8393,134,5,853.06,0.0413
16230,9481,84,1,1590.33,0.0715
16231,3771,148,5,1485.73,0.194
16232,2311,62,2,2138.56,0.0106
16233,2114,18,4,570.97,0.2693
16234,9202,82,3,416.54,0.2157
16235,9147,71,3,2014.06,0.0228
16236,4865,160,5,2020.22,0.1755
16237,5749,24,3,1825.39,0.2986
16238,4959,118,4,363.46,0.0264
16239,7203,182,1,2247.45,0.0069
16240,3367,179,5,1004.94,0.1077
16241,8724,140,3,900.46,0.1415
16242,1377,90,4,381.0,0.1674
16243,4311,94,3,459.45,0.1362
16244,3125,68,3,256.58,0.1944
16245,1164,34,1,1342.46,0.233
16246,1672,189,5,956.33,0.0181
16247,448,63,5,390.63,0.1261
16248,9071,73,4,1699.84,0.044
16249,9850,39,5,825.6,0.1955
16250,5771,37,2,1694.5,0.2016
16251,26,140,1,2002.4,0.2445
16252,1574,16,3,1573.7,0.2558
16253,6789,147,5,38.51,0.2989
16254,197,76,2,719.49,0.0204
16255,4208,129,5,78.53,0.2558
16256,1679,193,3,902.81,0.2797
16257,5995,19,5,2101.04,0.2819
16258,5591,52,3,2025.7,0.0109
16259,3219,126,4,418.87,0.1978
16260,7249,172,5,1694.52,0.2583
16261,2002,125,1,2195.33,0.0564
16262,23,44,3,2163.07,0.1729
16263,9406,130,1,2012.93,0.1385
16264,8148,4,4,615.69,0.055
16265,2329,147,1,2436.8,0.1175
16266,6304,173,1,1801.01,0.0905
16267,6428,161,4,1742.35,0.2549
16268,2139,17,5,2298.45,0.22
16269,5748,185,4,869.22,0.002
16270,493,145,2,1132.06,0.1671
16271,4580,4,3,1097.31,0.0096
16272,4236,8,3,304.07,0.2767
16273,9679,116,5,732.09,0.0115
16274,5996,165,4,1763.99,0.0551
16275,7507,112,3,112.61,0.0608
16276,5530,96,3,1163.6,0.2409
16277,9813,130,1,1813.47,0.1404
16278,1637,89,4,1843.17,0.0502
16279,939,154,1,2290.04,0.0415
16280,6578,41,2,1407.54,0.1128
16281,9116,141,2,530.37,0.1704
16282,4121,152,2,1930.75,0.2387
16283,6003,99,5,1271.77,0.2326
16284,1492,190,4,2038.0,0.0119
16285,5327,96,5,563.16,0.1947
16286,9618,65,2,32.86,0.0048
16287,8360,159,5,712.55,0.1711
16288,1367,146,3,469.56,0.0528
16289,7235,143,5,1797.78,0.2582
16290,3775,24,4,1262.33,0.1151
16291,8332,65,1,943.94,0.2524
16292,9478,143,4,206.38,0.2744
16293,8698,114,1,545.33,0.12
16294,838,51,5,2321.92,0.1782
16295,940,20,5,527.22,0.2795
16296,4309,94,4,1455.92,0.0736
16297,6489,52,1,2055.17,0.0267
16298,559,133,2,738.14,0.1553
16299,9260,54,2,2007.29,0.1653
16300,6085,165,5,819.74,0.13
16301,8599,121,5,1444.71,0.2907
16302,4183,62,3,715.13,0.1265
16303,3107,11,5,1446.57,0.1671
16304,8913,42,5,539.19,0.0177
16305,4262,134,3,2024.61,0.0131
16306,7348,89,3,1209.33,0.1747
16307,3586,173,4,2294.4,0.2751
16308,5011,185,5,1580.39,0.2467
16309,879,167,2,2072.39,0.1692
16310,2495,104,5,2127.86,0.1504
16311,7875,106,5,1322.89,0.2294
16312,9694,107,1,1795.01,0.0006
16313,7521,37,1,1395.91,0.1194
16314,8222,40,4,71.41,0.0293
16315,679,58,2,1799.68,0.1462
16316,8416,135,1,2483.99,0.2322
16317,7625,108,2,2176.94,0.1444
16318,4157,168,3,145.82,0.0904
16319,6320,163,5,2336.86,0.1398
16320,5727,118,4,514.25,0.1058
16321,9679,14,2,150.56,0.0491
16322,6285,137,1,44.0,0.2265
16323,4182,69,5,1065.79,0.0599
16324,3560,39,5,762.39,0.2494
16325,3467,45,5,458.61,0.1937
16326,1448,189,4,229.87,0.2445
16327,7276,50,3,902.72,0.0413
16328,8774,109,5,583.35,0.1167
16329,1950,103,5,1600.37,0.0389
16330,4510,168,5,951.43,0.0001
16331,206,156,3,1133.19,0.2268
16332,9142,36,1,1919.87,0.2933
16333,775,10,2,881.91,0.1928
16334,9283,61,5,426.38,0.0327
16335,479,196,5,747.63,0.2746
16336,9354,165,1,1703.41,0.1968
16337,8417,152,3,308.48,0.2566
16338,9277,162,3,1642.9,0.2002
16339,3961,1,2,1820.86,0.1479
16340,1317,21,3,1615.3,0.0227
16341,15,199,3,917.76,0.0238
16342,8242,172,1,1639.1,0.2921
16343,7940,168,1,2080.68,0.0336
16344,5221,108,1,798.85,0.215
16345,3498,79,2,682.81,0.0789
16346,964,78,3,2393.45,0.2913
16347,5130,94,1,2229.56,0.1524
16348,123,52,4,685.79,0.0918
16349,4758,1,5,439.28,0.093
16350,1919,181,4,1066.57,0.1304
16351,8863,67,2,1270.97,0.0044
16352,3044,161,3,433.29,0.105
16353,3273,11,3,75.9,0.0562
16354,7266,87,5,2048.91,0.2954
16355,2768,169,2,2312.68,0.0981
16356,846,89,2,186.33,0.0513
16357,559,68,4,2103.84,0.2923
16358,6514,49,2,1114.24,0.032
16359,589,188,3,457.76,0.2094
16360,1354,174,3,974.9,0.0307
16361,5341,16,3,2166.65,0.0033
16362,4443,34,3,318.49,0.233
16363,1590,24,4,259.96,0.0129
16364,8251,126,3,2414.86,0.1255
16365,2080,8,3,744.42,0.2173
16366,7826,119,5,2155.36,0.2046
16367,3716,68,4,1410.35,0.0079
16368,8400,158,4,612.42,0.0084
16369,2386,53,2,748.09,0.1089
16370,310,53,2,1038.72,0.2623
16371,6553,193,1,386.59,0.2704
16372,1662,155,3,1779.24,0.1463
16373,2186,13,3,1052.87,0.0491
16374,2439,135,5,2224.73,0.2227
16375,6526,155,4,2290.4,0.0974
16376,9973,164,4,2285.41,0.2927
16377,4801,67,5,1628.54,0.2338
16378,1889,108,4,1198.08,0.0291
16379,5089,56,5,224.68,0.2364
16380,5993,82,3,1892.47,0.2528
16381,4558,14,3,236.32,0.1179
16382,9863,129,5,468.44,0.0384
16383,4014,39,3,2109.27,0.1572
16384,6891,19,2,2136.49,0.2267
16385,3139,67,2,1095.24,0.2993
16386,9818,86,1,1804.12,0.2719
16387,3686,175,5,562.02,0.275
16388,2219,179,4,2243.26,0.2244
16389,7047,193,4,1640.21,0.233
16390,3306,135,1,2146.39,0.1088
16391,1328,47,2,988.9,0.0383
16392,9722,7,5,114.41,0.2995
16393,5615,73,1,2482.99,0.0073
16394,8749,117,2,1908.94,0.1569
16395,6681,112,5,428.59,0.1972
16396,6148,58,3,1605.63,0.1509
16397,3460,108,2,2364.86,0.1526
16398,6374,96,5,2247.17,0.1424
16399,9658,184,2,2350.83,0.1762
16400,9086,80,2,288.19,0.1397
16401,3946,69,1,2137.6,0.1705
16402,195,162,3,2229.92,0.0234
16403,4252,176,5,464.27,0.1179
16404,4206,96,2,1773.2,0.2857
16405,3531,166,4,1736.43,0.1626
16406,1701,168,3,1726.33,0.2896
16407,5841,83,2,1438.03,0.1063
16408,4733,97,4,606.62,0.0202
16409,3891,157,1,282.26,0.0058
16410,7967,120,5,625.72,0.2711
16411,4693,165,3,2287.21,0.0877
16412,3818,135,3,575.87,0.0785
16413,7633,80,5,1087.95,0.2698
16414,9259,39,2,1110.65,0.0497
16415,987,101,5,2312.02,0.1313
16416,8476,146,5,300.86,0.2848
16417,8955,138,3,1204.15,0.1907
16418,3239,184,2,2026.52,0.289
16419,5825,23,5,168.43,0.0725
16420,7568,87,2,1868.05,0.0855
16421,8771,184,1,248.67,0.2029
16422,8911,161,3,1139.11,0.298
16423,9028,173,3,407.53,0.2035
16424,2596,106,1,983.73,0.2171
16425,8575,76,5,107.66,0.0546
16426,6942,123,1,2107.82,0.2452
16427,6493,162,1,347.51,0.2153
16428,8983,134,3,480.86,0.1399
16429,447,120,4,1153.69,0.1708
16430,3595,138,3,63.36,0.1871
16431,2936,67,1,2303.85,0.0243
16432,9747,166,3,1042.63,0.2906
16433,4395,92,4,1331.48,0.1832
16434,3147,79,1,2175.62,0.1672
16435,649,172,3,1446.53,0.1623
16436,6894,9,5,213.12,0.2936
16437,8845,196,1,2010.78,0.2728
16438,9025,102,4,2291.06,0.0745
16439,8393,114,3,2023.48,0.0104
16440,1512,158,1,487.4,0.2292
16441,8287,62,3,1210.54,0.0679
16442,131,33,2,759.19,0.0428
16443,8306,140,1,1501.16,0.2997
16444,3162,119,1,2095.45,0.1209
16445,2846,192,2,1009.39,0.2229
16446,9438,76,3,1486.9,0.0955
16447,9483,163,5,40.4,0.0076
16448,7713,102,5,886.59,0.0689
16449,3589,62,5,1558.22,0.022
16450,8891,117,2,2476.47,0.0372
16451,2296,145,4,706.32,0.2393
16452,6755,34,1,449.23,0.2779
16453,9793,83,4,2240.78,0.2891
16454,3268,189,1,1413.21,0.1195
16455,6714,84,4,2489.44,0.0854
16456,9402,62,4,646.57,0.2383
16457,8678,102,2,501.38,0.1402
16458,677,95,2,898.97,0.2465
16459,9215,10,4,1451.01,0.2531
16460,8764,178,1,204.89,0.2888
16461,7483,119,3,981.35,0.1009
16462,5514,72,4,178.18,0.0831
16463,801,52,2,1649.66,0.1627
16464,8315,135,1,870.06,0.1459
16465,1870,170,3,2427.07,0.2851
16466,932,57,4,271.35,0.0993
16467,806,161,2,2237.39,0.2177
16468,7962,182,5,80.25,0.1079
16469,3987,183,1,1642.52,0.0047
16470,6733,9,3,2370.61,0.0214
16471,1111,173,2,1772.69,0.0439
16472,1616,38,5,91.07,0.1222
16473,1433,147,4,1648.09,0.2055
16474,7549,98,1,731.93,0.1128
16475,1498,44,3,1828.05,0.2439
16476,1917,62,2,1138.36,0.2824
16477,8277,141,4,1551.83,0.2779
16478,5897,35,2,73.91,0.0076
16479,9839,49,5,711.5,0.0055
16480,8068,41,4,765.24,0.2286
16481,8502,55,2,1127.37,0.1875
16482,3071,143,1,2203.35,0.0922
16483,9640,100,1,932.4,0.2745
16484,6921,96,3,1763.48,0.0143
16485,4348,142,1,901.61,0.0765
16486,5593,187,1,514.45,0.0801
16487,5378,174,3,1165.28,0.0312
16488,76,78,4,620.52,0.1691
16489,3859,28,2,146.07,0.0462
16490,3705,187,4,547.27,0.1981
16491,6501,99,2,220.34,0.2052
16492,8549,166,1,132.87,0.1943
16493,1994,40,5,1850.4,0.2234
16494,9314,179,3,1742.37,0.2983
16495,2832,69,4,396.44,0.2419
16496,105,137,2,116.25,0.1378
16497,6791,139,5,74.04,0.0871
16498,6340,112,2,1832.71,0.0655
16499,1767,20,3,1067.05,0.2528
16500,3039,34,4,1082.61,0.235
16501,5004,69,3,173.38,0.0334
16502,6021,121,4,2006.12,0.283
16503,9739,161,3,740.06,0.1592
16504,1487,156,4,1058.51,0.0353
16505,8709,181,1,1113.32,0.29
16506,4400,164,4,2206.84,0.1251
16507,3029,41,1,2085.61,0.1425
16508,4487,158,5,831.53,0.2075
16509,2915,27,4,197.7,0.1036
16510,8488,178,2,1399.63,0.0125
16511,1989,139,4,696.45,0.1997
16512,4578,145,4,782.41,0.1077
16513,4946,122,5,2207.98,0.1894
16514,7398,178,2,1844.86,0.2304
16515,8160,108,1,983.64,0.0098
16516,8337,32,4,1623.46,0.194
16517,3033,23,4,490.71,0.2482
16518,6067,173,2,1673.64,0.0038
16519,2256,18,5,170.63,0.0968
16520,8638,150,2,1646.71,0.2069
16521,4510,28,2,2218.36,0.2524
16522,5922,49,3,1457.55,0.2084
16523,7404,42,1,860.9,0.2489
16524,8737,15,5,1402.5,0.2552
16525,1155,20,4,838.06,0.2379
16526,4799,160,5,739.52,0.0958
16527,3853,56,5,27.22,0.0723
16528,4852,200,2,640.57,0.1441
16529,6536,53,4,2236.42,0.1721
16530,2866,171,4,460.18,0.009
16531,5189,82,3,1588.81,0.2723
16532,9659,100,4,1539.88,0.1118
16533,8287,115,3,575.86,0.0485
16534,4856,87,2,1932.74,0.0629
16535,258,22,1,1106.64,0.093
16536,7431,98,5,1996.07,0.1082
16537,4490,148,5,45.64,0.2741
16538,6685,129,4,385.17,0.1063
16539,4830,108,4,948.25,0.07
16540,9172,179,5,1195.43,0.1161
16541,7330,57,1,1372.64,0.0534
16542,8648,42,1,1974.99,0.1457
16543,2018,52,1,2258.98,0.2787
16544,173,77,4,803.33,0.2244
16545,8775,26,4,2218.99,0.2668
16546,2746,191,1,676.86,0.2934
16547,1358,189,5,192.85,0.1151
16548,6740,88,3,1455.92,0.0543
16549,7397,114,5,1670.34,0.1958
16550,7514,190,3,749.05,0.2008
16551,4826,67,1,436.4,0.1935
16552,2995,189,4,255.88,0.2302
16553,6310,46,1,1110.73,0.0607
16554,449,177,2,1031.21,0.0039
16555,188,127,4,723.24,0.1502
16556,4554,152,3,563.92,0.0441
16557,3447,46,4,112.04,0.0084
16558,2822,127,1,1727.13,0.1378
16559,6210,57,3,986.05,0.2037
16560,9285,72,2,551.49,0.1613
16561,1126,142,5,1297.23,0.0095
16562,5498,130,2,2203.64,0.0583
16563,4607,134,5,592.66,0.1288
16564,3478,76,4,1539.01,0.2449
16565,7745,61,1,2295.95,0.0887
16566,3068,164,1,961.84,0.2566
16567,8113,90,5,2372.26,0.2511
16568,9612,196,1,46.37,0.1875
16569,4723,30,4,310.19,0.2537
16570,3707,124,2,1339.59,0.1968
16571,4542,48,4,1254.07,0.0567
16572,1650,16,4,2456.53,0.0035
16573,2642,64,2,370.31,0.1789
16574,2774,120,3,2476.98,0.0617
16575,3841,8,3,2132.12,0.1831
16576,324,96,5,568.59,0.0653
16577,1539,163,5,928.28,0.0382
16578,456,24,3,312.55,0.1263
16579,6921,31,3,2273.23,0.2247
16580,1362,109,4,973.27,0.0707
16581,7493,103,1,111.34,0.2516
16582,1814,162,5,1450.14,0.2678
16583,613,133,1,655.72,0.0768
16584,6551,142,2,970.13,0.0778
16585,4688,37,3,1181.74,0.107
16586,7653,100,4,204.36,0.2136
16587,2540,81,2,1230.73,0.0368
16588,6695,148,5,732.1,0.2383
16589,6682,65,4,1784.87,0.155
16590,9207,144,2,651.02,0.1794
16591,3336,107,2,2361.27,0.2443
16592,9685,87,1,1859.91,0.0302
16593,1076,139,3,312.24,0.2598
16594,6014,113,4,362.61,0.2829
16595,7574,68,4,907.87,0.2058
16596,3558,112,4,82.8,0.2306
16597,2616,172,2,136.72,0.0385
16598,6699,95,3,1801.0,0.1553
16599,5677,189,4,828.34,0.0746
16600,9518,31,2,520.98,0.238
16601,8049,69,3,929.86,0.2381
16602,33,61,2,2456.91,0.1142
16603,5247,137,4,2257.54,0.2139
16604,9823,50,1,647.75,0.1562
16605,2844,146,4,204.91,0.1539
16606,2398,15,5,830.59,0.2003
16607,7010,24,5,37.2,0.1758
16608,7249,95,1,566.04,0.0499
16609,2739,175,4,1566.89,0.1867
16610,6691,199,4,238.06,0.1288
16611,493,123,3,442.6,0.1352
16612,8925,34,5,1087.17,0.2394
16613,7354,23,1,1791.9,0.2255
16614,7296,148,3,1325.61,0.2155
16615,8087,45,2,1836.98,0.2511
16616,270,119,2,244.96,0.0597
16617,2872,36,3,415.87,0.1498
16618,5017,46,1,2227.81,0.2882
16619,3563,137,3,2399.79,0.0303
16620,8135,14,1,2054.37,0.2811
16621,2190,171,4,1804.58,0.0434
16622,1562,77,2,143.33,0.0123
16623,744,189,2,2496.49,0.058
16624,5792,81,3,538.91,0.1353
16625,9565,150,5,1037.98,0.0813
16626,2280,133,3,1577.25,0.1358
16627,2491,100,4,1363.21,0.1415
16628,5703,59,3,2477.37,0.2977
16629,8505,32,1,1488.07,0.1659
16630,8393,109,4,566.11,0.2307
16631,8195,35,2,1415.24,0.028
16632,8096,4,1,823.5,0.1807
16633,5263,82,3,1668.76,0.0831
16634,8329,47,5,112.68,0.0791
16635,9388,103,5,701.89,0.2985
16636,7761,73,1,1377.63,0.094
16637,1180,78,3,1945.33,0.2614
16638,9213,182,5,2086.1,0.1383
16639,1965,188,1,2287.41,0.1144
16640,1805,106,5,955.04,0.0423
16641,50,51,1,1474.42,0.1989
16642,5542,88,1,1470.91,0.1603
16643,8997,141,3,2250.09,0.1858
16644,7657,163,5,2117.85,0.25
16645,8608,16,1,1069.94,0.2387
16646,7608,68,2,1493.62,0.0303
16647,1639,3,1,2290.54,0.0142
16648,8987,62,1,2499.56,0.1577
16649,8755,79,4,1850.18,0.0374
16650,2736,31,1,185.31,0.292
16651,8008,129,3,2231.23,0.1997
16652,5843,62,3,1202.54,0.2627
16653,5470,1,1,886.33,0.0081
16654,8970,161,3,735.97,0.1374
16655,4702,90,1,2012.18,0.1382
16656,7561,170,3,2247.26,0.0731
16657,3056,193,2,1719.08,0.0257
16658,86,144,1,163.06,0.0836
16659,4191,165,1,2467.27,0.2046
16660,8238,52,2,1401.04,0.0103
16661,8074,35,3,2071.22,0.1497
16662,2084,72,3,1807.06,0.1329
16663,8202,175,5,848.18,0.079
16664,2940,99,2,2295.91,0.0892
16665,9243,115,2,772.48,0.0653
16666,8783,130,4,2449.68,0.1944
16667,8224,172,3,2460.2,0.1413
16668,4142,181,1,122.31,0.2326
16669,572,82,2,336.21,0.2113
16670,7236,74,4,597.51,0.1657
16671,8209,138,3,932.64,0.2912
16672,1541,173,1,1638.8,0.1177
16673,4049,76,4,922.35,0.2626
16674,1079,103,2,2344.25,0.1431
16675,1386,186,1,1198.14,0.0667
16676,131,152,1,1399.98,0.1912
16677,2546,22,5,1571.36,0.1483
16678,6723,41,4,1072.21,0.1018
16679,7453,5,1,1592.04,0.2543
16680,6792,86,2,237.67,0.02
16681,2424,132,1,1262.64,0.0969
16682,4741,110,5,835.6,0.2192
16683,7482,187,5,517.09,0.054
16684,9534,22,1,108.8,0.1488
16685,8986,60,3,1955.54,0.1087
16686,7438,70,1,316.61,0.0987
16687,3545,110,5,439.86,0.1245
16688,3616,116,5,432.88,0.162
16689,4091,11,2,2451.36,0.092
16690,2535,174,2,644.66,0.1209
16691,2857,169,3,477.9,0.1869
16692,5881,135,2,2423.55,0.0994
16693,8846,24,1,1573.62,0.2608
16694,6192,136,1,1710.97,0.2409
16695,4443,12,5,2040.07,0.0426
16696,5414,138,1,1372.45,0.2545
16697,2411,139,5,1363.85,0.0542
16698,7657,148,1,2495.79,0.0348
16699,5144,44,1,1729.4,0.2931
16700,3610,23,1,1783.11,0.165
16701,682,22,1,234.08,0.2606
16702,1119,173,2,299.01,0.074
16703,4477,22,2,1276.62,0.2834
16704,4749,39,5,1825.86,0.27
16705,2975,41,4,1888.34,0.1613
16706,5856,56,1,1961.95,0.2527
16707,1303,67,5,1786.34,0.1152
16708,5285,124,5,306.38,0.1806
16709,1901,35,1,2087.29,0.1996
16710,1083,16,1,1920.36,0.254
16711,8634,146,5,943.04,0.1955
16712,3784,141,5,1030.58,0.2936
16713,2642,22,2,1390.61,0.0037
16714,1801,9,2,2482.19,0.2504
16715,3350,70,1,1864.35,0.0896
16716,4683,111,5,2096.88,0.0336
16717,7990,137,1,526.06,0.0645
16718,5014,18,3,1271.82,0.2389
16719,9201,192,1,1413.2,0.1198
16720,9230,38,1,124.93,0.1991
16721,1103,51,5,292.08,0.1974
16722,434,58,5,547.86,0.1042
16723,8669,22,2,2210.23,0.1593
16724,3934,97,4,1941.31,0.1523
16725,6545,184,1,1223.49,0.1302
16726,7937,108,2,1963.76,0.0742
16727,3214,29,3,1310.32,0.1383
16728,3311,183,1,2305.95,0.0223
16729,7735,121,4,723.82,0.2131
16730,3564,80,3,310.36,0.1477
16731,384,132,1,136.84,0.2395
16732,9059,164,5,1103.97,0.066
16733,863,32,4,773.59,0.12
16734,8460,14,5,2418.97,0.2757
16735,9538,18,3,2207.74,0.1571
16736,5519,195,2,1083.39,0.2738
16737,3490,198,5,56.3,0.1192
16738,5500,137,4,248.6,0.2787
16739,990,26,5,550.3,0.148
16740,6990,109,2,989.73,0.0588
16741,7048,115,1,2007.18,0.153
16742,4679,106,2,2134.23,0.2004
16743,7270,176,3,2497.76,0.2113
16744,6024,19,1,1334.85,0.1543
16745,3368,70,5,2370.95,0.1513
16746,9110,130,5,1638.16,0.071
16747,2569,28,2,1202.72,0.0231
16748,7228,112,1,350.51,0.0172
16749,8022,196,2,2292.75,0.1146
16750,5922,181,1,2236.18,0.0837
16751,6052,42,2,2200.4,0.2685
16752,9564,30,4,2409.74,0.0117
16753,3967,18,4,2050.36,0.2458
16754,9799,125,1,28.79,0.1534
16755,7846,137,1,1791.87,0.2382
16756,1887,7,2,1048.35,0.0456
16757,9709,100,4,2361.12,0.27
16758,7705,53,2,1964.05,0.1048
16759,2880,113,5,2010.79,0.2934
16760,161,133,1,285.43,0.2295
16761,8517,43,4,1168.54,0.2544
16762,638,102,5,1147.78,0.0101
16763,8477,197,1,1244.01,0.0025
16764,2043,87,4,1993.52,0.0561
16765,7610,141,5,562.92,0.21
16766,85,70,2,460.91,0.1832
16767,738,175,2,2146.86,0.2378
16768,4785,45,4,2089.53,0.2398
16769,6383,106,3,1670.52,0.2479
16770,1488,98,3,170.44,0.2983
16771,3437,2,1,1804.33,0.1932
16772,704,137,1,283.12,0.1517
16773,4270,150,5,1001.2,0.1131
16774,7099,148,5,2100.82,0.29
16775,725,74,2,91.09,0.1951
16776,91,85,3,1591.18,0.2129
16777,1770,188,1,1387.67,0.2199
16778,677,139,3,951.55,0.0849
16779,9539,117,5,544.52,0.2165
16780,6571,104,3,426.69,0.0692
16781,4205,21,2,2102.48,0.1565
16782,6690,194,1,289.9,0.0409
16783,4797,53,2,2413.44,0.1582
16784,2375,114,1,502.3,0.2691
16785,9949,150,2,1807.57,0.111
16786,3523,80,5,1399.75,0.1344
16787,4781,24,4,945.32,0.1848
16788,8873,194,2,2286.86,0.2997
16789,6068,95,2,99.87,0.2767
16790,1292,154,3,1921.04,0.123
16791,2686,199,5,1853.0,0.295
16792,9975,164,4,2091.48,0.2239
16793,2320,37,4,2230.89,0.0319
16794,4355,146,1,1151.43,0.2954
16795,7067,155,1,1692.6,0.2107
16796,8430,74,4,1444.45,0.192
16797,6080,95,4,1485.43,0.2901
16798,304,80,5,77.05,0.1526
16799,1627,19,4,2407.63,0.0565
16800,1254,58,1,417.8,0.0852
16801,9119,36,1,1044.69,0.1749
16802,1999,161,3,1755.52,0.0671
16803,9635,61,4,544.5,0.0835
16804,4260,134,5,303.59,0.2753
16805,2402,80,2,2240.9,0.122
16806,2750,109,1,1457.44,0.2367
16807,7297,4,2,349.75,0.1372
16808,5062,124,1,2184.44,0.1833
16809,6853,137,5,483.84,0.2922
16810,861,25,2,1648.81,0.005
16811,4934,151,3,2141.02,0.0215
16812,9471,68,5,1554.91,0.083
16813,481,57,1,32.35,0.1515
16814,1972,69,4,1629.36,0.2888
16815,9053,26,2,1425.84,0.1139
16816,8300,91,4,1327.3,0.1272
16817,5821,4,1,775.75,0.1951
16818,3914,21,2,1571.8,0.2945
16819,2163,153,2,56.05,0.0797
16820,547,159,2,1302.61,0.1893
16821,6816,124,5,830.66,0.2318
16822,2687,7,5,133.89,0.0605
16823,3886,91,5,667.12,0.062
16824,7716,113,5,2094.15,0.1836
16825,2119,115,1,657.15,0.2336
16826,8586,141,3,1188.07,0.1105
16827,4634,55,1,1419.59,0.2569
16828,176,95,2,728.52,0.1347
16829,6157,196,5,1365.32,0.1447
16830,4766,9,2,2389.3,0.1058
16831,4320,58,5,472.8,0.0692
16832,3526,171,4,2232.04,0.0735
16833,484,109,4,1409.45,0.2107
16834,6338,30,5,1951.56,0.1269
16835,8504,112,4,1503.84,0.084
16836,5406,106,5,773.66,0.1521
16837,6711,196,3,1442.96,0.0102
16838,4826,61,2,1073.77,0.1536
16839,5337,67,1,1490.6,0.1784
16840,9386,117,1,1420.05,0.2814
16841,518,182,1,1699.9,0.2069
16842,8456,167,5,1816.81,0.1369
16843,4937,157,5,1376.0,0.1663
16844,8408,21,3,2029.62,0.2945
16845,6470,12,5,1719.26,0.047
16846,2600,82,1,646.48,0.1983
16847,4688,197,4,2347.86,0.2203
16848,4440,23,2,191.54,0.1174
16849,5928,145,5,1588.01,0.0807
16850,1128,189,1,1536.61,0.0891
16851,2362,101,2,1119.38,0.1109
16852,347,116,2,1200.94,0.0667
16853,7114,159,5,1947.06,0.117
16854,6966,12,5,1809.73,0.2275
16855,6963,176,5,1044.52,0.1792
16856,8842,22,3,547.24,0.2246
16857,8457,103,1,168.54,0.2855
16858,378,180,5,1814.67,0.0739
16859,2942,5,2,1745.32,0.0994
16860,6938,84,3,722.4,0.0962
16861,6306,80,1,2383.19,0.2026
16862,3811,63,4,1632.23,0.1221
16863,2075,6,5,1669.66,0.0841
16864,9432,64,5,1414.88,0.1891
16865,3667,58,4,1620.65,0.2728
16866,3378,153,5,2497.68,0.0914
16867,1835,125,1,2006.73,0.2119
16868,9064,53,3,1064.95,0.1239
16869,6344,128,2,499.47,0.2669
16870,7221,98,4,1886.98,0.1735
16871,4176,125,1,2199.55,0.1182
16872,9485,104,1,1314.01,0.2394
16873,4890,20,4,2309.9,0.1555
16874,9840,131,3,1402.45,0.2009
16875,9818,192,3,553.28,0.2094
16876,6200,135,2,1073.67,0.2806
16877,8381,3,2,1062.82,0.0206
16878,7668,171,2,447.88,0.1413
16879,3506,45,3,1723.87,0.1698
16880,3221,132,5,2108.01,0.274
16881,4833,162,5,534.18,0.0323
16882,704,70,5,1923.23,0.0712
16883,9602,172,4,377.19,0.2808
16884,840,170,4,840.33,0.1446
16885,2566,186,4,1852.6,0.1986
16886,534,52,4,1008.72,0.1663
16887,1342,196,3,34.87,0.2698
16888,1622,177,4,2039.01,0.0274
16889,3696,140,2,572.32,0.0154
16890,6809,51,4,2140.26,0.1374
16891,3538,85,1,646.91,0.2698
16892,5961,111,5,648.21,0.1804
16893,7030,135,1,2211.2,0.2101
16894,673,115,1,883.49,0.2667
16895,363,190,2,1671.61,0.0436
16896,3080,187,3,902.23,0.1875
16897,1384,40,2,1360.13,0.054
16898,7800,178,3,1930.41,0.2358
16899,8333,110,2,2297.42,0.2303
16900,6461,168,3,1634.77,0.0237
16901,2288,25,4,961.16,0.2831
16902,629,121,2,994.27,0.1189
16903,1650,6,1,402.86,0.0362
16904,7478,192,2,1420.21,0.0711
16905,8348,99,1,2107.98,0.2718
16906,4309,44,3,338.46,0.1467
16907,2845,1,4,663.64,0.2025
16908,3261,81,4,63.13,0.1351
16909,3316,133,4,1322.3,0.0298
16910,8009,172,1,159.58,0.1949
16911,3784,58,5,1454.19,0.2996
16912,8237,96,5,721.36,0.1553
16913,593,146,2,2009.74,0.0665
16914,6871,45,5,1344.13,0.0819
16915,9959,186,5,1211.66,0.0741
16916,1999,169,5,590.62,0.2834
16917,4238,163,5,2315.26,0.2857
16918,6873,164,1,2381.48,0.0857
16919,9552,42,4,1889.0,0.0021
16920,3057,2,3,776.08,0.0949
16921,5266,18,1,1974.13,0.1705
16922,9382,163,5,1814.76,0.2457
16923,8820,22,5,540.59,0.1253
16924,143,55,1,217.78,0.1452
16925,8101,69,3,494.65,0.038
16926,6848,175,4,2169.04,0.1718
16927,1621,152,5,403.7,0.1845
16928,7461,32,2,1983.29,0.0415
16929,3642,98,3,806.35,0.0951
16930,2057,113,5,1812.84,0.0855
16931,6727,139,2,2250.13,0.2652
16932,3263,10,1,1973.52,0.1716
16933,7999,115,4,1350.41,0.2123
16934,6564,102,2,27.07,0.1234
16935,4360,171,5,357.52,0.1175
16936,602,7,2,1961.82,0.0935
16937,5616,48,1,256.45,0.075
16938,1069,77,5,2433.31,0.2892
16939,6058,151,3,2426.16,0.1304
16940,4366,136,2,745.4,0.1031
16941,1898,100,3,99.97,0.1077
16942,9709,7,1,1871.0,0.1089
16943,2424,10,2,490.03,0.0535
16944,1989,140,4,1837.43,0.0613
16945,4789,165,1,847.37,0.1997
16946,3573,154,2,941.39,0.0043
16947,3891,5,2,1508.32,0.2191
16948,8141,179,4,422.28,0.0518
16949,9346,175,2,2424.21,0.2362
16950,9776,7,2,122.76,0.103
16951,7630,36,3,2370.35,0.0408
16952,7089,7,3,756.96,0.2282
16953,2128,167,5,1671.13,0.137
16954,2,42,2,2494.97,0.0524
16955,4171,100,1,603.89,0.183
16956,5080,182,1,1195.87,0.181
16957,5341,6,2,73.4,0.1876
16958,1806,65,5,548.65,0.0833
16959,6396,2,3,359.59,0.0011
16960,6614,67,3,1889.11,0.2262
16961,7471,103,5,1735.31,0.0041
16962,9122,14,2,1229.79,0.0918
16963,896,89,5,19.36,0.0939
16964,3105,80,1,526.32,0.0695
16965,1383,128,2,1695.89,0.1098
16966,4843,152,2,48.2,0.2302
16967,4114,41,5,1462.97,0.2326
16968,217,200,5,414.97,0.0381
16969,1381,54,4,1461.3,0.2404
16970,1312,130,4,1980.39,0.0381
16971,9905,125,3,2187.47,0.2391
16972,2980,106,4,1089.54,0.0967
16973,3904,90,3,1514.55,0.0177
16974,1568,146,1,1339.98,0.2817
16975,9175,18,4,1356.76,0.2022
16976,3693,147,5,974.66,0.1319
16977,6964,165,3,1976.15,0.0387
16978,8841,96,3,855.46,0.0171
16979,1132,89,1,1486.6,0.2192
16980,5664,91,4,1147.16,0.2824
16981,3210,149,5,867.49,0.2652
16982,9698,190,3,922.64,0.1453
16983,8918,149,1,1091.78,0.0889
16984,69,171,1,1028.36,0.0427
16985,2827,95,4,1776.29,0.0972
16986,3770,58,5,1417.93,0.244
16987,6428,35,4,1284.02,0.2172
16988,5464,99,3,440.96,0.2815
16989,437,144,5,1186.25,0.0575
16990,2666,52,4,1216.98,0.0497
16991,808,31,5,1773.06,0.1771
16992,5824,77,1,1101.72,0.2099
16993,1674,138,1,1306.1,0.1066
16994,555,48,2,1010.99,0.1884
16995,8108,69,1,2446.49,0.2305
16996,624,64,4,2141.63,0.2139
16997,7609,111,1,122.36,0.0636
16998,6991,49,3,2146.1,0.1741
16999,7742,4,1,920.58,0.1644
17000,3438,168,4,841.86,0.1824
17001,6381,76,3,252.08,0.1339
17002,3517,188,2,2267.03,0.1719
17003,4909,41,1,2195.07,0.1214
17004,3773,47,2,2337.96,0.2544
17005,6362,171,4,1931.02,0.0776
17006,2910,64,5,278.0,0.0282
17007,3907,143,4,81.31,0.0571
17008,4838,29,1,2276.99,0.207
17009,8477,158,2,1380.11,0.0913
17010,622,29,4,605.63,0.0778
17011,431,92,2,230.98,0.0798
17012,3653,34,3,376.77,0.0209
17013,7231,191,2,406.09,0.2856
17014,3923,140,4,1605.2,0.1035
17015,1382,153,3,653.21,0.1934
17016,1572,136,4,775.0,0.2181
17017,332,117,5,1502.73,0.113
17018,3672,120,1,1978.83,0.2622
17019,6841,118,4,1010.96,0.214
17020,5278,96,3,110.99,0.0179
17021,7054,88,5,1636.46,0.2461
17022,3879,133,2,1716.36,0.0661
17023,1397,147,4,851.11,0.119
17024,7380,75,4,18.04,0.297
17025,1380,81,2,1435.61,0.0781
17026,7540,156,3,1940.81,0.2797
17027,727,24,2,559.88,0.233
17028,6563,166,5,1289.0,0.2175
17029,9506,31,4,1748.41,0.2973
17030,2517,199,2,1478.87,0.2688
17031,1405,48,4,1931.61,0.2552
17032,3942,131,4,1029.18,0.0161
17033,3883,3,4,2177.24,0.1138
17034,8959,175,2,806.21,0.1009
17035,8563,117,2,398.12,0.0206
17036,862,166,1,1964.02,0.0347
17037,7279,29,2,40.28,0.2054
17038,1204,108,5,2378.05,0.2427
17039,8788,45,3,198.08,0.185
17040,6228,149,1,1972.44,0.2342
17041,814,177,4,315.77,0.1808
17042,7008,177,2,712.35,0.2143
17043,7997,80,3,1508.3,0.2172
17044,1465,75,3,363.36,0.2431
17045,9535,102,3,256.82,0.0936
17046,7257,26,4,2329.97,0.237
17047,6911,30,1,1804.94,0.1501
17048,3333,103,3,312.92,0.2886
17049,2403,87,1,1304.96,0.0494
17050,3605,124,5,2089.56,0.2961
17051,2660,28,5,231.24,0.0275
17052,325,150,3,2029.62,0.1795
17053,3041,128,3,2109.47,0.2047
17054,2287,156,5,863.75,0.2701
17055,1059,192,1,2488.95,0.2279
17056,8507,147,1,991.07,0.0287
17057,1578,175,1,2257.15,0.1851
17058,639,84,2,2246.37,0.2104
17059,5850,102,5,1787.95,0.061
17060,357,175,2,17.1,0.1973
17061,7254,84,2,1711.68,0.0274
17062,7217,48,5,249.55,0.0424
17063,6618,2,2,104.76,0.1086
17064,297,23,2,463.47,0.0588
17065,7273,85,4,1285.72,0.001
17066,6705,133,5,1159.14,0.1863
17067,8656,72,3,982.89,0.1388
17068,3506,43,3,1344.01,0.0669
17069,5787,122,1,672.85,0.0637
17070,8406,101,1,792.84,0.1779
17071,8038,142,3,533.87,0.0323
17072,9829,28,1,1138.94,0.0745
17073,8899,74,2,1789.92,0.0123
17074,2203,6,3,1286.45,0.2298
17075,7,20,3,2130.34,0.2929
17076,3053,68,1,1236.19,0.0797
17077,3195,110,1,516.83,0.1394
17078,3522,195,2,1287.76,0.1311
17079,3748,31,2,938.69,0.1625
17080,3898,178,4,1236.95,0.1125
17081,6097,43,3,259.19,0.0397
17082,9991,89,2,1945.0,0.0745
17083,9026,89,2,876.78,0.2391
17084,558,140,2,56.98,0.1794
17085,1790,48,2,1422.06,0.0207
17086,2869,117,3,1714.27,0.0649
17087,155,28,1,195.54,0.12
17088,5913,121,1,946.85,0.1938
17089,7180,39,5,1206.91,0.2355
17090,188,137,1,1264.25,0.1752
17091,2065,161,1,103.72,0.2698
17092,9567,171,5,1587.46,0.2415
17093,7798,1,4,248.79,0.1429
17094,9088,81,4,886.1,0.2187
17095,4237,88,5,1275.69,0.0485
17096,2863,138,5,1880.62,0.1044
17097,9962,146,3,922.95,0.0064
17098,6275,9,5,2055.73,0.2226
17099,3018,13,3,1936.06,0.2794
17100,8082,43,4,1021.98,0.1133
17101,6653,98,3,2193.77,0.0926
17102,1188,132,1,2406.01,0.0796
17103,1916,43,1,687.87,0.0
17104,988,159,5,2056.83,0.0921
17105,6577,25,4,725.24,0.005
17106,7845,76,5,1719.49,0.1683
17107,9546,85,4,1674.5,0.2053
17108,9186,17,3,1979.69,0.1075
17109,8982,194,1,555.37,0.1209
17110,2709,156,2,2336.36,0.0951
17111,8682,14,2,1082.07,0.0799
17112,3969,116,3,20.75,0.0972
17113,9612,68,2,1936.12,0.1686
17114,3835,69,4,2330.12,0.1685
17115,8,113,3,2421.37,0.2207
17116,2931,13,2,916.48,0.04
17117,8965,85,2,65.65,0.2877
17118,5248,14,1,864.76,0.1569
17119,819,146,4,2210.87,0.254
17120,1007,137,2,2111.6,0.0185
17121,5037,90,1,957.38,0.1083
17122,7075,44,1,395.28,0.2186
17123,544,27,2,1617.08,0.0291
17124,6550,169,5,1665.09,0.0504
17125,2097,56,2,1582.3,0.1724
17126,4092,94,1,389.38,0.1466
17127,779,44,1,2063.5,0.1189
17128,5703,10,2,105.48,0.0495
17129,2116,160,5,2425.16,0.0034
17130,8360,70,3,2255.59,0.0018
17131,2978,26,5,2485.37,0.183
17132,1899,41,5,1504.33,0.1287
17133,2152,46,5,1514.91,0.2348
17134,726,14,2,970.57,0.1019
17135,6462,45,3,295.56,0.0
17136,2726,154,5,1890.73,0.1525
17137,8734,100,5,1236.68,0.1347
17138,7200,7,4,920.35,0.0587
17139,5236,165,5,2190.87,0.2985
17140,1433,178,4,19.83,0.0341
17141,6650,194,3,1204.05,0.1156
17142,7767,29,5,1635.98,0.1586
17143,1548,106,1,25.09,0.1028
17144,4361,120,2,1823.11,0.1086
17145,9597,119,1,427.53,0.2699
17146,2981,183,5,2115.98,0.1225
17147,273,9,5,1914.81,0.1373
17148,8099,159,4,362.33,0.1493
17149,6643,120,3,1441.4,0.18
17150,5103,99,1,1896.97,0.1127
17151,369,93,5,87.84,0.2793
17152,6110,146,2,1369.14,0.0239
17153,8569,180,2,140.78,0.0723
17154,1084,158,3,1554.59,0.2881
17155,772,77,1,2207.1,0.0722
17156,7620,139,4,996.03,0.2571
17157,2008,25,4,1098.42,0.2108
17158,3971,154,4,2443.5,0.2455
17159,5257,138,4,1148.22,0.2009
17160,6923,117,2,724.58,0.125
17161,8160,77,2,2490.93,0.2936
17162,9716,160,5,1706.57,0.0022
17163,1279,99,5,1460.39,0.1648
17164,6632,54,1,1653.87,0.1017
17165,9565,25,1,1979.88,0.1716
17166,738,157,3,108.0,0.2809
17167,3440,163,2,511.72,0.2897
17168,5218,52,3,105.86,0.0947
17169,9493,116,4,762.01,0.2813
17170,4121,124,5,1900.81,0.2961
17171,5694,140,5,1017.75,0.1438
17172,9812,176,3,1745.75,0.0397
17173,3781,7,3,774.61,0.2914
17174,2473,199,2,2456.35,0.269
17175,7097,85,4,241.21,0.1973
17176,7403,53,1,1444.28,0.0084
17177,4744,81,1,1508.97,0.1072
17178,6270,68,3,1828.94,0.0463
17179,6752,173,3,43.19,0.0569
17180,6983,113,3,665.4,0.206
17181,550,33,1,1117.39,0.1173
17182,3220,200,5,1323.62,0.1017
17183,1531,185,5,180.07,0.1401
17184,2127,18,1,2042.85,0.048
17185,6119,144,5,348.86,0.1315
17186,4636,95,2,1444.69,0.2808
17187,4575,48,3,829.95,0.2388
17188,9960,41,4,1256.01,0.0125
17189,8305,81,4,129.85,0.1293
17190,5811,63,5,2117.5,0.2577
17191,2840,157,1,709.21,0.0754
17192,7394,17,2,735.08,0.2517
17193,5193,26,4,1084.87,0.1773
17194,6583,79,4,682.15,0.0027
17195,3076,159,5,1460.05,0.265
17196,2792,168,1,2162.3,0.269
17197,58,49,4,1112.57,0.2477
17198,7949,136,2,295.6,0.1582
17199,1757,177,3,2193.64,0.2186
17200,6299,192,1,1313.51,0.0388
17201,6254,173,3,2399.79,0.2582
17202,8551,168,3,2179.72,0.2847
17203,6010,125,1,2170.63,0.0986
17204,764,2,2,317.46,0.0784
17205,5313,181,2,1318.84,0.074
17206,6999,55,5,2120.21,0.1014
17207,529,152,1,1973.59,0.0235
17208,2447,156,1,1315.13,0.2375
17209,1930,6,5,2484.8,0.0967
17210,6096,168,2,2298.01,0.0241
17211,2277,195,1,1069.64,0.2967
17212,2972,119,1,602.06,0.0643
17213,4387,194,3,957.87,0.2455
17214,6603,10,3,717.25,0.1477
17215,2103,3,2,1627.8,0.1128
17216,1744,139,3,1771.81,0.2003
17217,7732,111,3,359.07,0.2585
17218,9639,153,2,729.91,0.0168
17219,6898,66,2,2336.14,0.0133
17220,9687,137,5,1597.43,0.2955
17221,5820,189,1,1748.14,0.0803
17222,9672,187,1,132.47,0.0164
17223,7490,94,2,1044.47,0.0986
17224,440,129,2,2374.72,0.0543
17225,4186,151,4,1974.44,0.1356
17226,168,129,3,1957.57,0.2645
17227,2451,11,4,2244.31,0.2687
17228,7137,29,1,524.37,0.0935
17229,7031,103,2,2465.09,0.1428
17230,9780,7,5,1115.37,0.1623
17231,5476,166,1,2110.53,0.0757
17232,9512,4,2,771.95,0.0503
17233,1734,10,1,1631.38,0.1425
17234,3378,54,4,170.62,0.1216
17235,6803,158,2,2396.99,0.2696
17236,7954,10,3,305.79,0.254
17237,3483,182,5,1729.92,0.1991
17238,7777,116,2,30.38,0.0851
17239,9309,41,1,1291.93,0.1116
17240,9033,7,2,817.09,0.0532
17241,1836,184,3,592.4,0.081
17242,5182,20,3,1789.1,0.2951
17243,1458,6,2,1116.45,0.1653
17244,5941,86,4,804.15,0.2453
17245,9575,16,5,1129.93,0.0823
17246,2507,16,5,798.14,0.1233
17247,2102,98,3,1064.48,0.1794
17248,7918,151,1,423.96,0.0151
17249,2759,3,3,2313.01,0.2696
17250,8527,86,4,1060.61,0.2539
17251,358,28,3,1173.15,0.2943
17252,6572,147,4,1818.43,0.1157
17253,6443,102,4,323.46,0.0369
17254,3840,58,1,500.23,0.2041
17255,6815,189,2,388.45,0.0395
17256,900,106,1,1206.39,0.093
17257,333,168,1,1474.06,0.0646
17258,807,85,2,1790.88,0.1909
17259,2142,131,2,2359.54,0.1942
17260,19,33,2,228.99,0.0995
17261,7364,136,1,1686.94,0.223
17262,2113,167,3,1891.05,0.2348
17263,2856,170,3,1666.31,0.2061
17264,1228,28,1,2139.7,0.0174
17265,4820,157,2,1307.76,0.0438
17266,2033,20,1,2047.97,0.1137
17267,3831,180,3,188.01,0.1309
17268,3564,81,2,1597.24,0.0983
17269,6656,78,1,2353.05,0.1667
17270,9628,164,3,1145.59,0.0904
17271,3308,21,2,317.44,0.1253
17272,1713,37,2,918.73,0.006
17273,8797,106,5,2128.14,0.1063
17274,3241,18,2,331.05,0.2082
17275,2157,18,3,1325.27,0.1509
17276,8349,197,3,2145.2,0.2169
17277,1665,76,4,1968.84,0.1828
17278,7459,112,3,1288.2,0.2944
17279,1736,56,3,1566.42,0.0809
17280,2182,194,3,710.17,0.032
17281,4751,2,2,2333.68,0.0402
17282,3485,21,4,92.13,0.0806
17283,8151,16,4,923.33,0.1726
17284,1115,164,1,997.73,0.232
17285,7786,99,1,1942.31,0.0114
17286,7772,84,4,1190.23,0.2897
17287,3840,34,4,2146.63,0.106
17288,6690,98,2,721.21,0.2472
17289,6387,20,3,456.11,0.2013
17290,2445,76,4,629.25,0.1775
17291,6027,115,5,445.38,0.0258
17292,8370,151,2,862.67,0.2686
17293,6677,33,1,619.12,0.1133
17294,7740,135,2,1547.69,0.2677
17295,6189,51,4,48.14,0.0573
17296,6698,173,5,1268.86,0.2901
17297,6047,196,4,991.24,0.1867
17298,4479,48,1,840.45,0.2509
17299,708,114,2,202.08,0.1509
17300,6951,127,1,1822.75,0.179
17301,7398,79,4,914.89,0.0958
17302,18,75,4,2350.86,0.2227
17303,3690,69,2,2376.16,0.2709
17304,6307,192,4,1440.58,0.2151
17305,5152,14,3,888.88,0.1412
17306,122,178,2,1007.95,0.2506
17307,2487,104,1,729.75,0.1498
17308,9611,137,5,1714.06,0.1318
17309,735,44,4,1343.02,0.1994
17310,9638,21,5,1064.41,0.0689
17311,6270,192,1,1315.76,0.1427
17312,7828,56,5,316.97,0.0122
17313,2408,11,2,1662.14,0.2953
17314,9867,101,1,1294.5,0.2884
17315,6850,126,2,1543.21,0.2957
17316,7527,57,2,704.8,0.2636
17317,6872,105,5,1861.45,0.2703
17318,7006,81,3,1204.49,0.0257
17319,4133,109,2,260.27,0.0638
17320,6534,87,2,1678.54,0.2003
17321,438,38,1,295.49,0.0607
17322,7665,120,3,162.63,0.0148
17323,175,156,4,1865.12,0.1225
17324,9699,7,2,1186.05,0.2785
17325,3375,162,1,78.05,0.2987
17326,6425,130,5,1289.37,0.1464
17327,8612,44,1,2239.64,0.1831
17328,8183,194,3,250.7,0.104
17329,3050,150,1,877.1,0.0846
17330,4026,186,4,2078.28,0.2788
17331,3883,129,5,646.62,0.2158
17332,7447,98,5,284.73,0.0664
17333,7233,37,2,1117.12,0.0743
17334,2365,57,3,2163.63,0.2156
17335,6474,139,5,822.39,0.1194
17336,9817,61,5,2093.61,0.1485
17337,4182,142,4,297.27,0.2428
17338,7407,72,1,1026.88,0.2063
17339,9416,81,4,1228.8,0.2838
17340,2624,77,3,996.62,0.249
17341,6005,111,3,2220.11,0.0795
17342,4300,7,5,791.79,0.166
17343,551,79,2,2162.49,0.0794
17344,3724,169,1,2086.19,0.0939
17345,2096,110,1,1951.53,0.2235
17346,1843,15,3,648.69,0.1155
17347,6536,94,4,920.44,0.1437
17348,5328,190,5,1412.43,0.2012
17349,8676,186,1,385.08,0.1241
17350,2944,118,4,1098.08,0.1304
17351,2668,47,4,32.62,0.104
17352,9284,36,3,558.42,0.1362
17353,1122,127,5,2178.65,0.2366
17354,2018,78,5,41.07,0.1784
17355,7789,4,2,941.21,0.0201
17356,602,73,5,2323.18,0.0303
17357,3147,97,3,1978.1,0.0039
17358,1053,58,4,384.91,0.0609
17359,6974,188,1,777.75,0.067
17360,523,200,4,1826.61,0.0216
17361,6217,79,1,1382.75,0.2069
17362,2266,157,2,1994.83,0.2098
17363,4214,65,2,428.24,0.1587
17364,1211,116,2,930.71,0.1937
17365,4352,155,4,1895.55,0.2674
17366,8405,78,3,1040.4,0.0699
17367,4168,200,5,1666.61,0.136
17368,1834,7,1,501.31,0.123
17369,2871,88,3,1634.99,0.2467
17370,3026,80,5,444.82,0.0922
17371,1286,193,1,1908.43,0.1122
17372,9493,76,4,1362.21,0.0575
17373,8176,41,1,1084.43,0.0095
17374,8952,74,4,190.24,0.2673
17375,2480,42,5,1667.68,0.242
17376,210,163,3,487.78,0.2393
17377,9085,162,1,318.17,0.0786
17378,1243,137,5,403.36,0.0407
17379,4013,49,2,474.48,0.1802
17380,1979,150,3,1716.41,0.1418
17381,5900,165,2,1225.37,0.0736
17382,3156,60,2,1176.05,0.2328
17383,5139,12,3,1165.28,0.0441
17384,1404,123,1,1038.15,0.2467
17385,5509,36,5,1295.61,0.2813
17386,6035,42,3,413.81,0.2228
17387,4089,96,1,719.5,0.2017
17388,7677,127,3,264.16,0.1052
17389,7436,81,3,2094.09,0.0507
17390,9308,130,1,2499.8,0.0664
17391,9913,159,2,1763.61,0.1047
17392,8613,20,4,133.68,0.1371
17393,4176,118,1,1187.82,0.2727
17394,7487,38,4,31.38,0.1301
17395,8047,133,4,701.01,0.2728
17396,8426,200,3,214.69,0.0724
17397,8502,16,1,1059.32,0.244
17398,6535,60,1,1087.34,0.1911
17399,802,96,2,453.25,0.0591
17400,525,3,4,2076.2,0.0381
17401,2761,122,2,1921.38,0.0012
17402,6949,33,5,2070.17,0.1017
17403,8614,70,4,1372.42,0.0749
17404,8421,96,2,35.46,0.2835
17405,8130,18,2,2310.56,0.223
17406,1491,4,4,2299.01,0.0256
17407,723,172,2,1366.07,0.2165
17408,9020,92,5,2261.03,0.0789
17409,2317,163,1,677.92,0.2385
17410,5013,115,5,1300.18,0.1367
17411,9311,98,4,1727.73,0.0651
17412,4268,120,3,1264.79,0.2519
17413,6940,34,4,2125.74,0.2882
17414,6073,113,1,1361.75,0.1467
17415,7809,165,5,430.71,0.1228
17416,9187,144,2,2075.15,0.1946
17417,7688,188,2,1771.94,0.0732
17418,1997,108,3,1288.9,0.2809
17419,9151,23,5,1251.82,0.1926
17420,4346,139,2,1731.97,0.221
17421,6211,115,4,1665.2,0.2359
17422,1947,34,2,664.6,0.2401
17423,2834,58,1,1877.93,0.2242
17424,9251,89,5,2139.16,0.0847
17425,4477,48,2,601.81,0.1986
17426,7980,72,2,1132.61,0.1824
17427,3682,68,1,771.94,0.2752
17428,8831,134,2,457.04,0.2233
17429,2044,88,3,243.98,0.1678
17430,7253,3,5,2075.19,0.2768
17431,7598,105,2,577.3,0.2586
17432,3627,58,4,1574.34,0.088
17433,240,23,2,1100.97,0.2773
17434,6184,185,3,1269.21,0.1392
17435,2872,83,4,1344.71,0.0824
17436,2203,129,3,1551.55,0.0508
17437,1172,3,1,1994.47,0.2054
17438,718,23,4,454.29,0.1933
17439,4921,1,4,794.54,0.1796
17440,5132,111,3,297.53,0.2476
17441,3825,5,3,1745.18,0.2948
17442,7703,156,1,793.08,0.0397
17443,9333,69,4,1989.29,0.248
17444,4204,83,4,1822.1,0.2158
17445,7852,44,4,122.14,0.1384
17446,39,141,4,268.26,0.1037
17447,9770,200,1,1511.93,0.187
17448,2782,81,2,1758.85,0.2169
17449,48,25,4,936.23,0.1489
17450,2395,76,5,510.68,0.0762
17451,5976,29,1,408.69,0.2161
17452,9027,119,2,612.72,0.0384
17453,3550,129,3,427.85,0.058
17454,5667,194,2,813.3,0.1799
17455,4864,34,3,1233.99,0.1353
17456,2853,59,5,1699.69,0.1824
17457,936,193,1,2168.91,0.2426
17458,3057,22,2,1815.58,0.2385
17459,784,181,3,1635.46,0.1745
17460,8082,31,4,1971.79,0.2595
17461,9002,66,5,2262.01,0.0981
17462,5122,3,5,586.21,0.1577
17463,7221,174,1,1561.9,0.1936
17464,1754,172,1,108.72,0.1335
17465,983,121,1,2479.28,0.2759
17466,9276,88,1,2146.78,0.2946
17467,960,169,4,932.12,0.0016
17468,9919,13,5,1543.99,0.2438
17469,7001,10,4,1370.03,0.2991
17470,7445,62,1,2112.74,0.2602
17471,644,134,2,1203.83,0.2654
17472,3679,197,3,341.69,0.2632
17473,3896,178,2,1208.41,0.0239
17474,260,167,5,309.11,0.0514
17475,1156,171,5,2021.92,0.1029
17476,2103,85,4,428.26,0.0627
17477,9299,42,3,932.43,0.1609
17478,3360,123,1,278.37,0.0783
17479,1404,40,1,955.78,0.0486
17480,3386,133,2,2408.89,0.0564
17481,457,67,3,2325.12,0.223
17482,9407,61,4,1414.62,0.0545
17483,245,15,1,1601.23,0.1493
17484,4874,138,5,889.98,0.2684
17485,4357,1,1,538.0,0.1626
17486,4253,63,3,706.02,0.0588
17487,9986,74,5,211.95,0.1275
17488,5386,16,4,1121.38,0.2107
17489,8587,95,1,227.04,0.1575
17490,3125,28,5,940.43,0.2299
17491,4408,37,4,2129.88,0.0287
17492,6391,91,3,986.32,0.1019
17493,7125,54,4,1097.25,0.0477
17494,964,119,4,1324.49,0.2811
17495,604,139,5,796.2,0.066
17496,733,37,1,219.22,0.2395
17497,5837,166,5,1907.49,0.0575
17498,6770,162,2,614.18,0.2694
17499,5531,150,5,376.01,0.0275
17500,5507,183,5,232.19,0.0896
17501,9750,132,1,1705.46,0.0395
17502,9692,44,3,57.68,0.0973
17503,1469,133,2,1489.65,0.1562
17504,7590,184,1,880.8,0.2911
17505,1916,147,1,1274.5,0.0952
17506,3397,15,4,2269.84,0.0751
17507,8832,51,2,16.84,0.1925
17508,9558,153,4,1593.46,0.098
17509,8465,106,4,2235.9,0.0958
17510,6475,72,1,622.33,0.2881
17511,6884,181,3,304.23,0.0651
17512,809,67,1,982.95,0.0371
17513,6638,172,5,2378.67,0.2718
17514,2920,38,3,1465.25,0.1901
17515,9399,189,2,2368.36,0.1932
17516,1133,69,3,686.73,0.2093
17517,8944,46,2,1807.41,0.1214
17518,505,103,4,698.9,0.1561
17519,8371,112,1,1297.2,0.2282
17520,6326,60,1,2262.38,0.1672
17521,6802,32,5,234.18,0.1777
17522,9000,151,1,750.61,0.2844
17523,2145,147,3,896.22,0.1225
17524,209,27,5,160.27,0.0925
17525,3960,34,1,603.95,0.0319
17526,5545,66,5,171.51,0.0288
17527,44,117,1,746.5,0.1319
17528,4842,53,1,84.17,0.0938
17529,5661,137,4,111.03,0.1556
17530,7897,159,1,598.8,0.0168
17531,9130,56,1,956.28,0.2047
17532,2590,96,3,1004.82,0.0012
17533,7416,120,2,886.92,0.0033
17534,4316,74,3,1291.32,0.0298
17535,3018,164,5,2284.49,0.0077
17536,9199,153,5,1152.97,0.0868
17537,3746,129,1,263.37,0.2571
17538,1912,133,1,1709.08,0.0451
17539,5566,51,4,2389.44,0.2483
17540,5264,161,1,500.88,0.1665
17541,4125,181,3,496.15,0.0391
17542,8954,81,3,639.59,0.2692
17543,4217,189,3,137.55,0.1547
17544,8207,163,3,2018.09,0.1709
17545,4920,163,2,961.82,0.1636
17546,4568,83,3,1939.87,0.2554
17547,1706,27,3,1570.98,0.2415
17548,8084,139,5,293.83,0.0313
17549,2735,28,5,1371.26,0.1863
17550,4098,138,5,1794.82,0.2913
17551,1056,35,1,135.71,0.2023
17552,4975,18,5,1061.24,0.2574
17553,1334,133,1,2028.09,0.064
17554,7978,134,5,2456.59,0.2011
17555,5790,86,3,1749.88,0.2021
17556,3337,158,5,784.77,0.0278
17557,646,82,4,712.73,0.1153
17558,2817,65,1,1472.64,0.119
17559,3469,196,3,2334.26,0.2243
17560,2822,190,3,581.21,0.1677
17561,8803,106,3,588.25,0.0505
17562,1181,176,5,1288.72,0.1028
17563,4290,112,1,1445.62,0.0115
17564,7675,152,3,2343.08,0.1027
17565,7752,81,3,817.86,0.0099
17566,4521,171,5,1077.79,0.2954
17567,1831,119,3,901.87,0.239
17568,9017,85,3,1838.16,0.2876
17569,2591,200,2,899.17,0.1342
17570,8205,18,5,1096.79,0.1095
17571,6215,161,2,921.18,0.2937
17572,3123,94,2,84.37,0.257
17573,4673,9,5,1361.85,0.2083
17574,4653,180,3,994.64,0.1085
17575,625,11,3,336.68,0.0729
17576,2028,196,1,1507.63,0.1477
17577,4661,2,1,1728.03,0.0704
17578,4537,27,5,1286.82,0.0531
17579,9498,146,4,632.59,0.096
17580,144,101,2,1341.6,0.0337
17581,3830,162,5,705.09,0.1494
17582,272,182,3,388.1,0.2418
17583,5467,11,2,254.47,0.2843
17584,3124,194,1,434.94,0.126
17585,7897,31,2,2352.47,0.2887
17586,2042,172,1,735.23,0.2123
17587,2643,56,5,1608.29,0.0176
17588,5575,89,1,1912.92,0.1262
17589,1530,147,5,1420.18,0.288
17590,2636,32,5,1274.71,0.0739
17591,8856,164,3,881.8,0.0268
17592,453,71,4,524.52,0.0867
17593,6913,142,4,2248.39,0.181
17594,6599,123,4,1503.9,0.247
17595,2544,173,5,371.08,0.146
17596,4696,1,5,1866.08,0.1883
17597,4285,180,3,251.93,0.2668
17598,5694,33,3,1306.31,0.1875
17599,1232,162,1,167.66,0.1593
17600,4580,144,1,1198.25,0.0175
17601,7237,95,5,1359.19,0.2002
17602,6741,121,4,1264.38,0.1639
17603,5809,130,2,1106.25,0.2491
17604,3507,190,3,621.14,0.1576
17605,3617,76,2,242.52,0.0847
17606,8151,19,2,1571.64,0.0533
17607,1850,143,5,398.87,0.2061
17608,7005,16,1,961.06,0.1356
17609,1770,156,4,1843.74,0.1966
17610,6823,134,2,1522.25,0.2487
17611,5862,27,3,2184.16,0.097
17612,8441,167,3,1707.01,0.1888
17613,5063,139,3,2350.16,0.2789
17614,6589,141,2,549.56,0.0633
17615,3165,77,1,117.55,0.2572
17616,2826,72,4,211.95,0.0545
17617,2836,25,2,520.76,0.1081
17618,237,169,1,146.53,0.1288
17619,7817,124,4,673.23,0.1805
17620,6854,165,4,2134.6,0.053
17621,5908,14,4,667.22,0.1465
17622,5696,149,4,2042.92,0.2829
17623,8824,43,4,809.44,0.1013
17624,3136,44,1,1102.61,0.0666
17625,6448,42,4,2133.71,0.0141
17626,2351,155,2,1239.17,0.2118
17627,192,33,1,320.46,0.1511
17628,5805,159,4,909.2,0.1585
17629,1297,144,1,2037.36,0.2929
17630,8627,135,1,191.04,0.0741
17631,6850,120,3,1850.27,0.2513
17632,5994,16,1,1847.2,0.0519
17633,2252,46,3,1119.38,0.1372
17634,8077,4,5,65.38,0.1963
17635,2587,3,3,622.17,0.255
17636,3162,94,5,696.58,0.2169
17637,627,19,5,1910.03,0.1877
17638,2088,91,5,1351.15,0.0052
17639,3653,29,3,848.82,0.168
17640,8352,113,1,1545.73,0.1105
17641,9316,81,4,275.74,0.2903
17642,9460,65,5,2489.11,0.098
17643,8528,21,4,205.1,0.031
17644,1866,183,1,2060.89,0.0434
17645,7674,89,5,1112.46,0.2072
17646,1404,11,5,2220.75,0.1237
17647,500,99,5,509.12,0.119
17648,6409,164,5,1383.73,0.114
17649,1847,39,3,1491.6,0.2879
17650,2880,50,3,1170.45,0.0433
17651,3855,28,2,712.0,0.253
17652,2084,20,4,2028.48,0.2567
17653,9124,167,4,528.76,0.1976
17654,2625,153,2,664.63,0.0793
17655,8225,127,3,1040.22,0.1862
17656,7745,174,2,2078.7,0.0208
17657,9339,200,5,35.08,0.2799
17658,2950,32,3,2237.09,0.2002
17659,4955,191,5,1367.85,0.0429
17660,2501,112,2,250.25,0.2338
17661,6218,114,4,568.25,0.0939
17662,7019,44,1,192.65,0.0121
17663,1050,169,1,1131.11,0.0694
17664,690,84,5,61.76,0.1949
17665,3126,9,1,1694.69,0.1955
17666,4302,117,5,309.52,0.2865
17667,7361,38,2,523.08,0.113
17668,1827,124,3,51.31,0.2342
17669,7197,94,4,597.49,0.145
17670,7839,37,5,108.31,0.2243
17671,8460,42,3,253.27,0.1507
17672,1093,151,3,2405.97,0.1403
17673,7918,75,5,238.62,0.1151
17674,8325,144,4,1968.24,0.0106
17675,8208,39,4,1616.97,0.2531
17676,5703,54,3,742.26,0.1894
17677,4306,125,1,2153.42,0.1441
17678,3952,114,3,1195.04,0.1646
17679,4682,104,2,748.15,0.0593
17680,473,155,5,1997.24,0.2855
17681,6316,174,3,1744.18,0.0808
17682,841,46,4,213.77,0.0002
17683,7440,20,2,833.98,0.1794
17684,1150,91,3,1667.28,0.2469
17685,6680,86,5,651.12,0.189
17686,3771,173,5,1543.35,0.0845
17687,482,32,5,766.36,0.125
17688,7815,32,4,530.42,0.2121
17689,3484,119,5,895.93,0.205
17690,9651,177,2,911.81,0.1375
17691,3235,47,1,1645.22,0.0016
17692,3002,40,2,1483.4,0.1678
17693,5920,5,4,1093.16,0.1319
17694,2366,190,4,1871.8,0.0939
17695,3170,104,2,2160.03,0.2156
17696,4696,9,2,219.49,0.1193
17697,5161,199,2,1599.78,0.164
17698,4078,146,4,1785.85,0.0525
17699,7938,174,5,1104.42,0.0422
17700,6826,1,4,156.09,0.1407
17701,267,122,5,1105.75,0.0438
17702,9328,134,2,2184.31,0.2774
17703,4828,81,5,415.86,0.1597
17704,8535,21,3,920.65,0.1657
17705,2809,112,1,1861.06,0.2081
17706,3730,35,5,2189.26,0.1533
17707,1003,186,1,2286.66,0.1893
17708,280,122,2,1948.22,0.0747
17709,5109,49,1,1492.05,0.0658
17710,9156,142,3,883.36,0.0194
17711,2070,68,4,1226.04,0.1368
17712,2571,126,1,35.41,0.1295
17713,5756,134,4,885.42,0.2712
17714,8828,148,4,1816.73,0.0403
17715,4551,96,5,1643.65,0.1865
17716,7354,23,1,35.49,0.0741
17717,6629,14,5,1374.94,0.2417
17718,610,86,1,33.24,0.046
17719,7661,104,3,917.82,0.022
17720,2242,51,3,2476.71,0.1047
17721,5487,117,5,1032.67,0.2362
17722,8117,2,2,2233.82,0.0617
17723,9715,177,4,54.61,0.0856
17724,6509,7,4,1803.45,0.1946
17725,8042,100,1,1150.37,0.1062
17726,8360,178,3,1374.09,0.1932
17727,2227,142,5,2481.87,0.2194
17728,2441,20,2,773.58,0.073
17729,653,141,1,2157.02,0.134
17730,6476,57,3,2291.36,0.0776
17731,6282,177,2,754.62,0.2174
17732,9627,199,2,133.01,0.153
17733,7571,195,5,1968.49,0.021
17734,5992,133,5,2334.64,0.2249
17735,1248,181,3,1201.85,0.237
17736,1625,180,5,2188.88,0.0844
17737,3851,97,1,563.57,0.1882
17738,2717,174,4,1895.9,0.2844
17739,825,59,1,1762.93,0.1045
17740,9281,9,1,1325.68,0.2609
17741,7174,53,2,807.87,0.2875
17742,91,91,3,637.75,0.1466
17743,6435,15,3,1801.11,0.071
17744,7808,82,2,1433.99,0.046
17745,315,4,1,2160.19,0.1505
17746,4622,162,1,2053.82,0.2704
17747,9131,62,4,451.83,0.1968
17748,5806,52,4,547.85,0.2315
17749,2935,164,3,2360.69,0.1326
17750,6332,99,1,950.34,0.0949
17751,2538,186,4,1374.92,0.2926
17752,2133,71,2,1065.55,0.0625
17753,1410,174,1,1416.97,0.2807
17754,6469,165,5,1693.24,0.2658
17755,2800,194,4,920.17,0.0357
17756,5844,169,2,839.51,0.0877
17757,6618,80,2,2114.88,0.251
17758,4799,156,5,1550.02,0.092
17759,5027,54,4,2136.03,0.1673
17760,5114,158,3,2173.71,0.1706
17761,856,31,2,416.72,0.2183
17762,8218,8,1,2004.5,0.2829
17763,6781,99,3,2252.2,0.0053
17764,7410,199,2,1105.62,0.28
17765,1819,82,2,1269.86,0.25
17766,8467,176,5,947.7,0.0358
17767,3621,186,4,389.37,0.203
17768,7972,85,4,1341.12,0.2016
17769,7389,4,5,1003.35,0.0833
17770,9128,96,5,2059.7,0.2316
17771,3200,80,3,1221.54,0.2616
17772,2667,18,3,2392.13,0.0743
17773,9100,22,5,1845.65,0.2493
17774,4944,27,3,593.4,0.2281
17775,2511,76,1,1015.38,0.0231
17776,1824,32,5,1538.48,0.2055
17777,8448,199,4,349.66,0.0477
17778,5362,40,4,1278.62,0.0602
17779,7288,102,5,2173.34,0.034
17780,7174,189,4,448.93,0.2185
17781,2921,74,2,224.96,0.2816
17782,8849,164,1,1249.87,0.0869
17783,5612,10,2,2229.05,0.1515
17784,6914,199,5,1761.88,0.1488
17785,1292,115,4,1442.67,0.0021
17786,2925,131,3,449.63,0.0932
17787,7564,76,2,1860.91,0.0649
17788,3635,63,2,1690.8,0.0021
17789,8240,115,4,2395.44,0.0413
17790,7847,94,3,322.52,0.1689
17791,1514,138,5,835.59,0.2082
17792,5225,149,4,1216.31,0.2996
17793,70,166,1,1606.32,0.2123
17794,6505,20,1,1182.62,0.0271
17795,4954,15,5,981.7,0.1331
17796,2862,149,5,933.43,0.1996
17797,5695,95,1,253.23,0.1482
17798,5096,147,3,1031.59,0.0937
17799,4911,136,5,640.12,0.0165
17800,5166,170,1,739.12,0.1216
17801,4176,22,3,23.18,0.1018
17802,2471,110,3,104.73,0.258
17803,4573,116,5,722.7,0.0514
17804,1586,76,2,490.0,0.2899
17805,7473,17,3,1401.61,0.2509
17806,1434,106,5,1289.46,0.0777
17807,2014,12,3,2137.49,0.0104
17808,9633,125,4,167.47,0.1408
17809,8555,95,3,1722.95,0.1938
17810,1300,125,2,2274.6,0.0918
17811,1253,63,3,1553.27,0.004
17812,7543,72,2,2127.42,0.2863
17813,8525,187,1,1440.86,0.1021
17814,6624,48,2,1947.28,0.2797
17815,3538,27,3,181.24,0.0963
17816,8873,192,1,428.09,0.192
17817,5502,106,1,238.31,0.1769
17818,2315,117,1,2280.59,0.2438
17819,9783,63,1,1429.2,0.2731
17820,9195,171,3,864.52,0.1382
17821,7039,198,5,1337.68,0.1277
17822,4174,156,2,37.76,0.2407
17823,818,126,5,1737.1,0.0401
17824,1909,157,5,668.2,0.0779
17825,361,146,2,627.6,0.0356
17826,8253,107,4,621.25,0.0899
17827,4103,46,2,785.52,0.1631
17828,1295,87,4,1665.04,0.2064
17829,4617,57,2,1562.28,0.0821
17830,213,10,5,1492.78,0.2102
17831,9381,52,5,769.59,0.1251
17832,8423,27,2,1877.19,0.2232
17833,6971,18,1,2456.93,0.161
17834,8860,41,4,1576.37,0.2603
17835,8074,53,1,1343.06,0.2546
17836,3190,13,4,448.09,0.1279
17837,4184,151,5,211.17,0.2419
17838,5636,51,4,575.9,0.1734
17839,751,40,5,1223.44,0.0722
17840,2275,87,2,724.75,0.0349
17841,1268,40,2,2461.72,0.0142
17842,421,50,3,1549.05,0.0746
17843,4527,120,3,853.04,0.0249
17844,1384,113,2,1847.06,0.0565
17845,5591,29,3,562.4,0.1266
17846,5833,74,2,2277.02,0.0474
17847,3655,118,1,1225.97,0.2187
17848,147,150,5,1287.5,0.004
17849,3885,186,2,576.49,0.278
17850,1354,42,3,56.67,0.1155
17851,5174,23,3,2478.25,0.032
17852,3885,196,3,1880.21,0.0027
17853,8963,2,1,1967.38,0.2754
17854,2124,40,1,835.83,0.1379
17855,3462,119,1,1498.89,0.2613
17856,1774,154,2,970.32,0.1631
17857,1741,150,5,53.15,0.0356
17858,4542,46,1,1997.81,0.1955
17859,393,104,3,34.52,0.221
17860,9866,200,3,1354.8,0.1577
17861,41,106,1,1309.5,0.084
17862,2971,110,5,897.43,0.2503
17863,7861,188,5,56.21,0.0285
17864,2058,80,5,1578.3,0.1609
17865,561,143,3,1772.04,0.2507
17866,9107,47,2,38.97,0.1192
17867,9367,128,4,822.37,0.12
17868,9828,83,1,1343.97,0.0865
17869,6633,60,1,2435.74,0.1089
17870,7561,72,4,1386.73,0.102
17871,6874,127,4,2072.35,0.1091
17872,2686,17,3,1105.65,0.023
17873,3763,146,3,93.6,0.0959
17874,6372,66,1,823.08,0.2827
17875,2315,37,2,1094.43,0.1137
17876,3331,112,1,1272.62,0.2802
17877,3836,24,1,660.51,0.0109
17878,2493,81,1,1104.4,0.1907
17879,2633,143,3,985.95,0.118
17880,6174,51,1,390.52,0.1039
17881,1616,152,2,1798.53,0.1718
17882,1032,23,2,838.75,0.0338
17883,1193,91,2,796.07,0.219
17884,2200,47,1,204.85,0.2469
17885,381,190,4,2310.25,0.0116
17886,7588,191,1,1675.16,0.0464
17887,7057,12,4,1859.98,0.0349
17888,3840,99,1,1756.42,0.2817
17889,1351,128,2,410.52,0.2074
17890,9646,92,4,336.04,0.0861
17891,4687,10,2,2364.63,0.0292
17892,3132,183,1,54.02,0.2001
17893,1152,45,3,2212.39,0.0266
17894,9599,92,4,2295.43,0.2765
17895,1194,103,1,1391.14,0.0795
17896,552,37,2,942.32,0.0798
17897,9243,137,5,1490.84,0.1378
17898,6589,100,3,1364.43,0.2833
17899,6096,99,5,2441.0,0.117
17900,3380,107,5,886.96,0.1033
17901,9959,184,3,1493.75,0.1754
17902,5504,177,2,1318.47,0.2932
17903,253,194,5,439.01,0.0734
17904,5084,186,5,2188.94,0.2603
17905,6791,53,1,529.77,0.1487
17906,8371,105,3,1518.79,0.2364
17907,8449,151,4,898.57,0.1105
17908,9672,127,5,2120.04,0.1352
17909,6676,140,1,2123.53,0.1167
17910,2602,85,3,368.0,0.1539
17911,9360,29,4,2382.67,0.0482
17912,7769,107,4,376.23,0.2484
17913,2643,27,5,1144.54,0.1168
17914,6928,198,2,1750.32,0.0991
17915,8080,148,3,1024.15,0.2515
17916,6832,182,1,1393.23,0.0648
17917,3040,48,3,2490.79,0.2182
17918,3383,107,1,656.31,0.1022
17919,8940,184,5,1909.11,0.1714
17920,7836,150,3,1652.45,0.155
17921,2711,151,5,2368.89,0.1739
17922,2493,162,2,264.43,0.1749
17923,96,4,1,681.4,0.2064
17924,4440,16,2,1918.86,0.1404
17925,244,68,1,2048.06,0.1476
17926,8730,28,2,1794.27,0.2276
17927,4372,22,3,392.31,0.0627
17928,1836,8,1,836.18,0.2337
17929,3858,94,5,573.4,0.0025
17930,7268,114,1,1915.88,0.1732
17931,9870,181,4,2235.86,0.1307
17932,5978,137,1,1537.86,0.1898
17933,6541,90,1,403.32,0.1467
17934,602,170,4,2172.94,0.237
17935,6185,123,2,1098.08,0.0594
17936,7119,54,2,448.96,0.0811
17937,3513,75,1,1556.95,0.1734
17938,7639,121,2,223.18,0.0708
17939,6794,153,4,1504.03,0.2835
17940,8133,98,5,2429.3,0.258
17941,9266,91,2,1489.96,0.2281
17942,1636,10,1,2144.36,0.2256
17943,8464,197,5,2165.06,0.194
17944,6112,140,5,429.65,0.2204
17945,8075,8,5,1680.37,0.0101
17946,3943,198,1,1342.16,0.1742
17947,4065,88,5,129.13,0.0787
17948,9699,1,4,475.62,0.0293
17949,6640,25,5,437.75,0.2915
17950,7108,45,4,1555.75,0.2838
17951,5591,175,1,406.71,0.2718
17952,193,11,1,771.39,0.1941
17953,508,190,1,283.5,0.0008
17954,1162,164,5,167.2,0.0892
17955,7479,40,2,2493.22,0.0053
17956,4000,71,2,999.38,0.099
17957,7725,109,5,1261.75,0.089
17958,6331,5,3,105.55,0.1716
17959,7014,185,3,413.19,0.0427
17960,6431,144,4,1503.23,0.0971
17961,3541,139,2,1009.67,0.2695
17962,4568,182,5,1536.29,0.0694
17963,1659,127,1,785.58,0.148
17964,2136,160,2,1236.53,0.0356
17965,4532,50,5,2277.68,0.2258
17966,5894,190,3,1547.82,0.0242
17967,3804,100,3,1784.43,0.0504
17968,3834,7,3,2314.33,0.2958
17969,1866,92,4,1793.08,0.089
17970,9039,60,5,1623.39,0.0032
17971,9151,39,5,2135.92,0.0713
17972,2904,77,1,1736.67,0.1292
17973,5183,51,5,1511.54,0.1412
17974,9290,135,1,611.33,0.1222
17975,5594,124,3,79.92,0.0407
17976,8065,124,2,1060.73,0.0561
17977,3092,167,3,2051.68,0.2001
17978,9245,164,5,1314.85,0.2919
17979,2754,12,1,223.45,0.2248
17980,1730,72,3,1109.79,0.2311
17981,1992,107,5,1517.82,0.1312
17982,4918,100,5,604.28,0.1075
17983,3929,53,1,223.85,0.2403
17984,1298,189,4,1401.37,0.2081
17985,9965,111,2,233.32,0.1345
17986,1745,122,4,44.44,0.2274
17987,1288,23,3,1854.96,0.0215
17988,7219,23,4,1153.92,0.0196
17989,1875,29,1,118.22,0.2128
17990,7013,178,2,1498.81,0.2942
17991,3538,152,4,47.9,0.0479
17992,8825,150,4,826.2,0.2848
17993,7730,12,2,440.53,0.2912
17994,7721,80,3,997.66,0.0291
17995,7484,193,1,50.77,0.1364
17996,4421,115,2,2429.34,0.1305
17997,6991,158,3,383.08,0.0644
17998,223,36,2,2395.89,0.1322
17999,5726,42,1,1272.87,0.251
18000,839,128,1,183.0,0.2749
18001,4884,24,4,2201.42,0.0996
18002,39,167,4,1043.95,0.0664
18003,9987,38,5,380.11,0.1566
18004,771,160,5,687.38,0.0885
18005,3335,186,4,744.27,0.1608
18006,2433,54,1,1527.13,0.1873
18007,5531,160,3,2430.12,0.2387
18008,8897,76,4,477.27,0.1958
18009,5588,10,5,543.83,0.1602
18010,4204,57,1,2423.69,0.2022
18011,1211,77,2,561.27,0.0672
18012,6402,79,4,586.72,0.2801
18013,764,126,4,2479.09,0.1946
18014,352,30,3,1642.18,0.2538
18015,8468,53,1,778.82,0.0652
18016,3556,77,3,616.63,0.2046
18017,8475,176,2,1203.07,0.0072
18018,3668,43,1,811.39,0.0441
18019,9911,129,3,37.72,0.0407
18020,319,82,2,188.48,0.2658
18021,8917,39,2,1355.56,0.1392
18022,7723,140,4,667.86,0.2039
18023,1669,178,1,2355.91,0.2924
18024,4471,137,2,1742.71,0.2624
18025,1525,177,3,2444.84,0.1831
18026,1727,132,1,2015.65,0.0772
18027,4246,120,2,794.2,0.0471
18028,3164,92,4,1865.23,0.2046
18029,6796,24,5,1169.69,0.1019
18030,6759,68,5,1291.36,0.1275
18031,4810,188,5,1331.51,0.2028
18032,240,156,2,1715.55,0.241
18033,611,180,2,912.57,0.1672
18034,229,148,3,1963.68,0.2572
18035,5009,63,5,446.63,0.2527
18036,8948,97,5,903.14,0.1659
18037,6875,30,1,1694.7,0.0249
18038,8500,195,1,2116.84,0.2062
18039,9501,147,2,2142.67,0.1132
18040,1353,149,2,850.66,0.2339
18041,3251,168,4,1062.03,0.0221
18042,922,21,5,666.39,0.1367
18043,736,84,5,1556.96,0.1251
18044,3403,55,2,944.84,0.0563
18045,5896,33,3,2319.78,0.1657
18046,5844,166,1,885.87,0.1588
18047,3364,9,5,1697.82,0.1435
18048,1178,50,3,1671.25,0.0991
18049,5081,95,1,1242.59,0.2753
18050,919,32,4,67.57,0.236
18051,3046,41,2,743.08,0.2535
18052,8668,151,3,1771.13,0.0847
18053,331,116,1,1035.31,0.2878
18054,349,42,2,187.64,0.0978
18055,6060,144,2,2246.21,0.031
18056,468,149,5,1470.05,0.2459
18057,1752,191,1,220.28,0.0112
18058,687,76,2,129.98,0.2915
18059,4265,198,5,252.47,0.0344
18060,7437,142,2,2497.32,0.0418
18061,9914,86,1,716.17,0.0077
18062,8130,104,2,1761.46,0.0333
18063,9970,175,4,430.71,0.0697
18064,3258,170,4,662.01,0.2384
18065,6875,156,4,32.69,0.0034
18066,9574,197,4,2142.96,0.2563
18067,5442,154,3,2479.49,0.0908
18068,8446,180,2,953.93,0.2669
18069,7621,91,2,543.52,0.1252
18070,27,80,2,420.72,0.2117
18071,2619,184,2,663.76,0.0439
18072,987,8,5,967.41,0.163
18073,1614,3,3,1810.31,0.0986
18074,9371,66,2,1779.32,0.0784
18075,2747,129,5,1291.85,0.2034
18076,8888,1,3,997.78,0.2714
18077,6613,84,5,1283.56,0.1903
18078,3377,42,4,1414.42,0.2652
18079,1756,178,4,1542.69,0.1127
18080,8849,80,5,1634.48,0.1994
18081,4474,179,2,1618.74,0.0297
18082,1273,48,3,537.64,0.2852
18083,6912,195,1,1211.18,0.2131
18084,4006,39,5,849.26,0.1593
18085,1025,70,5,1493.87,0.2601
18086,2586,165,5,1253.41,0.2138
18087,7365,36,2,512.36,0.1337
18088,9924,76,5,1704.7,0.1707
18089,5997,74,1,63.26,0.1679
18090,8820,35,4,793.91,0.1985
18091,6573,66,4,1964.85,0.2288
18092,269,121,3,1920.56,0.1154
18093,2657,31,3,2374.79,0.2299
18094,1433,168,4,1473.44,0.0841
18095,7442,79,1,1206.07,0.1139
18096,8247,127,1,1672.07,0.1119
18097,6043,161,2,2114.78,0.0244
18098,6712,194,4,1505.16,0.058
18099,9585,27,4,1864.07,0.2946
18100,9986,178,3,794.2,0.1515
18101,8124,88,2,827.56,0.0663
18102,6228,91,4,190.4,0.1151
18103,2342,115,3,684.35,0.1338
18104,3018,95,3,1235.36,0.1414
18105,8156,199,3,1665.22,0.1314
18106,8659,26,3,1375.73,0.2366
18107,8757,150,1,1803.08,0.1076
18108,2431,194,5,1142.57,0.1778
18109,4256,144,3,1289.82,0.1361
18110,6374,25,1,1176.99,0.1391
18111,7372,144,5,1509.98,0.2826
18112,1795,87,1,857.67,0.0978
18113,832,36,5,1539.04,0.0394
18114,6540,14,1,1025.52,0.1141
18115,282,40,2,1503.89,0.0394
18116,6949,9,1,866.63,0.2461
18117,7538,40,2,419.39,0.0703
18118,3658,95,5,499.37,0.1688
18119,3628,114,4,374.73,0.0587
18120,8331,71,4,409.62,0.0167
18121,6099,122,3,1554.54,0.0966
18122,4549,45,5,2198.07,0.2977
18123,7448,1,1,2205.97,0.2924
18124,9443,157,3,1826.22,0.1419
18125,6748,136,1,1365.85,0.1144
18126,8723,186,4,1164.91,0.2926
18127,9926,19,3,330.6,0.1299
18128,9528,47,5,509.06,0.005
18129,3703,120,5,2353.1,0.2869
18130,109,27,3,811.65,0.2532
18131,8167,107,3,1478.19,0.2065
18132,723,124,1,1547.92,0.2597
18133,499,182,1,555.14,0.0439
18134,9311,197,5,1901.69,0.0687
18135,9708,98,5,254.18,0.0246
18136,6993,57,3,683.19,0.2774
18137,2831,183,2,1399.79,0.0991
18138,3518,199,3,1222.35,0.2787
18139,6283,5,3,1836.51,0.1447
18140,269,94,4,2397.18,0.2169
18141,8529,170,3,628.73,0.2258
18142,5148,75,4,102.57,0.0913
18143,5276,200,1,835.13,0.1366
18144,7184,102,2,2061.94,0.2703
18145,5924,156,3,1847.78,0.2353
18146,3825,140,1,1290.59,0.1699
18147,1192,173,3,1136.93,0.1229
18148,7060,34,3,959.17,0.2931
18149,353,95,1,544.11,0.0123
18150,2562,85,3,862.47,0.2303
18151,205,186,2,494.54,0.1755
18152,3330,13,3,177.4,0.2774
18153,1787,9,4,2221.62,0.2229
18154,2432,111,1,620.29,0.0436
18155,3429,72,4,256.09,0.2364
18156,2373,49,2,1259.81,0.0978
18157,2118,138,3,637.28,0.1023
18158,562,105,1,1018.11,0.1465
18159,1888,120,1,2409.07,0.1904
18160,4272,29,4,480.05,0.0036
18161,6655,49,2,781.42,0.2868
18162,8913,179,4,1291.31,0.1898
18163,393,179,5,1071.91,0.1236
18164,245,194,2,260.24,0.1967
18165,5032,11,3,1865.92,0.2043
18166,8322,72,5,1183.93,0.0059
18167,6729,149,4,658.18,0.0311
18168,9875,50,4,1928.61,0.1677
18169,4705,199,2,965.28,0.1221
18170,8057,105,2,805.99,0.1413
18171,3091,9,4,1886.27,0.0635
18172,4845,106,1,289.98,0.2811
18173,1853,112,3,2273.17,0.1051
18174,7143,43,2,131.66,0.0177
18175,7358,166,1,362.71,0.1918
18176,7821,91,4,591.76,0.1745
18177,1938,44,4,1693.48,0.1746
18178,4994,181,1,1722.34,0.0218
18179,6147,188,4,2488.08,0.2312
18180,902,74,3,1374.21,0.1002
18181,8092,154,1,2073.62,0.2859
18182,1357,56,3,1137.61,0.1866
18183,1364,86,2,1611.26,0.2025
18184,6304,184,5,166.31,0.1752
18185,9087,174,3,2057.69,0.1356
18186,3487,148,5,1633.62,0.1018
18187,7433,37,4,1577.69,0.0477
18188,6211,164,3,562.58,0.1854
18189,1974,118,3,1020.75,0.2988
18190,9311,71,4,584.47,0.1232
18191,9935,171,3,1765.41,0.0738
18192,4337,120,4,2488.74,0.2394
18193,2797,120,2,494.83,0.2805
18194,7297,53,1,322.99,0.2957
18195,9736,184,3,853.49,0.2564
18196,425,172,2,1269.88,0.1527
18197,3297,195,1,1760.26,0.2559
18198,9730,108,3,1247.88,0.0221
18199,1201,35,2,2463.84,0.2426
18200,7261,129,3,1855.38,0.0284
18201,9487,170,1,479.07,0.1825
18202,6141,193,3,744.91,0.1005
18203,8626,26,4,2010.44,0.1682
18204,2796,107,2,2197.31,0.0916
18205,1966,112,3,1334.95,0.0171
18206,7628,195,4,1134.66,0.238
18207,5634,88,1,394.47,0.0365
18208,6869,99,1,627.03,0.1851
18209,669,189,4,1763.93,0.0907
18210,7069,125,1,136.83,0.1891
18211,4467,104,4,1519.44,0.1279
18212,9311,123,1,578.06,0.2626
18213,5309,173,5,566.65,0.2181
18214,4961,80,5,1061.19,0.0744
18215,2308,106,3,1139.09,0.2893
18216,7356,113,1,1627.91,0.0764
18217,6405,99,5,386.87,0.0472
18218,4653,78,4,869.29,0.2926
18219,1288,161,1,416.32,0.0248
18220,1862,186,2,1332.88,0.1074
18221,2985,137,4,492.95,0.1898
18222,5130,147,5,2201.76,0.2861
18223,804,122,5,154.96,0.0869
18224,4199,158,5,1424.25,0.1971
18225,2958,191,3,1772.25,0.0073
18226,6988,181,3,2244.14,0.2145
18227,6929,139,2,625.88,0.2748
18228,501,154,2,1699.72,0.0486
18229,1229,154,4,1778.53,0.2336
18230,97,142,2,1444.36,0.1501
18231,6541,144,4,2130.26,0.1797
18232,8112,39,1,1151.12,0.2117
18233,3885,30,3,1790.92,0.2114
18234,3639,141,5,472.47,0.1427
18235,4658,103,4,2425.25,0.1377
18236,2544,65,2,1543.69,0.0874
18237,7700,119,1,1840.95,0.0489
18238,9580,130,2,762.69,0.2557
18239,9558,23,5,1070.91,0.2479
18240,6093,34,1,454.66,0.2575
18241,8384,65,2,2377.75,0.2926
18242,6382,105,4,2265.76,0.1074
18243,225,42,2,391.31,0.1334
18244,7357,170,3,624.37,0.2756
18245,773,69,3,1337.06,0.0573
18246,9438,167,1,311.39,0.1805
18247,3013,22,3,1467.47,0.2062
18248,2667,35,2,675.25,0.225
18249,1625,44,5,1608.11,0.2521
18250,8124,48,3,210.42,0.0789
18251,3475,50,4,420.77,0.1798
18252,4153,187,2,1325.98,0.281
18253,520,74,3,1742.09,0.27
18254,3530,91,1,1465.66,0.1776
18255,9618,33,5,792.44,0.0816
18256,873,16,5,1461.65,0.1585
18257,958,127,5,696.61,0.1066
18258,3032,5,5,2398.19,0.2046
18259,8429,172,4,415.23,0.1743
18260,4429,112,3,1531.6,0.0455
18261,7992,14,5,1158.4,0.12
18262,4721,121,4,871.05,0.2853
18263,3227,80,4,1244.87,0.2372
18264,1568,93,5,311.36,0.1249
18265,910,107,5,1082.59,0.2593
18266,1961,57,4,2248.98,0.1443
18267,6262,70,4,394.78,0.1469
18268,1386,123,1,1409.35,0.245
18269,816,115,4,1955.58,0.2196
18270,5350,47,1,2051.82,0.0036
18271,3785,91,2,445.13,0.1176
18272,9002,93,2,1853.43,0.002
18273,322,147,1,1908.57,0.165
18274,4399,97,2,1373.69,0.133
18275,7643,62,4,1066.99,0.0751
18276,844,138,4,168.07,0.296
18277,2572,56,5,35.91,0.0389
18278,6595,11,3,1463.14,0.2664
18279,8603,94,5,912.71,0.2814
18280,7331,80,5,711.54,0.2655
18281,7181,135,3,299.01,0.1357
18282,6902,53,1,2333.0,0.2917
18283,9016,68,4,468.57,0.0036
18284,2501,144,3,1659.18,0.0898
18285,2810,188,4,111.56,0.0424
18286,1876,51,1,1649.43,0.0464
18287,4155,128,2,1638.69,0.223
18288,6103,137,5,2266.75,0.081
18289,3340,177,5,1486.92,0.1182
18290,8861,36,4,77.98,0.1809
18291,3072,9,3,2397.21,0.2353
18292,6592,32,2,259.74,0.0865
18293,2931,57,4,610.36,0.249
18294,5675,90,5,1862.34,0.1607
18295,9794,57,4,1760.35,0.2123
18296,5254,44,4,1808.5,0.208
18297,8405,147,5,1057.67,0.2683
18298,2147,117,2,963.12,0.2464
18299,3343,43,4,1477.73,0.2624
18300,6802,68,3,692.24,0.2021
18301,9265,64,3,506.36,0.0365
18302,2223,95,1,410.16,0.0467
18303,5634,141,1,972.18,0.2469
18304,4997,138,1,2244.65,0.1881
18305,6633,176,3,2312.83,0.0093
18306,9222,148,2,2232.74,0.0479
18307,7923,116,4,522.21,0.2632
18308,2602,6,3,1490.81,0.1692
18309,3539,172,1,1632.02,0.0341
18310,8720,176,1,1161.8,0.0167
18311,5836,200,4,1432.68,0.2998
18312,8920,64,1,326.19,0.0886
18313,8785,126,5,2249.04,0.198
18314,7768,29,2,349.97,0.0986
18315,3498,72,5,2089.22,0.2286
18316,6720,9,3,144.51,0.2727
18317,7559,23,4,1013.95,0.1423
18318,7497,55,2,499.55,0.2719
18319,5776,76,2,410.27,0.0887
18320,267,156,5,1690.1,0.2039
18321,3465,175,1,2222.32,0.0486
18322,6913,143,3,1978.74,0.0762
18323,3884,58,1,738.04,0.2458
18324,9395,146,2,1524.57,0.2809
18325,3848,168,1,747.09,0.2165
18326,1607,146,3,240.16,0.0469
18327,6693,7,2,304.72,0.0073
18328,6245,130,1,445.47,0.025
18329,6789,51,4,1657.11,0.0983
18330,7372,163,1,348.06,0.0998
18331,8660,102,4,1445.75,0.0129
18332,2071,138,5,18.16,0.2959
18333,4793,20,3,1832.97,0.1653
18334,6721,57,4,656.84,0.0153
18335,7065,141,3,1429.19,0.2027
18336,659,117,5,877.1,0.26
18337,537,24,1,1342.31,0.0771
18338,2428,170,1,496.85,0.2399
18339,6123,191,4,1553.43,0.2659
18340,9042,115,5,2207.1,0.0412
18341,4925,46,1,1453.07,0.1242
18342,2092,189,2,1113.76,0.0277
18343,9575,75,5,1191.92,0.0064
18344,1677,191,2,1020.13,0.2293
18345,5844,121,2,600.29,0.0246
18346,8845,148,5,959.15,0.165
18347,4404,16,1,1062.77,0.1463
18348,7964,35,5,1726.78,0.1456
18349,7525,9,1,806.25,0.2679
18350,7533,164,3,951.12,0.1755
18351,4456,118,2,1563.14,0.2872
18352,5111,14,4,1977.19,0.2212
18353,3126,171,5,2106.87,0.1435
18354,4763,76,4,1501.28,0.0379
18355,2383,23,3,1153.34,0.1763
18356,6239,177,3,1658.04,0.2076
18357,315,1,2,91.75,0.2856
18358,8680,50,4,1408.6,0.0903
18359,6973,58,3,780.0,0.2994
18360,3884,29,2,1304.71,0.0186
18361,8879,2,5,735.95,0.0643
18362,1992,144,5,465.05,0.2921
18363,6365,80,4,618.19,0.124
18364,2928,155,2,1861.82,0.296
18365,1445,164,2,947.57,0.2967
18366,7497,154,2,1816.34,0.0894
18367,3020,75,1,1882.63,0.1421
18368,7540,7,3,63.84,0.0625
18369,3965,166,2,2349.19,0.2473
18370,1513,38,1,263.73,0.0417
18371,8091,153,1,1186.76,0.0495
18372,9216,180,5,2376.66,0.2417
18373,1951,184,3,408.26,0.2339
18374,6349,50,5,492.48,0.2375
18375,2319,200,3,596.73,0.0624
18376,1733,58,5,2078.22,0.2145
18377,5930,92,1,2105.46,0.1192
18378,631,6,2,2252.94,0.1962
18379,3084,104,2,1270.49,0.0608
18380,6129,29,3,2256.96,0.2755
18381,6437,195,2,684.0,0.178
18382,6281,36,5,1531.35,0.2275
18383,9911,6,5,1079.38,0.1313
18384,5934,129,4,730.3,0.2555
18385,8647,79,4,1909.93,0.1156
18386,8105,157,2,1842.81,0.0877
18387,5215,79,3,1876.18,0.2947
18388,3308,12,1,1502.08,0.1467
18389,4103,56,5,852.66,0.1053
18390,6533,128,4,1684.55,0.1682
18391,7293,6,3,514.84,0.2472
18392,5412,59,1,632.56,0.1549
18393,9179,180,1,2394.27,0.1566
18394,513,37,3,1366.89,0.1575
18395,9722,71,1,1794.47,0.1467
18396,718,104,4,1146.81,0.2094
18397,6588,170,2,19.22,0.2502
18398,3521,39,5,1283.66,0.1865
18399,9096,167,4,1355.77,0.0962
18400,9197,55,4,256.0,0.2417
18401,41,174,5,541.28,0.0309
18402,8111,196,2,326.42,0.1143
18403,5995,53,2,2207.74,0.2475
18404,3930,189,1,90.01,0.215
18405,6052,10,1,1903.07,0.2905
18406,3176,77,1,1086.28,0.1143
18407,5361,7,4,21.42,0.1912
18408,3332,163,1,1130.9,0.238
18409,9182,69,2,2444.23,0.1526
18410,5935,82,3,1133.1,0.0887
18411,4126,7,4,693.08,0.0352
18412,9298,166,4,2301.34,0.0666
18413,6430,8,3,214.96,0.0166
18414,5998,103,4,1895.73,0.08
18415,355,125,3,628.87,0.0357
18416,9530,117,4,1774.5,0.01
18417,1859,171,3,359.74,0.1119
18418,8727,42,3,134.67,0.144
18419,6519,154,2,1706.02,0.1762
18420,253,6,3,952.96,0.2461
18421,5695,82,3,2473.63,0.0172
18422,7212,58,5,1410.15,0.0322
18423,7358,102,4,150.35,0.1207
18424,7887,10,4,365.8,0.1815
18425,6697,73,1,2248.4,0.0637
18426,7632,104,3,190.77,0.0631
18427,2658,12,3,1354.69,0.0097
18428,4876,29,4,58.19,0.1741
18429,9682,149,1,1799.27,0.1688
18430,4668,21,2,363.68,0.1533
18431,8964,91,3,462.08,0.281
18432,5602,42,5,717.47,0.1443
18433,7571,76,4,22.41,0.2412
18434,7085,29,1,1317.9,0.1122
18435,7345,90,3,2427.46,0.2294
18436,2602,90,1,1741.94,0.2467
18437,3092,115,5,2382.08,0.0125
18438,9328,92,1,339.11,0.0361
18439,724,14,4,613.99,0.2653
18440,1040,109,2,878.56,0.1443
18441,2555,153,2,1860.25,0.2243
18442,3347,167,2,2489.96,0.1843
18443,6879,59,1,2143.19,0.176
18444,7927,200,3,1471.43,0.0354
18445,3604,190,3,1468.11,0.0071
18446,2411,155,3,1929.13,0.1806
18447,3404,105,5,483.39,0.2948
18448,3505,133,3,2059.69,0.1891
18449,1263,132,4,1850.2,0.2209
18450,5530,180,1,184.83,0.0173
18451,7562,85,4,118.31,0.2716
18452,4428,84,2,398.73,0.1931
18453,5110,6,4,1638.63,0.2187
18454,7369,29,4,2385.47,0.2609
18455,9208,183,4,292.34,0.1992
18456,4933,104,5,1528.11,0.0397
18457,7327,67,1,1493.02,0.1708
18458,1462,36,3,437.45,0.053
18459,3386,145,4,668.86,0.2442
18460,2146,113,2,1355.09,0.1096
18461,5948,37,1,849.18,0.0309
18462,6358,177,1,408.05,0.141
18463,6184,89,4,1082.67,0.1466
18464,445,192,1,237.88,0.2828
18465,1744,185,1,1457.12,0.0264
18466,34,149,1,373.77,0.0738
18467,62,194,1,1826.17,0.2452
18468,9295,119,2,1374.52,0.0793
18469,5293,11,2,210.49,0.2778
18470,6751,102,2,568.63,0.1043
18471,3589,145,3,1081.57,0.2496
18472,353,61,2,995.27,0.1971
18473,1082,157,3,2066.6,0.0803
18474,2171,77,4,1574.97,0.1534
18475,1629,149,1,2218.56,0.114
18476,4099,101,2,1385.05,0.2735
18477,9007,69,4,796.89,0.2834
18478,3961,51,1,94.01,0.2992
18479,253,28,4,539.8,0.2632
18480,3620,143,5,654.49,0.2771
18481,4406,4,1,241.4,0.1912
18482,532,166,1,1332.15,0.1447
18483,9859,195,3,1600.05,0.1835
18484,197,157,1,140.3,0.2534
18485,5507,11,4,872.85,0.2254
18486,9128,179,5,83.11,0.0245
18487,3323,164,5,1825.96,0.1641
18488,8655,118,2,1255.39,0.12
18489,9595,103,2,1734.72,0.0831
18490,1734,57,4,1553.21,0.1079
18491,8215,133,2,2137.63,0.104
18492,2748,16,5,2196.53,0.0524
18493,3239,85,5,1405.21,0.1541
18494,9776,153,3,1163.5,0.2938
18495,9429,30,1,2477.88,0.0841
18496,813,51,1,494.62,0.0625
18497,8598,3,2,1603.92,0.1976
18498,3124,165,4,1555.77,0.0739
18499,9230,71,1,2392.91,0.2154
18500,8722,103,1,249.3,0.1864
18501,7282,3,5,2370.03,0.2767
18502,9394,186,2,1913.86,0.0722
18503,6949,105,4,335.81,0.2572
18504,8311,72,3,500.3,0.2136
18505,1899,149,4,699.44,0.1322
18506,5450,146,2,1697.6,0.0881
18507,4844,186,4,1875.06,0.0723
18508,2294,10,1,1846.66,0.1324
18509,6461,20,4,1636.58,0.1028
18510,4949,168,2,348.23,0.1825
18511,2116,113,4,121.67,0.1211
18512,9056,29,2,704.1,0.0689
18513,4068,113,1,1507.45,0.2395
18514,8248,94,5,892.59,0.1327
18515,3972,164,4,2126.8,0.155
18516,6801,32,1,2055.48,0.2034
18517,6196,70,5,556.56,0.0691
18518,2685,125,1,1652.82,0.1028
18519,7082,147,5,2078.28,0.0658
18520,9633,95,5,2251.57,0.1941
18521,1810,97,3,1077.22,0.257
18522,7119,196,5,2269.69,0.1219
18523,5565,75,5,1855.78,0.055
18524,61,198,1,752.0,0.2269
18525,3408,140,2,863.51,0.2993
18526,8580,37,5,360.18,0.0604
18527,4767,174,5,957.17,0.0692
18528,4896,31,2,919.84,0.2347
18529,664,145,5,1566.41,0.1088
18530,6459,132,4,777.47,0.2247
18531,9820,143,4,1061.0,0.0994
18532,1227,173,1,341.86,0.2236
18533,2248,140,3,1832.3,0.2159
18534,2753,74,4,116.2,0.2427
18535,2946,6,4,1875.1,0.2417
18536,8177,150,5,457.53,0.0215
18537,2684,62,5,2452.84,0.2021
18538,6260,41,4,2472.24,0.1306
18539,2003,144,4,2484.91,0.2245
18540,7134,200,5,47.4,0.2821
18541,1525,174,2,554.12,0.1289
18542,3711,190,4,1390.56,0.0612
18543,2457,186,3,1839.02,0.1824
18544,8757,164,2,2042.06,0.0402
18545,9609,131,3,351.53,0.0516
18546,8436,29,3,2141.54,0.2857
18547,3868,131,1,1751.94,0.0422
18548,4005,51,5,735.27,0.1816
18549,6048,10,3,35.81,0.2371
18550,2123,46,4,2284.44,0.1466
18551,9721,85,4,507.54,0.2186
18552,370,134,2,920.86,0.1722
18553,2174,108,4,2127.57,0.2995
18554,9368,160,4,1663.22,0.0239
18555,6744,108,1,344.4,0.0695
18556,5600,196,3,2448.57,0.1714
18557,1622,106,5,808.7,0.1535
18558,4289,189,2,1492.99,0.0281
18559,355,64,1,1575.91,0.1644
18560,8250,192,3,1425.61,0.0327
18561,5324,39,3,1454.99,0.2073
18562,7672,74,4,617.88,0.1957
18563,3374,1,4,2400.58,0.0199
18564,7513,179,2,1226.69,0.14
18565,3356,95,5,363.73,0.2133
18566,5585,54,4,2126.09,0.2402
18567,2256,148,5,380.6,0.0109
18568,7904,93,4,2158.34,0.1402
18569,9019,37,5,1406.95,0.2963
18570,7661,121,4,124.1,0.1151
18571,8964,186,4,319.92,0.1602
18572,5756,1,4,2359.64,0.0898
18573,681,54,4,332.93,0.0165
18574,572,87,5,1472.98,0.2711
18575,1342,114,1,794.99,0.1894
18576,2580,141,2,1996.2,0.1569
18577,4231,2,1,1988.94,0.2433
18578,351,40,5,1996.55,0.0441
18579,5751,184,2,530.78,0.2607
18580,2692,69,4,1782.28,0.1828
18581,4296,22,1,241.93,0.2125
18582,6387,59,2,205.38,0.1862
18583,3321,55,1,1031.05,0.2469
18584,7831,15,5,1499.21,0.2378
18585,1881,121,2,793.13,0.1716
18586,5924,119,4,773.68,0.252
18587,9205,158,3,200.94,0.2356
18588,5617,153,4,502.04,0.151
18589,5141,85,3,1531.2,0.0283
18590,7231,81,4,1707.63,0.2602
18591,4421,167,5,2270.23,0.1126
18592,1754,34,2,946.29,0.2458
18593,7039,98,1,602.59,0.2317
18594,1196,177,4,1802.31,0.0255
18595,626,181,3,1688.43,0.0817
18596,8637,38,2,699.18,0.2483
18597,7359,50,1,1925.58,0.1748
18598,8275,187,3,514.22,0.0968
18599,154,62,3,879.42,0.0475
18600,8626,154,2,624.36,0.1299
18601,4513,66,5,1628.74,0.1884
18602,8068,98,5,1236.88,0.1057
18603,7407,102,5,1838.89,0.1804
18604,5950,190,2,282.25,0.2438
18605,4258,100,3,653.0,0.0812
18606,8834,106,2,1220.49,0.0269
18607,4395,52,5,156.01,0.0539
18608,2376,190,4,1832.21,0.0712
18609,9649,109,2,715.88,0.0389
18610,8725,68,4,1515.42,0.1218
18611,7820,75,5,2254.9,0.098
18612,7035,170,2,644.28,0.1151
18613,7937,141,2,1870.73,0.1081
18614,3580,103,4,1589.2,0.0746
18615,3633,164,1,461.51,0.1922
18616,8929,118,4,1837.87,0.0726
18617,2027,197,5,167.24,0.2794
18618,6317,103,4,1304.34,0.0956
18619,2569,75,1,310.4,0.286
18620,3740,27,5,1720.94,0.057
18621,1442,3,2,770.8,0.0258
18622,2208,123,2,2017.62,0.0923
18623,9335,173,1,1231.41,0.0967
18624,961,126,5,215.11,0.2426
18625,9063,35,5,1501.04,0.2319
18626,89,165,2,47.39,0.0557
18627,4788,142,4,745.13,0.2768
18628,9808,29,4,683.24,0.1062
18629,2111,101,5,2451.63,0.2962
18630,108,127,1,620.95,0.2896
18631,8005,62,1,1696.65,0.0819
18632,9912,142,2,653.99,0.1353
18633,3735,159,3,212.49,0.2535
18634,9812,48,1,171.22,0.0906
18635,5507,38,3,2316.47,0.1347
18636,3456,183,4,254.94,0.0578
18637,6465,5,2,2081.11,0.1491
18638,1006,146,4,1365.77,0.0821
18639,307,82,1,1088.69,0.0341
18640,8400,143,4,2492.56,0.2074
18641,8932,179,5,2229.19,0.1073
18642,3660,68,4,608.05,0.1595
18643,9111,181,3,1503.32,0.1662
18644,2949,117,3,407.66,0.1772
18645,2690,9,4,1500.07,0.2312
18646,2051,124,1,327.82,0.2153
18647,647,147,3,1573.85,0.2278
18648,6490,153,2,2431.9,0.2436
18649,1484,177,5,1460.53,0.1185
18650,2482,78,1,327.26,0.2381
18651,956,187,2,2002.52,0.1077
18652,5057,136,1,840.44,0.1248
18653,705,21,3,248.5,0.2707
18654,8700,98,1,1644.48,0.2026
18655,2101,168,2,2078.96,0.0749
18656,5641,57,1,1214.66,0.1997
18657,4495,59,3,2330.1,0.046
18658,5228,105,4,1710.73,0.0782
18659,5682,154,2,1568.53,0.0169
18660,6868,170,4,893.87,0.2041
18661,8261,120,3,790.46,0.2844
18662,2524,109,2,718.07,0.28
18663,1639,187,4,2396.01,0.2424
18664,3942,158,2,1631.39,0.0481
18665,8208,175,5,1491.49,0.2532
18666,5199,61,4,811.04,0.0009
18667,7913,135,4,894.13,0.2749
18668,9959,54,5,708.51,0.2112
18669,3370,20,3,404.34,0.0525
18670,6554,16,5,2301.11,0.1693
18671,3742,2,2,1462.21,0.1881
18672,1235,138,2,1837.07,0.0804
18673,184,99,2,1195.81,0.2553
18674,1944,171,3,156.54,0.1538
18675,40,156,5,1182.76,0.1693
18676,8895,10,1,120.13,0.2658
18677,6597,22,4,2366.43,0.1964
18678,9531,162,5,866.99,0.177
18679,3040,144,2,397.66,0.0378
18680,6205,72,5,579.11,0.1625
18681,9908,74,5,2279.4,0.2742
18682,8012,55,3,529.94,0.182
18683,2084,192,4,345.56,0.0854
18684,9444,93,3,1549.02,0.2487
18685,8735,113,3,249.04,0.1303
18686,7905,114,2,1188.0,0.0237
18687,5243,116,3,1700.95,0.145
18688,2311,181,4,363.63,0.2285
18689,2266,170,2,1950.9,0.2756
18690,5466,158,3,1080.47,0.1994
18691,8468,60,2,1783.49,0.2516
18692,5025,124,5,644.86,0.2249
18693,5605,2,4,1100.6,0.0547
18694,6267,34,1,1198.88,0.2953
18695,9302,42,1,749.87,0.0169
18696,9958,21,1,1980.99,0.0822
18697,7060,34,5,456.39,0.229
18698,362,32,3,1662.99,0.0402
18699,7594,158,5,2332.0,0.1704
18700,7935,64,1,2096.75,0.1892
18701,5850,78,3,1913.8,0.2062
18702,5468,19,5,369.85,0.0482
18703,4210,30,3,1900.79,0.0622
18704,5997,186,1,945.89,0.0372
18705,6344,169,4,271.84,0.0514
18706,8349,27,1,1749.06,0.2499
18707,5443,16,1,178.98,0.0341
18708,6032,25,2,962.59,0.1204
18709,1535,118,3,2151.59,0.0046
18710,850,89,2,1721.1,0.2291
18711,6467,88,5,1300.41,0.2872
18712,8414,189,5,2207.97,0.0898
18713,8794,195,1,1877.39,0.0915
18714,9186,88,2,1182.38,0.1722
18715,9479,11,2,1871.55,0.0393
18716,4075,160,4,2209.75,0.1806
18717,4123,87,4,372.17,0.1651
18718,9223,76,1,512.59,0.1198
18719,2404,103,5,1818.93,0.2103
18720,6698,165,4,438.11,0.1631
18721,3925,52,2,428.79,0.2532
18722,5274,162,2,1645.78,0.2181
18723,8468,85,1,1345.67,0.1741
18724,8413,100,3,1895.65,0.0952
18725,7255,178,3,807.36,0.0086
18726,7759,162,5,1527.01,0.1114
18727,8243,137,1,2243.28,0.2319
18728,9034,42,4,2260.1,0.2674
18729,8066,39,5,1638.02,0.2553
18730,8320,30,4,72.98,0.1109
18731,2277,131,1,1328.19,0.009
18732,1371,114,5,184.23,0.2812
18733,3985,120,5,2474.56,0.2051
18734,6339,124,4,2492.61,0.1439
18735,8293,130,3,303.25,0.2335
18736,7473,125,3,1148.57,0.0268
18737,4808,121,4,2155.01,0.0261
18738,4258,195,2,303.45,0.2122
18739,7408,79,2,1387.4,0.0203
18740,4489,195,5,511.2,0.0147
18741,5306,121,4,1221.9,0.2161
18742,1105,145,3,517.72,0.2224
18743,5816,191,1,1332.79,0.1238
18744,9942,131,2,1037.76,0.1175
18745,201,71,1,993.75,0.1326
18746,8895,95,3,413.49,0.1107
18747,883,10,4,1654.6,0.1338
18748,6161,115,2,189.57,0.0557
18749,4334,99,5,2335.65,0.1752
18750,6893,55,1,161.69,0.1551
18751,6490,148,2,1037.63,0.1997
18752,9461,129,3,727.64,0.0548
18753,9520,42,2,1385.97,0.0267
18754,7622,13,2,76.89,0.2418
18755,2465,8,4,1105.92,0.2712
18756,5926,24,4,1887.96,0.0516
18757,2103,22,5,2020.9,0.1248
18758,9354,175,4,2336.65,0.2176
18759,5492,33,3,284.31,0.1573
18760,9823,60,5,1391.83,0.1701
18761,3197,26,1,1012.44,0.1026
18762,8216,172,5,1623.73,0.036
18763,92,131,4,2082.28,0.2882
18764,8688,60,5,1504.75,0.223
18765,3436,102,5,584.11,0.0963
18766,2611,138,2,813.43,0.2144
18767,7038,134,2,2233.02,0.1172
18768,3731,17,2,1683.75,0.0585
18769,6623,187,5,1496.15,0.2034
18770,4529,135,4,360.84,0.1232
18771,9308,142,3,863.23,0.0345
18772,311,98,3,817.81,0.1002
18773,2094,120,1,79.35,0.1173
18774,7311,198,3,2324.55,0.1161
18775,4068,161,4,839.1,0.1715
18776,2272,82,3,270.17,0.1311
18777,6311,198,5,1242.51,0.2221
18778,5095,18,5,1130.02,0.1869
18779,9413,94,2,2127.37,0.1573
18780,4084,196,1,2002.55,0.2286
18781,8855,153,3,1957.36,0.2795
18782,5848,195,5,2331.72,0.0673
18783,1062,174,3,945.75,0.2373
18784,7823,197,2,1479.86,0.1292
18785,9626,115,1,1678.83,0.1701
18786,5622,168,2,1188.36,0.2465
18787,6049,186,3,621.0,0.1667
18788,4208,5,3,2249.05,0.0547
18789,6642,74,2,2253.3,0.2933
18790,9524,45,4,1922.79,0.2523
18791,2594,182,2,875.1,0.0315
18792,1325,84,5,22.07,0.0513
18793,4877,64,4,1235.63,0.1057
18794,8251,106,4,1318.61,0.142
18795,6467,123,3,1227.56,0.0487
18796,5557,180,2,254.78,0.1346
18797,2553,1,2,1972.9,0.134
18798,4551,173,5,1337.36,0.077
18799,378,102,3,566.16,0.0443
18800,4653,200,5,2391.9,0.048
18801,6447,73,4,765.66,0.2493
18802,9422,190,3,964.08,0.2386
18803,5984,46,3,1012.49,0.0059
18804,753,161,3,1012.54,0.0651
18805,1434,165,2,1612.17,0.0084
18806,7071,188,3,720.45,0.0412
18807,3196,119,5,2259.93,0.0233
18808,7839,49,5,1438.42,0.2287
18809,4412,70,5,2201.56,0.1068
18810,1537,145,4,2294.7,0.2102
18811,7342,23,4,1925.24,0.1615
18812,5338,165,4,620.49,0.0737
18813,6838,66,2,834.41,0.1492
18814,1723,82,3,584.57,0.0696
18815,8798,92,2,1150.32,0.103
18816,4137,14,4,1284.83,0.2643
18817,7219,129,2,856.38,0.2447
18818,4440,107,3,2182.96,0.1314
18819,7133,42,5,997.94,0.0503
18820,659,111,5,1765.09,0.0478
18821,9653,169,4,2087.17,0.1952
18822,6706,167,2,415.03,0.1484
18823,9550,172,5,1791.56,0.1603
18824,860,200,2,411.74,0.0227
18825,2722,74,5,1913.13,0.1138
18826,4996,162,2,1424.89,0.1112
18827,5879,182,5,1292.85,0.0807
18828,3014,174,2,1332.41,0.2266
18829,732,33,1,1012.76,0.0402
18830,2406,59,3,138.35,0.2365
18831,8585,165,2,1388.41,0.026
18832,692,8,2,70.82,0.0467
18833,2386,158,4,2282.97,0.1578
18834,7071,20,2,633.92,0.1733
18835,2902,193,2,1627.55,0.2903
18836,5188,119,4,1407.31,0.1818
18837,3233,49,1,1547.6,0.1692
18838,8804,199,2,820.89,0.0564
18839,6971,58,4,1131.91,0.0257
18840,1443,75,3,1876.29,0.2371
18841,6333,103,5,987.1,0.2321
18842,2914,190,3,722.8,0.1271
18843,1590,135,1,92.26,0.0234
18844,8351,164,3,1197.77,0.1443
18845,1073,97,5,1741.03,0.1203
18846,7633,59,1,732.61,0.2206
18847,2710,162,3,2166.26,0.1722
18848,4320,63,3,302.87,0.0424
18849,2241,24,2,942.71,0.0534
18850,5168,189,1,1852.89,0.0445
18851,105,137,3,2424.23,0.1006
18852,962,151,5,953.94,0.084
18853,281,110,3,1857.18,0.0776
18854,4117,48,2,1734.73,0.1347
18855,3557,56,5,2343.03,0.2489
18856,2689,39,4,1260.26,0.094
18857,1440,98,2,1481.14,0.0882
18858,174,134,3,418.02,0.1396
18859,8360,131,2,677.5,0.0941
18860,3217,117,2,1587.86,0.1831
18861,565,38,5,1406.78,0.0203
18862,2668,136,1,1122.43,0.0684
18863,9555,40,4,1755.82,0.2253
18864,9064,137,4,623.68,0.2599
18865,3660,79,1,1752.57,0.1261
18866,6792,64,2,481.88,0.0713
18867,9323,177,4,1244.39,0.106
18868,3807,68,5,297.03,0.2472
18869,7330,122,3,1300.27,0.1859
18870,5722,161,5,2056.04,0.096
18871,7133,134,5,1216.98,0.2328
18872,8097,29,3,829.91,0.1252
18873,7445,19,3,357.81,0.0429
18874,8158,155,5,906.7,0.0477
18875,9312,9,4,2144.24,0.2951
18876,498,115,4,986.91,0.0607
18877,1025,146,5,474.46,0.2705
18878,2227,141,3,2222.86,0.2377
18879,2209,71,5,2321.15,0.1068
18880,310,81,2,2385.63,0.1068
18881,1691,32,2,1304.09,0.1922
18882,6963,26,2,1412.09,0.1215
18883,3100,106,2,769.26,0.036
18884,8404,180,3,852.12,0.2872
18885,5640,150,2,1295.4,0.1177
18886,1882,156,2,416.98,0.0798
18887,3077,183,3,2406.32,0.0256
18888,9739,80,1,1717.34,0.1619
18889,2389,28,4,130.99,0.1269
18890,8392,29,4,656.75,0.2815
18891,5754,106,2,760.86,0.0073
18892,3260,65,2,40.56,0.2862
18893,4398,159,2,2460.95,0.2654
18894,4236,94,1,710.08,0.1287
18895,372,104,5,143.3,0.1287
18896,3421,25,1,2192.27,0.1184
18897,5546,63,3,289.57,0.0926
18898,9205,181,4,1147.64,0.2134
18899,2150,146,2,921.12,0.2135
18900,9609,165,4,208.81,0.0764
18901,1668,61,1,95.96,0.1235
18902,7381,179,2,683.07,0.0496
18903,9271,73,4,908.92,0.2499
18904,1337,79,5,1870.26,0.0793
18905,2471,93,3,1814.83,0.1973
18906,4764,101,2,1168.83,0.2682
18907,8697,133,2,537.36,0.0978
18908,9829,55,5,2107.76,0.2112
18909,6166,172,2,1628.38,0.1909
18910,7369,101,4,881.83,0.14
18911,4269,10,2,2179.16,0.2397
18912,6593,25,2,2047.96,0.2179
18913,1376,61,5,16.49,0.2143
18914,5615,183,2,2174.27,0.191
18915,9362,10,2,1330.58,0.0658
18916,9187,102,2,2312.17,0.2763
18917,8033,148,5,1930.23,0.1062
18918,388,170,5,378.56,0.2472
18919,8496,63,4,862.77,0.1946
18920,8275,3,5,789.57,0.0945
18921,5680,171,5,1761.77,0.2708
18922,8012,4,2,1353.22,0.0284
18923,7867,156,4,687.18,0.1792
18924,8676,41,2,1907.52,0.1963
18925,3369,166,4,1639.98,0.2161
18926,9622,11,3,1986.0,0.175
18927,367,160,2,1871.38,0.0559
18928,2097,82,4,1539.76,0.1829
18929,6774,40,3,427.6,0.2159
18930,5815,54,3,498.6,0.2552
18931,5724,126,1,1971.5,0.2232
18932,3720,131,1,2142.47,0.0217
18933,479,141,1,1263.01,0.1745
18934,8063,56,3,2468.06,0.2061
18935,7996,51,4,748.61,0.2916
18936,6490,165,4,1833.25,0.0393
18937,1923,112,5,1679.24,0.0851
18938,1927,94,2,1870.0,0.2418
18939,6991,14,3,1048.54,0.1785
18940,8404,120,5,622.13,0.0932
18941,5009,118,3,1021.08,0.2054
18942,3594,116,1,486.38,0.0857
18943,8304,164,3,292.86,0.0548
18944,3866,70,1,1715.37,0.0312
18945,278,32,1,2464.76,0.1772
18946,6543,169,4,1672.27,0.0817
18947,1594,40,1,349.07,0.1966
18948,6908,160,5,1310.77,0.2185
18949,1852,140,2,1516.26,0.2466
18950,6476,103,4,1843.08,0.1423
18951,8359,89,4,1941.89,0.0509
18952,4995,54,4,506.21,0.0539
18953,7861,185,2,828.44,0.1058
18954,9624,136,3,1365.26,0.201
18955,9655,170,4,26.47,0.2717
18956,8706,70,1,507.96,0.2814
18957,8599,196,3,2393.22,0.074
18958,2617,172,4,902.81,0.0448
18959,9175,31,4,1867.8,0.2572
18960,8904,85,5,1188.67,0.2068
18961,5260,119,5,2497.8,0.1251
18962,1537,74,5,2255.15,0.0339
18963,1891,135,4,727.26,0.113
18964,958,154,4,2009.56,0.0031
18965,2460,156,5,1387.36,0.2644
18966,752,130,1,774.32,0.2288
18967,5894,44,5,1295.54,0.1579
18968,7082,78,4,843.51,0.1619
18969,3622,71,4,464.21,0.041
18970,6988,145,2,1177.04,0.2728
18971,7324,143,1,1070.88,0.073
18972,12,160,3,797.21,0.0326
18973,4268,151,1,1553.0,0.2434
18974,3599,154,5,333.89,0.1992
18975,3446,192,5,2433.63,0.0447
18976,4407,56,1,542.05,0.0014
18977,1119,88,2,1537.47,0.2334
18978,2005,86,2,1013.46,0.264
18979,8530,119,3,39.36,0.1964
18980,9990,149,5,543.18,0.2546
18981,64,165,4,1384.67,0.2002
18982,8913,171,3,882.54,0.2947
18983,5667,136,1,2093.34,0.293
18984,6610,142,2,1687.32,0.2551
18985,9529,126,3,404.24,0.1954
18986,7128,66,4,2339.04,0.0236
18987,2418,199,2,614.88,0.2397
18988,80,155,4,165.92,0.216
18989,4061,8,4,1222.92,0.2537
18990,1053,196,2,1102.99,0.2865
18991,3068,59,4,1235.27,0.2983
18992,1692,10,3,194.58,0.0306
18993,7619,47,2,752.55,0.0025
18994,5738,138,2,2305.69,0.2179
18995,5080,16,2,1992.44,0.2651
18996,2322,3,5,382.15,0.1711
18997,2992,151,5,731.07,0.018
18998,7569,2,2,1871.53,0.2398
18999,2289,65,3,2146.98,0.0559
19000,3402,112,4,363.65,0.1447
19001,8857,63,3,1497.58,0.1113
19002,1519,58,5,1105.97,0.1482
19003,2226,37,4,1222.18,0.0466
19004,1994,189,5,1985.45,0.2019
19005,5161,122,4,1489.11,0.1226
19006,261,20,2,1399.47,0.1152
19007,1286,60,2,959.74,0.0532
19008,387,21,2,817.42,0.1861
19009,8493,126,4,1827.58,0.198
19010,1254,94,1,2288.62,0.0241
19011,5821,153,2,78.36,0.247
19012,9328,47,3,1198.18,0.2661
19013,2794,81,2,1423.87,0.2968
19014,6320,40,5,719.96,0.1036
19015,8600,179,2,234.03,0.1821
19016,410,87,2,433.5,0.0364
19017,8369,149,1,1772.24,0.126
19018,1752,7,1,558.23,0.2576
19019,6888,134,5,1002.95,0.2164
19020,4996,194,3,54.29,0.1545
19021,8241,3,3,437.9,0.2518
19022,6956,169,4,2043.64,0.2492
19023,3869,139,1,1323.32,0.2726
19024,282,188,5,258.16,0.0603
19025,8661,150,2,220.92,0.0687
19026,1235,178,3,2303.25,0.2928
19027,7295,48,4,938.43,0.152
19028,3389,53,4,1920.26,0.1946
19029,4392,170,2,1100.16,0.2719
19030,6758,9,4,322.9,0.1631
19031,2770,84,1,1320.29,0.0448
19032,2898,2,5,261.86,0.1154
19033,3932,63,1,2159.8,0.1551
19034,5209,90,5,137.4,0.1426
19035,9039,23,2,1754.62,0.2983
19036,8432,78,1,2444.03,0.0695
19037,9965,87,2,2216.14,0.2287
19038,9312,76,3,2267.3,0.0094
19039,3059,4,4,650.11,0.1096
19040,8374,92,5,1176.96,0.0292
19041,2908,52,4,590.2,0.1703
19042,6882,53,2,1725.92,0.0855
19043,3210,54,4,1643.91,0.187
19044,6514,52,5,751.55,0.1764
19045,7963,39,2,1032.94,0.1545
19046,9804,124,5,960.31,0.2535
19047,493,36,3,1748.43,0.1321
19048,2913,111,5,61.63,0.226
19049,6801,127,4,2314.35,0.1281
19050,6260,78,1,365.77,0.2873
19051,9518,116,2,798.09,0.048
19052,846,31,3,131.77,0.2204
19053,121,161,1,1106.33,0.0194
19054,5054,9,1,1847.61,0.0478
19055,4007,22,1,1964.21,0.1589
19056,8923,164,2,914.07,0.136
19057,1854,94,2,964.16,0.288
19058,4175,180,1,859.1,0.0003
19059,9171,9,5,561.09,0.1791
19060,7514,73,5,1790.63,0.0953
19061,5656,64,1,2235.54,0.1455
19062,4917,140,5,1025.45,0.1666
19063,740,144,1,1805.2,0.1621
19064,4385,101,2,1230.25,0.2879
19065,5957,198,5,333.74,0.296
19066,6473,9,3,1286.83,0.1515
19067,872,162,2,678.76,0.1207
19068,7175,95,1,1678.01,0.2168
19069,8034,7,3,1131.25,0.1556
19070,3243,160,3,1697.79,0.2207
19071,8031,177,2,1210.93,0.115
19072,8564,107,3,1906.64,0.1397
19073,1853,54,5,2493.16,0.0244
19074,8736,88,3,2152.75,0.197
19075,497,170,3,1772.4,0.246
19076,6479,90,4,624.7,0.0533
19077,9353,90,3,1430.7,0.2854
19078,2364,1,3,1589.02,0.2947
19079,8652,20,5,1835.14,0.1728
19080,6878,166,3,496.23,0.0236
19081,1432,112,3,1299.52,0.2386
19082,7351,12,2,1164.2,0.1401
19083,6391,187,4,667.83,0.2596
19084,9526,50,3,1354.34,0.243
19085,8371,119,1,2274.0,0.1757
19086,7673,7,4,1926.11,0.0105
19087,7545,155,5,1401.34,0.1777
19088,4374,78,3,1828.32,0.2286
19089,7651,13,2,1975.38,0.1965
19090,7444,148,2,1811.55,0.1963
19091,1317,72,5,2153.68,0.2299
19092,7296,110,5,1945.81,0.1588
19093,4403,18,1,2071.97,0.2296
19094,8565,186,5,1305.02,0.0666
19095,8918,68,5,1265.04,0.1221
19096,434,23,4,905.07,0.1977
19097,9936,68,3,1240.71,0.0492
19098,5954,130,1,1747.38,0.2299
19099,7230,172,1,787.99,0.1757
19100,1394,86,1,569.7,0.2194
19101,7005,178,3,2204.38,0.2583
19102,4091,59,5,82.88,0.2903
19103,2742,44,5,2337.73,0.0868
19104,6627,65,4,2128.52,0.2383
19105,3252,120,4,1651.85,0.1081
19106,5755,162,1,1902.86,0.1456
19107,22,159,3,1505.39,0.1835
19108,515,142,5,1438.81,0.0711
19109,4779,52,3,1627.3,0.0637
19110,994,112,5,28.3,0.1776
19111,9565,147,3,2088.7,0.2099
19112,1589,110,3,2043.39,0.2866
19113,8416,29,1,1223.59,0.1703
19114,4633,110,4,603.78,0.1775
19115,4399,55,2,845.74,0.1243
19116,2682,30,3,1076.38,0.2352
19117,1380,59,2,410.14,0.2207
19118,4674,86,1,1526.02,0.0571
19119,5389,53,3,392.29,0.1153
19120,2566,66,1,1712.98,0.0406
19121,2301,39,2,1416.17,0.0328
19122,9301,25,5,2092.0,0.2795
19123,2211,45,3,1004.28,0.1994
19124,5357,8,1,2266.05,0.2686
19125,9298,96,2,1637.6,0.1721
19126,6955,108,3,17.0,0.0772
19127,148,199,2,1101.82,0.0782
19128,3509,187,5,2417.95,0.0731
19129,3693,86,3,2402.22,0.0947
19130,5680,123,1,1435.36,0.0615
19131,3227,2,1,1660.27,0.0422
19132,6104,102,1,603.24,0.2698
19133,1294,143,1,813.45,0.1722
19134,8182,148,3,997.79,0.0659
19135,416,90,5,1042.78,0.1717
19136,6979,139,5,1771.66,0.0741
19137,3082,41,1,204.08,0.2049
19138,7578,68,1,128.73,0.2657
19139,7391,4,1,1308.65,0.0492
19140,2890,48,1,1452.65,0.1654
19141,9793,1,3,977.83,0.1108
19142,9393,87,5,1871.1,0.2476
19143,6688,61,4,433.48,0.0145
19144,4673,155,4,2477.48,0.2087
19145,3098,71,5,885.99,0.1935
19146,3269,34,1,839.03,0.234
19147,9626,196,4,992.43,0.1655
19148,4838,2,3,2094.16,0.1335
19149,1777,151,1,562.52,0.0763
19150,6540,112,5,1148.8,0.2635
19151,7652,36,5,675.82,0.2681
19152,7832,138,2,120.41,0.1493
19153,6327,191,3,927.55,0.2719
19154,8140,88,3,203.81,0.0121
19155,9917,199,2,2426.13,0.2528
19156,9467,51,2,364.81,0.2417
19157,508,149,2,2461.35,0.2463
19158,703,123,3,1158.32,0.1939
19159,6272,200,2,427.0,0.1703
19160,9020,197,3,675.36,0.25
19161,6563,80,2,976.76,0.2306
19162,3492,146,4,1700.9,0.2811
19163,824,23,5,1788.4,0.2462
19164,9886,184,3,557.14,0.0994
19165,9085,172,1,505.57,0.0454
19166,6688,180,1,2284.54,0.0477
19167,3151,101,2,1138.53,0.2571
19168,3128,115,2,907.12,0.2213
19169,2909,149,3,1570.91,0.2957
19170,7582,22,4,1379.02,0.2683
19171,7641,141,1,2237.68,0.2776
19172,4298,62,3,408.82,0.2047
19173,4319,75,1,1136.92,0.0868
19174,9345,70,5,510.79,0.1439
19175,6474,190,2,279.88,0.0095
19176,7025,73,3,731.39,0.1924
19177,5860,148,2,183.06,0.0699
19178,9657,189,3,1512.36,0.2771
19179,6134,103,2,2131.09,0.1031
19180,6272,152,2,765.95,0.1447
19181,7309,170,3,1587.71,0.1307
19182,6142,35,5,337.53,0.1414
19183,9665,167,1,598.48,0.2738
19184,882,89,3,1694.49,0.1567
19185,6107,170,5,2299.82,0.196
19186,2572,65,4,62.29,0.2176
19187,1051,12,2,1612.23,0.2361
19188,369,1,2,1765.92,0.0446
19189,1917,167,1,1499.74,0.0143
19190,7534,40,1,1077.39,0.1006
19191,4772,134,2,2470.28,0.0288
19192,5306,157,2,692.81,0.2198
19193,9650,175,3,1174.06,0.2567
19194,3763,178,1,1689.19,0.1773
19195,5420,68,3,15.14,0.1027
19196,1211,23,3,912.49,0.0904
19197,1727,8,2,991.54,0.1548
19198,3322,101,1,41.23,0.2627
19199,1221,2,5,80.01,0.0465
19200,7152,4,1,2471.63,0.2393
19201,5323,51,3,285.78,0.0677
19202,4037,149,3,602.04,0.0661
19203,6921,53,2,359.48,0.0558
19204,3991,26,4,1291.5,0.0452
19205,5899,158,1,1844.08,0.0235
19206,8381,161,5,206.29,0.2667
19207,847,150,1,1471.2,0.0325
19208,273,6,1,892.27,0.0709
19209,949,84,3,1234.04,0.2349
19210,5210,199,2,675.96,0.0259
19211,270,30,5,2161.35,0.0568
19212,4663,107,5,1139.13,0.0689
19213,7433,57,1,413.87,0.1951
19214,5311,8,1,1982.66,0.2256
19215,9499,145,5,1883.29,0.2033
19216,9051,107,5,1220.0,0.1529
19217,1781,92,4,1808.34,0.2989
19218,4894,160,4,1511.17,0.2107
19219,3162,48,5,424.62,0.0825
19220,4455,9,2,2498.28,0.2574
19221,380,44,4,1934.3,0.1616
19222,2215,196,3,1671.13,0.2484
19223,8161,3,3,2080.37,0.0021
19224,4712,44,3,2321.37,0.228
19225,570,50,1,1450.81,0.1809
19226,5324,48,4,1477.24,0.2224
19227,8318,7,1,73.36,0.216
19228,345,10,2,1046.02,0.0428
19229,4026,78,5,1279.17,0.2452
19230,8959,146,5,597.01,0.0066
19231,3049,33,2,908.48,0.1367
19232,2314,90,4,925.25,0.0766
19233,30,64,2,929.07,0.1758
19234,3377,39,5,2390.13,0.2225
19235,3525,184,5,1475.0,0.2746
19236,1820,178,2,795.01,0.0248
19237,2747,81,1,772.2,0.1745
19238,1932,107,2,2119.49,0.1065
19239,9639,156,1,1609.7,0.0761
19240,6491,66,4,2129.86,0.0246
19241,7746,104,5,1614.48,0.0685
19242,5342,101,3,2288.11,0.1386
19243,1212,96,3,1014.59,0.0017
19244,7593,159,5,2108.55,0.1758
19245,3621,118,2,452.15,0.0313
19246,9727,68,5,1678.6,0.1726
19247,3278,99,2,918.96,0.1132
19248,2522,96,2,1319.57,0.2323
19249,1906,11,5,1845.31,0.1316
19250,7560,117,3,1417.67,0.283
19251,9283,23,5,1829.05,0.0978
19252,8220,175,2,105.86,0.1629
19253,6798,192,4,1008.27,0.2196
19254,6045,60,3,2386.16,0.0656
19255,6376,151,2,1907.9,0.005
19256,8118,103,3,1215.5,0.2356
19257,3179,120,1,1775.86,0.088
19258,5498,163,5,82.02,0.0479
19259,3748,52,5,742.11,0.1778
19260,7559,49,3,2259.11,0.1119
19261,7953,107,1,1248.53,0.0797
19262,2943,114,4,2382.33,0.2121
19263,7984,32,4,673.51,0.2903
19264,8883,166,4,2088.49,0.1581
19265,6220,46,3,63.62,0.2329
19266,4686,197,2,24.75,0.2525
19267,1759,79,5,354.93,0.1452
19268,6603,62,1,664.9,0.1518
19269,1387,160,1,120.88,0.2154
19270,6723,98,4,540.31,0.2775
19271,1662,26,4,2184.28,0.245
19272,4917,115,1,2289.86,0.2347
19273,5033,143,5,309.23,0.2327
19274,7313,73,1,798.74,0.1411
19275,6513,69,4,1530.27,0.2582
19276,7111,98,4,1657.45,0.1074
19277,5247,21,3,84.06,0.1823
19278,4993,195,4,2281.55,0.0411
19279,8544,158,3,1076.46,0.195
19280,6265,133,5,1111.42,0.225
19281,374,126,4,227.55,0.1232
19282,6485,180,4,1319.88,0.1538
19283,6175,16,1,1475.05,0.0048
19284,7721,134,4,1150.78,0.2713
19285,2017,168,5,2220.85,0.2443
19286,204,154,2,285.27,0.2201
19287,5492,56,1,474.09,0.0204
19288,6705,129,5,947.36,0.0655
19289,2650,186,3,1528.8,0.2967
19290,9096,84,1,1068.63,0.1378
19291,9248,182,4,2129.5,0.2632
19292,2739,75,1,543.43,0.2034
19293,8538,148,3,610.97,0.243
19294,8939,39,2,2230.75,0.183
19295,3859,4,4,1178.34,0.0573
19296,6918,166,5,1635.39,0.1543
19297,2170,174,2,948.63,0.2523
19298,9852,42,3,947.63,0.2731
19299,7725,30,2,374.89,0.212
19300,5062,164,5,2219.94,0.2015
19301,4112,109,5,2068.64,0.1888
19302,8630,22,1,1346.61,0.1701
19303,6493,168,2,111.57,0.267
19304,2208,146,1,574.12,0.2307
19305,5201,133,4,490.63,0.2154
19306,2429,44,3,1349.17,0.1231
19307,4957,133,4,407.04,0.1386
19308,4483,167,5,1090.24,0.1306
19309,1459,78,5,498.83,0.2995
19310,9796,21,5,726.27,0.2765
19311,1068,188,5,764.0,0.0319
19312,2841,32,2,580.01,0.1413
19313,3579,93,2,668.79,0.0799
19314,662,67,5,398.25,0.0898
19315,9386,141,4,1936.48,0.0047
19316,75,134,3,2432.18,0.0397
19317,9388,122,3,1958.0,0.1766
19318,9198,48,4,925.68,0.1977
19319,1461,23,4,1894.57,0.2863
19320,2843,102,4,171.3,0.2476
19321,3723,117,3,893.83,0.0752
19322,5787,70,3,1001.19,0.1599
19323,647,150,5,46.72,0.0589
19324,7003,45,5,2376.03,0.1397
19325,4591,58,4,1169.25,0.2303
19326,5579,40,2,2469.81,0.2281
19327,8921,49,2,708.62,0.2316
19328,3239,34,1,2447.64,0.0622
19329,3379,199,3,1538.76,0.1269
19330,6421,1,2,1049.32,0.2111
19331,3162,96,1,2083.7,0.0312
19332,5561,22,3,1361.19,0.1004
19333,4787,195,4,2069.5,0.1824
19334,3701,196,4,1271.89,0.1541
19335,3857,127,5,1055.1,0.0219
19336,6047,126,1,1526.32,0.2148
19337,2446,185,1,1894.55,0.1125
19338,1922,194,1,132.05,0.2801
19339,4058,110,1,1016.49,0.0825
19340,2966,198,5,434.34,0.2942
19341,2332,50,5,2375.35,0.2633
19342,6022,24,4,2430.53,0.2222
19343,5779,66,4,2275.85,0.0662
19344,7189,140,2,1289.82,0.2007
19345,2986,122,1,1893.47,0.0462
19346,4575,133,1,2306.45,0.1806
19347,8539,79,1,2180.91,0.2092
19348,8364,10,5,1346.22,0.0992
19349,6962,22,1,385.03,0.2982
19350,979,109,1,2275.81,0.0262
19351,544,135,4,2054.12,0.1804
19352,8394,86,2,1012.22,0.2163
19353,6861,4,5,1168.57,0.0431
19354,3957,66,5,2473.15,0.2699
19355,3841,86,3,1509.46,0.1689
19356,5514,185,1,436.07,0.2891
19357,1605,88,1,421.47,0.1387
19358,4978,26,1,176.39,0.2831
19359,3778,22,2,1475.66,0.1707
19360,6390,197,1,81.75,0.0659
19361,7593,62,5,2044.95,0.1324
19362,7472,19,4,805.98,0.1341
19363,2164,169,4,865.98,0.2654
19364,1141,22,3,1905.67,0.1573
19365,9041,27,2,277.64,0.2441
19366,5552,130,2,1327.91,0.2462
19367,6269,21,1,934.27,0.1522
19368,8225,89,3,265.63,0.0299
19369,4569,22,4,753.98,0.2416
19370,1989,137,1,1577.77,0.282
19371,6748,159,2,1662.95,0.2928
19372,8955,173,1,328.67,0.0784
19373,1459,1,4,2347.51,0.043
19374,1728,15,3,470.73,0.0439
19375,6994,158,5,1662.98,0.2049
19376,8215,13,1,823.73,0.2827
19377,1106,78,2,1761.28,0.0248
19378,6347,34,3,2035.74,0.1387
19379,7275,153,1,215.63,0.2145
19380,3146,185,2,1995.55,0.2427
19381,6026,33,2,315.74,0.1371
19382,5476,85,3,1304.56,0.0014
19383,2249,118,2,854.93,0.0394
19384,9578,16,2,778.11,0.0241
19385,7757,69,4,393.22,0.1598
19386,3543,155,5,1696.42,0.2152
19387,4481,154,3,767.19,0.2234
19388,5008,190,4,1271.17,0.0986
19389,9235,19,5,52.61,0.0673
19390,9036,22,1,1516.63,0.1463
19391,1159,185,4,1697.92,0.149
19392,1358,94,5,169.91,0.2613
19393,6689,35,2,1338.32,0.2574
19394,3206,142,3,1789.92,0.05
19395,6366,87,4,366.82,0.0209
19396,3204,113,1,123.8,0.1334
19397,6093,135,4,495.88,0.1749
19398,3841,110,2,888.86,0.2807
19399,5375,93,3,1075.02,0.2646
19400,8934,10,4,196.03,0.2437
19401,2397,48,4,2448.57,0.2847
19402,6414,94,2,1728.21,0.211
19403,3231,46,3,347.33,0.048
19404,1597,110,2,1996.67,0.2662
19405,3343,87,2,809.96,0.21
19406,4714,26,5,947.23,0.2305
19407,3849,146,5,195.09,0.1652
19408,7645,193,5,1065.87,0.2454
19409,7128,3,5,208.31,0.0298
19410,399,105,4,1705.45,0.2105
19411,2389,74,4,868.27,0.1301
19412,2665,29,2,751.31,0.0581
19413,5720,133,3,1626.14,0.1206
19414,4103,69,5,1724.96,0.2584
19415,4665,143,2,1602.32,0.0687
19416,727,90,3,1974.92,0.1925
19417,2368,26,2,1601.16,0.2287
19418,537,36,5,2363.57,0.0986
19419,5576,4,5,1422.06,0.0795
19420,5538,90,4,2213.96,0.2072
19421,4579,29,1,2403.52,0.0266
19422,9302,167,1,421.78,0.1671
19423,8994,22,5,1696.82,0.2634
19424,6044,190,2,1645.53,0.1811
19425,9985,193,4,2175.69,0.1126
19426,6907,46,3,852.48,0.2313
19427,9580,103,2,994.01,0.1096
19428,5157,105,2,132.18,0.0754
19429,8478,76,1,1919.2,0.0263
19430,507,182,4,676.65,0.2606
19431,626,134,5,2323.48,0.1927
19432,8089,119,5,1662.65,0.142
19433,2803,139,5,841.58,0.1933
19434,1212,1,2,2048.62,0.0484
19435,8322,65,3,2046.09,0.008
19436,6044,135,2,416.47,0.2416
19437,6871,171,5,1361.51,0.2711
19438,3942,42,3,40.2,0.0301
19439,536,93,1,870.04,0.1277
19440,7417,162,1,1740.57,0.2714
19441,8419,135,3,835.28,0.2431
19442,9928,159,4,347.9,0.1209
19443,8850,124,1,1449.64,0.0286
19444,2372,56,2,2404.33,0.0969
19445,7002,129,5,1041.17,0.2437
19446,8248,101,1,2296.24,0.0709
19447,5693,154,3,2265.28,0.2792
19448,7124,29,1,1676.23,0.1093
19449,8466,163,3,189.89,0.2558
19450,1121,37,3,1639.79,0.128
19451,6802,10,4,1483.75,0.1599
19452,5218,197,1,1459.77,0.2389
19453,6911,114,5,856.0,0.0946
19454,1578,4,1,1880.12,0.0033
19455,9249,199,3,2209.14,0.0522
19456,7111,127,1,1691.85,0.1127
19457,5774,115,5,382.64,0.2867
19458,6945,189,4,1964.79,0.2781
19459,3202,92,4,403.86,0.2878
19460,4392,135,4,2002.64,0.265
19461,8302,177,3,1525.32,0.2281
19462,7346,189,2,866.7,0.0044
19463,7562,142,3,1422.93,0.1324
19464,9879,200,5,2061.02,0.2902
19465,549,152,4,1286.53,0.0333
19466,9800,51,3,1199.14,0.2189
19467,3361,31,3,542.49,0.2227
19468,9075,130,4,924.18,0.0643
19469,4376,200,1,1306.72,0.2785
19470,8938,91,5,299.0,0.0644
19471,6686,171,2,1785.5,0.2831
19472,1601,88,2,2238.84,0.1802
19473,3454,179,5,1979.08,0.0025
19474,4109,198,3,1223.63,0.1835
19475,444,11,4,35.5,0.1666
19476,8330,177,4,1148.63,0.1967
19477,5313,16,5,322.57,0.1569
19478,2439,116,5,1858.93,0.1783
19479,4028,169,4,330.54,0.1776
19480,9023,158,4,321.12,0.2487
19481,9696,173,5,1289.85,0.1983
19482,4551,199,3,613.94,0.0826
19483,488,16,2,615.07,0.0146
19484,368,159,2,2399.64,0.1211
19485,1193,11,1,745.65,0.1962
19486,4269,78,5,2299.48,0.0674
19487,1243,8,1,592.96,0.2918
19488,7586,12,1,2247.56,0.2963
19489,8780,88,2,520.6,0.1367
19490,7482,61,4,449.25,0.289
19491,1615,166,4,704.88,0.2232
19492,5332,183,4,1062.88,0.1968
19493,238,141,5,533.53,0.2278
19494,3674,163,2,1546.63,0.2046
19495,2961,62,5,1178.5,0.2487
19496,1341,20,5,1354.11,0.0069
19497,6776,54,3,1666.68,0.2705
19498,6155,98,4,1162.99,0.0727
19499,4612,67,3,249.63,0.1639
19500,9049,126,3,893.3,0.2564
19501,3812,191,2,1301.76,0.0997
19502,6325,104,4,459.65,0.2961
19503,6575,95,1,1239.51,0.0571
19504,735,120,3,321.27,0.0633
19505,4509,71,3,890.59,0.152
19506,6687,9,1,2099.61,0.0232
19507,1796,118,1,131.71,0.0048
19508,1961,189,2,105.63,0.1995
19509,662,50,3,1007.01,0.138
19510,456,187,3,2287.71,0.2132
19511,25,176,2,1541.97,0.2867
19512,1018,17,1,1722.61,0.2829
19513,9604,52,3,1398.08,0.2245
19514,8501,199,1,1941.25,0.1294
19515,2254,51,5,1027.96,0.1366
19516,5,69,3,1876.38,0.1385
19517,3378,88,5,2336.47,0.2575
19518,8507,194,3,872.3,0.2449
19519,917,185,1,1035.53,0.2117
19520,2895,143,5,449.99,0.1958
19521,1687,85,2,307.58,0.0839
19522,1617,101,4,1877.94,0.1578
19523,4088,78,2,1476.45,0.1018
19524,2354,115,2,1793.9,0.1732
19525,8502,130,5,432.78,0.2745
19526,7259,27,5,1896.55,0.1656
19527,6953,52,2,795.2,0.2993
19528,4618,117,5,1555.34,0.1498
19529,3190,51,2,2121.07,0.0513
19530,7761,166,3,1544.28,0.2939
19531,7630,117,4,440.76,0.0511
19532,9612,19,3,1257.67,0.173
19533,8422,106,5,643.94,0.2179
19534,6301,158,2,1388.79,0.1452
19535,334,74,3,211.39,0.0128
19536,9521,77,2,2456.34,0.1888
19537,7848,141,3,1556.51,0.2958
19538,7121,155,1,963.37,0.2047
19539,8491,174,1,872.03,0.1836
19540,7687,19,1,1458.65,0.1771
19541,6864,147,4,1685.23,0.1083
19542,2061,169,3,597.52,0.0863
19543,383,15,5,1384.12,0.2188
19544,7019,156,3,2144.15,0.0877
19545,1656,108,2,2028.65,0.2738
19546,8460,100,3,473.49,0.058
19547,8064,28,3,967.32,0.2921
19548,675,50,1,1980.11,0.1316
19549,4060,33,2,783.21,0.0286
19550,5954,44,3,1925.48,0.0118
19551,1051,55,4,1777.58,0.2494
19552,3331,121,5,469.12,0.1552
19553,6037,86,1,1746.69,0.0586
19554,9697,137,3,2095.55,0.0793
19555,6957,36,2,2269.31,0.0294
19556,2849,198,1,623.6,0.0774
19557,1041,130,1,2492.28,0.0242
19558,6562,171,3,1233.37,0.1247
19559,9277,154,2,640.0,0.1427
19560,3056,69,2,1808.85,0.1681
19561,9996,23,4,1786.62,0.1705
19562,2194,60,1,1541.31,0.0904
19563,2750,134,4,374.86,0.2614
19564,1030,61,2,94.42,0.0953
19565,9055,65,5,1842.31,0.1746
19566,9466,99,5,882.51,0.0942
19567,7513,127,5,257.75,0.2483
19568,4528,41,3,2328.92,0.2993
19569,6488,97,3,2316.8,0.0512
19570,4714,26,2,1611.08,0.2865
19571,1441,13,4,618.23,0.0213
19572,8679,81,3,2461.84,0.2415
19573,8088,144,2,614.02,0.2829
19574,4151,127,5,41.42,0.1954
19575,1772,44,5,2250.32,0.0981
19576,7028,158,1,502.41,0.0583
19577,6612,130,4,1579.96,0.2459
19578,9180,68,2,607.29,0.0294
19579,5238,38,2,1125.5,0.1436
19580,5926,151,5,1016.6,0.2393
19581,3461,29,3,946.77,0.2479
19582,7781,57,3,804.79,0.1049
19583,5538,57,2,52.82,0.1578
19584,4960,15,3,548.33,0.0444
19585,9361,66,2,2485.47,0.1724
19586,4277,98,1,34.26,0.1411
19587,9252,81,3,193.63,0.2723
19588,5517,78,1,95.27,0.1396
19589,8724,90,4,1292.44,0.1906
19590,5350,195,1,106.61,0.1104
19591,1235,146,4,1348.2,0.0845
19592,10000,61,1,826.08,0.0384
19593,8651,39,3,2196.08,0.1511
19594,6496,7,1,907.02,0.1585
19595,5801,87,3,2052.35,0.1185
19596,874,101,2,1765.77,0.1675
19597,3119,124,2,2424.25,0.1762
19598,1560,26,4,1114.62,0.0364
19599,8302,116,5,2387.5,0.0792
19600,3024,79,1,1622.0,0.2581
19601,4583,152,3,966.04,0.145
19602,5849,165,5,1232.42,0.1041
19603,5677,96,2,1829.78,0.0214
19604,9930,23,3,2214.24,0.1526
19605,5403,161,3,1023.61,0.1924
19606,7196,130,5,2358.19,0.1697
19607,5040,158,3,1203.68,0.2359
19608,3587,189,5,1929.39,0.084
19609,2860,75,1,2270.45,0.0154
19610,6649,140,1,561.41,0.1739
19611,1278,82,1,514.29,0.0693
19612,4997,49,2,1709.53,0.0548
19613,4337,77,5,1585.89,0.1947
19614,9694,134,1,2073.57,0.1602
19615,3545,10,2,1360.52,0.2566
19616,8618,189,2,1820.62,0.2316
19617,7737,178,2,437.54,0.1358
19618,2133,191,1,1370.14,0.0928
19619,5028,4,3,40.4,0.2931
19620,7080,132,1,1709.61,0.2025
19621,2069,105,2,2426.92,0.2968
19622,3765,165,4,450.96,0.1744
19623,1710,116,1,354.58,0.0703
19624,1161,197,1,1191.83,0.2017
19625,23,183,3,1124.29,0.2718
19626,3234,33,1,1115.39,0.1907
19627,4318,52,1,736.72,0.1399
19628,6887,191,2,358.48,0.0663
19629,7578,79,2,2308.34,0.2155
19630,1952,76,4,881.33,0.094
19631,7726,150,2,1027.01,0.1305
19632,7270,184,5,1062.22,0.2011
19633,7049,114,3,332.66,0.1461
19634,7655,97,1,506.94,0.169
19635,5427,186,1,46.88,0.0634
19636,3129,153,5,1250.85,0.2458
19637,2726,1,3,1392.37,0.0455
19638,8004,28,5,545.59,0.052
19639,5260,100,5,1066.14,0.0176
19640,5258,176,3,1732.23,0.2122
19641,4417,109,1,659.28,0.2796
19642,2316,114,1,927.51,0.0211
19643,8628,194,3,1764.67,0.0532
19644,6910,55,2,1498.03,0.1119
19645,1075,106,3,1272.85,0.0849
19646,982,101,5,2172.48,0.1891
19647,5725,107,5,189.89,0.012
19648,8924,130,1,1322.29,0.1749
19649,1362,161,3,1753.87,0.1656
19650,745,49,3,701.22,0.0124
19651,6168,164,1,729.79,0.1127
19652,3354,158,5,1253.94,0.2763
19653,4971,146,1,862.19,0.0578
19654,4816,164,4,1068.3,0.2789
19655,6402,128,5,1732.18,0.2192
19656,9646,24,3,941.63,0.0777
19657,5613,118,2,83.31,0.0025
19658,9958,129,2,246.58,0.1268
19659,4364,174,2,1271.76,0.1797
19660,4813,24,3,2338.78,0.0324
19661,447,21,3,724.13,0.019
19662,2723,29,2,74.31,0.0134
19663,8432,64,2,2037.51,0.2273
19664,117,10,4,1933.05,0.2309
19665,2314,141,1,2179.6,0.1996
19666,7474,139,2,1173.47,0.2152
19667,7587,102,2,203.07,0.1042
19668,2029,119,4,382.26,0.0358
19669,4752,186,1,2401.56,0.0407
19670,2040,6,2,2142.26,0.0944
19671,3645,179,4,1522.68,0.1123
19672,587,10,5,143.73,0.2724
19673,7185,192,1,180.61,0.113
19674,6156,77,1,470.12,0.1308
19675,7027,112,5,1652.01,0.129
19676,2633,114,2,2432.42,0.2186
19677,2131,163,5,1454.72,0.0088
19678,7827,111,2,2097.46,0.1342
19679,4479,17,2,1918.29,0.2607
19680,7755,3,4,666.31,0.2618
19681,984,158,4,1463.82,0.2219
19682,513,27,3,1772.82,0.1204
19683,9781,173,1,815.75,0.0753
19684,4587,132,4,1532.7,0.0273
19685,7627,161,1,336.54,0.1445
19686,3080,171,2,2004.92,0.257
19687,2193,159,4,787.34,0.1045
19688,1734,19,3,772.21,0.1541
19689,5883,139,2,1827.85,0.0985
19690,7303,37,5,1964.38,0.1208
19691,6975,79,4,1829.17,0.042
19692,1445,84,1,841.59,0.2081
19693,2116,189,3,2302.42,0.0148
19694,9470,101,3,1493.85,0.2922
19695,2823,200,3,908.32,0.1152
19696,1380,2,2,876.35,0.0814
19697,1763,178,2,211.05,0.1769
19698,4878,27,4,430.49,0.2708
19699,8442,178,1,1639.02,0.2652
19700,9077,24,5,796.71,0.2776
19701,3913,99,2,655.94,0.0283
19702,5387,28,3,27.66,0.068
19703,4480,56,3,2111.99,0.022
19704,9481,34,1,690.42,0.0279
19705,537,81,5,778.27,0.0564
19706,1640,161,4,2485.0,0.0361
19707,2072,23,4,1204.4,0.0996
19708,3656,136,2,1349.17,0.1226
19709,3199,161,5,161.49,0.1017
19710,5294,64,2,1277.19,0.1225
19711,2066,124,2,1073.17,0.2604
19712,5571,19,1,2177.31,0.2483
19713,5743,140,4,1314.36,0.2888
19714,474,4,3,2174.94,0.2363
19715,5627,191,1,1890.71,0.2526
19716,4006,172,1,46.36,0.2082
19717,2044,120,3,2433.0,0.0523
19718,7919,119,5,196.96,0.281
19719,6894,149,3,101.96,0.0628
19720,5931,12,3,785.64,0.2033
19721,4320,199,3,1069.21,0.0689
19722,6344,146,3,569.89,0.0269
19723,133,39,4,1250.53,0.0588
19724,2896,75,4,2420.31,0.0696
19725,231,33,1,1395.31,0.1141
19726,705,200,1,292.74,0.0208
19727,9093,167,5,2281.03,0.1757
19728,9539,159,3,288.38,0.2397
19729,9185,27,5,1151.86,0.2293
19730,9651,115,5,1162.4,0.2512
19731,9970,169,5,1824.59,0.2938
19732,8875,27,5,1704.04,0.2987
19733,9723,10,4,1546.94,0.1231
19734,2851,151,3,1596.82,0.1506
19735,825,33,1,1904.83,0.1495
19736,1845,154,2,443.04,0.1926
19737,2846,159,4,2441.26,0.0737
19738,4475,155,5,1370.89,0.2318
19739,764,13,2,1807.94,0.038
19740,2769,176,3,1453.54,0.2854
19741,6349,183,3,2190.41,0.0374
19742,4454,58,5,1474.29,0.2228
19743,2297,47,4,252.63,0.1192
19744,5001,98,2,2186.18,0.1902
19745,1173,47,5,269.33,0.0943
19746,6757,199,2,1311.21,0.0359
19747,2991,44,4,516.55,0.2814
19748,6655,133,1,315.61,0.153
19749,8970,102,2,318.78,0.0902
19750,7966,6,3,2166.71,0.1873
19751,8926,90,2,874.32,0.0774
19752,5979,147,2,892.15,0.0121
19753,5891,9,3,1717.85,0.2381
19754,3683,77,3,2081.89,0.2988
19755,6708,35,2,2051.31,0.2869
19756,9596,111,2,1624.54,0.2639
19757,7378,162,2,1798.68,0.2242
19758,8024,191,4,1545.35,0.0486
19759,8657,27,3,2082.13,0.0467
19760,8954,46,5,871.39,0.0449
19761,4753,173,3,606.52,0.1379
19762,7476,140,4,503.68,0.1428
19763,1713,39,2,1514.93,0.1733
19764,6995,130,2,604.13,0.068
19765,2119,175,4,337.97,0.0119
19766,1916,100,1,2411.77,0.0302
19767,1314,128,4,954.44,0.0208
19768,9886,53,2,2236.82,0.2378
19769,2666,82,3,1765.48,0.0404
19770,9727,6,3,880.89,0.2251
19771,541,184,3,368.14,0.0321
19772,3248,22,1,2106.29,0.1488
19773,392,121,5,2230.61,0.0864
19774,338,139,5,469.09,0.1954
19775,6202,103,2,1576.77,0.0438
19776,7776,40,3,1413.75,0.1766
19777,8465,42,3,2321.93,0.1715
19778,7505,7,3,1624.43,0.1209
19779,3599,71,3,687.66,0.1447
19780,6868,31,4,1793.45,0.0441
19781,9575,56,2,1327.07,0.2432
19782,7051,70,4,878.02,0.1814
19783,9555,90,1,1525.06,0.0358
19784,4960,164,2,2406.32,0.2753
19785,2886,164,3,2046.32,0.1868
19786,3561,131,3,1859.92,0.0517
19787,6521,185,4,204.73,0.0673
19788,5808,108,5,315.3,0.0612
19789,7437,159,4,1536.58,0.0676
19790,6298,192,5,93.8,0.0629
19791,4378,158,2,1611.8,0.2238
19792,9614,171,2,765.3,0.1774
19793,3206,168,2,414.96,0.07
19794,1251,134,1,129.75,0.2796
19795,7464,153,2,540.65,0.0035
19796,1164,94,4,1744.33,0.2057
19797,8191,26,4,1132.01,0.163
19798,2040,67,5,96.43,0.1594
19799,7377,150,2,186.68,0.1654
19800,7250,170,5,1465.38,0.146
19801,1784,173,4,2095.53,0.2839
19802,9571,114,3,1496.26,0.1856
19803,4745,7,2,972.01,0.1378
19804,9147,37,1,1099.6,0.258
19805,3494,112,1,1008.88,0.2669
19806,6123,91,3,2243.67,0.2323
19807,5978,28,5,394.47,0.1721
19808,6737,108,5,963.34,0.0128
19809,4952,63,5,781.06,0.273
19810,7648,120,2,1479.15,0.2453
19811,3899,123,5,1734.85,0.2801
19812,6035,61,1,1300.72,0.0404
19813,6811,178,1,2478.78,0.2883
19814,5401,126,1,646.7,0.2897
19815,3797,134,5,61.01,0.136
19816,1364,64,2,1812.83,0.0223
19817,7575,89,1,623.33,0.1866
19818,7743,116,4,2427.07,0.1879
19819,392,29,1,2011.98,0.1592
19820,4197,31,2,1570.89,0.0984
19821,7134,6,1,1765.34,0.0215
19822,1855,191,3,2002.22,0.1687
19823,3487,162,3,1715.77,0.0943
19824,6249,152,3,795.5,0.0299
19825,8402,186,1,1273.25,0.0571
19826,8794,122,2,795.86,0.2372
19827,5464,59,5,1761.22,0.2419
19828,2949,75,2,35.71,0.2303
19829,4597,24,4,973.22,0.0227
19830,6859,190,4,409.02,0.0332
19831,6708,2,2,2374.22,0.07
19832,9921,50,1,1802.35,0.2938
19833,3212,80,3,1266.06,0.0825
19834,5015,87,3,616.75,0.2804
19835,308,35,5,62.79,0.1978
19836,2924,121,1,1892.97,0.0082
19837,8665,43,5,1248.34,0.1462
19838,1471,86,2,237.47,0.2508
19839,76,35,5,1444.02,0.0191
19840,643,134,4,114.43,0.183
19841,5850,184,5,1091.49,0.0961
19842,2639,87,3,1107.91,0.0601
19843,7007,23,4,2161.18,0.1585
19844,2539,158,3,2468.58,0.2388
19845,8444,101,2,372.87,0.2336
19846,9941,170,5,1759.64,0.0523
19847,8567,148,5,2181.14,0.1045
19848,3413,139,5,1083.77,0.1045
19849,5239,88,1,826.59,0.2473
19850,9200,185,1,64.72,0.1489
19851,153,155,4,1415.19,0.1126
19852,9740,181,3,463.44,0.2415
19853,7890,7,2,199.68,0.2673
19854,3146,176,1,25.14,0.0971
19855,8902,85,3,2403.03,0.2956
19856,7865,79,5,2147.2,0.1607
19857,1181,72,5,2406.23,0.0186
19858,1245,85,3,2355.21,0.1097
19859,174,72,5,1568.82,0.1633
19860,7689,92,1,1521.3,0.2479
19861,4860,111,2,2120.07,0.2128
19862,6688,108,1,2367.21,0.0599
19863,2544,165,5,1479.6,0.1271
19864,3213,117,2,312.94,0.0295
19865,5998,169,5,342.03,0.2632
19866,181,154,2,1654.91,0.0011
19867,6987,76,4,215.73,0.0782
19868,2428,191,5,1535.04,0.2287
19869,6132,98,4,2410.28,0.0066
19870,5492,95,1,23.21,0.2163
19871,3485,127,1,476.58,0.1963
19872,6835,3,1,2362.2,0.1336
19873,6604,90,5,1229.8,0.0424
19874,5297,57,3,727.77,0.0928
19875,9055,54,4,633.31,0.0597
19876,8662,198,4,2161.82,0.0018
19877,7147,58,4,1082.47,0.1103
19878,1804,148,5,1594.64,0.2707
19879,1827,179,4,785.18,0.1439
19880,6513,168,4,1369.35,0.1802
19881,6630,145,4,1993.12,0.2824
19882,4653,169,5,856.34,0.1353
19883,970,65,5,1003.64,0.175
19884,9460,13,3,1116.6,0.0277
19885,4223,192,4,1503.33,0.0401
19886,5232,85,3,771.05,0.1752
19887,1466,180,4,1122.61,0.0143
19888,6415,12,4,1376.45,0.0107
19889,663,64,1,896.2,0.0314
19890,5527,172,1,32.5,0.07
19891,5973,12,3,685.68,0.0293
19892,3994,26,5,2042.61,0.0769
19893,1261,42,3,719.4,0.2216
19894,4258,104,1,2058.52,0.1247
19895,1405,156,2,1031.37,0.1992
19896,9001,172,5,2167.69,0.2294
19897,3533,48,2,947.91,0.0984
19898,9497,178,5,741.59,0.2682
19899,7094,11,1,605.45,0.2585
19900,8161,99,2,767.15,0.124
19901,5261,36,2,507.83,0.2476
19902,1078,157,4,1880.1,0.1011
19903,9755,40,2,2454.86,0.217
19904,8676,145,4,1002.1,0.2913
19905,171,37,1,843.08,0.0935
19906,6520,112,2,1599.37,0.1718
19907,5357,177,4,1084.68,0.1081
19908,1691,72,2,134.48,0.1492
19909,9715,181,1,870.72,0.0653
19910,3091,108,2,2003.4,0.1285
19911,4161,111,2,185.65,0.1934
19912,2284,69,3,657.82,0.1034
19913,666,151,3,2437.49,0.0867
19914,289,54,4,718.5,0.0993
19915,422,138,2,2131.02,0.0937
19916,1029,47,2,2249.37,0.0481
19917,5257,79,2,1709.34,0.2719
19918,3469,155,2,1193.86,0.2867
19919,8942,32,3,2389.48,0.0794
19920,2984,56,2,2409.3,0.185
19921,5184,179,4,1595.97,0.0945
19922,4800,109,2,1867.61,0.174
19923,2589,174,3,2203.45,0.088
19924,1801,35,4,281.29,0.0182
19925,9941,88,3,1419.49,0.0449
19926,8952,159,4,2160.94,0.157
19927,218,115,4,2284.15,0.0748
19928,1998,35,2,2499.11,0.1451
19929,9767,104,5,1836.21,0.273
19930,1757,190,3,534.77,0.0123
19931,5687,164,4,1591.29,0.2446
19932,1784,76,4,2473.96,0.1461
19933,8500,188,3,1475.16,0.0463
19934,3096,80,3,973.34,0.0696
19935,3443,49,1,689.29,0.2973
19936,5698,69,3,882.42,0.1043
19937,9922,111,5,1844.03,0.0194
19938,9335,197,5,537.9,0.1757
19939,62,20,5,1607.55,0.0577
19940,9213,176,1,1572.87,0.2695
19941,9616,166,1,671.23,0.1064
19942,8744,128,1,1268.11,0.1855
19943,7386,183,4,2168.13,0.2555
19944,3008,96,2,1991.3,0.2952
19945,8759,104,1,1471.58,0.2875
19946,4943,11,2,1673.09,0.0337
19947,1008,75,2,102.07,0.1013
19948,7257,177,2,236.82,0.1929
19949,7421,12,5,946.35,0.0373
19950,5503,174,1,968.43,0.1148
19951,1637,31,3,755.22,0.2851
19952,8753,40,3,1631.73,0.0572
19953,362,94,5,1523.35,0.1491
19954,2820,84,4,1716.09,0.0149
19955,7555,27,4,589.06,0.192
19956,3312,153,1,21.73,0.178
19957,1849,178,3,2418.54,0.2506
19958,5435,98,2,1934.85,0.2616
19959,2672,35,1,1150.64,0.0637
19960,9451,171,4,123.74,0.2578
19961,8054,180,1,509.83,0.294
19962,6418,133,3,146.6,0.2654
19963,9365,39,2,1200.84,0.2591
19964,2616,191,2,554.66,0.1716
19965,8884,72,4,1353.33,0.1965
19966,1918,147,4,169.14,0.2365
19967,1928,107,5,1781.41,0.0535
19968,3142,146,3,265.23,0.2932
19969,8178,118,4,783.99,0.0894
19970,1832,79,3,1618.3,0.1544
19971,7508,79,5,282.36,0.1645
19972,7409,124,1,2446.67,0.251
19973,7069,29,5,490.2,0.1397
19974,2757,17,3,104.73,0.1243
19975,4259,15,4,1676.36,0.1061
19976,3155,168,5,963.12,0.2653
19977,5735,75,2,2418.86,0.2555
19978,3233,3,3,231.93,0.1287
19979,5987,166,4,897.27,0.1247
19980,5994,137,1,1489.46,0.0568
19981,4336,119,4,1367.57,0.151
19982,1966,125,3,1227.9,0.1019
19983,9928,176,2,968.92,0.1218
19984,671,57,4,2089.25,0.0587
19985,3275,177,4,358.12,0.1846
19986,1221,130,3,1261.08,0.1308
19987,9258,161,3,1437.53,0.2719
19988,6358,16,2,2213.61,0.1279
19989,8445,5,4,716.93,0.2365
19990,4113,181,2,695.34,0.1784
19991,3732,63,3,2027.55,0.2696
19992,4075,56,2,703.01,0.258
19993,8308,160,3,148.89,0.2592
19994,6012,143,1,1312.97,0.2935
19995,1228,189,2,1901.21,0.0325
19996,693,12,4,396.39,0.0832
19997,812,145,4,1908.64,0.0
19998,2036,138,4,895.97,0.2419
19999,151,90,4,2372.03,0.209
20000,2294,172,1,231.25,0.2792
20001,9274,156,4,798.51,0.2124
20002,8699,20,2,537.2,0.0177
20003,3768,81,3,2243.76,0.0651
20004,9308,180,3,708.89,0.0278
20005,7781,136,3,675.1,0.0049
20006,9822,114,3,1766.16,0.0816
20007,1965,117,2,2373.49,0.1738
20008,6045,104,4,1481.72,0.2613
20009,7566,110,5,2355.65,0.1991
20010,4142,27,4,1650.2,0.0554
20011,8347,39,5,504.88,0.1443
20012,4607,107,1,1865.22,0.0688
20013,5546,89,3,751.66,0.1789
20014,30,63,1,782.39,0.18
20015,721,75,3,2024.87,0.1066
20016,9539,38,5,658.03,0.05
20017,3288,73,3,843.14,0.2152
20018,3804,107,3,2468.18,0.0898
20019,6179,179,4,437.55,0.2786
20020,2053,80,4,1585.82,0.1181
20021,5126,135,4,995.6,0.0023
20022,1271,161,1,809.52,0.162
20023,1117,77,2,345.56,0.1532
20024,1815,175,5,1338.34,0.106
20025,6125,35,1,1431.2,0.0389
20026,4411,68,4,1724.48,0.2035
20027,3262,63,4,1973.14,0.0897
20028,8037,95,2,1040.58,0.0135
20029,4640,94,1,1353.44,0.2744
20030,6913,131,4,176.99,0.0483
20031,2481,41,3,1051.78,0.0449
20032,5356,91,5,342.89,0.0437
20033,9756,160,1,16.8,0.0724
20034,3271,175,3,163.48,0.0697
20035,3493,166,1,76.41,0.0416
20036,9757,122,1,989.82,0.2291
20037,6256,6,4,970.09,0.2169
20038,5228,121,2,509.48,0.0119
20039,4531,190,3,1171.01,0.0372
20040,7636,8,4,212.62,0.2381
20041,1897,54,5,740.23,0.1596
20042,2237,88,4,127.93,0.0629
20043,5685,153,1,31.66,0.237
20044,7867,155,3,1473.78,0.2226
20045,2055,13,5,1797.45,0.218
20046,3539,133,4,657.61,0.0254
20047,1100,71,1,1736.47,0.226
20048,2628,58,5,1575.22,0.1202
20049,7687,197,1,1942.13,0.0649
20050,8923,156,4,525.48,0.1385
20051,6284,37,4,1209.82,0.0895
20052,4563,165,1,539.05,0.2615
20053,1844,123,3,2178.59,0.1549
20054,1233,135,3,1618.96,0.2093
20055,82,174,2,226.87,0.0257
20056,6915,90,4,924.15,0.0947
20057,4192,186,3,110.31,0.2055
20058,9288,83,1,2462.17,0.0841
20059,5172,74,3,2060.94,0.1725
20060,4560,184,5,892.06,0.0835
20061,5381,106,5,970.04,0.0763
20062,9019,110,1,933.12,0.0657
20063,1817,95,1,1648.98,0.0687
20064,2062,110,4,880.17,0.2242
20065,717,6,5,542.8,0.0106
20066,564,88,3,681.03,0.0745
20067,2329,30,2,1992.06,0.2728
20068,9426,9,1,270.73,0.0967
20069,1317,65,5,1083.78,0.1138
20070,2758,50,1,998.52,0.2367
20071,9625,143,3,1399.02,0.2115
20072,1428,58,3,165.79,0.0078
20073,5689,134,5,98.38,0.0319
20074,7349,71,4,1741.15,0.1288
20075,2385,46,4,1314.98,0.1499
20076,8416,91,2,316.32,0.0498
20077,8509,138,3,972.0,0.0749
20078,8001,96,1,1317.04,0.2347
20079,293,172,3,892.77,0.1166
20080,1535,37,5,298.19,0.2374
20081,9744,54,2,388.98,0.224
20082,1392,102,4,624.67,0.1119
20083,1021,39,4,18.04,0.252
20084,6148,60,3,1825.86,0.185
20085,620,41,4,1721.15,0.0087
20086,9489,48,1,2204.8,0.0588
20087,5098,78,2,299.39,0.0619
20088,3754,2,3,1544.93,0.0028
20089,2658,152,2,1809.13,0.2095
20090,9873,10,2,1523.78,0.2157
20091,8869,170,3,899.05,0.245
20092,5378,134,4,825.33,0.1454
20093,7800,131,2,358.81,0.0998
20094,5514,190,5,2428.98,0.2005
20095,783,162,5,290.81,0.2258
20096,8506,74,4,1710.9,0.2331
20097,6574,166,5,2215.29,0.1559
20098,1717,182,2,2251.91,0.0784
20099,8446,85,5,2312.06,0.0275
20100,2872,25,1,1654.61,0.1497
20101,1699,194,5,339.22,0.0982
20102,8356,36,1,1307.13,0.2789
20103,8165,65,5,1104.35,0.2946
20104,3402,172,2,1684.2,0.0059
20105,6649,164,5,1154.46,0.2765
20106,8541,172,5,2058.11,0.1496
20107,930,88,5,1038.88,0.2126
20108,4632,35,2,1888.11,0.0542
20109,2229,188,4,2379.45,0.2617
20110,6683,86,4,1821.33,0.0447
20111,5577,110,1,1910.67,0.2223
20112,7242,175,5,1781.59,0.2258
20113,9871,144,2,2103.65,0.0098
20114,1027,127,3,739.91,0.1763
20115,6940,164,1,2480.37,0.1931
20116,7591,187,3,1992.64,0.2304
20117,4638,189,2,1898.4,0.1985
20118,9785,69,5,237.44,0.0158
20119,791,174,4,842.79,0.144
20120,9630,91,5,644.74,0.2468
20121,8592,142,2,293.15,0.18
20122,2468,101,2,2286.26,0.0457
20123,9502,20,1,1531.06,0.051
20124,5477,28,1,2243.91,0.0939
20125,1104,115,2,1337.95,0.1533
20126,4864,128,2,2278.21,0.0989
20127,860,6,2,2316.39,0.0576
20128,6548,22,1,1636.29,0.1832
20129,1486,87,1,1259.95,0.2461
20130,5229,136,2,565.75,0.184
20131,5925,129,3,2286.52,0.0446
20132,8659,71,5,1952.5,0.0126
20133,3281,120,3,848.73,0.1774
20134,4286,189,1,1673.34,0.2936
20135,7105,125,1,1533.59,0.0568
20136,5725,61,3,282.34,0.1825
20137,9688,76,3,2328.84,0.1415
20138,2131,167,4,29.73,0.2502
20139,6858,81,3,2072.91,0.0178
20140,9508,50,3,1285.9,0.1313
20141,1184,80,4,2066.96,0.09
20142,5427,196,5,1395.87,0.0732
20143,5492,9,3,395.83,0.2221
20144,6587,9,3,1192.12,0.0611
20145,767,76,1,2198.88,0.1089
20146,6935,162,5,585.49,0.2676
20147,5776,151,3,312.6,0.2309
20148,3650,9,3,1045.0,0.2032
20149,7016,116,3,2030.34,0.1101
20150,3910,178,2,1768.26,0.1982
20151,6858,58,2,2491.92,0.048
20152,5090,121,5,2202.52,0.1865
20153,7870,43,1,440.87,0.0655
20154,6558,130,5,1973.04,0.0497
20155,420,194,4,1799.54,0.2209
20156,262,29,3,500.7,0.245
20157,903,173,5,1954.13,0.2535
20158,7227,185,3,617.88,0.021
20159,915,150,5,1146.93,0.0391
20160,50,171,4,704.32,0.2702
20161,7922,59,3,1136.35,0.1168
20162,2010,111,2,765.37,0.218
20163,632,134,3,1652.95,0.1012
20164,1574,185,2,2008.24,0.0628
20165,7911,156,1,61.25,0.2844
20166,7569,129,2,1015.4,0.0647
20167,8915,151,5,376.44,0.1865
20168,2311,136,3,63.13,0.1008
20169,8401,189,3,2458.16,0.2781
20170,889,72,5,1689.25,0.2446
20171,6451,1,3,1138.97,0.0781
20172,8295,11,4,1086.04,0.1232
20173,7660,8,3,2104.58,0.162
20174,6753,51,3,1433.3,0.0121
20175,6923,31,1,1876.29,0.093
20176,4448,110,3,2302.25,0.1977
20177,2140,164,3,2210.66,0.0199
20178,8063,200,4,251.03,0.0914
20179,5136,91,2,1222.66,0.1971
20180,8030,29,2,1589.22,0.0703
20181,1977,128,3,1166.12,0.0684
20182,1869,82,2,736.1,0.0604
20183,2066,164,1,2292.37,0.2405
20184,8007,38,1,2248.09,0.2306
20185,1916,78,2,2107.0,0.2172
20186,8369,13,1,2334.46,0.2466
20187,3723,168,3,1861.43,0.0391
20188,8633,52,2,983.67,0.2029
20189,6865,24,4,1251.75,0.1465
20190,2579,189,3,2062.66,0.0928
20191,5190,78,3,2277.76,0.1136
20192,7122,72,3,1681.09,0.1522
20193,2869,140,2,1459.14,0.1229
20194,8714,52,4,2233.54,0.0451
20195,1281,95,4,1878.78,0.172
20196,5377,100,4,2284.38,0.014
20197,6703,132,2,2209.21,0.0705
20198,3302,139,1,832.07,0.2306
20199,2715,184,3,340.4,0.0881
20200,7386,7,3,1759.87,0.2815
20201,5002,55,1,2335.43,0.2513
20202,6062,126,2,2275.07,0.1151
20203,6536,76,4,2301.18,0.2698
20204,9185,191,2,2179.63,0.0511
20205,9150,133,1,1104.28,0.0595
20206,9117,131,5,2342.34,0.2514
20207,8245,64,5,1598.25,0.2471
20208,3042,140,1,2078.36,0.2242
20209,7643,161,1,758.27,0.2369
20210,6131,168,4,1257.54,0.1686
20211,1585,169,3,306.94,0.0231
20212,7792,131,4,398.16,0.2683
20213,3269,154,3,2021.01,0.0394
20214,8874,38,4,2360.67,0.0514
20215,8822,34,2,1326.25,0.2378
20216,3147,195,3,1222.2,0.0154
20217,1857,78,4,2356.37,0.1473
20218,4301,110,1,2080.56,0.0802
20219,5716,142,4,468.99,0.1019
20220,2594,81,2,118.98,0.1165
20221,5473,79,1,2376.24,0.0522
20222,2574,140,3,1357.8,0.2415
20223,9548,39,1,1621.25,0.0857
20224,2817,108,4,1334.28,0.1226
20225,776,94,2,1850.48,0.0226
20226,4498,62,4,2245.4,0.0293
20227,4736,177,4,2484.56,0.1789
20228,735,59,5,918.65,0.1271
20229,2115,51,2,1305.94,0.1468
20230,1174,199,1,2210.52,0.1797
20231,9429,35,5,1097.65,0.256
20232,9765,179,1,907.09,0.0709
20233,9717,116,1,2422.82,0.013
20234,6947,31,3,1833.82,0.149
20235,9599,40,3,1274.88,0.1709
20236,5668,165,2,1992.85,0.0131
20237,1242,142,2,807.7,0.0395
20238,3841,186,4,1479.2,0.2629
20239,5296,124,2,1781.17,0.004
20240,5850,28,2,1794.15,0.239
20241,2536,12,3,501.56,0.21
20242,9186,105,5,2486.92,0.2863
20243,8539,70,3,1888.6,0.0684
20244,4590,68,2,1861.39,0.0653
20245,9703,97,4,1470.93,0.1603
20246,6221,56,4,866.9,0.1453
20247,1959,5,4,1229.28,0.1973
20248,9168,137,3,1073.24,0.2059
20249,2051,62,4,299.66,0.0167
20250,2586,103,2,2313.04,0.1783
20251,7621,82,3,1276.5,0.2053
20252,3,124,2,122.15,0.1218
20253,5944,34,5,1057.39,0.2678
20254,2844,168,2,1060.15,0.1376
20255,2287,101,5,230.26,0.2324
20256,1268,101,5,501.64,0.0291
20257,2475,124,1,208.25,0.2827
20258,8734,118,1,413.37,0.1454
20259,1426,39,2,299.48,0.0566
20260,5637,108,5,2257.35,0.0322
20261,731,13,3,1943.33,0.1491
20262,8334,132,3,2184.07,0.0575
20263,2814,9,4,359.29,0.0713
20264,5193,200,4,1678.19,0.015
20265,964,134,3,2255.78,0.2774
20266,8885,33,1,2384.01,0.1188
20267,7897,198,5,159.96,0.2412
20268,2463,48,2,957.07,0.2397
20269,3387,81,3,918.18,0.2265
20270,6880,165,3,479.92,0.2429
20271,2498,150,1,398.59,0.0071
20272,2804,178,4,936.92,0.214
20273,1218,19,5,1783.84,0.2384
20274,526,28,2,1830.67,0.1154
20275,7567,119,1,1449.45,0.1546
20276,281,117,4,1968.0,0.2458
20277,5578,192,2,1763.98,0.2773
20278,3420,186,2,1991.93,0.1258
20279,3824,107,1,2437.47,0.0995
20280,1722,153,2,1455.04,0.0581
20281,6522,108,4,1919.66,0.0682
20282,1784,72,3,2085.81,0.0953
20283,8693,109,4,2283.63,0.0083
20284,84,186,1,1369.91,0.2492
20285,5162,160,2,2298.47,0.2603
20286,8226,175,3,1354.37,0.0319
20287,9390,75,5,1737.26,0.2474
20288,3800,166,4,880.09,0.1857
20289,3445,146,5,2462.78,0.0874
20290,6967,27,1,555.2,0.0528
20291,4053,102,1,656.17,0.2555
20292,4056,37,5,640.49,0.2562
20293,5253,42,3,1061.18,0.1512
20294,3033,36,2,1923.58,0.2856
20295,5163,105,5,2460.76,0.1745
20296,4200,162,3,1549.85,0.1419
20297,3758,143,2,1549.64,0.0555
20298,6305,61,5,1326.23,0.0477
20299,9029,77,5,2256.5,0.0671
20300,3855,155,1,839.4,0.2725
20301,9770,147,1,486.84,0.0704
20302,7055,100,4,583.71,0.2722
20303,6081,77,2,2152.11,0.227
20304,6847,135,2,436.65,0.1547
20305,3128,189,2,1256.35,0.1161
20306,6946,1,3,814.45,0.0615
20307,5314,149,5,470.59,0.1934
20308,7633,16,4,1436.86,0.292
20309,1910,177,2,2140.08,0.266
20310,8261,157,4,809.25,0.0876
20311,9870,83,3,312.58,0.2954
20312,1228,91,1,1563.13,0.2395
20313,8004,175,4,1853.31,0.2025
20314,3259,129,5,1404.27,0.0313
20315,4298,91,3,306.93,0.2366
20316,423,142,3,26.62,0.0324
20317,7326,75,4,229.29,0.1495
20318,9519,87,2,2307.89,0.2341
20319,1150,47,3,1450.2,0.0378
20320,4013,188,1,941.49,0.2692
20321,7150,84,3,469.91,0.2745
20322,8505,117,5,1751.95,0.1882
20323,7044,26,1,1914.25,0.2167
20324,7055,18,4,2021.71,0.1274
20325,621,164,2,60.72,0.107
20326,594,181,1,1928.34,0.2335
20327,4540,196,4,412.18,0.0481
20328,612,83,1,1994.68,0.1696
20329,8819,62,2,390.44,0.1504
20330,9619,197,5,623.59,0.2235
20331,7887,194,3,1948.03,0.2546
20332,7724,138,3,1578.36,0.1934
20333,502,186,2,101.53,0.2799
20334,9366,49,2,426.83,0.1302
20335,1928,107,1,589.01,0.2529
20336,9541,183,3,2110.48,0.0565
20337,3708,43,3,1540.85,0.0012
20338,3361,75,2,473.1,0.1891
20339,8076,51,4,649.32,0.0534
20340,7887,150,4,1145.44,0.2933
20341,2876,43,5,223.11,0.0191
20342,1578,8,2,1041.35,0.1677
20343,4298,126,5,1986.29,0.2609
20344,6716,3,2,997.75,0.1773
20345,3434,169,2,1967.68,0.1464
20346,2425,53,2,1567.11,0.1503
20347,6209,168,3,1019.84,0.0466
20348,534,186,3,2234.98,0.1301
20349,7616,146,5,1112.11,0.2807
20350,3455,50,1,1841.06,0.0105
20351,5144,11,1,2001.71,0.1953
20352,3873,194,1,2291.08,0.1947
20353,6917,150,5,704.8,0.2777
20354,1506,105,5,514.8,0.0343
20355,9534,63,2,1128.54,0.2097
20356,1759,115,5,2189.89,0.2524
20357,1945,136,3,833.76,0.0332
20358,5570,83,5,694.27,0.0822
20359,1556,73,4,103.57,0.1697
20360,6776,69,2,1755.77,0.0022
20361,1603,72,3,1753.98,0.0305
20362,9914,113,1,2088.5,0.0145
20363,2554,15,4,1247.17,0.0008
20364,4521,143,5,2227.66,0.1737
20365,8768,105,4,228.72,0.1555
20366,870,7,1,1414.22,0.1422
20367,1326,110,2,1199.93,0.2914
20368,6588,154,2,2245.39,0.1654
20369,2792,65,2,2272.1,0.2853
20370,9402,179,4,2441.39,0.18
20371,4248,90,3,890.33,0.191
20372,6051,154,5,958.56,0.0332
20373,3607,126,1,493.89,0.1263
20374,3964,92,4,1860.7,0.253
20375,5334,9,1,2085.54,0.2541
20376,3728,154,4,2132.64,0.2499
20377,8134,115,5,2476.16,0.1875
20378,5607,5,4,1411.74,0.1379
20379,7866,110,2,547.73,0.2116
20380,3839,18,4,1508.97,0.1069
20381,9535,53,4,916.06,0.0924
20382,9882,151,5,844.47,0.2347
20383,9097,197,2,1755.5,0.096
20384,4720,61,5,519.63,0.0497
20385,536,91,1,1369.25,0.2927
20386,687,162,4,365.6,0.1553
20387,3773,78,5,2228.83,0.0847
20388,6757,175,3,235.43,0.1346
20389,8930,198,3,2331.01,0.0482
20390,1181,27,3,2499.06,0.0864
20391,2914,130,5,600.08,0.1327
20392,788,9,4,245.48,0.0572
20393,773,54,3,93.64,0.2079
20394,8428,133,2,377.07,0.0419
20395,4574,3,3,2289.31,0.2601
20396,7547,90,3,1829.14,0.2108
20397,690,142,4,243.9,0.1587
20398,7956,9,3,2404.08,0.2477
20399,5589,177,3,1642.57,0.0162
20400,5268,58,4,2325.29,0.2065
20401,8966,110,3,1787.78,0.0559
20402,8343,78,5,948.37,0.0858
20403,9693,138,2,182.52,0.1195
20404,3234,125,5,55.73,0.1585
20405,9819,135,3,1530.28,0.2271
20406,9658,141,2,1264.3,0.0649
20407,8318,35,1,1456.03,0.173
20408,4020,189,2,2410.12,0.0802
20409,4212,95,4,2260.0,0.0458
20410,5987,38,2,901.87,0.2742
20411,2588,165,5,806.41,0.1409
20412,3209,70,4,720.87,0.0575
20413,7646,8,5,2352.41,0.2474
20414,3473,69,5,2271.98,0.0956
20415,5500,74,1,2343.41,0.039
20416,4129,23,3,590.93,0.0184
20417,6973,129,1,1182.54,0.1003
20418,5085,13,3,897.36,0.2548
20419,6949,101,5,817.32,0.1295
20420,2061,154,2,254.62,0.0522
20421,7464,83,3,2103.26,0.0892
20422,3326,90,1,753.35,0.0361
20423,4455,188,4,887.8,0.2037
20424,823,112,1,1520.75,0.0532
20425,2062,50,5,2316.48,0.1331
20426,8352,179,5,1814.55,0.0105
20427,907,121,1,1612.65,0.1965
20428,2787,57,1,252.81,0.09
20429,9893,194,4,1564.8,0.0542
20430,6942,191,3,676.67,0.2106
20431,4429,41,5,1604.02,0.1399
20432,1574,76,3,828.59,0.208
20433,3251,35,5,205.47,0.135
20434,1342,181,5,2113.85,0.0488
20435,4705,77,1,1393.49,0.1765
20436,2078,193,1,713.66,0.2661
20437,4530,33,2,902.9,0.2374
20438,1031,181,1,1550.56,0.1225
20439,1831,4,2,1703.47,0.253
20440,5565,120,5,1224.74,0.0102
20441,784,2,4,1321.6,0.2303
20442,8907,8,3,279.91,0.2094
20443,5029,80,3,380.14,0.2171
20444,7477,22,4,537.08,0.0414
20445,8782,73,4,1332.84,0.0025
20446,2711,123,1,1058.28,0.0943
20447,5498,199,5,1433.75,0.0926
20448,8379,125,3,444.52,0.1775
20449,7519,30,4,2420.51,0.0986
20450,9244,75,5,1543.74,0.0525
20451,490,171,3,333.26,0.2864
20452,7166,183,5,935.09,0.1968
20453,9560,15,2,2450.81,0.0977
20454,4787,71,3,2416.43,0.1746
20455,1746,61,2,189.23,0.1655
20456,7881,67,5,2079.79,0.2409
20457,6259,151,1,1610.19,0.2243
20458,4899,27,4,474.9,0.0635
20459,9355,94,2,2085.64,0.1479
20460,5175,176,1,1604.55,0.1077
20461,8786,189,3,296.43,0.0598
20462,2586,16,4,2122.17,0.2474
20463,559,142,5,1901.54,0.013
20464,8702,180,4,33.19,0.0691
20465,3569,86,1,647.41,0.2532
20466,3610,114,1,684.46,0.2122
20467,313,148,3,1156.65,0.1304
20468,7377,10,5,587.45,0.071
20469,3192,58,3,2071.87,0.1014
20470,3663,29,5,1759.09,0.2163
20471,1968,132,3,89.89,0.2141
20472,7209,133,4,1771.82,0.0972
20473,6133,38,5,2378.98,0.2414
20474,1792,68,5,1242.45,0.2235
20475,8024,118,5,467.49,0.1223
20476,4050,12,3,2202.79,0.2255
20477,1610,52,3,1653.67,0.0268
20478,4612,95,3,1078.59,0.1194
20479,5055,75,1,1039.21,0.2179
20480,6095,75,4,716.04,0.0973
20481,9738,71,3,279.07,0.0287
20482,9827,120,4,2182.24,0.049
20483,8224,66,2,2458.2,0.1791
20484,2633,65,3,2365.79,0.2979
20485,2463,89,5,435.62,0.2797
20486,6377,73,5,1056.2,0.1144
20487,4495,46,2,740.32,0.0569
20488,7346,116,3,867.43,0.2184
20489,6659,100,5,817.95,0.257
20490,104,93,5,2324.6,0.2643
20491,6179,10,2,2368.19,0.0778
20492,627,91,5,115.6,0.1559
20493,6454,19,4,1346.99,0.0444
20494,6906,83,4,1659.78,0.0007
20495,9626,117,1,625.83,0.0386
20496,3294,117,1,167.38,0.2468
20497,7522,20,3,201.54,0.1488
20498,5923,157,1,1848.49,0.0772
20499,7906,117,5,922.35,0.2978
20500,6384,195,5,1416.95,0.0977
20501,3697,22,3,801.87,0.1599
20502,379,184,1,2040.27,0.1783
20503,3216,23,1,247.1,0.0571
20504,4339,168,5,53.09,0.0576
20505,3921,119,4,1111.55,0.2868
20506,69,175,1,1017.86,0.1483
20507,716,117,2,56.51,0.0915
20508,2966,191,5,2075.29,0.0453
20509,3642,86,3,1352.37,0.0121
20510,6951,166,1,2103.89,0.2826
20511,1444,137,4,1152.3,0.07
20512,4870,100,5,1554.77,0.1382
20513,4784,178,1,84.25,0.011
20514,8262,189,4,1962.36,0.2386
20515,5687,96,4,170.68,0.0848
20516,9566,96,5,692.68,0.2872
20517,6205,126,1,1181.72,0.2449
20518,3326,61,3,640.55,0.2547
20519,2387,151,1,161.47,0.0616
20520,7006,26,2,1766.39,0.0573
20521,6105,118,3,996.41,0.1832
20522,3978,3,5,1853.46,0.0364
20523,2352,194,2,609.19,0.2881
20524,2667,164,2,1190.13,0.0287
20525,7320,73,1,896.3,0.2104
20526,5496,123,4,1096.38,0.0492
20527,6428,173,2,2432.56,0.1864
20528,282,199,5,1007.11,0.26
20529,8854,90,5,1294.62,0.0619
20530,8672,46,4,2399.56,0.0384
20531,6763,65,2,137.75,0.1894
20532,7076,105,4,806.82,0.0291
20533,5326,109,2,521.88,0.2606
20534,8741,105,1,1138.32,0.2658
20535,8835,163,5,310.36,0.2303
20536,9180,82,4,1159.26,0.1157
20537,7232,144,2,738.59,0.1212
20538,364,47,2,2420.59,0.0638
20539,7386,115,3,412.3,0.1938
20540,3688,93,3,1169.32,0.0227
20541,6551,21,3,1719.08,0.2267
20542,4066,137,3,1513.54,0.0593
20543,5178,8,3,838.05,0.2735
20544,3980,74,3,677.77,0.2222
20545,2313,175,5,1034.5,0.1259
20546,9542,170,2,188.91,0.0896
20547,9362,109,5,863.59,0.0739
20548,6512,139,2,1499.8,0.2072
20549,591,57,3,2471.84,0.2685
20550,5959,95,1,1585.92,0.2835
20551,7148,127,4,2367.5,0.2902
20552,7305,168,4,28.38,0.2819
20553,8876,162,5,1936.27,0.2137
20554,131,132,3,1167.94,0.0584
20555,3744,178,5,1551.32,0.1004
20556,6966,48,4,905.44,0.1153
20557,1973,135,3,745.69,0.1977
20558,6578,128,4,888.34,0.1332
20559,2155,170,2,1502.28,0.1041
20560,2074,102,4,1549.74,0.1072
20561,4009,193,2,1386.95,0.1671
20562,2687,50,1,1026.39,0.2248
20563,6522,122,3,1960.82,0.0805
20564,7816,46,4,1995.11,0.1642
20565,7192,88,4,1808.25,0.051
20566,8461,42,4,443.72,0.2996
20567,2379,92,4,931.28,0.1589
20568,7398,24,3,2277.03,0.0677
20569,3260,77,4,1174.86,0.1902
20570,4843,138,5,1312.59,0.0823
20571,5262,26,2,2054.49,0.2015
20572,3118,126,2,2347.02,0.0689
20573,8435,119,4,2341.7,0.0393
20574,4869,130,1,648.94,0.0754
20575,5871,92,5,196.03,0.17
20576,5272,91,5,1305.24,0.1369
20577,4637,198,1,1747.61,0.2253
20578,2067,189,2,1923.94,0.0761
20579,6078,186,3,1669.66,0.1975
20580,3551,51,4,235.48,0.1122
20581,3248,81,2,845.96,0.1411
20582,8413,79,3,29.81,0.2752
20583,7726,174,2,1986.26,0.2382
20584,7761,3,1,227.35,0.0749
20585,583,74,1,1508.68,0.2113
20586,7910,93,2,868.88,0.0366
20587,4421,71,2,1161.81,0.2993
20588,6779,50,3,741.66,0.2668
20589,1441,36,4,1851.33,0.2542
20590,4119,180,5,838.12,0.192
20591,2427,44,4,1793.28,0.0598
20592,9826,86,3,968.06,0.1491
20593,8381,14,3,1029.9,0.1373
20594,7812,194,2,1370.14,0.1241
20595,642,177,1,1096.24,0.1958
20596,4794,198,5,1483.76,0.2216
20597,4937,83,4,2295.86,0.0814
20598,4124,155,5,914.08,0.1986
20599,6817,198,4,1779.49,0.1093
20600,7447,2,4,2185.56,0.0052
20601,3668,77,1,218.85,0.0473
20602,6007,47,5,1401.73,0.1947
20603,2847,188,1,309.87,0.244
20604,3630,138,3,1972.47,0.0186
20605,3455,189,2,936.85,0.047
20606,1019,40,2,1286.32,0.138
20607,8749,5,2,1338.18,0.0322
20608,7775,14,3,1464.84,0.195
20609,9007,89,2,2449.27,0.0101
20610,9021,198,3,1286.72,0.0321
20611,5298,76,2,1878.9,0.2188
20612,8739,195,4,2441.91,0.2482
20613,3493,111,1,1912.55,0.077
20614,9272,151,3,2087.1,0.1375
20615,1595,193,3,125.51,0.1738
20616,1945,79,1,483.94,0.0067
20617,1556,77,4,1701.93,0.2127
20618,8880,166,1,2256.01,0.0179
20619,2959,142,3,172.07,0.0543
20620,8766,147,2,2026.62,0.22
20621,5225,137,2,478.1,0.2493
20622,911,92,4,1121.93,0.2133
20623,9208,33,3,2112.16,0.2749
20624,5291,33,3,441.23,0.2961
20625,8987,173,4,1643.44,0.2436
20626,1334,39,5,2076.2,0.1852
20627,2796,33,4,1572.5,0.0162
20628,4263,4,1,84.45,0.27
20629,6137,82,1,1643.08,0.0862
20630,7892,26,5,469.33,0.1173
20631,9216,25,1,462.04,0.1562
20632,163,103,4,987.65,0.2651
20633,2683,161,1,1935.16,0.241
20634,5182,146,4,257.11,0.151
20635,3839,120,1,1224.25,0.2636
20636,3178,157,1,2224.62,0.2556
20637,9360,136,2,1213.8,0.1034
20638,4496,177,2,789.12,0.0845
20639,3820,66,4,706.91,0.118
20640,8550,196,5,2470.61,0.2302
20641,9448,79,2,282.92,0.1883
20642,679,200,4,1038.17,0.036
20643,446,94,4,1877.69,0.0958
20644,1641,47,2,778.12,0.2631
20645,6160,121,5,2113.17,0.2797
20646,8246,167,1,1545.1,0.0405
20647,7934,105,5,1160.32,0.2923
20648,4845,192,2,2313.75,0.1882
20649,3983,140,4,946.18,0.2398
20650,8210,36,2,2414.79,0.2484
20651,772,14,2,194.55,0.0436
20652,6693,51,2,112.74,0.1862
20653,9512,183,2,218.32,0.0415
20654,1599,78,5,226.28,0.1312
20655,7236,128,3,591.73,0.1069
20656,7569,156,2,1027.38,0.2539
20657,3554,43,5,2031.28,0.0445
20658,6832,148,5,985.61,0.2554
20659,19,141,2,329.57,0.1069
20660,309,174,5,92.03,0.0183
20661,2855,173,2,1400.86,0.1993
20662,6076,81,4,589.74,0.2986
20663,7260,30,1,912.04,0.2667
20664,5581,176,5,616.25,0.2772
20665,3491,104,3,1022.64,0.1085
20666,4425,145,3,2433.1,0.0614
20667,1361,44,4,2433.18,0.2597
20668,9634,124,5,1786.88,0.0094
20669,783,83,4,602.65,0.2844
20670,7015,73,3,2137.03,0.1117
20671,1099,171,4,41.52,0.2098
20672,984,64,2,1294.01,0.1151
20673,8986,124,1,2194.22,0.1867
20674,2225,129,2,1055.38,0.1001
20675,9974,49,5,624.23,0.0951
20676,772,19,3,1570.88,0.1077
20677,7313,109,5,2048.54,0.2366
20678,8781,12,4,1678.22,0.0615
20679,714,119,1,642.94,0.1312
20680,9297,28,2,326.74,0.0912
20681,3179,109,2,695.44,0.0248
20682,2697,159,1,371.48,0.2181
20683,7263,60,1,2396.79,0.2647
20684,3171,107,4,929.55,0.0737
20685,5002,53,2,2419.32,0.1125
20686,48,181,3,1447.32,0.2654
20687,8591,11,1,1730.84,0.2658
20688,1282,140,4,2275.83,0.2147
20689,6458,58,1,2484.16,0.1409
20690,4262,118,5,2373.39,0.0464
20691,3587,47,1,1127.12,0.1789
20692,5112,93,5,1736.48,0.1153
20693,8673,63,5,980.2,0.0958
20694,4977,137,3,1581.23,0.2485
20695,5592,14,5,1312.7,0.1249
20696,4795,195,5,61.16,0.1527
20697,237,128,5,2166.81,0.1248
20698,3773,7,1,900.96,0.2111
20699,817,134,1,1131.12,0.0645
20700,1984,163,4,871.75,0.1976
20701,8724,183,2,1215.86,0.1552
20702,3925,156,3,1248.51,0.229
20703,8877,23,1,1586.58,0.1565
20704,2705,138,4,948.73,0.1099
20705,8770,81,4,581.84,0.0344
20706,3990,54,3,1001.2,0.1545
20707,2482,62,4,814.04,0.0935
20708,3199,15,1,1426.97,0.2697
20709,6135,142,5,1820.15,0.0746
20710,4523,11,1,1796.58,0.2395
20711,5521,55,4,2230.67,0.1395
20712,5268,93,2,525.48,0.0039
20713,6565,146,2,1265.71,0.0803
20714,3663,26,5,1566.42,0.275
20715,2330,47,4,1295.98,0.0927
20716,8512,168,5,1607.09,0.1761
20717,7583,171,5,2145.36,0.1741
20718,2974,193,5,243.56,0.1979
20719,7590,3,2,941.35,0.2852
20720,3708,19,3,1270.83,0.2219
20721,1520,139,4,1315.24,0.1683
20722,3170,92,5,45.42,0.2739
20723,7540,128,5,1448.73,0.2323
20724,9368,115,1,1744.22,0.0763
20725,3997,82,1,983.26,0.0707
20726,5991,181,1,2284.58,0.255
20727,8152,142,4,1705.84,0.037
20728,5733,77,3,1581.23,0.0547
20729,9286,83,4,524.97,0.2104
20730,4608,44,4,2453.05,0.0551
20731,7018,179,2,1170.71,0.2573
20732,415,32,4,102.24,0.0594
20733,3476,43,1,199.08,0.0816
20734,5550,161,1,849.89,0.1572
20735,8809,6,5,117.56,0.1818
20736,8124,158,5,433.77,0.1673
20737,470,74,1,1699.46,0.1405
20738,809,158,4,866.34,0.0216
20739,6629,73,4,1038.49,0.1765
20740,3570,134,3,2382.55,0.2272
20741,6476,128,4,1619.34,0.1404
20742,4241,70,2,740.14,0.086
20743,206,130,2,861.81,0.0408
20744,5002,2,4,2364.6,0.0982
20745,6234,10,5,1123.12,0.2766
20746,170,61,5,1101.76,0.1106
20747,5358,1,5,697.98,0.2206
20748,1424,34,2,812.09,0.0889
20749,420,36,1,1899.44,0.0365
20750,397,168,3,2034.86,0.2632
20751,7432,115,5,620.31,0.0627
20752,5353,148,4,2347.9,0.0242
20753,2357,56,1,805.0,0.1151
20754,5765,17,3,1779.49,0.2556
20755,8496,60,1,1552.47,0.0288
20756,3834,167,4,88.77,0.0484
20757,8472,133,1,2155.42,0.2152
20758,4297,65,3,1583.64,0.1043
20759,4587,18,4,1454.71,0.17
20760,1995,69,2,1387.16,0.1115
20761,1742,62,1,1667.81,0.2924
20762,4394,89,4,219.94,0.2582
20763,8640,71,1,1897.39,0.2317
20764,6341,142,4,773.95,0.2007
20765,1914,135,5,1062.73,0.1508
20766,2780,94,1,117.64,0.1219
20767,8013,145,5,357.04,0.0018
20768,6205,141,5,2020.29,0.2048
20769,9043,152,2,926.03,0.1692
20770,72,63,5,1822.45,0.0294
20771,452,140,1,942.31,0.2084
20772,3865,146,1,2172.7,0.1588
20773,9855,151,3,1233.46,0.1012
20774,8391,150,5,815.26,0.0687
20775,6968,25,2,1976.17,0.1915
20776,4379,44,4,1428.54,0.0583
20777,6120,25,4,1416.14,0.1527
20778,9367,100,4,1810.58,0.2209
20779,3112,149,2,2470.0,0.2376
20780,4154,112,2,937.98,0.1265
20781,2596,29,3,1340.35,0.1206
20782,8906,60,3,750.96,0.1589
20783,6528,136,4,979.0,0.1003
20784,2159,113,5,169.93,0.2597
20785,9648,118,2,1005.69,0.198
20786,8088,5,5,499.8,0.1097
20787,1749,194,3,1527.79,0.0525
20788,7464,180,5,121.76,0.2931
20789,6429,151,1,335.18,0.2885
20790,2349,130,2,1350.24,0.0698
20791,3949,85,2,1032.56,0.0828
20792,2594,108,4,1030.8,0.0859
20793,3162,124,4,1360.51,0.1032
20794,7695,177,4,589.86,0.0946
20795,582,168,1,373.14,0.0034
20796,6994,189,4,229.38,0.2321
20797,9287,31,4,2200.8,0.1717
20798,2402,89,2,1939.72,0.0241
20799,641,135,5,938.16,0.2917
20800,6326,25,2,699.32,0.1003
20801,110,96,5,1304.99,0.2575
20802,3458,122,2,225.83,0.2821
20803,6308,186,1,2295.15,0.0048
20804,9756,61,5,1447.2,0.2886
20805,7383,72,1,2328.88,0.1117
20806,9787,14,2,2364.87,0.03
20807,7212,112,3,1370.03,0.1701
20808,5260,134,1,1251.64,0.0119
20809,2461,119,4,767.49,0.0908
20810,9183,23,3,2049.48,0.2505
20811,9023,79,2,2367.71,0.2378
20812,7024,164,3,453.67,0.2915
20813,1783,195,1,1962.65,0.0087
20814,8162,173,3,469.34,0.1655
20815,6993,172,2,459.13,0.0313
20816,8724,137,3,667.74,0.2729
20817,9887,197,1,1734.14,0.0112
20818,5973,128,5,189.31,0.2768
20819,2272,12,5,809.72,0.0905
20820,1527,65,1,1319.4,0.2003
20821,9175,184,2,1994.79,0.1328
20822,3627,21,3,843.86,0.1821
20823,5483,190,4,1252.7,0.1253
20824,808,21,1,1578.67,0.2146
20825,710,91,3,652.0,0.0528
20826,3087,2,2,2325.81,0.0947
20827,8538,136,3,914.03,0.0704
20828,5588,140,2,1872.33,0.0927
20829,6637,150,1,1672.93,0.0508
20830,926,177,3,1609.73,0.184
20831,2909,9,4,1029.86,0.135
20832,6221,172,4,2165.89,0.1196
20833,1470,166,3,1962.81,0.2585
20834,9193,93,1,1416.32,0.1799
20835,4369,3,5,792.99,0.1631
20836,6039,86,2,1404.33,0.2024
20837,1049,68,5,230.6,0.1865
20838,4853,128,2,1361.29,0.1951
20839,7481,130,2,1753.01,0.189
20840,3541,131,2,2304.15,0.0849
20841,5475,143,5,1799.5,0.2122
20842,7958,50,4,597.36,0.1531
20843,5841,154,4,143.5,0.2331
20844,2564,136,4,724.37,0.1003
20845,2106,104,1,1001.42,0.1577
20846,2220,181,5,50.18,0.2247
20847,3302,5,2,2365.86,0.1039
20848,2194,200,1,1469.63,0.2126
20849,5557,174,1,2363.58,0.2275
20850,4950,39,5,878.46,0.1645
20851,9021,110,3,1798.39,0.063
20852,5689,32,3,1609.84,0.281
20853,3407,95,4,622.49,0.1412
20854,7065,60,4,694.89,0.2588
20855,5178,126,4,1018.82,0.2724
20856,9484,200,3,498.08,0.0229
20857,32,17,1,834.11,0.1277
20858,6554,128,1,1434.28,0.1238
20859,2479,151,1,620.79,0.1436
20860,1962,185,4,728.43,0.0577
20861,5721,172,3,2241.74,0.2808
20862,4318,79,4,1187.31,0.0451
20863,6195,45,2,1775.3,0.0356
20864,4905,92,4,684.6,0.0761
20865,8897,176,2,1495.86,0.0239
20866,5985,15,2,1713.31,0.1205
20867,4991,166,3,768.82,0.0684
20868,2507,136,1,1102.45,0.1435
20869,6741,174,5,2109.27,0.1711
20870,3112,79,4,1764.02,0.1541
20871,3026,167,3,2236.61,0.2659
20872,5285,179,4,474.93,0.2679
20873,6482,162,2,1687.72,0.1783
20874,1429,36,1,53.31,0.1583
20875,4136,20,1,613.83,0.1162
20876,9246,108,5,160.59,0.2073
20877,4393,13,2,1895.81,0.0644
20878,6991,44,5,1270.57,0.0807
20879,7907,45,4,1267.82,0.1654
20880,6876,47,1,1024.76,0.1811
20881,9476,21,1,157.23,0.2154
20882,1948,111,5,1908.9,0.288
20883,606,151,2,1796.6,0.0146
20884,6576,46,1,1794.12,0.1913
20885,9529,3,3,2485.66,0.1524
20886,2937,93,3,2098.26,0.1175
20887,2779,168,2,678.19,0.0273
20888,5648,192,2,376.88,0.2094
20889,4960,88,5,1132.46,0.2206
20890,7076,89,2,2084.65,0.049
20891,1935,178,5,408.36,0.2089
20892,2707,148,2,1943.09,0.0108
20893,730,39,3,2349.37,0.0464
20894,9182,150,1,359.5,0.061
20895,6295,125,2,1712.48,0.2898
20896,463,46,2,549.02,0.1665
20897,11,83,2,2489.23,0.152
20898,6571,32,3,2230.06,0.2944
20899,6997,117,4,937.87,0.0478
20900,7040,26,2,124.01,0.2921
20901,4135,44,3,127.19,0.0702
20902,8783,199,1,1238.72,0.1989
20903,9681,8,3,2394.5,0.2292
20904,5081,61,2,2117.96,0.0029
20905,3224,11,1,1204.92,0.22
20906,941,187,3,553.0,0.152
20907,3364,16,5,179.83,0.1558
20908,6660,105,2,971.53,0.0947
20909,4801,196,4,2043.71,0.2719
20910,614,10,3,1220.49,0.0573
20911,5003,59,4,1192.96,0.1138
20912,5785,53,3,1197.74,0.0127
20913,3954,41,1,540.12,0.1328
20914,2612,5,4,2031.45,0.2749
20915,8902,3,2,1886.76,0.073
20916,7894,105,4,758.16,0.2357
20917,1807,72,2,471.63,0.0114
20918,1654,28,1,1975.35,0.2459
20919,1469,152,2,2443.58,0.0939
20920,289,166,3,359.98,0.0187
20921,6993,66,2,410.92,0.0999
20922,1405,62,4,1481.83,0.1684
20923,2444,6,4,1214.52,0.2788
20924,2046,19,3,392.72,0.0986
20925,4383,146,2,1506.07,0.1122
20926,2594,62,2,71.92,0.2084
20927,5734,38,2,1240.5,0.0059
20928,4034,39,5,303.11,0.2113
20929,7547,20,5,959.5,0.0115
20930,7199,56,4,2457.96,0.2835
20931,4394,183,4,929.97,0.2982
20932,9486,123,1,882.73,0.2235
20933,2748,130,2,1093.97,0.1318
20934,5599,144,4,1387.35,0.0539
20935,5345,99,1,39.91,0.013
20936,3511,135,5,2043.45,0.2486
20937,1059,188,4,753.51,0.2318
20938,4741,158,2,2119.62,0.2755
20939,947,35,4,364.33,0.08
20940,8935,39,5,1085.49,0.125
20941,1396,171,1,2469.97,0.2732
20942,4442,144,1,494.04,0.1108
20943,9560,144,1,1287.15,0.0817
20944,2244,152,2,814.25,0.1754
20945,1655,142,4,1623.92,0.1419
20946,3921,16,4,194.09,0.0616
20947,2576,32,1,2016.23,0.2639
20948,2677,180,3,1599.35,0.1916
20949,2452,71,5,2173.05,0.0808
20950,5492,89,4,1904.83,0.19
20951,107,87,5,354.85,0.2856
20952,6588,2,2,2173.5,0.0546
20953,1321,101,4,987.45,0.1883
20954,1409,160,2,1233.76,0.2995
20955,3460,43,2,165.29,0.1478
20956,5430,18,4,578.73,0.2298
20957,8160,170,5,737.7,0.2123
20958,6856,125,4,2015.95,0.1481
20959,1218,191,1,1195.48,0.1273
20960,5870,110,2,919.44,0.2031
20961,6808,87,2,2372.33,0.1782
20962,8255,9,5,604.42,0.1437
20963,2318,137,1,1212.17,0.036
20964,4021,85,3,657.99,0.233
20965,9388,145,5,596.83,0.2399
20966,1707,5,3,2217.29,0.0996
20967,1153,142,1,1413.64,0.0937
20968,4982,152,2,15.2,0.1405
20969,2401,115,1,381.62,0.1052
20970,8832,159,1,2202.89,0.2327
20971,6795,85,5,169.61,0.2872
20972,8953,191,2,2235.14,0.028
20973,7247,154,2,525.68,0.042
20974,1244,17,2,2454.3,0.1127
20975,3159,4,4,1564.23,0.1355
20976,6985,135,1,2452.65,0.0764
20977,2452,131,2,1297.69,0.2696
20978,4213,169,4,1961.39,0.2214
20979,2550,149,5,695.85,0.2625
20980,7825,60,4,402.38,0.1053
20981,8127,78,5,275.53,0.2652
20982,9807,44,3,839.92,0.2749
20983,6318,166,1,973.89,0.2751
20984,7274,23,4,810.23,0.0014
20985,9313,110,5,2402.89,0.142
20986,6622,189,3,361.09,0.2131
20987,3920,149,2,515.68,0.234
20988,8740,131,3,521.77,0.0657
20989,9829,48,2,1834.15,0.1805
20990,2609,11,5,1672.96,0.138
20991,1446,141,1,455.22,0.201
20992,3800,137,3,79.33,0.2218
20993,9541,179,5,113.36,0.1373
20994,4977,194,5,619.48,0.01
20995,9685,88,5,1893.12,0.186
20996,7523,23,2,2243.44,0.2984
20997,2057,34,1,2258.52,0.24
20998,3053,195,3,1089.23,0.0673
20999,8897,154,2,2056.91,0.2093
21000,2334,61,1,1800.24,0.1246
21001,9143,193,1,194.14,0.0912
21002,1826,93,2,2304.64,0.1246
21003,2388,12,3,1363.28,0.2011
21004,4975,5,2,1164.96,0.2127
21005,6963,60,1,1472.47,0.0201
21006,186,51,3,455.43,0.2222
21007,1255,52,5,411.98,0.2626
21008,3609,55,5,1097.89,0.2074
21009,5259,71,4,1441.54,0.1166
21010,882,99,4,157.01,0.2552
21011,776,71,5,226.65,0.1399
21012,7963,47,2,2351.39,0.1875
21013,4286,96,4,901.79,0.055
21014,1608,127,4,285.85,0.0048
21015,8545,156,3,384.29,0.1896
21016,1097,171,2,998.55,0.0551
21017,7030,57,2,2120.99,0.0154
21018,4118,73,2,874.22,0.0564
21019,713,163,3,1840.86,0.2217
21020,8223,198,4,738.84,0.0789
21021,3362,146,3,1122.55,0.1865
21022,2884,196,5,626.73,0.2077
21023,1461,83,1,1837.27,0.066
21024,4150,198,5,1970.16,0.1834
21025,4467,97,5,1157.88,0.081
21026,3654,196,4,1795.04,0.206
21027,97,49,4,811.6,0.0705
21028,9077,4,1,1156.95,0.1385
21029,8722,28,4,2191.42,0.0838
21030,3720,64,2,130.85,0.2983
21031,8032,7,5,1150.39,0.1982
21032,6462,72,1,152.31,0.0336
21033,7219,99,1,1089.32,0.2848
21034,6431,140,4,1310.03,0.2057
21035,4746,83,1,1892.85,0.1656
21036,3668,170,1,775.27,0.0983
21037,5411,166,2,1958.58,0.1277
21038,413,18,5,159.35,0.1963
21039,8113,28,1,583.16,0.0636
21040,9247,192,1,1518.0,0.1331
21041,9064,38,1,33.85,0.1991
21042,7138,96,3,1607.79,0.1609
21043,1506,59,2,1801.57,0.2686
21044,96,94,5,2107.83,0.0857
21045,225,160,3,1911.2,0.2752
21046,9765,86,1,2336.45,0.2068
21047,4831,50,4,1333.2,0.1026
21048,7452,197,1,1861.01,0.044
21049,1702,123,2,2031.78,0.0885
21050,3820,199,1,1591.76,0.068
21051,8330,131,4,2327.01,0.2732
21052,2376,183,3,1190.81,0.1526
21053,4691,19,2,574.51,0.2022
21054,4636,18,3,673.32,0.0202
21055,3781,158,4,906.67,0.2844
21056,2682,52,5,1845.37,0.2657
21057,9730,72,3,1398.2,0.1508
21058,6226,157,3,2337.63,0.2846
21059,9058,145,1,2247.74,0.1582
21060,8590,147,2,1151.82,0.2573
21061,8184,184,2,998.84,0.1885
21062,4810,14,5,2426.58,0.091
21063,2406,16,5,1211.09,0.2224
21064,181,191,3,2478.2,0.092
21065,5635,79,5,603.22,0.0953
21066,9352,100,2,2227.91,0.2318
21067,5385,18,2,684.41,0.1716
21068,203,101,3,1612.91,0.171
21069,4880,40,3,2497.82,0.13
21070,5602,13,4,1439.77,0.081
21071,6431,73,2,2072.88,0.2017
21072,1121,120,5,633.22,0.296
21073,3959,64,4,1417.52,0.0495
21074,94,177,1,1174.69,0.0406
21075,5415,118,5,944.74,0.1071
21076,9232,71,1,167.8,0.1962
21077,474,97,4,1860.86,0.2264
21078,7104,152,2,2442.21,0.1416
21079,5580,27,2,1562.84,0.0044
21080,211,43,1,205.46,0.1108
21081,6703,138,2,1669.01,0.2696
21082,2491,13,3,2496.05,0.1326
21083,8291,116,4,1881.08,0.0248
21084,8213,189,5,1066.94,0.043
21085,7349,22,4,2446.83,0.1814
21086,5967,54,1,2278.54,0.1244
21087,6838,134,1,1945.73,0.0058
21088,561,50,2,2328.75,0.2505
21089,7568,149,1,1935.33,0.1515
21090,3344,44,5,2442.81,0.2355
21091,108,198,4,1899.5,0.2488
21092,4932,7,5,383.53,0.0505
21093,5797,35,4,261.8,0.2654
21094,2072,94,2,626.84,0.1079
21095,2824,75,1,356.62,0.0551
21096,1772,64,4,1417.86,0.1132
21097,2501,30,3,1656.94,0.2924
21098,9835,186,3,325.61,0.2743
21099,2163,58,3,32.47,0.2852
21100,6538,149,3,1747.42,0.001
21101,952,41,5,139.61,0.0694
21102,2668,110,1,1807.46,0.2181
21103,9801,139,4,190.23,0.2389
21104,2644,70,3,2409.0,0.156
21105,3174,47,3,635.16,0.0992
21106,5840,153,4,182.76,0.1026
21107,4342,32,2,1560.72,0.1611
21108,811,155,5,1810.79,0.0009
21109,1011,174,5,2311.51,0.2073
21110,5827,12,1,2066.99,0.1716
21111,7514,13,3,714.74,0.1527
21112,8190,197,1,512.23,0.0596
21113,1851,12,1,774.18,0.0526
21114,1142,177,1,615.15,0.0312
21115,8899,115,1,1804.27,0.274
21116,4031,163,4,1751.25,0.2607
21117,7542,18,4,1406.46,0.174
21118,4077,195,4,189.0,0.0817
21119,4295,171,1,2384.11,0.2273
21120,767,48,3,884.33,0.0443
21121,7073,102,5,2039.01,0.2434
21122,1101,154,3,1996.12,0.2449
21123,9663,105,1,752.51,0.0859
21124,3498,193,2,631.92,0.147
21125,9887,179,4,1344.94,0.1841
21126,6652,99,3,904.04,0.0608
21127,1473,137,4,2300.92,0.1011
21128,7281,160,3,2282.8,0.1797
21129,5356,69,2,1932.78,0.1654
21130,6007,57,3,67.33,0.132
21131,9382,190,4,2116.73,0.0689
21132,4394,96,2,1644.79,0.1612
21133,167,159,4,1317.42,0.1112
21134,4937,198,5,985.07,0.0621
21135,3526,53,1,1546.95,0.0905
21136,4600,56,5,651.46,0.0712
21137,5737,95,1,1446.05,0.1137
21138,2807,44,1,1632.65,0.2891
21139,4553,62,5,1696.14,0.281
21140,859,60,2,1060.81,0.1986
21141,9117,167,1,188.72,0.2241
21142,4804,7,3,1054.25,0.1179
21143,9881,180,5,2255.06,0.2325
21144,10000,95,3,1349.58,0.2545
21145,2233,45,2,112.19,0.2397
21146,8610,133,2,944.27,0.0583
21147,8907,32,5,1545.18,0.2463
21148,2825,78,3,711.33,0.244
21149,8315,169,4,481.46,0.2141
21150,3309,142,1,1451.25,0.2534
21151,6131,136,4,1524.71,0.2525
21152,6748,84,4,1155.78,0.1729
21153,9643,169,5,244.86,0.2027
21154,8253,103,4,1850.56,0.1041
21155,5829,10,4,1893.19,0.0343
21156,2960,8,1,986.44,0.1609
21157,4188,52,2,37.06,0.1568
21158,9090,102,1,1599.12,0.2387
21159,970,180,1,2445.37,0.0574
21160,2579,37,5,1224.89,0.2548
21161,5952,36,2,1723.83,0.2373
21162,5114,149,3,1325.53,0.2184
21163,788,172,3,605.4,0.0549
21164,6970,175,4,860.66,0.0962
21165,9212,66,5,2402.0,0.1256
21166,6971,94,2,1494.11,0.0001
21167,1654,147,5,481.96,0.0599
21168,1261,79,2,138.75,0.1992
21169,3363,152,2,147.39,0.1725
21170,5481,106,1,1259.0,0.2838
21171,4388,88,2,275.99,0.0509
21172,8952,179,2,2084.14,0.1552
21173,3126,1,3,865.82,0.006
21174,6672,107,4,969.31,0.1747
21175,4146,18,3,870.45,0.0316
21176,6333,115,1,1344.51,0.0267
21177,6826,179,1,2495.51,0.132
21178,3249,39,5,2243.18,0.1012
21179,6864,187,1,591.04,0.1354
21180,5376,11,4,2245.3,0.0084
21181,2238,156,2,1461.96,0.0225
21182,5968,139,3,1832.14,0.0216
21183,1484,181,5,1308.71,0.0386
21184,5129,96,1,1657.39,0.1294
21185,7024,162,1,988.56,0.1322
21186,9204,185,4,715.97,0.0972
21187,7191,105,3,1265.81,0.0315
21188,297,1,5,1196.38,0.258
21189,5076,143,3,997.53,0.1883
21190,1776,152,3,1975.56,0.1893
21191,11,168,5,1797.54,0.0934
21192,7169,185,1,728.47,0.2678
21193,3214,194,4,505.36,0.0915
21194,5243,70,4,26.87,0.1951
21195,4540,194,4,2449.6,0.2755
21196,9092,199,5,889.14,0.2982
21197,5359,67,3,1536.55,0.0616
21198,6299,24,4,1872.85,0.2605
21199,9223,51,4,526.61,0.2138
21200,7640,126,3,1673.55,0.0218
21201,9673,184,1,298.94,0.0527
21202,7617,72,1,255.48,0.1531
21203,9954,44,4,768.02,0.1528
21204,6760,189,3,810.98,0.2356
21205,8807,26,1,461.94,0.1299
21206,7107,65,2,1176.55,0.2152
21207,9402,1,2,1549.56,0.2986
21208,4784,124,5,2317.46,0.2852
21209,3994,3,5,1759.62,0.1627
21210,8488,106,4,1314.03,0.2306
21211,6661,196,3,1355.37,0.1026
21212,522,78,5,1442.5,0.2345
21213,5342,158,3,730.35,0.191
21214,7753,103,2,1866.32,0.1292
21215,8878,33,3,1639.05,0.1449
21216,3616,113,4,1229.11,0.1349
21217,1621,21,1,546.21,0.1957
21218,6002,143,5,2127.54,0.2111
21219,505,63,3,506.79,0.1468
21220,7450,188,4,505.63,0.2586
21221,8087,47,3,378.96,0.2839
21222,3465,95,4,2491.02,0.203
21223,6199,193,4,623.27,0.0572
21224,4744,51,5,2130.31,0.0533
21225,7148,33,1,101.28,0.2998
21226,8820,126,3,1772.86,0.1573
21227,7224,108,2,90.32,0.1985
21228,9143,116,5,1566.13,0.1522
21229,2803,100,5,676.61,0.1986
21230,9966,137,5,185.91,0.1374
21231,9003,31,3,696.73,0.262
21232,8248,157,5,324.42,0.0834
21233,8082,77,5,561.78,0.2985
21234,3871,138,5,1722.79,0.1853
21235,2537,137,5,2085.18,0.0268
21236,6756,45,1,1104.15,0.1369
21237,8179,3,3,1051.56,0.1192
21238,147,82,4,1162.94,0.2801
21239,4291,123,2,1185.52,0.0892
21240,2337,155,4,598.69,0.1397
21241,458,160,5,2472.82,0.2169
21242,8387,8,3,1675.68,0.0268
21243,8487,146,2,1937.68,0.0559
21244,6754,154,4,1114.16,0.1968
21245,2098,80,3,1905.67,0.0302
21246,7438,60,5,1713.21,0.086
21247,5724,123,5,2070.38,0.1248
21248,158,4,5,124.82,0.0661
21249,6811,33,2,127.22,0.0983
21250,2626,31,2,1429.46,0.0719
21251,101,161,5,956.44,0.2329
21252,9511,70,2,2009.51,0.0727
21253,5546,143,4,426.9,0.236
21254,6975,167,1,637.67,0.0744
21255,871,159,3,1060.06,0.0188
21256,6199,73,1,2236.12,0.2666
21257,1698,124,1,344.76,0.2173
21258,697,32,3,1943.3,0.0639
21259,2416,64,4,2471.65,0.0913
21260,5293,166,2,1879.01,0.0692
21261,1617,170,1,1382.4,0.2214
21262,7063,53,1,1402.41,0.0039
21263,3103,140,4,423.11,0.2889
21264,9609,163,4,1106.14,0.1121
21265,5529,79,5,1332.66,0.0859
21266,4357,52,5,1253.47,0.2351
21267,668,107,4,292.35,0.0965
21268,7797,92,1,392.08,0.1709
21269,7687,96,3,640.9,0.1225
21270,5994,115,1,1311.04,0.1882
21271,9080,190,5,414.16,0.03
21272,5546,105,1,707.84,0.1155
21273,2873,151,2,864.97,0.2707
21274,3814,129,2,1678.42,0.2927
21275,3708,80,2,843.32,0.0344
21276,8409,187,4,1748.61,0.1976
21277,4626,175,1,390.24,0.1235
21278,2165,20,3,719.91,0.1068
21279,2989,17,5,1066.41,0.006
21280,8000,25,4,674.93,0.0338
21281,290,68,4,472.15,0.0698
21282,5245,92,2,2431.19,0.1385
21283,163,193,2,1646.14,0.2005
21284,4990,125,2,67.59,0.166
21285,7631,78,5,479.63,0.129
21286,1564,22,2,1655.4,0.1873
21287,12,15,4,895.59,0.1292
21288,4291,69,2,1280.78,0.1088
21289,1290,143,4,2002.24,0.2926
21290,868,116,1,302.7,0.2532
21291,1799,63,5,1608.31,0.0307
21292,5803,175,1,1232.15,0.1999
21293,6420,162,1,576.02,0.2986
21294,753,93,3,815.74,0.1854
21295,5614,86,3,85.36,0.0673
21296,3317,16,2,2453.66,0.2011
21297,2413,71,2,332.62,0.0559
21298,5043,193,4,1869.72,0.246
21299,5068,51,4,1104.12,0.158
21300,3838,7,5,1178.21,0.0817
21301,9064,114,1,1486.21,0.104
21302,6761,8,1,2280.78,0.215
21303,3068,1,5,1408.19,0.0347
21304,7411,160,2,2010.08,0.2717
21305,2148,89,2,2107.17,0.0361
21306,9158,124,2,1628.75,0.1239
21307,9975,173,2,1601.87,0.2293
21308,2012,136,4,2158.94,0.2348
21309,6209,119,2,142.17,0.0292
21310,8753,63,2,1597.78,0.0829
21311,9283,100,1,1310.29,0.1051
21312,996,197,3,675.62,0.2746
21313,5467,47,5,1957.41,0.1385
21314,5190,37,5,753.2,0.27
21315,3486,128,5,1951.42,0.2569
21316,8101,63,3,2282.52,0.0116
21317,1478,105,4,1436.94,0.2095
21318,8401,59,5,2012.16,0.2641
21319,3887,200,5,662.73,0.1099
21320,9182,130,5,403.72,0.1453
21321,4477,96,5,1424.84,0.0706
21322,7251,32,4,1073.8,0.1567
21323,7625,67,2,1069.03,0.106
21324,1659,106,4,331.88,0.2155
21325,9454,114,4,2343.89,0.0712
21326,8538,92,1,283.65,0.1532
21327,4462,150,4,739.23,0.1406
21328,4453,129,1,1188.7,0.121
21329,7331,170,4,1861.51,0.0752
21330,1770,200,3,1575.54,0.2139
21331,4674,136,1,193.88,0.0665
21332,3179,17,3,127.73,0.2704
21333,8555,176,4,1434.07,0.1825
21334,1289,119,3,45.17,0.2947
21335,2516,144,4,1414.97,0.2753
21336,2737,88,1,467.59,0.0437
21337,268,148,3,487.26,0.2348
21338,6379,158,4,460.22,0.0528
21339,5949,161,2,1939.94,0.2821
21340,9840,89,2,1192.76,0.2048
21341,5927,174,4,545.57,0.0563
21342,6359,110,1,171.6,0.051
21343,4552,164,5,1118.65,0.2243
21344,5398,200,3,1329.19,0.1855
21345,2650,94,5,1489.36,0.0398
21346,2387,40,3,231.42,0.1508
21347,719,27,3,945.12,0.248
21348,1189,173,2,871.69,0.0446
21349,5161,74,3,833.94,0.0041
21350,5333,152,4,2223.08,0.0398
21351,2163,31,3,916.08,0.0555
21352,5581,102,4,1598.83,0.1897
21353,3207,19,4,2207.52,0.1012
21354,1369,56,5,26.83,0.0314
21355,6177,65,2,1857.56,0.1189
21356,515,130,1,1632.08,0.1762
21357,2793,39,1,2276.6,0.0917
21358,5028,140,1,1144.65,0.1749
21359,5109,158,4,2393.19,0.2735
21360,8872,168,3,1170.91,0.1206
21361,4596,141,5,177.65,0.2825
21362,9714,89,4,1921.1,0.2581
21363,5399,18,4,73.53,0.0065
21364,3522,72,1,2416.23,0.2007
21365,8494,96,4,16.38,0.102
21366,2887,12,1,1766.09,0.0763
21367,1301,119,1,273.74,0.2212
21368,2657,182,1,1265.9,0.2187
21369,1475,182,4,316.61,0.2063
21370,6399,44,5,1440.87,0.0115
21371,9881,66,2,1402.85,0.1779
21372,5967,53,3,184.62,0.1786
21373,2155,192,1,379.06,0.2901
21374,3173,60,4,1789.18,0.234
21375,4721,179,2,1669.71,0.1083
21376,9584,89,4,735.74,0.1912
21377,9920,129,4,468.33,0.267
21378,4052,105,3,1694.86,0.2442
21379,8754,91,1,1349.33,0.1303
21380,7197,149,4,640.25,0.2776
21381,357,55,3,2447.11,0.2921
21382,5215,131,4,954.92,0.2307
21383,9786,63,2,1721.15,0.0527
21384,7310,105,5,2211.09,0.2242
21385,7147,63,5,2384.16,0.1208
21386,9279,29,1,2241.83,0.0733
21387,4865,17,5,1486.39,0.0345
21388,6283,186,3,535.06,0.0306
21389,9391,113,3,2318.98,0.121
21390,1516,132,5,2443.09,0.1685
21391,5302,62,3,30.62,0.2033
21392,2678,110,4,2278.78,0.2599
21393,2786,112,4,2217.88,0.0435
21394,497,185,3,1135.59,0.0942
21395,7297,73,2,1989.15,0.0098
21396,5642,66,1,2375.2,0.1994
21397,1677,5,3,782.68,0.0068
21398,669,146,1,1183.9,0.0139
21399,1647,171,5,362.28,0.1794
21400,5381,169,2,741.41,0.0581
21401,3163,137,4,2212.05,0.1974
21402,5799,108,3,461.2,0.1069
21403,4532,196,2,2356.02,0.0778
21404,2779,195,1,1403.42,0.2282
21405,9305,21,3,1763.84,0.2224
21406,6439,39,4,991.36,0.0182
21407,3114,120,4,596.93,0.2173
21408,3615,174,3,1213.55,0.2838
21409,9686,88,3,773.4,0.1421
21410,75,193,2,1307.42,0.1596
21411,388,144,4,264.74,0.1015
21412,5849,156,1,2295.03,0.2292
21413,1506,94,4,696.19,0.2294
21414,976,87,3,1591.29,0.2675
21415,3610,162,1,1624.83,0.217
21416,840,101,3,636.89,0.2939
21417,9387,151,4,2491.95,0.291
21418,6566,144,2,1216.85,0.1225
21419,5653,41,1,1890.73,0.2165
21420,6430,96,2,93.23,0.0055
21421,6899,35,5,586.94,0.1157
21422,7206,91,1,277.35,0.1225
21423,4221,195,4,879.17,0.2493
21424,4140,63,2,1863.78,0.0819
21425,9964,148,2,365.38,0.0642
21426,3887,120,4,1042.19,0.1387
21427,4003,66,3,502.1,0.0681
21428,666,77,5,578.66,0.0526
21429,6328,134,4,136.32,0.1422
21430,4072,78,2,1277.31,0.0818
21431,9599,88,1,427.71,0.0365
21432,9515,91,5,780.97,0.0766
21433,403,137,4,904.12,0.2242
21434,6806,50,2,580.55,0.0327
21435,4537,87,5,1203.13,0.0286
21436,6818,99,3,234.61,0.1226
21437,4658,64,5,1772.07,0.0487
21438,2357,179,4,739.77,0.1162
21439,9052,37,1,1285.72,0.2748
21440,3629,90,2,300.34,0.0443
21441,7602,200,4,79.58,0.2154
21442,9596,173,1,883.72,0.0229
21443,136,31,2,1686.59,0.2333
21444,362,72,4,1132.11,0.2805
21445,3343,164,3,1775.12,0.2334
21446,2954,187,1,1640.59,0.2646
21447,8411,16,1,1780.17,0.2225
21448,6610,119,5,2135.25,0.0825
21449,9620,181,3,684.66,0.069
21450,62,122,2,33.2,0.27
21451,2022,159,5,138.43,0.0094
21452,5217,163,3,557.62,0.162
21453,1006,165,4,288.86,0.1009
21454,3508,62,1,723.87,0.2737
21455,1438,167,5,1512.36,0.0496
21456,7297,184,1,1919.28,0.1105
21457,817,193,3,403.42,0.0293
21458,577,191,1,1444.09,0.2814
21459,6903,157,5,2243.38,0.1008
21460,3963,92,4,1861.16,0.1117
21461,8541,93,5,400.64,0.0183
21462,6309,8,2,1612.8,0.0307
21463,9395,104,1,1204.08,0.2798
21464,4150,94,5,637.87,0.1939
21465,319,158,5,1326.15,0.1839
21466,4526,169,4,416.16,0.2366
21467,7346,198,1,801.2,0.189
21468,7764,143,1,906.85,0.0762
21469,957,183,2,848.94,0.2739
21470,6635,77,3,242.5,0.0738
21471,1750,137,3,1046.86,0.2464
21472,2060,20,1,2108.85,0.0843
21473,5608,164,5,2098.97,0.0763
21474,8103,116,3,1060.62,0.1741
21475,7829,177,3,46.34,0.0405
21476,3756,13,5,1455.7,0.1124
21477,5086,18,2,1495.6,0.1513
21478,6358,185,2,2143.22,0.2674
21479,9237,8,1,2097.83,0.115
21480,4969,170,3,1940.55,0.0133
21481,8660,8,5,2144.06,0.2456
21482,743,60,2,633.27,0.1849
21483,445,58,5,1424.44,0.2041
21484,4816,115,1,2335.78,0.027
21485,2259,116,1,1333.8,0.0531
21486,9465,152,2,2224.33,0.1643
21487,8299,44,3,2268.87,0.0605
21488,8863,104,5,189.84,0.2455
21489,6661,191,3,2289.92,0.0073
21490,3537,179,2,266.43,0.2453
21491,2753,136,1,1014.31,0.1394
21492,9893,168,1,1883.53,0.1769
21493,3678,161,2,190.63,0.0597
21494,2016,78,1,997.49,0.1165
21495,5868,149,4,598.03,0.1726
21496,5149,33,1,1768.72,0.048
21497,3190,105,4,2174.48,0.117
21498,4229,109,4,1922.23,0.2027
21499,158,55,4,1380.61,0.2709
21500,5739,65,3,2110.88,0.0771
21501,7826,57,2,2141.84,0.2277
21502,7589,70,2,1246.9,0.0384
21503,1803,142,2,2139.46,0.0564
21504,5380,25,4,2231.87,0.2433
21505,2929,128,4,36.08,0.2587
21506,7832,167,4,2202.53,0.1627
21507,7010,23,1,152.84,0.05
21508,136,171,5,758.81,0.0554
21509,4312,103,5,1392.56,0.2839
21510,6608,184,1,622.16,0.1666
21511,5766,145,5,2191.27,0.0937
21512,1877,159,5,1973.83,0.1766
21513,7663,52,3,1218.31,0.083
21514,1042,28,5,2095.62,0.222
21515,5324,135,1,2046.58,0.0518
21516,1903,121,4,833.52,0.0817
21517,1537,18,3,175.55,0.2156
21518,1529,134,5,1486.68,0.015
21519,3661,194,1,1966.82,0.2985
21520,6648,148,2,2318.87,0.1
21521,4270,125,2,107.17,0.2092
21522,8309,87,3,1019.29,0.0248
21523,5126,2,2,1713.72,0.1702
21524,4372,153,1,1152.83,0.1607
21525,3140,111,2,572.08,0.0791
21526,5928,134,2,1492.76,0.1043
21527,8083,171,5,2196.17,0.2547
21528,9707,157,1,2362.31,0.07
21529,9341,9,1,2481.78,0.2069
21530,812,142,1,970.67,0.1349
21531,8501,173,4,519.06,0.1529
21532,4820,15,1,2018.91,0.1106
21533,5638,174,5,1724.96,0.2356
21534,3837,80,2,1887.41,0.0014
21535,1427,112,2,919.27,0.0534
21536,7454,115,2,569.72,0.1075
21537,199,45,1,1949.68,0.0623
21538,2229,192,1,1121.29,0.1638
21539,8132,44,3,1726.02,0.207
21540,8384,9,3,2182.68,0.1765
21541,4227,92,3,870.91,0.1479
21542,767,68,4,1922.9,0.2074
21543,1433,140,3,1140.67,0.2665
21544,7582,123,5,1550.91,0.2062
21545,164,129,1,2073.2,0.2004
21546,7081,172,4,757.16,0.2777
21547,2809,168,5,2098.67,0.2875
21548,9906,124,2,525.48,0.0621
21549,2162,132,3,1065.19,0.0985
21550,9744,42,3,699.22,0.0035
21551,3676,161,1,55.45,0.1065
21552,9164,99,5,44.33,0.2173
21553,1992,111,5,500.39,0.2927
21554,9886,130,3,1620.69,0.004
21555,828,138,3,1320.12,0.0346
21556,6505,72,5,806.83,0.1576
21557,230,142,5,1118.27,0.0327
21558,774,61,2,1694.26,0.015
21559,8709,27,3,2224.82,0.1331
21560,4170,77,3,658.9,0.2157
21561,3102,77,5,2202.21,0.1006
21562,3339,182,1,1035.4,0.0614
21563,6787,29,5,846.8,0.1037
21564,3500,8,3,1427.98,0.0391
21565,9782,197,2,899.66,0.1065
21566,3713,66,3,737.66,0.148
21567,9229,102,4,2251.32,0.0221
21568,6719,200,3,1021.92,0.1646
21569,3952,76,3,391.45,0.1528
21570,9528,178,3,1089.41,0.1233
21571,3942,199,5,733.62,0.1866
21572,3998,169,1,1288.41,0.2802
21573,5740,138,3,1612.03,0.0977
21574,6569,153,3,53.3,0.0399
21575,1478,26,3,1972.62,0.2219
21576,1612,116,3,1177.73,0.0751
21577,8144,154,3,1361.7,0.2174
21578,6774,198,2,356.54,0.0831
21579,5718,86,5,1101.39,0.0345
21580,4620,103,5,1238.14,0.3
21581,2866,140,3,117.0,0.1591
21582,9489,186,2,453.31,0.2231
21583,5352,199,4,927.76,0.1175
21584,1696,154,4,460.68,0.2724
21585,4269,13,2,811.16,0.2481
21586,6053,82,4,2198.16,0.249
21587,8899,197,5,1567.18,0.2394
21588,1817,31,4,1380.58,0.1748
21589,7251,17,3,2113.93,0.1446
21590,9259,143,1,603.01,0.1957
21591,3381,22,2,2440.58,0.0824
21592,8421,197,1,560.25,0.1616
21593,1669,16,2,1238.51,0.2039
21594,8624,124,2,2409.87,0.0275
21595,936,161,2,844.01,0.2268
21596,2046,41,5,430.13,0.142
21597,1816,132,5,1027.01,0.2852
21598,838,97,2,593.76,0.2849
21599,908,92,3,1874.79,0.253
21600,4736,191,4,2302.09,0.1273
21601,5892,69,3,2144.14,0.2161
21602,8816,170,5,371.1,0.0667
21603,6827,169,2,2378.24,0.0866
21604,7860,135,5,1842.99,0.1732
21605,9925,115,4,1899.08,0.2217
21606,1421,24,1,1381.51,0.131
21607,8450,44,1,943.11,0.2366
21608,8556,68,3,641.47,0.1911
21609,7261,140,2,1184.39,0.095
21610,5588,183,5,2015.27,0.0841
21611,345,4,3,787.89,0.2367
21612,676,89,3,2226.29,0.0899
21613,7690,3,3,378.52,0.0639
21614,3463,154,4,138.43,0.2188
21615,6706,59,3,1264.53,0.0194
21616,4182,114,2,2323.97,0.0635
21617,6190,9,4,2091.66,0.2546
21618,4344,174,1,357.84,0.1628
21619,7573,13,1,364.33,0.163
21620,5233,133,1,252.19,0.2574
21621,9182,111,2,1971.69,0.2437
21622,1440,123,2,835.39,0.2357
21623,3043,53,4,843.4,0.1066
21624,8206,124,1,2313.99,0.0594
21625,1322,61,4,1606.99,0.1638
21626,7581,133,1,2327.21,0.1665
21627,4861,76,1,609.59,0.0139
21628,5408,129,1,1858.51,0.126
21629,11,163,1,247.98,0.1612
21630,4252,156,4,1667.75,0.1459
21631,4549,51,2,1086.37,0.2948
21632,1792,194,1,93.6,0.0636
21633,8931,23,3,224.72,0.0472
21634,4148,69,5,2352.57,0.2647
21635,7849,161,2,1965.17,0.2808
21636,5299,79,2,2005.01,0.2581
21637,9863,65,4,94.87,0.27
21638,9179,116,5,1876.63,0.1495
21639,7791,93,4,82.17,0.2659
21640,6201,24,2,722.09,0.1492
21641,8155,9,1,1252.2,0.1164
21642,7126,191,1,989.66,0.054
21643,8203,163,4,365.51,0.2291
21644,1500,61,2,2458.29,0.1776
21645,4817,144,2,148.16,0.1094
21646,2867,72,2,1713.4,0.0087
21647,2389,72,3,1980.77,0.2013
21648,4914,23,1,705.66,0.2104
21649,8448,190,4,1026.38,0.0233
21650,3244,172,4,223.67,0.1715
21651,8719,187,1,908.45,0.1149
21652,7790,91,4,878.75,0.1971
21653,7682,63,4,89.24,0.1056
21654,7064,11,4,671.09,0.2184
21655,3766,87,4,2320.14,0.0394
21656,5923,196,4,1697.06,0.0801
21657,341,81,2,51.56,0.1974
21658,9981,75,3,1302.08,0.2435
21659,7802,8,5,880.51,0.2299
21660,7011,90,2,2462.15,0.1347
21661,1011,177,2,2372.38,0.0906
21662,9754,200,2,1720.98,0.1257
21663,8484,8,2,60.65,0.1336
21664,2880,199,4,380.56,0.0346
21665,555,115,5,1903.09,0.0629
21666,2728,34,5,1510.26,0.0647
21667,9110,32,4,593.83,0.0814
21668,8397,77,4,283.86,0.15
21669,8271,100,5,925.16,0.0732
21670,528,82,2,2193.48,0.2647
21671,6617,77,4,1354.34,0.2746
21672,3843,94,2,739.81,0.296
21673,9115,127,2,236.15,0.0497
21674,6241,193,4,464.8,0.2174
21675,1960,63,4,1051.2,0.2642
21676,7782,53,5,1897.2,0.019
21677,7684,99,4,1220.47,0.2466
21678,614,67,1,1185.49,0.1767
21679,248,158,2,706.33,0.0906
21680,6773,59,2,636.53,0.1757
21681,7614,112,3,1684.46,0.1612
21682,3667,153,2,1789.0,0.2276
21683,1216,161,1,2404.87,0.0601
21684,5131,16,2,2250.38,0.0631
21685,1187,49,2,1470.31,0.0257
21686,4513,3,3,1533.63,0.1755
21687,1016,29,2,987.78,0.2178
21688,5505,14,1,2433.19,0.1488
21689,33,197,4,2293.18,0.1644
21690,4173,61,4,120.14,0.0903
21691,5569,117,2,939.72,0.1351
21692,874,29,4,1011.73,0.2594
21693,2269,149,5,683.98,0.258
21694,5293,134,5,1110.27,0.2483
21695,6230,152,1,1135.13,0.0369
21696,300,28,2,1945.61,0.292
21697,5928,185,4,2277.1,0.0249
21698,5762,123,4,1326.47,0.2909
21699,8628,185,1,653.88,0.2069
21700,7185,106,5,1346.59,0.2694
21701,8191,22,2,457.16,0.2161
21702,2098,24,5,887.5,0.2356
21703,9072,104,1,1344.64,0.2738
21704,8069,18,2,2380.08,0.2765
21705,9140,156,1,1180.22,0.0786
21706,6576,57,1,40.3,0.2999
21707,8973,74,4,288.72,0.1744
21708,4023,1,5,1005.98,0.2731
21709,9378,101,1,434.92,0.0937
21710,4919,26,1,818.24,0.1114
21711,4098,90,2,2179.8,0.075
21712,9046,33,2,1725.8,0.2666
21713,9062,125,5,1595.31,0.2023
21714,9049,183,5,992.19,0.0159
21715,4008,73,5,1931.7,0.0952
21716,1639,18,4,2496.18,0.0313
21717,5564,120,4,842.97,0.1195
21718,4370,197,1,1674.52,0.2594
21719,8147,86,2,516.74,0.126
21720,5965,10,4,259.78,0.013
21721,8793,142,3,2428.41,0.0974
21722,9424,76,5,521.38,0.2151
21723,1133,96,2,270.17,0.1434
21724,2810,39,1,1214.87,0.2226
21725,8767,164,2,1745.62,0.2234
21726,6877,51,2,16.01,0.2428
21727,3772,178,1,1007.25,0.2396
21728,686,111,4,1181.59,0.2019
21729,5136,143,3,1240.6,0.1758
21730,2262,59,4,1012.72,0.0258
21731,684,161,5,395.43,0.057
21732,4748,68,3,1786.05,0.2571
21733,5440,182,3,1599.11,0.2504
21734,7836,51,4,97.02,0.1601
21735,2844,131,4,1513.05,0.2416
21736,6759,90,5,1885.66,0.085
21737,4964,120,5,328.11,0.007
21738,4006,101,2,1910.32,0.1143
21739,9978,162,1,660.75,0.2555
21740,6815,42,4,1699.15,0.014
21741,4172,9,1,1677.88,0.0311
21742,9675,108,4,1420.74,0.1078
21743,4484,14,3,568.51,0.1051
21744,8043,97,5,696.15,0.1581
21745,8537,102,3,1190.06,0.1549
21746,5484,133,4,80.88,0.0111
21747,5396,111,5,1050.17,0.1633
21748,5576,92,2,1738.2,0.0352
21749,7462,33,5,20.74,0.2115
21750,6473,81,5,1851.19,0.2825
21751,9624,85,4,1086.12,0.2989
21752,7153,7,1,1224.93,0.133
21753,3117,40,5,566.71,0.1944
21754,8009,163,4,1043.95,0.1602
21755,1730,199,5,1272.23,0.0531
21756,3509,8,4,2447.26,0.1422
21757,1904,115,3,1554.45,0.2829
21758,3521,188,4,1581.91,0.1554
21759,5384,42,3,2492.45,0.2408
21760,9688,120,3,104.52,0.1745
21761,3106,133,1,2180.1,0.1466
21762,5258,188,3,1980.52,0.0208
21763,9069,5,4,132.23,0.2825
21764,385,172,1,1113.61,0.0403
21765,7671,126,1,1300.53,0.2182
21766,5687,90,1,96.57,0.0896
21767,3423,65,3,1128.37,0.0938
21768,8271,81,4,2202.63,0.1544
21769,4547,83,5,85.48,0.1396
21770,787,130,5,2072.83,0.0258
21771,3371,57,1,2098.79,0.0489
21772,3623,178,2,21.95,0.2779
21773,231,180,5,2273.97,0.128
21774,4507,139,4,1792.97,0.1152
21775,4502,30,1,2350.85,0.1531
21776,4913,174,2,2323.89,0.0693
21777,5434,122,4,632.03,0.0271
21778,5327,143,2,1301.28,0.2691
21779,3624,60,5,1230.96,0.0411
21780,7786,87,2,1777.19,0.1899
21781,5903,140,3,1460.97,0.2098
21782,7456,91,3,2410.52,0.0027
21783,3423,6,1,1269.0,0.2206
21784,56,5,3,943.38,0.295
21785,6097,174,2,2480.36,0.2545
21786,5172,166,3,1490.64,0.1193
21787,3021,163,1,1032.4,0.0043
21788,998,183,5,894.15,0.2729
21789,3301,64,1,1773.42,0.2495
21790,2768,134,1,2224.66,0.2819
21791,8476,14,2,454.53,0.2953
21792,5880,52,2,940.81,0.0686
21793,1432,178,4,177.92,0.0822
21794,8574,17,3,696.27,0.1162
21795,3756,137,5,2295.07,0.0256
21796,6103,168,4,1618.0,0.289
21797,8498,36,2,2281.52,0.2239
21798,7125,74,5,1399.72,0.0138
21799,641,91,2,2468.11,0.2045
21800,5868,49,3,1594.61,0.0405
21801,7624,180,1,1807.03,0.2354
21802,9473,197,5,2159.97,0.1977
21803,143,31,5,896.16,0.1668
21804,4298,185,4,751.31,0.1006
21805,7169,78,5,444.87,0.2101
21806,3022,108,5,1770.39,0.0864
21807,5613,93,2,2049.12,0.0066
21808,1844,103,3,981.19,0.2746
21809,8938,175,4,17.25,0.0334
21810,553,76,2,2271.13,0.2345
21811,5951,97,4,1812.72,0.1114
21812,942,188,4,2215.94,0.1366
21813,277,122,3,2195.85,0.0759
21814,6895,94,3,1236.43,0.0412
21815,8563,22,1,1890.58,0.0144
21816,8095,30,2,2121.77,0.0049
21817,4562,160,3,123.84,0.1741
21818,8803,166,4,2032.29,0.2689
21819,68,130,4,1258.38,0.0682
21820,3321,121,4,898.46,0.0233
21821,1794,64,2,440.8,0.1589
21822,2915,178,5,574.52,0.1495
21823,338,183,1,1992.41,0.2199
21824,9666,156,4,2161.91,0.0591
21825,7259,3,1,2408.19,0.2586
21826,6969,187,5,379.11,0.0202
21827,5736,148,1,1295.66,0.1564
21828,4935,99,2,2294.14,0.1932
21829,766,190,2,562.51,0.0705
21830,8809,191,4,616.89,0.0158
21831,7394,19,1,1363.56,0.0271
21832,8761,134,3,1433.75,0.264
21833,2174,45,5,491.67,0.0002
21834,2152,70,2,1304.95,0.0809
21835,2720,190,2,2280.33,0.2938
21836,1747,78,5,1466.22,0.1138
21837,6468,14,3,1966.22,0.0364
21838,2387,193,3,1939.04,0.017
21839,1205,182,4,973.29,0.2812
21840,588,125,5,1973.08,0.2641
21841,907,81,3,2074.11,0.0255
21842,4614,188,3,1069.14,0.1762
21843,1702,78,2,1969.06,0.1864
21844,3895,31,1,2483.48,0.2102
21845,794,45,5,1581.58,0.0421
21846,9442,69,5,633.44,0.0533
21847,9325,80,2,2098.16,0.2819
21848,9331,20,4,313.12,0.1899
21849,9814,176,2,1258.52,0.1057
21850,3590,150,4,2246.12,0.2561
21851,6623,168,1,1625.51,0.158
21852,2827,178,2,2430.68,0.0331
21853,6008,178,5,990.97,0.2286
21854,8451,9,3,1326.08,0.2527
21855,4849,102,1,920.72,0.0144
21856,7785,79,2,1639.95,0.0347
21857,3699,180,5,770.71,0.0676
21858,9650,46,5,688.95,0.0434
21859,4454,78,5,1852.21,0.2119
21860,9464,137,3,2439.18,0.0273
21861,9937,161,5,440.27,0.0287
21862,4638,57,3,2185.29,0.2989
21863,9778,159,2,2342.05,0.1633
21864,8415,39,4,1927.07,0.1163
21865,2208,197,1,994.48,0.1018
21866,5240,181,1,169.92,0.1375
21867,7168,97,2,89.69,0.0784
21868,1363,113,2,1494.96,0.2789
21869,3849,82,5,1973.59,0.2804
21870,8049,116,5,772.38,0.2892
21871,3494,186,2,1120.79,0.274
21872,3475,76,1,637.94,0.28
21873,8996,64,2,2033.51,0.1339
21874,4875,118,5,2002.4,0.0835
21875,4596,27,2,1838.24,0.1065
21876,6735,105,5,2117.91,0.2284
21877,4056,9,1,400.46,0.0407
21878,8383,177,4,1123.16,0.0014
21879,3669,192,1,2042.1,0.2128
21880,7804,63,3,2390.5,0.1542
21881,3658,113,5,2017.28,0.2218
21882,499,150,2,2235.43,0.1901
21883,9568,2,2,63.39,0.0474
21884,9265,167,5,1898.37,0.1956
21885,4275,185,3,365.1,0.2924
21886,8882,112,5,1862.8,0.1762
21887,3608,151,2,193.28,0.0617
21888,3349,62,4,748.25,0.0543
21889,6554,13,3,1711.76,0.0561
21890,5827,121,2,496.22,0.211
21891,7629,109,1,1964.93,0.2446
21892,578,47,3,235.9,0.0471
21893,64,148,5,2073.74,0.2943
21894,8557,13,1,1431.45,0.1992
21895,9696,183,4,61.12,0.1128
21896,6561,155,4,645.68,0.0902
21897,3616,106,5,1213.88,0.2244
21898,3516,159,5,1612.08,0.1571
21899,7555,90,1,1689.41,0.1066
21900,8042,22,2,2239.06,0.036
21901,3697,32,3,1103.8,0.1827
21902,1213,64,3,46.22,0.1461
21903,6398,22,1,678.07,0.215
21904,1544,190,5,246.14,0.2949
21905,7922,47,5,2098.16,0.135
21906,5631,1,2,387.71,0.2916
21907,2787,196,4,905.32,0.0124
21908,3070,171,4,376.13,0.1731
21909,2841,87,1,1298.53,0.2482
21910,6366,38,1,501.15,0.0613
21911,4512,169,4,1913.18,0.1549
21912,6048,142,2,1235.15,0.2455
21913,9497,107,2,1247.64,0.1486
21914,5658,3,1,2378.79,0.1757
21915,7176,65,3,813.27,0.0189
21916,8389,44,3,961.12,0.2609
21917,4075,16,4,1486.02,0.0023
21918,6083,136,5,862.9,0.1535
21919,9703,193,5,2074.96,0.1424
21920,7904,85,3,1373.38,0.0255
21921,7366,62,2,21.61,0.0689
21922,1271,2,4,815.39,0.218
21923,4872,76,1,1255.24,0.2691
21924,3259,86,5,1954.6,0.0504
21925,8325,56,3,1855.47,0.2879
21926,4941,145,5,1680.35,0.0537
21927,7565,189,2,2087.35,0.1846
21928,3190,7,2,547.31,0.1954
21929,3630,85,5,1157.3,0.202
21930,3204,34,2,1358.62,0.2277
21931,9248,60,1,2434.28,0.1669
21932,5710,22,1,2441.1,0.0082
21933,883,150,3,1250.92,0.1589
21934,4916,149,4,368.11,0.2499
21935,2233,128,2,2220.5,0.173
21936,3006,13,4,81.41,0.047
21937,1208,198,5,1138.01,0.0617
21938,1918,127,3,1253.15,0.1488
21939,2780,44,2,380.26,0.0366
21940,3043,159,1,938.24,0.0386
21941,3551,25,5,1684.1,0.1727
21942,1486,96,1,1750.86,0.2859
21943,4495,55,5,1950.13,0.073
21944,1063,29,1,1439.78,0.1402
21945,4642,35,1,744.64,0.097
21946,8934,76,3,45.54,0.2204
21947,7851,80,3,1520.83,0.1607
21948,6395,73,2,1414.31,0.1792
21949,1453,76,1,1590.04,0.1596
21950,1377,90,4,2327.87,0.2436
21951,383,143,5,605.93,0.0542
21952,67,68,2,1770.74,0.2553
21953,6846,49,3,512.9,0.0358
21954,3904,176,5,1967.88,0.1813
21955,4851,44,5,91.23,0.1487
21956,1436,38,3,683.4,0.1167
21957,1654,112,2,655.77,0.1586
21958,6825,12,4,2124.29,0.0782
21959,5490,60,4,1375.96,0.1204
21960,8791,166,3,1042.29,0.0107
21961,9825,192,5,622.18,0.2992
21962,9652,94,3,817.16,0.0271
21963,9998,15,5,1807.84,0.2486
21964,8253,36,1,2127.81,0.1063
21965,6194,69,5,243.58,0.2207
21966,3597,196,1,51.07,0.1026
21967,5316,90,5,1379.45,0.2844
21968,7538,171,1,2096.63,0.0442
21969,9491,19,2,71.52,0.1062
21970,2264,78,4,1452.82,0.2937
21971,5412,91,1,2039.47,0.0502
21972,6680,120,5,296.86,0.165
21973,174,166,1,914.49,0.0096
21974,3855,26,5,265.46,0.2654
21975,1454,106,4,110.11,0.0766
21976,608,106,2,1242.76,0.1233
21977,8162,177,1,1667.01,0.1181
21978,7058,61,5,2307.3,0.0697
21979,8147,66,4,781.78,0.2091
21980,9970,140,3,662.46,0.1645
21981,7887,104,3,1563.02,0.0713
21982,5782,36,1,2368.92,0.2714
21983,2841,195,4,476.51,0.1242
21984,2840,68,1,309.84,0.1431
21985,7046,159,5,2110.59,0.1395
21986,1418,41,5,347.98,0.0206
21987,3109,156,3,1096.35,0.0248
21988,8722,175,5,1956.78,0.2439
21989,8680,184,5,947.51,0.2406
21990,1321,29,1,1628.96,0.2228
21991,4425,15,3,1985.15,0.2424
21992,97,85,2,1356.52,0.0777
21993,9710,142,5,512.23,0.282
21994,5137,144,3,574.86,0.0139
21995,5667,28,2,2459.32,0.1639
21996,6480,36,2,2031.03,0.1675
21997,8616,138,3,808.63,0.133
21998,1852,175,1,458.06,0.2145
21999,8623,182,3,713.58,0.0963
22000,1918,137,2,2055.32,0.1007
22001,2758,14,2,1494.62,0.0246
22002,3565,126,2,1730.76,0.2984
22003,1468,192,3,1646.5,0.1923
22004,5871,83,5,2139.01,0.1601
22005,4107,57,2,2470.1,0.0238
22006,9033,77,3,1582.04,0.0854
22007,4635,123,1,1517.6,0.1683
22008,1635,184,5,293.75,0.2183
22009,126,179,4,2304.98,0.1709
22010,6266,183,1,170.77,0.2891
22011,352,101,5,1698.97,0.0779
22012,8560,39,1,1860.87,0.2504
22013,8584,52,4,840.58,0.2147
22014,450,63,2,272.34,0.0184
22015,7173,61,1,1070.71,0.1054
22016,3069,67,1,610.99,0.2994
22017,236,71,5,1490.94,0.0437
22018,7657,28,3,101.72,0.0429
22019,6347,14,5,134.68,0.1741
22020,6864,165,3,1438.45,0.2293
22021,7961,112,4,358.22,0.0082
22022,4458,180,5,907.89,0.0783
22023,793,22,1,2189.34,0.1382
22024,2379,1,4,76.4,0.2048
22025,6718,54,5,386.66,0.0966
22026,5857,174,2,2264.56,0.1581
22027,4353,112,4,959.85,0.1232
22028,2424,85,2,926.27,0.1566
22029,6772,68,5,1389.85,0.2034
22030,2377,127,5,1107.17,0.2084
22031,5403,194,5,1939.12,0.0587
22032,4817,135,3,713.7,0.113
22033,578,101,4,390.76,0.0836
22034,5320,71,4,1393.3,0.1062
22035,9724,66,2,1184.75,0.106
22036,3213,129,2,908.43,0.0124
22037,4139,131,2,953.49,0.2487
22038,3733,1,4,2277.16,0.125
22039,2771,35,2,1986.98,0.27
22040,6562,16,1,511.96,0.1968
22041,4894,136,5,1116.16,0.2761
22042,3154,149,2,1886.79,0.2782
22043,5752,5,1,1304.27,0.0097
22044,9124,56,2,2335.34,0.1348
22045,4871,31,5,1783.04,0.07
22046,2093,90,1,363.96,0.0994
22047,8818,1,5,1007.76,0.0491
22048,1870,141,3,2145.05,0.0092
22049,1991,32,5,1011.5,0.1102
22050,4282,197,4,1281.5,0.2275
22051,2680,84,5,2040.6,0.2758
22052,8492,51,3,64.9,0.1622
22053,235,92,2,208.04,0.0343
22054,8079,135,4,673.66,0.1304
22055,1105,124,3,1918.73,0.2124
22056,6440,58,5,701.19,0.1355
22057,758,32,3,1043.6,0.0648
22058,4973,18,2,869.98,0.223
22059,3244,174,4,2003.72,0.2392
22060,8965,109,1,1522.73,0.2254
22061,5985,8,3,555.11,0.1677
22062,380,84,3,2210.06,0.1897
22063,7877,26,5,42.1,0.2008
22064,3906,18,4,1053.89,0.2765
22065,9079,46,1,1994.44,0.0474
22066,2421,125,3,1158.1,0.1703
22067,7276,130,1,714.01,0.1481
22068,1017,175,1,2297.76,0.0674
22069,1340,49,2,1675.2,0.2977
22070,3502,186,5,1361.31,0.238
22071,9877,88,1,2319.43,0.0842
22072,8411,8,5,2273.96,0.2385
22073,9714,22,2,874.03,0.0744
22074,6393,98,1,882.76,0.0841
22075,829,99,5,745.7,0.2668
22076,8018,153,4,719.14,0.2708
22077,3578,199,5,371.44,0.2443
22078,2659,78,4,1607.27,0.2985
22079,669,172,2,759.94,0.0331
22080,8028,157,2,1128.71,0.1612
22081,4806,7,4,1199.43,0.1393
22082,6817,128,3,1679.67,0.1806
22083,9151,25,1,2065.36,0.1831
22084,3058,8,1,2422.89,0.1889
22085,9946,131,4,1106.6,0.093
22086,6434,31,1,2136.77,0.0152
22087,1143,200,2,1339.59,0.1028
22088,8241,68,3,2336.8,0.2148
22089,6294,32,4,1904.07,0.1132
22090,3736,135,2,1719.28,0.1579
22091,312,142,2,1053.0,0.2959
22092,8187,162,4,769.42,0.2178
22093,9857,197,4,2020.13,0.2765
22094,4298,12,5,1457.93,0.1145
22095,7542,37,2,209.23,0.1672
22096,8977,27,1,1096.22,0.0648
22097,462,85,3,375.47,0.1253
22098,2453,121,5,83.54,0.0712
22099,1030,77,2,2480.53,0.1625
22100,6987,89,4,1362.76,0.1751
22101,6183,34,3,2033.81,0.0531
22102,660,42,3,1134.02,0.2597
22103,6996,64,2,1593.39,0.0595
22104,3797,48,1,2476.08,0.1299
22105,7798,17,3,1641.57,0.0489
22106,5161,149,2,419.41,0.0562
22107,1626,15,3,1969.62,0.1465
22108,3305,26,1,2324.43,0.1823
22109,3110,161,5,815.95,0.0222
22110,5404,99,2,570.65,0.0388
22111,1275,90,2,672.97,0.1018
22112,6922,140,5,429.93,0.0238
22113,5812,22,4,540.88,0.2078
22114,7239,98,2,1725.89,0.2709
22115,215,97,4,930.1,0.2129
22116,4978,74,2,2217.24,0.1781
22117,6396,173,3,906.24,0.2837
22118,3122,135,1,2296.91,0.1163
22119,5871,191,3,345.89,0.0052
22120,3803,28,2,99.01,0.0251
22121,8102,40,4,1960.67,0.2734
22122,8082,94,4,1922.71,0.2915
22123,4451,189,5,1749.77,0.0179
22124,6128,50,5,1062.26,0.2756
22125,689,114,5,511.21,0.0491
22126,7185,109,1,587.19,0.1099
22127,1399,94,5,2005.68,0.2261
22128,9814,10,4,2353.66,0.1192
22129,1910,25,3,2378.97,0.2329
22130,1845,140,2,945.59,0.2035
22131,2044,119,5,1635.36,0.2796
22132,4958,1,1,780.0,0.132
22133,3778,73,3,2135.0,0.1543
22134,4741,38,4,1487.61,0.2311
22135,4994,82,1,2154.33,0.2915
22136,4798,165,2,1869.04,0.1084
22137,9093,187,5,626.92,0.2811
22138,1727,113,2,91.57,0.206
22139,2011,140,2,2458.2,0.2707
22140,2271,165,4,1144.78,0.0808
22141,3402,96,3,697.47,0.2151
22142,2163,12,5,2032.17,0.1274
22143,6349,56,4,440.62,0.1246
22144,2489,101,3,1274.92,0.0486
22145,5987,167,3,1056.81,0.0868
22146,2028,184,1,329.6,0.239
22147,4863,56,4,1692.92,0.1871
22148,6532,107,4,2209.5,0.0733
22149,958,160,3,2322.95,0.2429
22150,4935,33,5,1396.8,0.2852
22151,9109,152,1,51.75,0.1272
22152,4781,159,5,975.5,0.2884
22153,3948,190,2,1380.75,0.0636
22154,8674,2,3,2421.3,0.0159
22155,6806,52,2,1118.58,0.0126
22156,262,81,5,890.25,0.1939
22157,6739,129,1,2308.52,0.206
22158,3968,52,3,1112.15,0.1883
22159,5019,95,3,2391.02,0.2513
22160,1930,124,1,805.08,0.2042
22161,9399,93,4,1867.94,0.2259
22162,8866,132,5,2110.97,0.1659
22163,2499,100,3,2219.21,0.0715
22164,5683,8,3,753.14,0.0404
22165,1134,100,2,2460.18,0.2871
22166,80,175,2,1860.67,0.0761
22167,5543,149,1,391.3,0.0763
22168,7685,75,1,1902.36,0.2736
22169,4922,140,4,2087.25,0.2726
22170,6033,91,3,467.66,0.1441
22171,4503,34,5,437.39,0.299
22172,7273,103,4,340.31,0.0532
22173,2110,77,5,1247.42,0.1326
22174,6151,81,5,1795.79,0.0463
22175,6269,68,3,956.73,0.1358
22176,5652,64,1,159.49,0.2985
22177,5488,103,1,908.82,0.1025
22178,5881,28,1,1759.34,0.1349
22179,6962,41,5,257.81,0.2956
22180,259,84,4,1398.27,0.0601
22181,3958,199,1,1515.47,0.2067
22182,5739,72,3,1632.68,0.1678
22183,4343,47,2,874.54,0.2531
22184,4654,15,2,2319.49,0.1482
22185,5969,95,4,2487.51,0.1569
22186,7027,149,2,2094.79,0.122
22187,3508,48,2,286.26,0.2099
22188,7805,167,2,680.77,0.197
22189,1084,32,2,515.02,0.2468
22190,8131,6,2,146.48,0.1344
22191,8624,88,1,2242.11,0.0674
22192,9432,96,5,482.87,0.1246
22193,9825,146,3,949.86,0.2656
22194,811,184,3,946.9,0.2035
22195,6282,108,3,1946.31,0.2441
22196,8032,9,2,1128.16,0.1944
22197,1026,141,4,937.21,0.2438
22198,8143,27,5,674.13,0.1591
22199,9712,101,3,1324.49,0.0299
22200,3298,136,3,299.07,0.1556
22201,7407,181,1,1548.56,0.2986
22202,8366,66,3,2060.87,0.0273
22203,5493,4,5,2319.72,0.271
22204,4695,14,4,1583.81,0.1102
22205,9738,25,1,2057.56,0.0272
22206,7270,169,5,577.54,0.1606
22207,2565,200,3,1292.74,0.2871
22208,8794,134,1,720.59,0.1617
22209,1104,5,4,2499.44,0.1287
22210,1657,149,5,948.95,0.0059
22211,407,177,4,569.48,0.2962
22212,9105,151,4,1933.67,0.0655
22213,3356,37,2,1156.31,0.293
22214,2868,83,5,330.55,0.0793
22215,8762,53,3,1974.25,0.1306
22216,6638,177,1,1213.57,0.0136
22217,8783,127,5,1975.9,0.1502
22218,2817,138,5,1881.74,0.0086
22219,2705,148,1,1432.07,0.2245
22220,4559,176,5,1804.2,0.1736
22221,6446,11,5,2142.95,0.0302
22222,3590,79,1,1130.21,0.1777
22223,2455,96,5,2391.03,0.233
22224,1630,139,1,467.13,0.1324
22225,2168,39,1,2424.23,0.0591
22226,7677,129,3,594.73,0.2539
22227,2749,64,5,1274.9,0.0658
22228,1217,47,3,1182.66,0.1659
22229,3097,91,3,164.86,0.0978
22230,9744,136,3,489.58,0.0915
22231,922,76,2,2077.37,0.0549
22232,517,126,4,700.74,0.1907
22233,3952,92,5,30.95,0.2608
22234,2830,48,3,2063.91,0.0038
22235,2505,106,2,2380.84,0.0953
22236,1486,106,2,1337.34,0.2462
22237,6783,126,5,1500.17,0.2037
22238,990,115,5,296.29,0.0393
22239,5377,147,4,2369.27,0.1191
22240,8338,88,4,541.88,0.2686
22241,3659,66,2,1379.84,0.1873
22242,3083,64,1,2413.24,0.2466
22243,2652,96,3,1127.45,0.1548
22244,6924,72,5,246.22,0.0725
22245,2210,109,5,549.85,0.028
22246,7158,125,4,192.55,0.2157
22247,2810,190,3,1019.13,0.0139
22248,2805,181,5,1478.81,0.0947
22249,1278,151,4,1130.84,0.0833
22250,8807,119,1,870.94,0.0528
22251,9096,29,3,428.25,0.1663
22252,5338,71,3,1751.63,0.2974
22253,9194,133,4,2412.83,0.2638
22254,4489,40,4,835.7,0.0664
22255,2131,160,2,1309.53,0.0257
22256,3426,104,5,425.3,0.2434
22257,2176,3,1,200.15,0.2069
22258,9968,10,4,430.23,0.1925
22259,7512,190,2,244.03,0.1598
22260,4202,168,5,1547.9,0.2201
22261,9964,117,3,1643.18,0.1547
22262,9338,93,3,2496.43,0.155
22263,7244,173,2,2479.47,0.1163
22264,8962,83,1,1112.92,0.2437
22265,6709,89,5,584.92,0.0455
22266,4352,174,2,1234.11,0.2643
22267,9074,74,3,2245.67,0.1946
22268,2407,179,4,1709.48,0.1811
22269,3359,139,3,1553.33,0.2764
22270,2085,179,1,1743.82,0.1941
22271,4792,133,3,394.45,0.0633
22272,6824,107,1,962.47,0.2447
22273,9868,156,3,493.01,0.2823
22274,4663,33,3,2373.9,0.1
22275,9953,130,1,498.54,0.0801
22276,367,118,1,466.36,0.201
22277,4121,93,1,2267.23,0.2808
22278,5266,82,3,2373.62,0.0883
22279,670,110,1,1784.73,0.1037
22280,2834,10,5,2496.23,0.0211
22281,1671,184,4,140.23,0.2223
22282,9807,143,2,1802.8,0.246
22283,5406,27,3,480.61,0.0698
22284,5509,155,1,950.34,0.2656
22285,4293,149,1,745.67,0.1466
22286,2465,159,5,2174.5,0.0792
22287,8198,189,3,306.76,0.1771
22288,3376,128,2,782.78,0.1727
22289,4484,198,3,1894.78,0.0999
22290,7821,13,4,1874.44,0.1966
22291,794,168,3,1360.01,0.2383
22292,3296,15,2,2035.22,0.2146
22293,6770,124,4,225.99,0.1122
22294,3557,187,4,27.02,0.2451
22295,2298,112,2,271.58,0.1994
22296,6081,170,5,2048.46,0.0852
22297,985,151,1,1246.82,0.2596
22298,2741,64,5,970.0,0.0082
22299,2113,110,4,597.4,0.1937
22300,3715,99,2,337.63,0.1596
22301,8039,54,5,1454.61,0.203
22302,9621,8,5,1606.58,0.1576
22303,8985,97,1,139.16,0.2883
22304,5973,156,5,196.0,0.1018
22305,5487,71,3,1825.47,0.0834
22306,963,141,2,1096.48,0.0831
22307,9704,170,5,801.41,0.148
22308,8925,159,1,1216.69,0.1992
22309,5183,13,4,499.53,0.0241
22310,7763,35,3,79.58,0.2741
22311,7962,120,3,879.75,0.0792
22312,5991,50,1,827.21,0.0038
22313,9667,71,4,1014.93,0.2777
22314,505,150,5,1267.63,0.0716
22315,8798,168,3,2003.19,0.1987
22316,5693,180,2,2264.07,0.0106
22317,1692,137,3,456.8,0.185
22318,8482,160,3,1002.98,0.0808
22319,9872,3,3,73.47,0.0599
22320,4329,192,3,1620.02,0.0189
22321,3543,21,4,880.09,0.2678
22322,9625,126,1,1087.41,0.2786
22323,6373,77,3,180.85,0.2481
22324,3987,97,5,2110.25,0.0882
22325,8189,164,1,1835.0,0.0
22326,7755,10,3,417.63,0.0723
22327,2370,146,3,29.36,0.1763
22328,8038,1,2,305.27,0.099
22329,6838,159,4,1235.65,0.0399
22330,3040,154,1,2032.87,0.06
22331,4684,38,3,1803.47,0.2416
22332,2790,183,1,1601.28,0.0941
22333,2384,76,4,2000.23,0.0404
22334,8371,171,1,1286.71,0.179
22335,3736,43,2,1668.79,0.1713
22336,9065,51,1,2089.63,0.1203
22337,2516,93,1,1392.68,0.1523
22338,9713,188,2,1519.33,0.0775
22339,2467,58,4,1561.26,0.2087
22340,8367,60,5,2323.95,0.0665
22341,3370,5,4,1145.41,0.1751
22342,51,42,3,240.01,0.1439
22343,9893,2,3,2178.8,0.0416
22344,9176,188,2,153.88,0.1196
22345,4732,140,1,129.64,0.1549
22346,159,142,2,500.11,0.0097
22347,7310,47,1,197.44,0.2403
22348,117,54,3,1311.63,0.2172
22349,9684,35,3,2191.88,0.0768
22350,985,47,1,621.66,0.0739
22351,3238,124,5,139.52,0.0946
22352,8978,17,5,641.27,0.2403
22353,7719,131,3,736.33,0.2702
22354,9811,73,4,2166.63,0.052
22355,1528,188,2,1648.34,0.0019
22356,5443,199,2,383.72,0.2229
22357,1833,64,4,734.38,0.1313
22358,8113,84,2,1580.32,0.1963
22359,1146,189,1,147.37,0.2622
22360,1254,76,1,1702.43,0.2788
22361,2189,7,5,2187.55,0.1218
22362,9598,118,1,2170.02,0.0738
22363,1187,62,4,161.97,0.2399
22364,9641,157,2,2024.07,0.1132
22365,9195,122,1,1261.14,0.0294
22366,2612,125,2,1258.35,0.2177
22367,7656,18,1,1452.09,0.2226
22368,9679,2,5,1029.98,0.0608
22369,2952,176,5,1789.66,0.0077
22370,8173,11,1,815.5,0.0359
22371,2112,26,2,1871.79,0.0942
22372,7714,126,3,2316.58,0.1083
22373,5539,147,2,333.55,0.266
22374,6960,187,5,1121.19,0.1538
22375,8906,84,5,61.57,0.2645
22376,2241,88,5,1109.64,0.0563
22377,6597,141,2,1101.52,0.2329
22378,1475,6,3,1820.34,0.0275
22379,1024,40,5,895.81,0.2458
22380,5106,165,3,2218.54,0.112
22381,398,121,1,1006.12,0.201
22382,6318,65,2,1388.21,0.2828
22383,4014,52,5,660.04,0.2406
22384,3329,2,1,402.77,0.0628
22385,1874,41,4,1649.28,0.2135
22386,4634,62,3,1060.62,0.1067
22387,5750,30,5,1549.19,0.1969
22388,7960,88,3,1527.47,0.0261
22389,4397,38,1,1230.8,0.0025
22390,8820,30,5,765.6,0.2795
22391,2799,126,2,504.18,0.2834
22392,6868,137,1,467.99,0.0442
22393,9859,101,4,1349.98,0.2819
22394,947,16,5,752.28,0.1704
22395,623,163,5,1404.09,0.1709
22396,2162,92,1,1993.88,0.2202
22397,1761,76,3,1257.99,0.2287
22398,6290,76,4,1185.91,0.0714
22399,2981,51,4,2376.1,0.2418
22400,1215,9,5,949.22,0.2452
22401,620,157,2,88.88,0.0557
22402,3603,115,5,2206.04,0.1895
22403,7319,179,2,572.73,0.2231
22404,5815,145,2,1499.57,0.1758
22405,4888,161,5,2344.97,0.0919
22406,4250,34,1,1865.74,0.0848
22407,6112,90,2,2087.11,0.2921
22408,2614,146,1,1067.34,0.2513
22409,9827,98,1,1156.03,0.0787
22410,7769,102,1,162.66,0.2436
22411,4769,89,4,1676.71,0.0909
22412,4056,180,5,1864.49,0.2841
22413,8049,179,3,1331.14,0.2419
22414,101,124,1,2134.15,0.2435
22415,5861,50,4,286.95,0.0143
22416,7377,48,2,233.63,0.0197
22417,3630,45,5,336.15,0.244
22418,766,79,3,2159.44,0.1352
22419,7050,194,1,479.28,0.2809
22420,3405,87,4,195.2,0.207
22421,3567,45,5,1986.61,0.1006
22422,4666,70,3,1749.34,0.0794
22423,6726,103,5,411.92,0.2799
22424,5440,147,3,1912.04,0.0485
22425,3280,34,3,746.54,0.1664
22426,8925,165,5,87.87,0.0991
22427,1407,187,5,101.65,0.2705
22428,7740,122,3,316.04,0.2972
22429,3927,174,2,2051.02,0.166
22430,779,191,1,1002.66,0.0186
22431,1373,87,1,953.52,0.2912
22432,8511,79,4,1986.4,0.1298
22433,9088,130,5,1620.99,0.1328
22434,9189,38,3,2207.56,0.1231
22435,6859,89,3,76.83,0.0917
22436,5862,72,3,428.07,0.0298
22437,3529,60,1,2136.74,0.2489
22438,6600,75,4,2401.86,0.0765
22439,2142,29,4,747.62,0.1394
22440,3463,60,3,106.17,0.0655
22441,1253,69,3,42.2,0.0045
22442,1521,165,3,86.91,0.157
22443,585,84,3,1652.47,0.0563
22444,6336,12,4,640.45,0.1028
22445,880,80,5,936.3,0.0679
22446,462,85,4,936.47,0.1782
22447,3635,165,3,630.81,0.2508
22448,8803,186,2,462.01,0.0193
22449,7111,55,5,1312.88,0.0386
22450,6942,114,2,184.97,0.1551
22451,1337,21,1,1152.92,0.0726
22452,961,117,3,1057.52,0.2563
22453,9578,136,2,737.15,0.1977
22454,6973,110,3,219.03,0.2313
22455,5055,95,3,1647.13,0.2493
22456,6389,149,1,1511.54,0.0064
22457,2296,67,5,1859.33,0.2738
22458,7331,187,3,1337.32,0.2739
22459,7801,125,5,1284.6,0.0042
22460,3269,175,4,621.3,0.0105
22461,2732,85,1,1003.55,0.049
22462,4714,32,4,1347.18,0.2912
22463,8675,186,1,197.31,0.1657
22464,2256,113,2,1763.95,0.1321
22465,8070,154,2,2329.25,0.2697
22466,7120,13,3,2424.37,0.2236
22467,7736,15,5,2032.96,0.0147
22468,4232,2,5,2026.03,0.2796
22469,4319,161,5,425.71,0.2599
22470,9673,192,5,829.08,0.1253
22471,4382,31,1,1907.44,0.0223
22472,3405,65,3,107.61,0.2306
22473,7194,182,5,219.98,0.0217
22474,7746,103,3,1602.28,0.1082
22475,5565,117,3,1094.24,0.0132
22476,4910,143,5,1712.4,0.1701
22477,4429,84,3,652.94,0.112
22478,2163,180,1,216.44,0.2562
22479,3088,71,3,2076.05,0.1711
22480,4240,100,5,1959.92,0.1994
22481,6785,171,3,1164.53,0.0511
22482,2634,12,3,2202.99,0.2447
22483,5134,5,5,568.99,0.2757
22484,6353,134,1,927.38,0.2241
22485,7122,5,5,618.12,0.0219
22486,5211,62,2,230.2,0.2427
22487,3633,173,2,1637.19,0.2188
22488,9238,39,3,1485.0,0.057
22489,8040,107,4,1119.79,0.0567
22490,1698,70,2,2152.04,0.2636
22491,410,134,2,1241.74,0.0387
22492,3228,75,2,1133.88,0.0064
22493,915,16,4,1708.45,0.0781
22494,9375,109,4,108.84,0.137
22495,8279,195,1,707.36,0.1514
22496,8599,160,4,2086.68,0.1964
22497,4616,25,1,337.66,0.2666
22498,2058,82,5,2050.25,0.2515
22499,7426,83,1,1591.97,0.2568
22500,2326,112,1,2005.95,0.0234
22501,3205,35,2,209.0,0.0088
22502,9673,115,3,1768.0,0.1401
22503,4664,174,2,1949.94,0.0791
22504,8468,192,2,77.6,0.2442
22505,8669,54,5,1822.64,0.2618
22506,2246,27,1,1227.28,0.14
22507,7492,13,1,47.06,0.1942
22508,2532,108,2,1622.75,0.0697
22509,5305,121,4,615.09,0.1735
22510,5653,159,3,2413.14,0.2048
22511,27,117,2,2445.54,0.11
22512,7507,195,3,22.61,0.1871
22513,6255,31,2,348.67,0.0105
22514,371,190,2,1293.72,0.236
22515,5830,37,5,1576.75,0.1665
22516,6769,150,2,1586.73,0.015
22517,9866,97,4,1806.23,0.1368
22518,8178,173,4,449.81,0.1808
22519,6613,143,1,760.19,0.0235
22520,5412,102,2,1352.08,0.2956
22521,4024,62,1,366.95,0.2228
22522,1628,106,1,2031.15,0.0777
22523,8321,48,3,1964.7,0.2398
22524,7339,124,5,1709.96,0.2291
22525,7018,15,3,840.65,0.069
22526,8387,29,4,1460.27,0.2368
22527,9847,26,3,28.07,0.0246
22528,995,22,5,1506.03,0.2033
22529,1606,132,4,138.48,0.1864
22530,1338,33,3,563.46,0.2863
22531,5556,185,5,880.55,0.1915
22532,8390,69,2,1619.08,0.1047
22533,1369,28,2,616.36,0.1586
22534,2332,127,1,339.42,0.2948
22535,8872,35,3,1248.62,0.0419
22536,9108,170,4,1880.82,0.2009
22537,7119,160,1,985.63,0.223
22538,6259,93,3,2148.0,0.2391
22539,3722,174,4,2354.03,0.2612
22540,1470,24,2,1789.4,0.1983
22541,6437,94,1,2021.69,0.1531
22542,9566,73,4,1392.12,0.1346
22543,323,127,3,1446.53,0.0891
22544,3252,176,1,106.14,0.2752
22545,9635,182,4,1334.12,0.0662
22546,4464,146,3,1326.19,0.2549
22547,9918,11,4,1404.77,0.1532
22548,8946,150,1,572.09,0.0363
22549,8733,101,3,976.89,0.2116
22550,6430,121,5,2373.27,0.1775
22551,5782,96,1,2132.33,0.0288
22552,4405,58,4,1141.87,0.0045
22553,2838,108,5,1054.48,0.0365
22554,7100,171,3,1962.38,0.1981
22555,4913,112,2,1004.19,0.1419
22556,7089,134,4,1507.59,0.0257
22557,8583,163,4,2179.46,0.1911
22558,2094,131,1,495.24,0.1274
22559,6155,85,2,1857.87,0.1945
22560,2064,114,1,2493.7,0.2342
22561,7350,171,5,109.72,0.0072
22562,9913,34,2,88.43,0.0167
22563,8740,3,2,1747.64,0.2246
22564,1075,173,1,1118.3,0.0157
22565,4246,45,2,470.17,0.1679
22566,1512,104,4,1302.12,0.24
22567,9475,127,3,2229.63,0.0179
22568,7459,165,1,1314.14,0.2047
22569,625,53,5,2351.33,0.0335
22570,5926,133,1,1430.43,0.2118
22571,7530,50,1,477.77,0.2378
22572,6569,192,5,2098.71,0.0326
22573,6438,112,5,959.51,0.2645
22574,3800,17,5,1515.0,0.2229
22575,8354,132,3,991.89,0.1018
22576,523,8,5,1071.01,0.0083
22577,9423,41,5,445.62,0.0419
22578,3053,111,2,1569.92,0.1174
22579,7701,22,1,800.33,0.1565
22580,9628,96,5,886.47,0.2268
22581,7787,27,5,497.33,0.2012
22582,3174,58,3,866.38,0.2834
22583,3069,134,5,2056.03,0.1831
22584,546,159,3,2386.74,0.1405
22585,7233,59,5,1107.54,0.1571
22586,4064,4,4,1875.95,0.0563
22587,7940,175,4,2275.2,0.2106
22588,6505,103,2,644.61,0.1228
22589,2795,171,2,346.93,0.2519
22590,9528,117,3,619.62,0.0763
22591,7238,97,4,2227.54,0.1676
22592,9226,95,3,775.48,0.0767
22593,4312,60,4,1321.48,0.1987
22594,7932,156,5,2412.98,0.2467
22595,8074,63,2,1198.31,0.1241
22596,9036,145,5,925.12,0.1005
22597,7777,95,3,2307.19,0.2704
22598,1433,50,4,279.94,0.1397
22599,7370,100,3,1774.28,0.0634
22600,1241,110,3,1085.95,0.0565
22601,1824,17,4,1969.33,0.0586
22602,6200,138,2,1186.59,0.0921
22603,3226,115,4,2079.36,0.0387
22604,3529,48,2,1085.56,0.2079
22605,8091,150,5,400.62,0.1426
22606,7881,64,3,1006.1,0.2068
22607,9708,158,5,340.44,0.0947
22608,9227,20,2,156.01,0.1253
22609,9830,14,5,616.84,0.1633
22610,6843,15,1,1053.61,0.1333
22611,4510,43,2,338.4,0.0246
22612,5643,57,2,1739.19,0.0662
22613,2449,147,4,1588.48,0.158
22614,2827,181,2,2013.84,0.2771
22615,4665,40,5,616.13,0.0868
22616,982,95,3,955.14,0.1466
22617,2098,151,3,1652.34,0.0644
22618,8186,108,4,1025.06,0.1232
22619,2633,22,1,969.41,0.0328
22620,2897,200,5,877.09,0.097
22621,3125,31,1,1249.16,0.0398
22622,4697,16,1,1029.11,0.0419
22623,9980,54,2,1374.85,0.0313
22624,8400,103,3,2467.92,0.2198
22625,2785,152,2,1221.27,0.1335
22626,5570,21,5,1940.93,0.0474
22627,4267,72,1,1676.19,0.283
22628,5162,38,4,1399.43,0.1619
22629,8908,70,4,1850.66,0.162
22630,3051,142,1,1598.78,0.1593
22631,3737,119,1,182.79,0.1157
22632,590,158,1,1868.06,0.0429
22633,2953,7,4,2264.22,0.1217
22634,9595,4,4,2015.33,0.1417
22635,9950,121,2,957.9,0.2375
22636,7677,83,4,2257.68,0.2193
22637,8076,25,2,267.34,0.213
22638,2826,153,5,961.57,0.0922
22639,216,147,1,27.32,0.2667
22640,588,30,5,908.44,0.1909
22641,2586,171,4,117.48,0.0101
22642,2016,94,3,1879.72,0.1892
22643,2125,15,3,693.49,0.205
22644,4045,176,4,1382.27,0.2587
22645,7992,29,3,1485.58,0.2604
22646,3030,161,5,781.7,0.1011
22647,5168,39,2,625.37,0.0109
22648,3095,40,3,1384.2,0.1237
22649,2113,23,5,609.6,0.1881
22650,7541,62,2,405.57,0.1283
22651,3810,171,3,1864.92,0.1031
22652,6285,192,5,810.3,0.1331
22653,3820,101,3,1127.5,0.1798
22654,7345,119,5,2282.13,0.2288
22655,7935,42,5,331.27,0.0042
22656,5225,52,4,174.39,0.1872
22657,9866,94,1,1082.85,0.0378
22658,3203,80,4,1542.91,0.255
22659,8732,127,4,1171.77,0.1664
22660,1365,33,3,36.17,0.1193
22661,5643,91,4,1023.37,0.2414
22662,9228,138,4,1210.25,0.2195
22663,5802,148,3,2367.76,0.2748
22664,2912,63,5,205.08,0.2174
22665,8074,132,1,1725.06,0.0517
22666,829,143,3,995.64,0.2614
22667,2458,15,3,2185.68,0.0283
22668,9051,63,5,1653.66,0.2408
22669,2740,175,1,993.71,0.2821
22670,900,145,4,1604.4,0.2852
22671,5270,49,2,1124.41,0.2033
22672,7044,17,4,1797.75,0.2717
22673,8839,12,5,1978.56,0.2893
22674,6335,11,1,1738.46,0.2324
22675,5362,154,3,943.31,0.1089
22676,3671,121,1,101.55,0.0908
22677,1219,112,5,358.66,0.0745
22678,8280,89,1,1167.71,0.1396
22679,3439,173,5,1469.25,0.2004
22680,361,182,1,247.18,0.013
22681,116,105,1,1165.48,0.2076
22682,6933,65,1,726.05,0.098
22683,3504,63,2,184.51,0.1049
22684,480,26,3,893.5,0.0682
22685,3496,195,2,1588.52,0.0399
22686,5334,59,1,1943.41,0.2047
22687,9188,122,3,1907.68,0.0434
22688,3808,43,4,1283.77,0.1875
22689,3771,120,1,250.85,0.2622
22690,9338,139,1,1495.17,0.2528
22691,4804,175,3,142.41,0.1084
22692,5040,156,4,1071.26,0.2206
22693,2749,28,1,1652.52,0.1778
22694,7,163,1,321.69,0.0594
22695,1926,135,5,1559.45,0.0799
22696,6813,97,2,1687.35,0.1472
22697,2076,27,3,2227.88,0.2777
22698,4921,93,2,553.66,0.1887
22699,1855,155,1,2050.99,0.1538
22700,723,106,2,869.87,0.1938
22701,1804,95,4,979.19,0.0454
22702,3430,175,1,2413.33,0.0373
22703,3553,133,3,1277.78,0.2912
22704,3461,37,5,2176.95,0.2512
22705,7075,21,1,1751.11,0.1648
22706,4259,90,3,1056.27,0.1401
22707,5231,118,4,122.36,0.1025
22708,2719,69,5,1239.35,0.1602
22709,1270,97,1,945.54,0.2872
22710,5924,42,2,1318.75,0.0197
22711,8616,63,2,1831.76,0.1759
22712,2659,2,1,1349.89,0.2851
22713,6568,87,3,1682.79,0.2313
22714,2749,128,4,1753.15,0.236
22715,7415,179,3,1951.93,0.193
22716,4818,93,3,1629.66,0.2788
22717,2780,146,2,2203.59,0.2797
22718,552,163,1,760.49,0.1552
22719,913,138,5,2091.9,0.2238
22720,1383,167,2,1584.74,0.2964
22721,8598,97,2,1539.09,0.1346
22722,7736,32,1,478.14,0.1074
22723,6974,37,5,2112.49,0.033
22724,569,193,5,1509.93,0.2002
22725,655,17,3,464.38,0.0421
22726,1373,110,2,138.7,0.1659
22727,9592,36,3,1224.1,0.0181
22728,1590,155,5,717.34,0.2984
22729,9940,48,1,752.21,0.1987
22730,4057,167,3,206.52,0.0165
22731,9960,193,1,570.5,0.2151
22732,5529,166,3,2418.93,0.1827
22733,9134,62,1,1406.15,0.2088
22734,3250,142,1,1344.8,0.2437
22735,8097,196,2,1271.73,0.2117
22736,3825,175,1,1925.69,0.051
22737,1140,43,5,1694.87,0.0802
22738,2887,114,1,491.38,0.056
22739,1766,130,1,1260.65,0.2128
22740,4956,122,4,1776.67,0.1205
22741,2023,89,2,1135.14,0.019
22742,7836,166,2,1361.94,0.146
22743,9376,187,2,216.84,0.1346
22744,3592,176,2,44.98,0.1688
22745,4192,78,2,1925.56,0.2741
22746,5244,141,4,1941.0,0.2425
22747,7875,172,1,1279.1,0.2277
22748,3719,19,3,2040.97,0.0619
22749,9216,140,1,1957.77,0.2722
22750,5254,60,2,904.0,0.1101
22751,2525,159,5,1234.46,0.1325
22752,2062,34,4,1193.71,0.01
22753,2221,169,3,63.56,0.1954
22754,9128,151,2,15.54,0.2829
22755,8507,16,3,2098.38,0.0777
22756,5925,72,4,2444.82,0.0661
22757,5202,31,2,1894.04,0.0581
22758,6084,183,4,192.81,0.0921
22759,6135,96,4,1527.58,0.2233
22760,6044,117,1,1570.45,0.2528
22761,1065,170,2,683.58,0.2197
22762,5971,23,2,1226.11,0.0927
22763,3169,166,5,46.73,0.1962
22764,5357,100,1,1178.42,0.1811
22765,2391,96,2,684.94,0.147
22766,5085,151,2,554.0,0.1557
22767,9895,87,3,2436.36,0.1576
22768,462,97,5,1687.43,0.0546
22769,4290,127,4,2232.88,0.2784
22770,2381,154,5,376.65,0.2008
22771,7452,40,1,585.18,0.2689
22772,7583,3,5,2318.26,0.0918
22773,4748,1,5,713.31,0.1235
22774,2317,178,5,2199.98,0.1025
22775,3443,27,3,1851.78,0.2551
22776,7500,44,1,108.85,0.1767
22777,3198,86,4,392.79,0.0697
22778,9076,55,1,1400.83,0.1525
22779,1714,143,4,2293.88,0.1659
22780,5328,94,3,1446.78,0.2567
22781,9568,44,1,1751.24,0.0794
22782,6646,96,3,1689.53,0.0807
22783,7825,197,3,298.05,0.0429
22784,6258,69,2,2076.03,0.0421
22785,723,150,5,1834.02,0.0306
22786,2567,190,4,810.46,0.0074
22787,2980,113,2,1159.69,0.0668
22788,7464,179,3,1207.66,0.0774
22789,1194,167,3,1988.75,0.171
22790,4260,150,2,2381.26,0.0789
22791,7025,135,4,2146.66,0.2777
22792,5927,50,5,1204.57,0.0136
22793,3961,182,1,855.14,0.1277
22794,6273,74,5,589.17,0.052
22795,4848,114,5,1720.83,0.0133
22796,5848,140,2,1052.68,0.1145
22797,2891,190,2,368.58,0.2018
22798,1878,101,2,137.26,0.2716
22799,4649,166,4,1461.76,0.0098
22800,8843,67,2,2185.44,0.2419
22801,947,198,2,836.88,0.0454
22802,8384,94,2,540.41,0.1133
22803,7405,41,3,1264.47,0.1943
22804,8191,195,4,1885.4,0.084
22805,8103,130,1,102.44,0.273
22806,1071,57,5,2193.43,0.1611
22807,6493,59,1,2477.72,0.1875
22808,2858,158,4,1124.27,0.0546
22809,5733,189,3,2113.38,0.1334
22810,3533,92,5,1054.58,0.0005
22811,5071,177,2,276.3,0.1512
22812,153,177,4,1263.33,0.1487
22813,1651,121,5,456.19,0.1169
22814,3971,43,5,490.45,0.1782
22815,1331,95,1,1991.45,0.2248
22816,5774,145,5,270.84,0.0165
22817,285,58,5,745.3,0.0823
22818,2591,20,1,915.26,0.0452
22819,5600,77,3,2274.5,0.0789
22820,6783,54,3,1530.91,0.048
22821,4883,124,5,155.64,0.2407
22822,3748,58,4,713.48,0.0177
22823,6274,4,4,173.66,0.0374
22824,4839,91,5,1843.8,0.1807
22825,5907,72,5,497.78,0.2981
22826,3502,192,5,569.17,0.276
22827,8432,137,3,315.03,0.1845
22828,7720,35,5,1726.07,0.1196
22829,8338,125,4,1302.21,0.1161
22830,8041,156,2,673.07,0.2598
22831,9508,155,1,1984.53,0.0102
22832,6062,199,2,1461.56,0.0869
22833,308,178,4,466.31,0.0423
22834,7990,173,4,60.93,0.0612
22835,885,14,5,238.96,0.0238
22836,7798,29,2,846.38,0.0775
22837,8818,110,2,210.04,0.0724
22838,3863,60,3,620.61,0.078
22839,6950,157,3,207.19,0.0673
22840,5140,57,3,200.04,0.0675
22841,2308,121,2,780.87,0.2452
22842,7153,61,5,1291.23,0.2191
22843,2245,188,1,868.31,0.2056
22844,4486,113,2,270.39,0.0715
22845,8895,66,5,152.72,0.1796
22846,8538,51,1,501.79,0.2247
22847,7296,10,5,1753.84,0.0631
22848,6258,88,5,1675.78,0.1253
22849,3007,91,3,2237.84,0.1718
22850,3279,51,2,2282.28,0.0753
22851,2896,96,1,1933.3,0.2189
22852,8023,176,3,57.31,0.174
22853,6870,57,1,284.54,0.0916
22854,709,180,1,1853.51,0.1088
22855,1195,57,4,2068.54,0.1097
22856,261,85,1,1535.28,0.1409
22857,7490,86,5,918.87,0.1633
22858,3236,118,1,472.53,0.1436
22859,9454,12,3,1696.0,0.0455
22860,8867,34,4,1040.42,0.1996
22861,7085,194,4,936.67,0.0312
22862,9519,169,5,1182.69,0.0502
22863,7056,182,3,2093.33,0.1965
22864,8106,21,4,1612.08,0.1344
22865,8611,120,4,1395.05,0.1711
22866,1264,95,4,809.26,0.0831
22867,197,146,2,824.15,0.0205
22868,1291,97,3,2470.56,0.2819
22869,1075,46,4,1187.27,0.1559
22870,5853,7,3,590.61,0.1378
22871,7536,166,5,1808.02,0.2802
22872,3438,20,3,1880.26,0.2951
22873,8430,132,5,958.29,0.0166
22874,946,11,2,1970.63,0.0959
22875,6467,6,5,2176.78,0.1912
22876,8899,103,5,2076.71,0.2681
22877,9281,135,1,194.8,0.1754
22878,8204,45,5,1983.99,0.2952
22879,2987,30,2,1012.01,0.2046
22880,7149,106,5,280.09,0.0032
22881,5472,28,5,2232.19,0.1473
22882,5910,102,2,1230.97,0.2866
22883,167,56,5,2194.4,0.0539
22884,9958,129,5,1502.52,0.2807
22885,3164,88,3,823.56,0.0805
22886,4064,60,1,1451.22,0.2739
22887,1841,176,5,2395.6,0.183
22888,5647,28,4,1561.04,0.1103
22889,4192,183,2,2038.12,0.2732
22890,5750,98,4,2164.03,0.0263
22891,7367,81,4,987.43,0.2215
22892,8885,88,4,404.15,0.178
22893,7283,31,4,2439.37,0.1136
22894,6972,148,2,2223.03,0.1608
22895,7049,187,1,1488.09,0.2288
22896,1130,29,4,2365.82,0.0351
22897,5980,28,3,1536.38,0.0794
22898,7957,78,5,1560.86,0.1143
22899,1101,170,4,1578.52,0.2197
22900,7038,192,4,2065.86,0.2706
22901,4788,124,5,792.31,0.2799
22902,348,154,5,786.11,0.1141
22903,6629,128,2,95.91,0.1373
22904,208,11,5,2024.97,0.2722
22905,7351,144,1,669.3,0.0168
22906,1546,164,3,559.77,0.2201
22907,5070,29,4,1196.18,0.1788
22908,631,91,2,2147.64,0.0547
22909,2717,29,4,1502.83,0.2402
22910,8369,156,1,2108.83,0.0225
22911,3360,96,4,16.03,0.0378
22912,3367,155,3,485.57,0.1646
22913,9813,11,1,1796.85,0.0923
22914,8322,173,4,720.17,0.0322
22915,7882,200,5,2347.0,0.2099
22916,2706,184,5,1891.95,0.0476
22917,4231,177,3,1755.5,0.2941
22918,773,53,1,55.86,0.2813
22919,4509,107,2,1733.63,0.1216
22920,7726,68,5,1319.01,0.2242
22921,6285,180,5,444.74,0.2421
22922,9283,121,4,1473.37,0.1677
22923,9288,160,1,277.08,0.2431
22924,3762,187,5,1223.64,0.2386
22925,5235,192,4,490.68,0.2963
22926,900,56,2,41.39,0.0867
22927,4522,188,2,935.66,0.2631
22928,5731,153,5,930.93,0.2008
22929,588,84,5,1297.95,0.052
22930,7448,50,5,2404.98,0.0478
22931,3831,7,1,212.29,0.2362
22932,7139,96,5,571.52,0.1224
22933,82,115,4,1134.67,0.2631
22934,4904,6,2,883.01,0.1542
22935,4856,52,1,1417.54,0.0922
22936,2850,146,2,2012.78,0.2562
22937,4732,12,1,1054.34,0.2741
22938,3622,111,2,783.32,0.1428
22939,915,165,5,581.41,0.1469
22940,1763,10,5,1973.05,0.2746
22941,5933,87,4,244.94,0.1022
22942,9876,21,5,1222.03,0.1906
22943,4319,182,2,942.76,0.0129
22944,9945,118,4,1587.18,0.2997
22945,6693,141,2,1363.8,0.0406
22946,6175,194,3,876.51,0.0534
22947,8431,66,4,277.61,0.046
22948,5674,146,4,353.79,0.0141
22949,1646,35,1,1708.01,0.2328
22950,2017,112,2,1240.2,0.1352
22951,7817,98,2,1974.69,0.1396
22952,6858,101,2,2314.17,0.2918
22953,2044,160,5,1691.47,0.0657
22954,8671,25,1,2281.58,0.0169
22955,1205,152,1,83.57,0.1824
22956,7051,39,2,1350.51,0.132
22957,8566,60,5,678.54,0.0604
22958,5481,26,2,503.86,0.1425
22959,5392,42,5,711.59,0.0563
22960,5133,39,3,2051.37,0.2869
22961,5542,69,1,1580.31,0.2684
22962,6029,70,3,1946.15,0.1568
22963,8591,96,4,1257.08,0.1348
22964,7568,41,1,679.04,0.0845
22965,4265,160,3,1178.43,0.2171
22966,1074,8,3,548.79,0.0413
22967,3180,18,4,2478.73,0.2213
22968,3291,186,5,1936.11,0.1368
22969,7874,118,4,170.05,0.1695
22970,41,129,5,2494.88,0.2063
22971,7538,152,4,387.3,0.219
22972,1656,175,1,1650.5,0.2041
22973,4635,81,3,957.34,0.0924
22974,1345,63,3,1365.94,0.0447
22975,931,146,5,1789.99,0.0894
22976,9707,148,4,766.29,0.0524
22977,9755,26,2,269.29,0.2578
22978,6169,114,1,1647.63,0.0195
22979,2230,101,2,78.51,0.1716
22980,8881,91,3,573.94,0.2768
22981,8163,167,4,36.59,0.2922
22982,3413,23,5,1842.18,0.2656
22983,2151,90,5,2208.22,0.1501
22984,9091,5,5,821.89,0.1841
22985,8516,14,3,797.21,0.0443
22986,5945,99,1,257.12,0.0636
22987,3779,117,2,120.58,0.0663
22988,6236,173,3,600.57,0.1604
22989,6659,196,4,2150.74,0.1663
22990,5108,22,5,1510.8,0.0649
22991,878,113,4,43.24,0.0571
22992,6837,33,3,1529.52,0.2264
22993,3711,13,4,140.6,0.074
22994,335,72,2,1054.93,0.1752
22995,6248,102,5,2337.21,0.0622
22996,1864,174,2,1574.32,0.1528
22997,6056,186,5,1535.6,0.1862
22998,6584,108,5,1691.39,0.2929
22999,5902,156,4,360.13,0.0352
23000,4454,129,4,247.03,0.2117
23001,7869,143,5,940.48,0.2203
23002,8167,135,5,486.05,0.0667
23003,4015,145,4,72.52,0.1217
23004,620,55,4,860.36,0.2128
23005,7902,191,3,1250.6,0.2135
23006,9605,119,4,140.17,0.1503
23007,5462,56,2,2430.24,0.2092
23008,261,14,3,1916.41,0.1628
23009,2645,77,2,1848.18,0.0349
23010,4506,117,3,2202.14,0.2332
23011,5505,56,3,1481.89,0.0786
23012,3825,160,5,1103.89,0.2921
23013,6282,125,3,1218.96,0.2416
23014,152,117,1,504.69,0.2273
23015,7284,25,3,959.72,0.2381
23016,6879,91,3,1997.23,0.1162
23017,5869,152,2,1262.95,0.0208
23018,47,141,3,470.87,0.1194
23019,8023,93,4,2157.9,0.0975
23020,8021,158,2,1630.39,0.0653
23021,7541,7,2,1502.33,0.1015
23022,9823,141,2,2423.7,0.1988
23023,9858,135,2,2314.18,0.019
23024,3230,99,4,379.1,0.0936
23025,3225,198,2,1859.77,0.088
23026,6513,22,2,2260.44,0.063
23027,5715,59,4,2156.39,0.2693
23028,6334,142,3,2224.09,0.2567
23029,2814,21,1,2018.55,0.1964
23030,9473,18,3,2472.23,0.2425
23031,3548,48,4,692.72,0.2125
23032,9407,93,3,410.47,0.0207
23033,1211,26,2,203.4,0.2447
23034,1648,39,4,2061.75,0.1376
23035,3382,165,4,1139.79,0.1521
23036,2487,190,1,656.32,0.2936
23037,3678,192,1,1697.92,0.2858
23038,8151,114,3,17.11,0.0864
23039,1322,190,2,503.8,0.1117
23040,5083,156,1,955.3,0.0076
23041,6965,139,3,542.44,0.1269
23042,234,145,3,866.34,0.0872
23043,3137,12,5,426.01,0.0137
23044,3721,28,5,24.89,0.097
23045,1242,31,2,1248.38,0.177
23046,3088,184,5,190.21,0.1178
23047,8006,184,2,1805.02,0.0696
23048,8382,157,2,167.6,0.0224
23049,6589,133,4,1919.82,0.2415
23050,697,119,3,168.01,0.0662
23051,173,35,5,2433.48,0.2568
23052,5208,125,1,913.48,0.1111
23053,4734,141,2,760.56,0.2789
23054,7953,115,2,773.99,0.2976
23055,5374,173,3,615.59,0.1667
23056,8057,73,3,455.41,0.1596
23057,2853,159,5,2076.18,0.1081
23058,4010,123,5,1161.33,0.2693
23059,4844,144,2,263.11,0.0872
23060,206,182,4,2049.88,0.1773
23061,8567,47,1,2154.16,0.187
23062,5032,136,1,2309.91,0.2836
23063,4209,176,2,131.02,0.1276
23064,779,192,3,1193.36,0.0794
23065,7392,50,2,1517.21,0.1101
23066,3778,147,2,2108.96,0.2102
23067,415,43,1,1556.17,0.0694
23068,5509,109,2,1152.56,0.1484
23069,7218,91,2,1912.39,0.0138
23070,7049,79,3,1166.31,0.1829
23071,3583,88,4,724.71,0.149
23072,7690,197,1,1465.53,0.1398
23073,2741,181,4,1285.44,0.0672
23074,4964,175,3,1227.31,0.2123
23075,6554,38,5,491.29,0.2711
23076,5228,57,2,2115.95,0.0926
23077,2398,9,4,156.79,0.2962
23078,3239,89,2,147.99,0.0327
23079,6459,143,2,362.67,0.0839
23080,5035,27,1,293.55,0.0854
23081,8804,187,4,2208.34,0.2045
23082,8532,173,5,1978.95,0.0268
23083,5180,6,1,722.52,0.1768
23084,102,39,2,674.99,0.279
23085,1697,16,4,1022.79,0.2773
23086,161,51,4,1310.39,0.2973
23087,7873,29,1,836.89,0.2509
23088,2593,82,5,2265.45,0.0791
23089,3366,100,1,135.01,0.0495
23090,9368,1,5,2403.78,0.018
23091,1375,141,1,1430.1,0.0989
23092,6961,134,4,2363.47,0.2835
23093,9943,20,2,1743.79,0.1691
23094,1822,102,5,391.82,0.1031
23095,4562,98,4,1738.23,0.0018
23096,9274,82,5,2422.25,0.1726
23097,4449,126,5,1257.46,0.2896
23098,5753,199,5,2196.23,0.2986
23099,3037,37,1,2474.98,0.1643
23100,4752,132,5,856.2,0.2482
23101,5415,142,2,1040.09,0.0358
23102,9367,65,5,698.16,0.2974
23103,8218,56,1,2313.96,0.1612
23104,8785,161,5,1571.76,0.1159
23105,6765,200,1,1896.71,0.1114
23106,8472,91,4,510.11,0.2433
23107,8019,122,2,1081.91,0.28
23108,5290,94,1,1597.92,0.2916
23109,3198,148,3,1843.68,0.1793
23110,6683,134,3,1647.36,0.1616
23111,5256,129,4,1778.42,0.0898
23112,6991,9,5,1545.17,0.2078
23113,8573,55,2,497.48,0.0439
23114,2189,32,4,1371.36,0.2973
23115,91,97,5,2237.93,0.2654
23116,8055,18,4,316.26,0.1854
23117,6191,37,5,602.69,0.1292
23118,4673,191,5,1109.59,0.256
23119,8605,19,3,197.13,0.1831
23120,4431,97,4,956.74,0.2704
23121,8990,133,5,1051.27,0.1089
23122,7767,56,2,2057.06,0.2559
23123,6708,140,2,2463.54,0.0012
23124,7173,193,4,487.14,0.0554
23125,2774,198,1,533.13,0.236
23126,7572,136,3,2280.45,0.233
23127,6174,133,3,2227.03,0.1347
23128,1584,28,2,2406.9,0.0522
23129,6779,60,3,2104.29,0.0154
23130,4247,92,4,1373.61,0.099
23131,3004,88,1,1447.96,0.1913
23132,9906,90,4,1076.89,0.1177
23133,2932,72,2,41.48,0.2584
23134,9962,99,3,1245.02,0.0332
23135,6951,80,4,2199.68,0.0668
23136,3431,71,1,285.25,0.2202
23137,5572,17,5,533.93,0.2
23138,425,51,3,447.61,0.1353
23139,6266,183,3,44.56,0.2786
23140,8284,99,5,360.15,0.0138
23141,2075,64,3,1141.34,0.0286
23142,5503,159,4,2015.25,0.0079
23143,8211,187,2,114.97,0.1837
23144,6480,71,3,1061.11,0.0346
23145,3491,51,2,2114.18,0.2538
23146,4485,67,2,2315.3,0.1668
23147,3672,18,4,206.76,0.0516
23148,3973,117,5,1664.32,0.1994
23149,8285,155,3,1731.5,0.2126
23150,6406,160,1,2421.16,0.2813
23151,4137,75,3,92.87,0.0462
23152,7977,174,4,2008.41,0.0812
23153,7596,164,4,1543.75,0.0237
23154,2096,76,5,191.15,0.2156
23155,7589,140,2,860.48,0.2937
23156,605,59,1,1380.36,0.0594
23157,3256,170,3,146.92,0.2691
23158,4641,67,1,1768.6,0.2356
23159,2267,31,2,2186.77,0.046
23160,1443,5,2,1376.17,0.1993
23161,2150,84,1,1706.97,0.0365
23162,6120,107,4,1579.34,0.1149
23163,3440,175,2,159.33,0.2297
23164,3658,170,3,811.56,0.281
23165,9206,1,1,2106.55,0.216
23166,6721,184,2,1965.6,0.0681
23167,4464,139,4,867.13,0.235
23168,3363,169,1,1309.17,0.1733
23169,8431,36,4,2325.08,0.1311
23170,697,123,3,2449.75,0.0653
23171,2077,31,5,2014.23,0.221
23172,7974,63,1,702.76,0.1295
23173,4301,88,3,263.23,0.085
23174,9716,191,4,2242.34,0.0434
23175,2280,143,4,1657.08,0.1891
23176,5004,57,4,2092.51,0.1801
23177,6766,130,1,206.9,0.2931
23178,1722,29,3,1414.2,0.2147
23179,1870,59,4,2186.81,0.1576
23180,8528,41,4,167.5,0.104
23181,6534,86,5,2330.27,0.2142
23182,2100,41,3,1650.48,0.0956
23183,3928,139,3,929.98,0.081
23184,9587,95,5,1696.93,0.2415
23185,3867,126,4,1790.08,0.0852
23186,6681,107,2,1595.94,0.0433
23187,4264,167,4,1820.79,0.0549
23188,2980,99,2,345.9,0.1641
23189,3004,132,4,1353.96,0.2401
23190,3869,31,3,799.72,0.0694
23191,8543,30,3,335.87,0.1801
23192,2563,189,2,1767.52,0.0096
23193,653,197,1,1507.68,0.1354
23194,2048,93,1,2498.58,0.0362
23195,7307,20,4,2100.12,0.2945
23196,2480,101,5,1029.98,0.1272
23197,9167,14,4,1952.07,0.0542
23198,9020,119,2,477.25,0.2276
23199,4098,44,2,1183.84,0.0604
23200,966,18,3,1017.55,0.0044
23201,1903,177,4,1532.55,0.1145
23202,4915,81,5,2014.78,0.1849
23203,7916,186,4,1162.28,0.0875
23204,2156,70,4,2164.01,0.1277
23205,4721,21,4,1886.5,0.0881
23206,505,182,1,686.39,0.2654
23207,5069,42,5,1339.1,0.0736
23208,8891,10,4,2128.51,0.0379
23209,8204,108,1,1887.15,0.1118
23210,10000,92,4,2054.87,0.0977
23211,4021,101,5,656.43,0.1771
23212,8427,45,3,1953.22,0.2217
23213,9513,183,1,1023.22,0.2529
23214,8179,21,2,2400.62,0.1936
23215,6568,193,2,1172.7,0.2972
23216,1597,41,1,2243.93,0.179
23217,6093,68,2,1662.84,0.0048
23218,2323,180,2,2334.37,0.047
23219,4699,112,2,1421.05,0.1062
23220,7197,134,5,604.97,0.098
23221,6675,25,2,1635.74,0.0913
23222,3819,65,3,652.94,0.1977
23223,7707,163,5,2129.0,0.0854
23224,5198,3,1,227.96,0.1016
23225,2568,108,4,610.98,0.2733
23226,9118,40,1,1962.09,0.2829
23227,8857,64,5,1052.66,0.0008
23228,2916,87,2,409.39,0.1418
23229,3393,90,4,2485.85,0.1185
23230,3359,197,4,1149.39,0.1475
23231,7395,34,4,1203.02,0.2875
23232,316,180,5,891.72,0.2154
23233,5333,24,1,179.12,0.2871
23234,7842,126,3,616.17,0.1051
23235,9873,166,4,711.43,0.045
23236,3101,97,1,1434.25,0.1969
23237,7368,181,1,2341.49,0.1686
23238,5843,184,3,362.34,0.2556
23239,1670,17,3,2437.07,0.2623
23240,3416,143,5,1193.04,0.1197
23241,5246,99,3,1463.79,0.2543
23242,1542,14,3,101.99,0.0961
23243,8835,189,4,2129.53,0.0615
23244,4255,193,1,2169.96,0.1386
23245,9804,174,3,1887.06,0.2507
23246,4232,14,2,376.0,0.1414
23247,2283,102,5,1020.34,0.1395
23248,9818,165,3,2389.32,0.0169
23249,4859,76,3,1063.84,0.0328
23250,8474,117,3,881.51,0.1368
23251,8591,32,3,227.74,0.1453
23252,6328,2,5,213.02,0.0291
23253,4694,97,4,1090.03,0.0262
23254,4414,146,4,1357.91,0.1822
23255,6285,111,5,2064.63,0.1623
23256,1206,144,3,2269.25,0.2196
23257,6921,89,1,1008.41,0.2134
23258,6488,90,3,2110.98,0.0852
23259,7427,5,1,1366.06,0.1994
23260,4108,144,2,2432.05,0.1715
23261,2601,108,4,2324.04,0.0028
23262,4524,80,4,1787.16,0.1268
23263,3770,11,1,485.22,0.2085
23264,523,8,2,2312.71,0.2731
23265,6587,195,4,305.21,0.038
23266,4169,53,2,2048.62,0.0644
23267,7201,60,4,1243.3,0.2279
23268,5837,7,1,1534.53,0.0275
23269,4244,130,4,2180.16,0.0077
23270,8108,115,4,1985.64,0.0979
23271,4427,99,1,160.26,0.0944
23272,3817,31,5,934.5,0.1447
23273,1647,11,5,2426.59,0.0749
23274,637,65,4,899.5,0.0026
23275,7437,61,5,2016.65,0.2743
23276,3196,185,3,1825.28,0.2932
23277,6892,94,5,2390.83,0.2979
23278,9023,94,2,2375.31,0.2909
23279,4750,33,3,1151.44,0.2452
23280,4150,140,5,581.28,0.1744
23281,6570,183,3,763.28,0.1573
23282,2666,43,3,747.13,0.0187
23283,8565,196,5,1580.32,0.2643
23284,9726,106,2,926.94,0.0688
23285,6984,120,2,2172.29,0.2225
23286,9042,102,3,764.85,0.2092
23287,4388,95,5,2475.45,0.2255
23288,773,5,2,1661.67,0.0376
23289,7923,63,5,899.04,0.1328
23290,4607,18,5,1471.12,0.2124
23291,9280,82,4,913.71,0.0041
23292,6639,132,4,1295.49,0.1243
23293,9196,178,4,1321.9,0.0961
23294,5168,20,5,1916.73,0.242
23295,7083,53,1,1125.29,0.156
23296,7888,148,5,2372.39,0.1706
23297,8534,54,2,259.64,0.0247
23298,7538,28,2,812.66,0.0507
23299,6864,77,2,1871.28,0.2248
23300,1925,163,1,1496.76,0.1485
23301,444,146,3,323.09,0.0486
23302,5495,161,5,2037.22,0.0014
23303,4359,37,4,1665.29,0.1072
23304,268,137,2,1466.13,0.0989
23305,7841,26,2,2192.1,0.1146
23306,1506,1,3,2088.27,0.0065
23307,3861,153,3,800.48,0.2756
23308,6138,88,3,1368.83,0.1218
23309,5330,158,5,2150.27,0.2215
23310,1283,42,2,176.0,0.0597
23311,1077,76,1,831.5,0.0061
23312,9101,143,1,980.62,0.2195
23313,5939,93,3,691.77,0.2705
23314,4581,66,1,1278.39,0.1702
23315,5523,15,5,1993.55,0.0507
23316,9534,99,1,1206.76,0.2091
23317,2469,10,3,121.06,0.283
23318,8909,185,1,2136.8,0.2899
23319,7567,154,2,524.56,0.1561
23320,2828,162,5,1087.18,0.2546
23321,7664,8,5,66.16,0.2269
23322,8537,186,5,1107.16,0.1101
23323,434,65,2,946.09,0.1222
23324,4655,143,2,733.47,0.1236
23325,2414,196,2,2344.1,0.014
23326,1424,195,4,1700.54,0.1955
23327,6339,42,5,2289.9,0.1682
23328,7158,130,3,1174.64,0.2274
23329,9176,147,1,1297.54,0.0999
23330,2282,147,4,2372.91,0.015
23331,2647,46,1,1152.54,0.1651
23332,4160,105,1,92.27,0.2464
23333,4574,83,2,1618.25,0.2511
23334,2993,84,4,506.92,0.2399
23335,949,177,3,2384.16,0.1676
23336,3774,186,1,187.42,0.2197
23337,4049,165,1,2245.41,0.0362
23338,8886,66,4,375.41,0.0581
23339,7299,25,3,656.03,0.2916
23340,5557,103,3,392.82,0.1241
23341,4335,162,3,842.99,0.1206
23342,4236,86,1,280.15,0.0232
23343,2598,167,2,945.29,0.1345
23344,3406,140,4,785.8,0.1977
23345,9812,176,3,1858.72,0.2221
23346,675,110,2,1533.96,0.1118
23347,4436,127,3,1713.31,0.2866
23348,455,117,1,1234.21,0.1384
23349,1382,60,3,2134.84,0.146
23350,9036,100,1,893.98,0.1977
23351,1297,142,4,1014.84,0.0367
23352,1941,154,1,255.19,0.2004
23353,5942,1,3,2497.63,0.1091
23354,1807,138,5,1138.56,0.0084
23355,1033,163,2,2290.43,0.2338
23356,269,53,1,2133.92,0.2818
23357,385,125,1,659.48,0.1724
23358,5354,173,5,1260.71,0.1089
23359,4997,136,3,1476.56,0.2089
23360,1602,2,2,2114.8,0.2715
23361,9174,148,2,257.03,0.0945
23362,5619,169,2,2073.16,0.1683
23363,8317,107,2,293.33,0.0722
23364,2601,29,4,1130.38,0.1927
23365,2417,63,1,2157.47,0.2371
23366,6151,130,4,595.61,0.0641
23367,4021,40,4,129.83,0.1664
23368,8084,169,3,133.74,0.0536
23369,8385,172,1,484.31,0.1421
23370,2208,128,3,1359.43,0.2026
23371,8680,179,4,2233.79,0.0098
23372,3680,53,3,1776.72,0.2229
23373,5578,68,4,2015.28,0.1069
23374,4343,13,5,627.82,0.1686
23375,4102,156,4,965.49,0.1394
23376,553,40,1,1318.02,0.2337
23377,2081,107,3,928.57,0.2228
23378,7114,149,2,1884.5,0.0008
23379,1304,62,2,2426.36,0.0439
23380,3679,33,1,1926.34,0.0717
23381,6109,181,3,2351.32,0.1541
23382,3051,30,2,2446.79,0.0904
23383,946,196,3,813.55,0.0355
23384,5641,39,2,1546.04,0.025
23385,7773,139,1,1919.47,0.1161
23386,5187,108,2,1553.2,0.118
23387,4,112,2,1501.95,0.2022
23388,7509,143,2,930.23,0.0424
23389,5254,49,1,1332.42,0.1162
23390,3522,162,4,861.73,0.0946
23391,5076,197,3,576.02,0.144
23392,8237,193,5,959.49,0.2452
23393,3726,138,5,1007.46,0.1009
23394,2900,79,2,373.56,0.2981
23395,450,42,3,1229.04,0.2839
23396,8559,88,2,1597.85,0.0667
23397,311,36,3,273.64,0.1545
23398,4773,45,5,1334.82,0.2738
23399,5392,80,2,233.34,0.2143
23400,1503,10,2,2142.5,0.262
23401,8443,98,3,1030.74,0.2399
23402,5466,104,4,619.21,0.1861
23403,255,122,2,952.98,0.1973
23404,514,142,5,1634.85,0.0774
23405,351,197,2,1201.99,0.0558
23406,3745,18,1,1513.17,0.1714
23407,2881,121,1,1496.0,0.0257
23408,3379,182,4,1743.14,0.076
23409,9788,8,3,2331.07,0.1825
23410,9900,95,1,1637.46,0.0283
23411,8296,108,2,424.74,0.1887
23412,9135,60,2,1148.92,0.16
23413,4651,82,3,488.53,0.0413
23414,6959,141,1,354.34,0.1497
23415,5349,139,5,1865.15,0.214
23416,5308,3,3,400.84,0.1706
23417,5540,144,5,1955.45,0.2655
23418,4005,72,2,1313.2,0.2846
23419,6662,57,5,1068.45,0.1091
23420,3870,13,3,2185.31,0.078
23421,6245,49,1,2251.66,0.1217
23422,2268,35,3,550.3,0.1382
23423,2186,45,4,2003.12,0.0559
23424,4764,104,4,1520.76,0.2227
23425,2310,136,5,1248.23,0.2743
23426,4681,83,2,606.03,0.1427
23427,9780,170,1,2009.39,0.0164
23428,9298,120,5,2205.24,0.2953
23429,6650,79,3,1828.72,0.1034
23430,4567,63,4,700.73,0.0658
23431,7451,199,1,191.45,0.1135
23432,8132,129,4,1205.28,0.1379
23433,4877,59,1,681.79,0.0898
23434,9163,77,1,865.5,0.1312
23435,8779,61,4,835.25,0.2786
23436,6291,177,4,539.26,0.1886
23437,6305,19,3,2461.66,0.0967
23438,718,183,3,2141.22,0.0022
23439,1293,57,1,220.61,0.1834
23440,7328,63,3,2099.07,0.1201
23441,6701,194,3,77.37,0.14
23442,6456,150,3,2083.77,0.2617
23443,7470,8,1,498.94,0.1343
23444,5858,43,2,1180.23,0.0419
23445,3859,153,2,807.02,0.1624
23446,1124,26,5,1451.62,0.2116
23447,9407,3,2,1124.17,0.0901
23448,2811,21,4,103.39,0.0747
23449,1842,197,4,1881.64,0.112
23450,9025,140,3,1211.76,0.1185
23451,6445,27,5,536.84,0.0551
23452,6985,129,3,1494.7,0.1905
23453,6461,171,3,470.87,0.2316
23454,8413,195,2,1365.67,0.1857
23455,5278,182,3,1083.32,0.151
23456,3246,54,5,1343.42,0.1719
23457,4094,180,2,1440.71,0.1541
23458,759,191,5,118.19,0.1392
23459,4164,117,3,1598.71,0.0084
23460,4308,74,3,759.41,0.1623
23461,7737,13,2,858.68,0.0225
23462,8639,19,1,1937.64,0.164
23463,3636,95,2,465.76,0.1489
23464,4412,116,1,855.57,0.2564
23465,123,94,1,184.03,0.1234
23466,4475,58,2,2414.81,0.2859
23467,5873,32,3,579.06,0.1375
23468,3668,106,5,2193.21,0.2845
23469,5772,49,3,1512.37,0.0471
23470,6650,102,1,1082.86,0.2623
23471,5432,101,4,1458.98,0.2337
23472,8056,142,5,1425.19,0.0727
23473,6807,46,3,1498.43,0.2989
23474,4500,101,4,856.78,0.0784
23475,5079,92,4,2214.6,0.149
23476,6399,189,5,1953.5,0.2174
23477,301,20,1,2444.93,0.0012
23478,1527,153,4,2087.68,0.1045
23479,5283,189,4,916.36,0.1711
23480,8008,27,5,805.17,0.1784
23481,1400,157,2,1174.73,0.229
23482,6299,69,5,163.52,0.1628
23483,7632,49,1,992.41,0.297
23484,4341,17,3,96.72,0.1955
23485,9245,131,3,442.55,0.1946
23486,4295,197,4,794.95,0.1328
23487,6096,184,4,1614.14,0.1387
23488,9309,182,4,2435.6,0.1477
23489,6584,136,3,416.73,0.288
23490,3289,55,3,261.42,0.1742
23491,7780,170,1,2313.38,0.0163
23492,5232,159,2,1249.9,0.198
23493,1472,8,2,1536.29,0.051
23494,1115,65,4,66.27,0.1255
23495,5079,5,1,826.35,0.0277
23496,1310,115,2,1269.83,0.0467
23497,5336,133,4,660.25,0.2267
23498,5072,34,2,2016.79,0.11
23499,3335,1,2,1522.79,0.0144
23500,1823,62,3,2389.03,0.2171
23501,5238,10,1,1747.92,0.0019
23502,4148,38,3,396.86,0.242
23503,9722,78,4,1313.51,0.1674
23504,2553,8,2,398.28,0.2564
23505,7932,153,3,2154.29,0.0839
23506,4986,93,3,836.62,0.051
23507,7484,178,3,1101.9,0.0202
23508,6493,61,2,2179.65,0.2099
23509,6310,37,2,672.53,0.2729
23510,2189,31,4,1157.75,0.2101
23511,1198,110,3,1965.67,0.1835
23512,9006,170,2,179.4,0.0018
23513,5969,152,4,704.76,0.1087
23514,2203,105,4,289.82,0.2828
23515,6554,85,3,1866.48,0.1638
23516,9278,195,4,379.83,0.0791
23517,196,190,5,2397.61,0.0364
23518,6728,134,1,960.5,0.1177
23519,8832,199,4,1329.95,0.0424
23520,8588,51,1,568.08,0.2874
23521,9677,143,4,2111.02,0.2521
23522,6324,162,3,608.76,0.1424
23523,8101,192,1,1207.95,0.2971
23524,1063,174,1,2415.11,0.0453
23525,77,76,1,1189.53,0.0487
23526,4888,153,1,1266.43,0.048
23527,2861,166,4,2160.43,0.0418
23528,2824,190,1,2231.86,0.1479
23529,3202,66,3,1767.22,0.232
23530,6046,85,3,71.4,0.1927
23531,8515,23,5,1813.71,0.1262
23532,666,161,3,1870.25,0.0087
23533,5649,190,4,897.72,0.103
23534,8742,27,3,1598.83,0.082
23535,3907,61,2,686.91,0.0696
23536,5982,120,1,825.42,0.1178
23537,5583,157,3,904.65,0.2065
23538,5192,47,4,2175.54,0.2232
23539,7518,38,3,2324.18,0.0567
23540,6464,81,4,1809.17,0.1847
23541,9495,72,2,479.48,0.0969
23542,5132,61,1,1758.52,0.0709
23543,8551,21,2,650.38,0.2992
23544,2811,23,2,369.45,0.0189
23545,2032,58,5,1283.55,0.2559
23546,3592,180,1,2258.3,0.1196
23547,3105,146,2,933.58,0.2825
23548,4528,44,2,1611.68,0.0591
23549,3425,72,1,1878.75,0.2988
23550,7019,180,2,2121.82,0.2259
23551,4339,190,3,118.61,0.1689
23552,7539,88,3,1268.64,0.2277
23553,8473,9,3,2245.27,0.2206
23554,4623,45,1,744.09,0.1023
23555,522,164,3,199.77,0.2799
23556,5524,72,2,938.27,0.2813
23557,6525,196,3,1792.85,0.0819
23558,5166,46,5,2442.39,0.0771
23559,8047,88,1,1414.82,0.2576
23560,6780,49,4,2328.13,0.0917
23561,2552,130,3,2339.29,0.2753
23562,2177,76,5,2040.13,0.1983
23563,7480,154,3,1120.73,0.2895
23564,8238,83,4,1829.95,0.245
23565,9147,88,4,2298.94,0.2524
23566,2510,191,5,2130.65,0.0234
23567,4541,170,4,1416.41,0.1496
23568,979,60,3,2207.85,0.1219
23569,2824,59,5,2103.71,0.2346
23570,6700,25,5,335.67,0.0968
23571,8018,144,2,716.29,0.2031
23572,8833,193,1,2104.89,0.2077
23573,7167,125,4,1915.92,0.0919
23574,9333,160,2,968.04,0.1704
23575,388,176,3,1326.45,0.211
23576,2897,57,1,2464.21,0.1914
23577,7554,152,3,967.99,0.0986
23578,3327,120,2,566.9,0.0821
23579,9142,162,2,1701.22,0.0925
23580,1322,178,2,449.71,0.0161
23581,9773,92,1,263.41,0.1916
23582,5733,52,1,2199.8,0.2166
23583,2843,82,2,2199.72,0.0137
23584,3751,96,4,1924.68,0.2919
23585,921,62,5,58.31,0.2362
23586,8989,117,4,529.83,0.2137
23587,6510,184,2,1983.92,0.2506
23588,7702,46,4,2020.25,0.2661
23589,9587,39,2,1220.03,0.0879
23590,444,39,2,2097.63,0.1448
23591,346,185,2,2138.13,0.1921
23592,1716,28,3,2038.93,0.2649
23593,4693,165,4,1896.63,0.2158
23594,1642,90,2,2061.42,0.1944
23595,1160,191,3,304.11,0.1621
23596,8565,123,2,1306.13,0.0955
23597,322,155,4,1104.56,0.2145
23598,1740,45,2,153.99,0.1357
23599,3185,123,3,2474.99,0.0316
23600,2066,143,4,1341.16,0.2418
23601,7823,112,5,2085.25,0.2024
23602,771,141,3,1081.28,0.1482
23603,6997,86,2,807.42,0.2655
23604,8787,43,4,1298.79,0.218
23605,5435,54,5,375.6,0.1757
23606,7863,151,2,477.19,0.2289
23607,8314,193,1,160.18,0.2589
23608,8203,63,2,2148.07,0.177
23609,6098,102,5,1365.51,0.2628
23610,6325,200,3,2465.98,0.2012
23611,6557,117,5,2071.15,0.1692
23612,388,197,2,1389.8,0.1344
23613,220,167,3,1330.67,0.044
23614,9353,120,4,1264.35,0.0049
23615,6457,62,3,155.06,0.0657
23616,7943,119,2,148.88,0.0578
23617,431,99,2,1231.41,0.0677
23618,5832,182,3,2250.56,0.1061
23619,1434,78,3,1629.48,0.1386
23620,9390,130,3,1335.63,0.2494
23621,9528,3,2,1543.8,0.1109
23622,6410,147,1,793.79,0.07
23623,4779,66,3,883.45,0.2966
23624,4648,45,3,1854.56,0.2994
23625,7652,142,4,533.68,0.229
23626,442,7,5,440.16,0.11
23627,5919,3,4,1304.5,0.1214
23628,490,129,1,1856.91,0.0541
23629,3021,180,3,776.82,0.0789
23630,3769,61,2,1046.59,0.2024
23631,5305,151,1,1380.64,0.1755
23632,4995,141,2,2222.25,0.1381
23633,1693,61,3,1570.24,0.186
23634,3544,166,5,2137.86,0.1451
23635,8749,172,2,975.7,0.2868
23636,2377,10,4,1475.41,0.2567
23637,9730,159,4,1632.02,0.228
23638,399,161,2,2287.02,0.0303
23639,8160,152,4,2020.1,0.142
23640,4754,13,1,378.39,0.1839
23641,5879,19,1,1685.76,0.0265
23642,3741,62,3,144.52,0.2734
23643,7464,195,2,2483.85,0.0647
23644,9953,83,1,1031.36,0.0015
23645,5434,175,3,1675.66,0.1242
23646,5447,31,1,481.4,0.0373
23647,9566,147,4,1957.87,0.2182
23648,2267,42,2,1742.42,0.2535
23649,7846,11,3,885.17,0.1304
23650,3741,40,4,909.53,0.2919
23651,6815,75,1,1707.66,0.1543
23652,1662,98,5,929.99,0.158
23653,5993,114,5,2375.05,0.2344
23654,2715,167,5,821.97,0.0519
23655,2203,87,3,678.38,0.0584
23656,1654,136,2,1905.73,0.2485
23657,1027,77,4,274.13,0.0146
23658,7837,162,3,1413.72,0.079
23659,4967,170,5,1564.26,0.1801
23660,2036,176,2,780.34,0.1871
23661,653,108,2,2378.29,0.198
23662,9276,102,3,1048.91,0.277
23663,8788,143,2,711.01,0.0394
23664,8003,31,5,1715.66,0.1182
23665,849,47,3,1807.25,0.066
23666,7035,48,4,1075.91,0.2451
23667,5935,131,3,465.63,0.0602
23668,7329,45,1,1585.07,0.2086
23669,6662,178,1,633.09,0.299
23670,2934,35,5,568.04,0.1198
23671,6592,36,4,1451.07,0.1405
23672,8681,197,1,2465.25,0.1255
23673,6599,154,5,1736.28,0.1631
23674,8006,127,4,2028.41,0.1342
23675,2995,52,1,1786.97,0.219
23676,2371,24,4,940.63,0.0029
23677,4965,6,2,2268.46,0.141
23678,9622,71,3,2024.5,0.1725
23679,6936,52,3,1732.03,0.0092
23680,1229,28,5,1360.24,0.0325
23681,6093,45,4,913.96,0.1129
23682,321,78,4,1132.23,0.1025
23683,3827,39,2,786.59,0.2761
23684,937,139,4,2301.54,0.0036
23685,2148,114,4,831.71,0.2451
23686,6944,178,4,2344.86,0.0162
23687,9797,162,2,1116.17,0.2518
23688,2033,35,2,2096.09,0.1309
23689,4423,116,2,639.86,0.1925
23690,242,199,4,2413.43,0.0537
23691,5152,23,4,2244.31,0.2395
23692,6684,129,3,1752.81,0.1461
23693,5473,148,4,2299.49,0.0141
23694,8942,160,5,1559.22,0.2396
23695,6797,98,2,50.75,0.2222
23696,4061,182,4,639.67,0.2298
23697,9650,114,2,237.13,0.1419
23698,1310,148,2,178.22,0.0053
23699,9762,78,5,1184.51,0.2626
23700,7726,197,2,2442.87,0.1904
23701,3073,149,2,993.79,0.2667
23702,2466,76,2,2419.1,0.0648
23703,4283,66,3,2228.99,0.2086
23704,1927,127,3,452.0,0.284
23705,4545,141,4,2210.51,0.2989
23706,2730,46,3,654.86,0.0966
23707,978,152,4,145.48,0.1969
23708,8163,120,3,313.36,0.1236
23709,4850,154,5,1298.36,0.2903
23710,9491,33,2,1565.03,0.1099
23711,5005,41,5,77.13,0.103
23712,8215,1,4,1763.32,0.007
23713,1110,9,4,198.45,0.1062
23714,2980,187,1,1630.71,0.0922
23715,1977,121,3,163.44,0.0387
23716,7001,88,3,758.63,0.0103
23717,7907,171,5,2211.7,0.0047
23718,9355,26,3,2400.91,0.1136
23719,7977,39,5,145.07,0.1129
23720,2283,54,3,2060.73,0.0876
23721,774,117,2,1507.79,0.1392
23722,9066,150,4,2337.11,0.277
23723,3050,97,3,978.98,0.0891
23724,9202,143,2,1718.47,0.2335
23725,5933,99,1,225.18,0.0122
23726,1745,89,1,767.65,0.2792
23727,2276,99,5,1169.25,0.0958
23728,9913,25,2,1089.81,0.1059
23729,8274,110,1,1942.26,0.1335
23730,673,101,5,257.0,0.0835
23731,4114,113,5,162.64,0.2697
23732,1031,123,1,223.8,0.0144
23733,1221,181,1,22.23,0.021
23734,4831,10,3,747.06,0.1161
23735,74,146,4,2295.55,0.0494
23736,8605,109,1,1744.51,0.2259
23737,8605,50,3,850.42,0.0705
23738,8452,29,5,525.8,0.0853
23739,1089,145,5,1822.81,0.0774
23740,5192,58,2,1743.97,0.2698
23741,988,4,2,1507.01,0.2469
23742,5852,68,3,2185.14,0.1619
23743,9347,181,1,1537.49,0.0006
23744,7744,79,5,916.24,0.0985
23745,2802,132,5,1843.18,0.1431
23746,66,13,2,604.42,0.1562
23747,5721,178,3,1544.26,0.074
23748,6969,53,1,108.49,0.19
23749,1381,56,1,1076.32,0.0573
23750,5579,70,2,217.84,0.1424
23751,9070,69,1,2409.71,0.1153
23752,1063,55,3,387.55,0.1054
23753,6780,33,5,769.68,0.1128
23754,9337,198,2,669.76,0.134
23755,4692,162,1,796.4,0.0737
23756,6353,69,5,1117.33,0.0743
23757,2823,58,4,673.33,0.0617
23758,1425,36,2,950.91,0.1996
23759,5924,13,2,677.82,0.0767
23760,9084,92,4,2441.5,0.0077
23761,8926,135,3,731.19,0.1309
23762,1,57,2,767.83,0.1484
23763,7244,137,5,935.36,0.2872
23764,3664,26,5,1579.11,0.1893
23765,6812,97,2,2425.74,0.0317
23766,4846,55,3,1476.69,0.1352
23767,2851,23,4,2461.24,0.2247
23768,896,101,2,875.22,0.2483
23769,7678,184,2,2302.11,0.1874
23770,2673,154,3,981.89,0.2689
23771,4211,116,3,1577.31,0.16
23772,3756,75,5,143.71,0.1142
23773,1665,177,3,25.26,0.1458
23774,7475,77,5,574.88,0.0142
23775,9434,52,2,111.1,0.0029
23776,7825,194,3,1067.97,0.1811
23777,8229,189,3,1124.79,0.0686
23778,3686,16,4,2387.89,0.124
23779,8835,93,5,445.59,0.2061
23780,2447,148,5,1139.97,0.1143
23781,6853,96,3,779.98,0.1992
23782,3989,73,2,163.75,0.1278
23783,5929,132,3,280.35,0.0089
23784,5935,50,5,2195.27,0.253
23785,8227,42,4,1002.69,0.2357
23786,1927,111,5,1917.57,0.1833
23787,6632,138,2,1130.07,0.1485
23788,1760,132,2,2283.81,0.0291
23789,4606,56,4,1759.89,0.2019
23790,2677,66,2,862.54,0.0
23791,2966,190,2,2158.92,0.1054
23792,7791,140,1,231.13,0.1582
23793,9453,40,5,203.97,0.2168
23794,1383,45,2,1393.79,0.1097
23795,9777,36,1,1832.3,0.1814
23796,6922,178,5,1508.38,0.0191
23797,2646,54,1,1661.72,0.2136
23798,3500,195,1,662.64,0.0596
23799,7091,39,3,2196.66,0.0015
23800,4498,134,4,2429.79,0.1941
23801,6084,65,1,980.04,0.0186
23802,9965,12,2,1031.14,0.1354
23803,7011,1,4,1142.62,0.2574
23804,6438,84,1,512.26,0.1095
23805,8429,164,2,365.55,0.1966
23806,4938,166,2,1945.65,0.2672
23807,6891,176,1,1521.73,0.2199
23808,3501,175,1,388.53,0.1569
23809,8651,3,1,1247.54,0.116
23810,9865,178,5,2490.19,0.2704
23811,8377,179,1,1323.57,0.0756
23812,4178,173,4,2281.92,0.1697
23813,313,148,3,2091.25,0.2521
23814,2991,174,1,289.7,0.068
23815,4619,72,1,1020.42,0.1353
23816,5638,139,5,1405.91,0.2387
23817,8097,108,4,1628.51,0.145
23818,5006,184,2,739.23,0.1535
23819,1821,129,1,34.12,0.1408
23820,4199,30,2,784.45,0.1379
23821,5816,60,3,1422.79,0.2852
23822,5957,169,1,886.19,0.2375
23823,3414,180,3,961.15,0.1961
23824,5279,20,2,2094.16,0.1787
23825,5875,110,1,1051.06,0.0102
23826,4806,30,1,2421.29,0.2327
23827,3273,45,4,422.61,0.1504
23828,8222,12,4,238.82,0.2991
23829,3807,116,1,544.08,0.1557
23830,529,39,3,233.65,0.2036
23831,2794,66,5,634.8,0.2492
23832,7056,122,3,1366.28,0.0557
23833,1503,176,4,658.16,0.1655
23834,7934,13,4,2047.97,0.2935
23835,8993,62,5,906.51,0.0756
23836,6650,18,4,1018.5,0.2909
23837,754,147,4,230.76,0.2553
23838,5364,155,2,687.3,0.2401
23839,3876,139,5,314.37,0.0444
23840,7800,30,4,593.08,0.0404
23841,772,129,3,1651.52,0.2505
23842,7359,187,4,963.6,0.1894
23843,5363,136,1,62.52,0.1626
23844,8036,63,5,679.5,0.2831
23845,9408,150,3,2180.62,0.0446
23846,6861,148,1,954.06,0.2836
23847,4387,78,1,1413.67,0.1653
23848,4762,142,2,1204.69,0.0434
23849,8843,80,2,2434.53,0.131
23850,2114,147,3,707.78,0.2281
23851,9600,39,5,1772.07,0.0276
23852,8594,124,3,1497.03,0.2763
23853,2251,93,1,1554.49,0.0699
23854,3344,38,2,2019.04,0.0007
23855,3002,50,1,429.6,0.2083
23856,7682,134,1,2112.6,0.1325
23857,3643,26,2,271.82,0.0848
23858,5600,177,2,1666.77,0.1642
23859,6650,100,5,529.83,0.0747
23860,5296,20,1,1610.71,0.0019
23861,9712,105,2,301.7,0.1367
23862,3030,153,3,1778.32,0.1413
23863,4772,136,1,814.89,0.0663
23864,5384,111,5,1667.88,0.1212
23865,3179,104,5,1375.33,0.2266
23866,7916,155,1,573.29,0.2806
23867,3047,128,4,1336.19,0.2201
23868,8138,21,1,410.18,0.1166
23869,9371,141,3,2480.87,0.1161
23870,489,175,5,1496.93,0.029
23871,3537,133,2,1283.97,0.0356
23872,109,90,2,2297.6,0.2744
23873,3494,71,1,761.08,0.2816
23874,3520,141,2,582.08,0.1728
23875,6873,88,1,1596.77,0.0659
23876,3217,112,4,2270.2,0.1892
23877,9045,152,2,1629.91,0.1776
23878,2383,39,3,69.17,0.2598
23879,6680,196,3,2158.59,0.1361
23880,4544,84,5,753.97,0.055
23881,4213,57,2,2174.79,0.1186
23882,9197,55,1,2454.13,0.0969
23883,5884,60,4,1633.55,0.0438
23884,6886,53,3,712.45,0.0165
23885,8680,101,5,576.22,0.0821
23886,4277,151,1,1765.7,0.1091
23887,6474,172,3,148.61,0.2789
23888,8161,190,2,1630.67,0.0883
23889,1292,77,5,783.46,0.2392
23890,8167,112,5,21.67,0.221
23891,2607,166,1,1589.3,0.1324
23892,1984,58,5,1461.11,0.159
23893,1580,119,3,1329.02,0.1424
23894,1040,109,1,632.95,0.1637
23895,2082,142,3,2287.9,0.1523
23896,974,164,3,94.73,0.1355
23897,966,185,2,289.93,0.2419
23898,2615,56,5,980.46,0.1925
23899,1789,169,2,981.15,0.1153
23900,2122,133,4,333.08,0.1699
23901,5656,75,4,2458.31,0.0811
23902,4719,144,2,2468.73,0.0007
23903,9458,76,4,1936.41,0.257
23904,7423,17,4,771.12,0.2257
23905,2579,159,2,862.66,0.0089
23906,3640,200,2,2231.29,0.0295
23907,7179,140,2,33.5,0.2397
23908,3926,136,4,401.41,0.2181
23909,7645,13,5,708.53,0.0835
23910,6521,119,3,2496.59,0.0417
23911,1928,151,3,127.66,0.0446
23912,74,5,5,1626.69,0.2416
23913,3743,200,2,2026.76,0.2793
23914,9971,3,1,273.93,0.1794
23915,5731,127,1,322.74,0.0889
23916,4402,197,2,712.5,0.2935
23917,5370,42,3,1475.34,0.0943
23918,2589,42,1,625.81,0.2088
23919,6421,25,5,1270.71,0.2763
23920,7337,96,1,483.76,0.2192
23921,4933,80,5,1882.44,0.275
23922,1221,75,1,1020.49,0.0739
23923,2648,152,3,532.68,0.103
23924,8632,105,2,1996.32,0.2031
23925,2844,88,1,612.0,0.1467
23926,3234,126,1,1305.88,0.055
23927,8375,182,2,105.78,0.2258
23928,8189,167,5,786.43,0.1028
23929,9982,60,1,445.23,0.2697
23930,6320,125,4,650.37,0.2204
23931,7989,46,5,2465.07,0.1005
23932,7480,189,5,934.73,0.146
23933,949,174,5,385.39,0.2819
23934,9370,150,4,2469.33,0.1756
23935,393,82,4,760.43,0.2266
23936,9580,65,3,1858.36,0.2872
23937,2406,140,3,2214.71,0.2329
23938,2029,87,3,890.79,0.0124
23939,9500,8,2,1618.1,0.0769
23940,1951,97,4,146.72,0.0837
23941,6082,12,2,992.86,0.1583
23942,5309,81,2,2240.89,0.1084
23943,5136,103,4,2006.34,0.1846
23944,8938,77,4,622.44,0.2764
23945,4049,188,3,61.07,0.2218
23946,7715,149,1,1552.57,0.0015
23947,6115,125,2,312.87,0.2842
23948,3515,9,4,2039.25,0.0553
23949,4312,119,4,1173.61,0.1059
23950,1705,28,3,1002.41,0.0201
23951,5413,199,3,629.16,0.0523
23952,1243,170,2,1379.88,0.2828
23953,9172,33,1,2052.75,0.1781
23954,3945,46,1,1187.16,0.0701
23955,1820,64,5,256.38,0.0562
23956,2965,151,5,1399.58,0.2569
23957,9469,181,3,827.15,0.0376
23958,201,65,2,1298.33,0.1044
23959,1472,55,5,228.74,0.1182
23960,6126,167,2,199.85,0.0224
23961,225,192,1,1841.92,0.1238
23962,2167,122,3,1229.22,0.2354
23963,5230,147,2,1027.51,0.2343
23964,6005,4,1,2385.61,0.0573
23965,2618,7,1,493.99,0.2275
23966,6616,157,2,2265.85,0.0824
23967,3348,112,2,2084.52,0.2171
23968,7282,75,5,1332.41,0.2115
23969,7359,93,5,1137.77,0.252
23970,1537,8,4,324.58,0.2964
23971,7191,45,1,936.54,0.0289
23972,1569,5,4,1360.03,0.0766
23973,4703,63,5,892.2,0.1861
23974,7803,74,1,2295.86,0.1634
23975,3743,171,2,126.81,0.2501
23976,8438,88,1,764.89,0.0304
23977,7333,145,2,2326.69,0.1464
23978,4344,75,3,218.06,0.1048
23979,2020,34,2,1172.7,0.0219
23980,8158,88,1,1873.66,0.2237
23981,1170,8,5,855.37,0.141
23982,5914,172,2,2025.78,0.0204
23983,7499,152,4,385.42,0.0024
23984,8829,130,3,2466.25,0.0071
23985,125,136,3,1613.53,0.1181
23986,5689,31,2,745.22,0.2719
23987,9702,111,4,189.55,0.0759
23988,197,44,4,1399.61,0.0399
23989,2262,163,1,1477.21,0.1742
23990,2509,58,3,1113.66,0.142
23991,4594,4,2,2346.19,0.2125
23992,8460,119,4,815.79,0.1114
23993,9510,103,2,1455.17,0.0714
23994,1239,80,1,184.92,0.2248
23995,3760,22,2,1151.42,0.1481
23996,4535,186,2,1965.94,0.249
23997,4918,15,4,1872.38,0.0107
23998,9800,148,4,1202.48,0.0315
23999,5135,31,4,2144.67,0.1155
24000,5150,69,5,2375.42,0.0986
24001,6711,182,1,1093.75,0.0143
24002,5356,187,4,885.65,0.0813
24003,6460,174,5,1589.31,0.1442
24004,8840,142,1,2495.08,0.2124
24005,5295,110,1,114.07,0.0732
24006,7928,132,3,925.71,0.242
24007,7076,196,4,1234.09,0.2555
24008,4937,67,3,2450.83,0.0775
24009,3610,7,5,2067.04,0.121
24010,3668,116,5,753.53,0.2897
24011,6886,39,5,1960.41,0.1823
24012,3195,77,2,532.75,0.1274
24013,2886,36,1,1481.52,0.1998
24014,7319,51,2,114.34,0.1185
24015,4733,36,4,1069.58,0.2975
24016,3669,111,3,1919.76,0.0093
24017,7351,32,2,727.5,0.0413
24018,8777,164,5,1825.9,0.2319
24019,417,163,3,828.6,0.2441
24020,5812,123,5,194.1,0.1604
24021,6511,102,1,2254.73,0.0884
24022,337,128,5,1059.42,0.2128
24023,8448,47,5,1852.78,0.0541
24024,8552,60,1,1491.21,0.0716
24025,7878,197,4,1690.09,0.2371
24026,646,134,4,1352.42,0.2086
24027,8904,140,2,1377.05,0.1628
24028,6585,167,1,2170.29,0.0515
24029,7256,116,4,1422.28,0.2527
24030,9788,190,1,2025.14,0.0215
24031,3959,107,3,1125.77,0.1974
24032,2173,177,4,2432.77,0.2247
24033,9129,12,5,169.42,0.0871
24034,4564,72,2,956.47,0.2317
24035,8024,109,4,458.58,0.0079
24036,678,82,4,753.24,0.2802
24037,2704,115,3,317.59,0.1141
24038,8743,146,1,1255.3,0.2516
24039,7009,74,5,48.14,0.0956
24040,4659,198,5,1467.57,0.2121
24041,8308,5,3,2348.27,0.1704
24042,8275,109,1,417.51,0.1346
24043,9331,87,2,1649.95,0.2975
24044,809,89,1,659.38,0.2393
24045,4155,7,5,376.5,0.0388
24046,1781,43,2,2096.57,0.2928
24047,9449,121,5,1189.95,0.1408
24048,8016,45,4,180.82,0.1911
24049,9790,197,5,1362.13,0.0355
24050,1986,31,3,2447.17,0.2962
24051,7944,126,4,2014.34,0.1429
24052,4910,147,1,1397.38,0.1381
24053,6796,115,4,2377.88,0.0898
24054,7122,44,1,2008.49,0.116
24055,4631,114,1,1127.2,0.2295
24056,2343,35,3,1183.48,0.028
24057,1084,171,2,2318.95,0.0835
24058,1977,128,5,127.4,0.1029
24059,556,73,4,831.01,0.0753
24060,4844,124,3,1105.52,0.0641
24061,9286,146,3,516.16,0.2997
24062,2972,61,4,456.24,0.2449
24063,1943,172,2,1261.23,0.0654
24064,6690,73,5,1471.67,0.2688
24065,5657,181,3,1156.11,0.1182
24066,7051,56,1,1026.21,0.0239
24067,138,102,2,1768.85,0.1785
24068,6554,34,5,1856.46,0.1593
24069,906,161,4,447.43,0.1374
24070,3260,4,3,176.23,0.0546
24071,2377,151,5,176.33,0.2282
24072,4141,50,3,1841.12,0.1556
24073,7018,164,5,54.07,0.2464
24074,2084,191,1,2438.99,0.0576
24075,3727,171,5,1769.48,0.2927
24076,6552,193,1,1498.52,0.2021
24077,6056,39,4,94.38,0.1468
24078,6786,171,2,94.22,0.2267
24079,7556,32,5,1149.48,0.1792
24080,4838,115,3,967.92,0.1271
24081,3885,92,4,734.26,0.2332
24082,6298,88,5,336.24,0.101
24083,9660,13,4,692.24,0.0077
24084,197,188,4,1592.62,0.2376
24085,68,97,4,1004.97,0.0898
24086,1765,12,4,790.64,0.1829
24087,2847,161,3,2312.99,0.268
24088,6527,125,1,840.06,0.0779
24089,9925,142,1,2278.16,0.2682
24090,7899,13,3,216.16,0.054
24091,3273,176,4,2068.54,0.0748
24092,514,61,3,1286.4,0.1679
24093,7123,63,4,1281.09,0.1601
24094,1255,185,4,1497.46,0.2646
24095,5137,165,2,1663.63,0.0712
24096,5616,91,1,2048.31,0.2879
24097,4008,132,3,148.48,0.1746
24098,2355,196,5,792.78,0.1887
24099,4466,185,4,1166.2,0.0041
24100,1496,111,5,2412.09,0.2989
24101,5581,62,2,167.03,0.1042
24102,6172,16,1,996.44,0.1454
24103,4986,39,4,1959.66,0.0131
24104,3630,63,5,2327.16,0.142
24105,6783,104,2,2017.52,0.0271
24106,8407,82,1,2443.1,0.2899
24107,7014,16,5,1325.16,0.2524
24108,3633,175,3,1824.66,0.2146
24109,3774,23,4,2204.87,0.1617
24110,5387,180,2,1044.61,0.2374
24111,5613,120,5,216.52,0.052
24112,5996,122,3,152.45,0.0352
24113,1755,120,5,2307.08,0.0056
24114,6141,112,2,20.04,0.1502
24115,8996,112,4,803.08,0.2062
24116,9825,186,1,2128.72,0.097
24117,7190,194,1,1002.72,0.0071
24118,6350,57,1,504.25,0.0201
24119,5197,166,2,339.59,0.0468
24120,9671,5,1,101.23,0.1347
24121,1574,47,4,1623.71,0.1291
24122,1601,142,2,823.98,0.0409
24123,9697,48,5,44.76,0.2439
24124,9046,41,5,221.13,0.1941
24125,6295,179,2,2132.13,0.1392
24126,4460,37,4,321.57,0.2183
24127,2383,149,2,1251.91,0.2904
24128,2335,136,2,877.11,0.0175
24129,2972,137,5,518.53,0.2984
24130,6570,140,2,325.31,0.295
24131,801,25,4,1602.74,0.0407
24132,4503,21,1,2190.53,0.27
24133,2396,174,4,1509.37,0.2192
24134,6288,26,4,949.36,0.0623
24135,421,118,5,776.73,0.2418
24136,5509,68,1,916.58,0.0415
24137,6379,153,3,925.38,0.0443
24138,651,168,2,1283.82,0.0471
24139,4876,160,1,928.97,0.2108
24140,6421,62,5,1472.2,0.0056
24141,6546,29,2,274.59,0.153
24142,3361,98,5,698.44,0.1293
24143,2709,19,2,1808.28,0.0523
24144,9626,178,5,1898.79,0.0244
24145,2536,70,5,1695.03,0.1064
24146,3107,148,5,862.33,0.0993
24147,5183,97,2,1123.86,0.292
24148,5234,137,3,467.63,0.0588
24149,2421,86,1,2415.86,0.148
24150,9079,34,2,2177.24,0.1471
24151,9364,83,3,2355.15,0.147
24152,6463,120,1,1430.23,0.2845
24153,4713,169,2,1172.3,0.1099
24154,243,37,1,2174.12,0.0263
24155,908,68,3,1029.63,0.0244
24156,544,197,5,681.42,0.2553
24157,6763,192,4,1263.58,0.1715
24158,304,76,1,436.51,0.0621
24159,7422,97,2,1926.25,0.2564
24160,7544,51,4,1111.99,0.232
24161,9403,59,1,1642.46,0.1126
24162,5396,191,1,1466.36,0.1549
24163,9061,127,4,1468.64,0.1911
24164,6949,172,5,2328.63,0.0693
24165,1576,120,2,153.74,0.1941
24166,119,93,2,1540.01,0.1815
24167,5053,93,5,667.24,0.1133
24168,9784,173,3,324.93,0.1813
24169,204,180,1,150.93,0.088
24170,2566,17,3,2077.73,0.1701
24171,558,35,4,1006.03,0.1737
24172,3703,13,2,1751.75,0.2951
24173,8547,46,4,2331.49,0.0336
24174,3155,164,1,2139.01,0.0225
24175,1175,4,2,616.83,0.0866
24176,2162,61,4,1593.78,0.0915
24177,9792,193,2,755.69,0.2898
24178,8800,43,2,136.83,0.2996
24179,5292,27,2,2271.29,0.2161
24180,8203,89,3,1766.52,0.0423
24181,9796,194,4,2090.13,0.171
24182,8509,23,5,693.37,0.2625
24183,2636,51,2,708.31,0.139
24184,3640,86,1,523.06,0.1639
24185,4787,82,3,722.89,0.1767
24186,4159,184,3,278.39,0.1992
24187,4106,52,5,1835.24,0.1886
24188,3032,54,5,2427.77,0.1521
24189,3972,144,3,2271.68,0.1056
24190,4333,67,3,379.76,0.113
24191,1141,1,4,539.34,0.0985
24192,3907,98,3,910.72,0.2336
24193,8432,154,3,511.0,0.1406
24194,2434,104,2,1721.08,0.0315
24195,1641,188,5,1871.72,0.0853
24196,170,198,4,1894.59,0.0565
24197,1809,44,3,1465.08,0.0254
24198,8613,36,4,645.52,0.0937
24199,1047,9,5,315.3,0.0116
24200,3285,135,3,1227.73,0.1058
24201,3231,31,2,2224.21,0.003
24202,2282,161,3,697.03,0.1855
24203,8666,54,5,825.95,0.105
24204,4577,196,4,1798.17,0.0009
24205,4874,70,2,866.23,0.2443
24206,6964,104,1,2182.23,0.0275
24207,4415,73,1,2165.99,0.1239
24208,2486,51,5,2251.09,0.0044
24209,638,126,5,1928.77,0.2565
24210,6706,146,2,161.77,0.0784
24211,5697,26,4,1333.66,0.2148
24212,7212,51,3,1198.44,0.0549
24213,6908,190,1,1162.98,0.2866
24214,6356,133,1,1642.76,0.2453
24215,2978,138,5,1883.6,0.0172
24216,9744,175,5,1360.31,0.0293
24217,702,40,4,1888.65,0.0409
24218,3072,72,2,618.7,0.1539
24219,8919,15,1,1606.8,0.2826
24220,2625,147,4,1535.0,0.1779
24221,8142,68,2,846.6,0.0767
24222,2673,99,1,1267.25,0.1414
24223,3110,165,3,2474.23,0.0658
24224,890,31,4,1753.83,0.2839
24225,8968,80,1,1119.9,0.2707
24226,3872,192,2,1774.23,0.2864
24227,1576,85,1,966.68,0.2921
24228,9922,183,3,803.73,0.0324
24229,2171,125,5,1263.14,0.2867
24230,7195,84,5,1130.38,0.1855
24231,1710,60,4,2376.8,0.0836
24232,8195,122,2,2447.4,0.1489
24233,7485,178,3,820.16,0.0258
24234,4033,150,2,180.54,0.0811
24235,4241,44,4,516.8,0.1975
24236,7578,69,3,2317.89,0.0839
24237,1309,136,1,391.61,0.1002
24238,7347,8,5,1550.08,0.207
24239,5163,33,1,112.12,0.0959
24240,9416,30,1,1274.81,0.009
24241,5244,92,2,1026.25,0.1754
24242,6979,122,2,1780.79,0.2695
24243,6969,116,4,1285.26,0.2464
24244,9270,138,1,1220.44,0.1099
24245,8111,168,1,1567.03,0.0539
24246,9318,13,1,1757.37,0.0407
24247,4632,189,5,1624.47,0.1001
24248,6755,171,3,2210.59,0.0407
24249,4904,55,5,299.05,0.1945
24250,4253,179,1,2395.79,0.2926
24251,7176,87,4,1698.41,0.0194
24252,6603,119,3,506.5,0.1097
24253,1296,147,3,1042.41,0.2965
24254,1915,54,1,783.0,0.0063
24255,4513,23,4,1796.52,0.0157
24256,6464,62,5,2488.92,0.1097
24257,1279,169,2,2173.03,0.104
24258,1181,80,5,2157.03,0.2339
24259,5425,140,3,1038.82,0.1189
24260,2053,132,4,1098.23,0.1135
24261,6872,12,1,520.99,0.1854
24262,9653,155,5,938.27,0.2135
24263,1580,14,3,1577.93,0.2995
24264,2560,16,2,2106.99,0.1187
24265,4678,93,1,161.13,0.1367
24266,6555,122,1,2366.26,0.0238
24267,3683,140,2,618.31,0.1152
24268,8758,181,5,512.59,0.0353
24269,9417,15,3,1003.84,0.1821
24270,6526,1,5,1598.36,0.1962
24271,6935,28,2,1429.42,0.2582
24272,9815,8,4,642.04,0.0305
24273,1326,96,4,2396.58,0.1211
24274,6759,120,2,1500.79,0.1498
24275,7471,89,1,2056.81,0.1942
24276,1501,76,3,2288.55,0.2924
24277,6459,188,3,1009.54,0.0123
24278,1538,134,1,589.73,0.2355
24279,6186,191,4,1605.49,0.0332
24280,3083,122,1,851.34,0.1331
24281,213,9,4,970.37,0.102
24282,177,52,5,356.72,0.2375
24283,2085,54,2,2052.71,0.2207
24284,3033,79,4,1953.62,0.258
24285,5809,54,1,1599.58,0.2587
24286,7427,128,2,960.98,0.108
24287,9154,164,4,2424.6,0.1598
24288,987,154,1,907.13,0.03
24289,4257,101,5,1552.86,0.1244
24290,4095,169,1,384.53,0.1921
24291,2962,11,5,364.64,0.2851
24292,1223,63,2,2389.27,0.0968
24293,6692,155,5,1822.4,0.2618
24294,3990,39,4,79.66,0.239
24295,7455,21,5,1601.79,0.1551
24296,5952,117,1,132.59,0.0305
24297,1397,134,4,1864.73,0.265
24298,1845,139,5,151.52,0.0311
24299,7094,46,1,929.47,0.2991
24300,6369,159,2,952.66,0.185
24301,6087,184,3,1485.68,0.2045
24302,2880,75,1,542.87,0.1336
24303,6574,51,4,1736.79,0.0869
24304,2218,109,2,1346.39,0.147
24305,2334,136,2,847.87,0.247
24306,3095,83,2,1936.94,0.1785
24307,4876,171,5,1514.13,0.0212
24308,8796,117,2,2246.42,0.1827
24309,9055,34,2,1306.53,0.0187
24310,8315,47,3,802.03,0.018
24311,6759,16,5,28.69,0.1869
24312,1296,163,1,1433.35,0.0212
24313,9374,10,1,2257.79,0.2071
24314,2628,87,4,338.76,0.221
24315,7457,55,2,2443.81,0.032
24316,865,125,4,1613.17,0.1598
24317,1743,48,1,625.62,0.2867
24318,5658,4,2,2366.54,0.091
24319,7805,19,2,2474.61,0.0827
24320,4622,60,1,90.32,0.1331
24321,5817,42,2,2386.1,0.246
24322,5775,14,5,668.87,0.1977
24323,9922,33,2,1843.48,0.1336
24324,2064,176,2,713.27,0.1961
24325,2341,54,4,1145.69,0.2064
24326,4257,180,3,685.2,0.0021
24327,3330,165,1,1805.37,0.1552
24328,7713,110,1,2011.67,0.0306
24329,6019,136,1,1832.75,0.0686
24330,8532,74,4,2398.45,0.2554
24331,9201,159,2,370.91,0.2045
24332,802,35,3,1451.31,0.1426
24333,3150,183,4,2365.08,0.1291
24334,7604,153,3,1167.35,0.0875
24335,962,104,5,2222.49,0.1271
24336,8434,111,5,41.21,0.0471
24337,1947,110,4,2363.69,0.1678
24338,1480,3,4,140.74,0.1368
24339,2420,15,3,161.17,0.2542
24340,8798,96,4,911.67,0.0797
24341,5297,21,2,2094.54,0.2976
24342,9519,58,4,229.88,0.2769
24343,1941,167,4,2323.1,0.1664
24344,3271,155,2,568.95,0.1986
24345,9428,14,1,137.76,0.2877
24346,7537,36,1,1415.72,0.0932
24347,7060,46,5,2075.75,0.0108
24348,9733,138,4,2431.26,0.0807
24349,4255,152,5,603.92,0.0244
24350,4664,138,4,2123.82,0.235
24351,194,95,2,367.36,0.0849
24352,5188,103,3,1875.73,0.0398
24353,1506,58,4,95.98,0.2933
24354,5396,156,5,979.36,0.0071
24355,9837,68,5,2031.43,0.2956
24356,6963,176,4,334.87,0.1979
24357,752,19,5,1508.34,0.1618
24358,2980,144,5,2076.56,0.1925
24359,821,70,2,529.82,0.2826
24360,5814,179,5,2009.19,0.0286
24361,9206,74,1,776.05,0.1981
24362,2782,187,1,1014.35,0.1363
24363,4076,16,3,1881.58,0.253
24364,5275,2,1,2060.67,0.1324
24365,8706,200,1,766.3,0.1234
24366,7771,105,2,562.65,0.2794
24367,7637,167,4,1404.67,0.2394
24368,6819,69,2,1446.47,0.0664
24369,8510,8,5,234.27,0.1405
24370,4424,93,1,1425.08,0.213
24371,2107,3,5,1595.88,0.0713
24372,7872,77,4,259.32,0.2174
24373,3932,180,4,2043.97,0.2413
24374,937,27,3,1260.19,0.2372
24375,4478,179,3,1508.52,0.0263
24376,2383,189,2,1304.23,0.1047
24377,3914,51,1,1213.04,0.2969
24378,9521,40,5,757.59,0.2239
24379,787,6,3,924.06,0.2396
24380,4841,103,4,1783.51,0.207
24381,8466,49,4,1584.34,0.2621
24382,8867,143,3,1522.43,0.2165
24383,9449,174,4,2011.16,0.1736
24384,1019,175,1,1350.41,0.1901
24385,7612,123,1,763.89,0.1458
24386,1247,72,2,1491.12,0.0406
24387,3301,104,1,1949.82,0.0673
24388,6068,123,3,2207.1,0.0377
24389,9138,52,3,1241.25,0.2343
24390,6156,160,1,903.3,0.1358
24391,3601,31,3,2125.92,0.1155
24392,8411,166,2,1064.3,0.0763
24393,853,55,2,2412.09,0.0406
24394,4401,131,4,1088.38,0.1273
24395,5808,176,2,2466.25,0.0944
24396,3830,141,5,259.18,0.0596
24397,3982,128,1,872.27,0.0728
24398,183,186,3,705.05,0.2615
24399,4585,42,3,2484.56,0.1005
24400,6774,169,2,2148.78,0.262
24401,7565,143,2,1849.48,0.2657
24402,4032,154,2,2295.45,0.1822
24403,1248,140,3,2290.38,0.2656
24404,888,147,5,508.49,0.2768
24405,1608,99,3,863.01,0.0671
24406,8855,173,2,134.82,0.2537
24407,1744,36,5,781.71,0.29
24408,8036,32,2,1788.65,0.1559
24409,1737,195,5,1786.78,0.2637
24410,625,133,2,1120.21,0.1843
24411,6326,60,5,434.34,0.2493
24412,6943,82,1,127.68,0.0667
24413,8678,170,5,633.83,0.0618
24414,3882,120,2,221.16,0.2467
24415,5157,51,4,2476.06,0.2211
24416,5231,146,2,379.13,0.2656
24417,5871,199,4,2033.08,0.0081
24418,6761,22,3,941.04,0.1867
24419,5958,35,5,1553.72,0.132
24420,2916,22,5,1350.87,0.1017
24421,206,155,2,154.67,0.2567
24422,5481,130,3,2268.08,0.0962
24423,1368,61,2,2252.45,0.1138
24424,353,125,1,755.63,0.0724
24425,2931,111,1,346.6,0.2919
24426,5930,154,4,267.21,0.1897
24427,9074,135,5,2113.97,0.2178
24428,8147,101,4,1465.11,0.2945
24429,9757,83,4,945.5,0.1652
24430,373,65,5,862.06,0.1417
24431,7811,74,1,1372.77,0.142
24432,3925,36,4,690.91,0.2164
24433,6045,149,5,63.69,0.2724
24434,9258,145,1,1046.36,0.2327
24435,7476,170,5,2192.05,0.1576
24436,3492,172,5,2010.5,0.079
24437,3976,171,2,2280.31,0.2516
24438,1750,195,1,1665.86,0.249
24439,2050,50,4,138.8,0.0665
24440,563,22,5,1174.45,0.206
24441,911,94,2,67.8,0.1664
24442,9576,178,3,2424.8,0.0656
24443,9869,36,3,1707.61,0.0874
24444,2230,69,2,55.33,0.2186
24445,8576,3,1,2406.72,0.285
24446,7395,193,3,941.8,0.1946
24447,6253,81,4,385.38,0.2921
24448,8782,54,2,1824.61,0.1637
24449,1634,180,5,394.65,0.2564
24450,7318,22,2,565.91,0.2923
24451,3500,33,4,232.37,0.0088
24452,644,149,2,1758.97,0.0127
24453,9370,129,4,542.55,0.0754
24454,5761,132,4,2042.21,0.0848
24455,7178,169,2,1555.88,0.1669
24456,1565,134,2,982.83,0.15
24457,6134,28,2,2430.54,0.2506
24458,990,109,5,505.42,0.1659
24459,7257,12,5,1907.66,0.0828
24460,8973,106,4,395.66,0.0658
24461,3752,176,3,569.07,0.0875
24462,6818,186,2,333.73,0.0423
24463,4606,113,3,2340.13,0.1821
24464,5711,45,1,1194.48,0.0725
24465,2599,33,1,2096.35,0.2598
24466,7124,149,2,154.68,0.2895
24467,3307,119,1,1466.38,0.1169
24468,5334,105,3,1134.64,0.279
24469,1817,58,1,2468.59,0.2609
24470,7507,91,2,1985.73,0.1551
24471,4718,50,4,2320.3,0.0545
24472,4694,96,5,1193.9,0.1747
24473,9431,1,5,2029.81,0.2321
24474,3841,32,5,531.65,0.0373
24475,509,195,4,1758.75,0.2808
24476,8615,97,1,2426.34,0.2274
24477,5765,129,5,1532.44,0.2498
24478,1758,24,3,70.0,0.1704
24479,455,147,1,872.75,0.0731
24480,5566,146,4,1496.51,0.0091
24481,2301,96,5,303.15,0.1401
24482,3789,172,1,1013.43,0.0241
24483,159,134,4,1135.58,0.0552
24484,758,12,2,2200.53,0.1417
24485,285,162,5,1432.54,0.1557
24486,9267,164,2,1375.82,0.152
24487,8909,103,2,922.71,0.1573
24488,3312,192,5,969.2,0.0884
24489,9209,66,3,1414.97,0.1862
24490,1886,148,2,421.31,0.108
24491,9159,184,4,1179.5,0.1435
24492,94,175,3,1275.86,0.092
24493,7723,39,2,1721.54,0.0371
24494,6712,55,2,1493.17,0.0404
24495,6568,57,5,827.79,0.2371
24496,94,51,5,1333.79,0.1853
24497,3174,64,1,63.55,0.0061
24498,9750,96,5,1722.95,0.2472
24499,4482,131,5,592.26,0.0004
24500,919,90,1,2084.36,0.041
24501,9834,169,3,1812.63,0.0252
24502,2518,50,1,412.04,0.1117
24503,6114,131,5,815.19,0.0481
24504,5579,156,3,1872.75,0.0882
24505,4829,134,1,1766.57,0.0562
24506,8229,5,1,1352.92,0.2403
24507,2576,183,1,747.41,0.0386
24508,6164,98,5,1313.14,0.0285
24509,2890,26,2,2478.84,0.0775
24510,9134,57,1,1016.6,0.1017
24511,5450,54,3,1319.62,0.1092
24512,9964,190,5,2009.96,0.0088
24513,3481,99,3,85.06,0.1187
24514,6870,193,2,2293.82,0.0793
24515,9888,68,3,2121.66,0.1665
24516,5338,123,1,1379.26,0.0643
24517,8656,104,3,1345.56,0.2279
24518,5265,181,3,2283.11,0.2176
24519,3101,21,5,1767.75,0.0254
24520,1915,84,3,1917.67,0.0807
24521,4740,132,4,585.84,0.1176
24522,9405,96,4,39.45,0.057
24523,3002,155,5,1106.85,0.1276
24524,2252,89,4,284.17,0.2318
24525,162,71,5,1046.72,0.0037
24526,1358,173,3,1584.32,0.0201
24527,1176,94,5,1518.9,0.2473
24528,9048,87,4,1728.6,0.1797
24529,7419,29,1,366.76,0.0803
24530,5714,121,1,620.33,0.2964
24531,5657,185,4,1746.55,0.1661
24532,4441,149,1,472.32,0.2157
24533,8297,82,5,550.67,0.2682
24534,6425,27,4,1692.26,0.1134
24535,951,40,2,1822.05,0.023
24536,920,159,3,740.5,0.2962
24537,7162,8,2,2181.46,0.0865
24538,8063,125,5,2089.24,0.2
24539,423,195,4,1505.11,0.0345
24540,4301,163,3,2068.63,0.1051
24541,8962,102,2,2445.34,0.0827
24542,7842,75,5,2351.25,0.289
24543,7344,107,5,332.33,0.0306
24544,8114,116,1,958.58,0.0055
24545,7298,98,3,1812.56,0.1791
24546,4573,87,3,233.95,0.1371
24547,7207,197,2,355.16,0.1453
24548,4455,158,3,1013.33,0.1277
24549,1233,165,2,30.43,0.0077
24550,7831,144,4,1111.03,0.075
24551,6725,14,4,991.08,0.2598
24552,6287,199,4,1774.64,0.2179
24553,9717,117,2,239.53,0.2282
24554,8252,97,2,1113.93,0.2765
24555,6464,2,4,2406.98,0.1079
24556,4994,174,4,2195.58,0.0881
24557,6308,5,3,1790.88,0.2512
24558,6413,45,3,2445.39,0.2741
24559,9080,45,2,243.34,0.2632
24560,5893,60,1,638.92,0.2013
24561,7208,143,1,364.38,0.0215
24562,5568,124,3,1912.72,0.0679
24563,8867,42,5,2147.05,0.2788
24564,1977,130,1,1608.36,0.2077
24565,5673,157,2,656.28,0.1385
24566,6317,93,5,320.14,0.2003
24567,8354,153,2,1368.35,0.2695
24568,5850,150,3,383.34,0.2138
24569,2083,83,2,417.3,0.1291
24570,9420,190,1,1400.7,0.2891
24571,5283,124,4,256.37,0.2126
24572,4453,141,2,2284.81,0.2396
24573,9652,190,1,527.01,0.0468
24574,2122,166,4,2069.08,0.1914
24575,6955,128,2,1442.74,0.2485
24576,4503,185,5,400.29,0.1882
24577,6260,33,2,2432.26,0.0245
24578,1195,33,2,1306.28,0.0215
24579,5557,56,2,625.19,0.1039
24580,1609,140,5,578.89,0.1738
24581,9410,110,2,337.24,0.2412
24582,8099,157,5,1408.67,0.2244
24583,1490,171,2,1556.03,0.0084
24584,1691,60,4,1457.21,0.0858
24585,4844,65,4,2106.55,0.2523
24586,3739,152,5,186.94,0.1242
24587,8640,69,4,85.25,0.0071
24588,6951,185,2,2116.31,0.2317
24589,9404,35,1,312.95,0.1705
24590,4305,173,1,374.21,0.0412
24591,9289,197,2,1352.7,0.1462
24592,96,141,4,1025.66,0.0155
24593,7148,160,3,1671.51,0.2715
24594,4147,183,1,487.69,0.0708
24595,7462,106,4,2103.83,0.2505
24596,4659,27,5,554.53,0.2271
24597,1584,88,4,1087.79,0.1409
24598,8144,3,1,70.52,0.049
24599,842,129,3,2410.87,0.2676
24600,7749,63,3,736.99,0.0634
24601,9554,124,1,1338.58,0.0547
24602,5143,93,2,1200.92,0.0659
24603,4582,173,1,1012.68,0.0875
24604,3764,86,5,464.47,0.1168
24605,8279,197,4,1553.98,0.2972
24606,9264,43,1,1395.71,0.199
24607,1891,123,5,1108.68,0.0247
24608,5945,12,2,1380.2,0.0233
24609,4769,143,3,1631.18,0.0182
24610,3878,125,2,2153.17,0.1393
24611,2497,38,1,585.15,0.119
24612,4614,62,3,1930.42,0.26
24613,9877,35,4,2042.0,0.1159
24614,3099,109,1,1865.17,0.1301
24615,5626,16,3,2048.12,0.1906
24616,646,192,1,1451.77,0.2377
24617,9000,143,4,69.52,0.2431
24618,4249,64,1,1743.79,0.2193
24619,2547,186,5,2157.29,0.1473
24620,79,80,2,670.28,0.2816
24621,1456,97,1,1864.71,0.1257
24622,2470,168,5,292.93,0.1324
24623,3665,57,5,1620.75,0.2562
24624,7441,148,1,156.99,0.102
24625,4626,165,3,1375.39,0.1176
24626,7204,125,3,2194.26,0.0654
24627,7990,32,2,956.41,0.0053
24628,1923,74,3,479.44,0.2201
24629,5209,144,4,1700.9,0.0082
24630,4973,133,1,2116.11,0.1577
24631,7828,128,3,766.8,0.2925
24632,9067,20,4,1438.07,0.1803
24633,1664,56,4,1654.95,0.0091
24634,2405,91,5,985.02,0.2075
24635,7458,43,3,182.6,0.2294
24636,2790,127,2,2077.89,0.0981
24637,1209,188,4,2096.89,0.0146
24638,6821,50,3,268.81,0.0908
24639,7737,59,1,1476.37,0.0102
24640,8503,84,2,1834.32,0.0987
24641,7839,141,3,245.69,0.2371
24642,6679,147,1,2118.19,0.2733
24643,3686,108,4,895.45,0.1244
24644,5095,38,4,1477.28,0.2746
24645,2864,155,1,950.67,0.2576
24646,3975,106,3,1327.93,0.1372
24647,6243,36,4,1650.18,0.2685
24648,4347,104,3,1774.87,0.1538
24649,296,133,4,1014.99,0.2043
24650,6503,51,5,291.66,0.0021
24651,9225,114,4,867.94,0.1916
24652,1889,176,4,2089.2,0.1969
24653,7731,27,5,1480.79,0.095
24654,9166,59,2,1127.4,0.2483
24655,4658,54,5,1680.17,0.0737
24656,6748,156,2,2046.55,0.1736
24657,4699,196,4,2205.98,0.1517
24658,9226,71,2,1808.51,0.1394
24659,9426,8,1,238.77,0.0063
24660,6104,15,1,570.65,0.2903
24661,9685,29,1,2413.72,0.2231
24662,6236,148,5,1812.71,0.0076
24663,8489,193,1,2230.96,0.1105
24664,1513,7,3,1333.42,0.0998
24665,6629,162,1,264.2,0.1025
24666,8773,10,4,368.17,0.1619
24667,8846,123,1,2395.46,0.0047
24668,1038,105,2,864.42,0.0566
24669,8879,48,4,977.89,0.0486
24670,1604,70,4,2436.03,0.077
24671,5029,153,1,1198.89,0.2552
24672,6798,104,2,49.33,0.0127
24673,8279,41,4,1372.08,0.0866
24674,9033,103,4,1829.88,0.2736
24675,7576,78,3,1360.77,0.2483
24676,5195,139,5,1624.32,0.1815
24677,8156,12,2,1295.91,0.0758
24678,6099,170,1,574.92,0.197
24679,7948,53,4,234.55,0.2421
24680,5935,157,4,54.11,0.1003
24681,6284,45,5,1721.6,0.0162
24682,4227,99,1,978.43,0.2965
24683,5022,23,3,1286.83,0.1092
24684,7354,188,3,306.44,0.2535
24685,9583,80,2,1393.49,0.0591
24686,3246,60,5,630.51,0.2566
24687,9003,21,5,2041.12,0.2789
24688,6550,59,4,1499.13,0.1822
24689,9481,168,4,170.92,0.2461
24690,6492,1,4,549.06,0.2642
24691,231,110,4,597.25,0.2505
24692,5073,153,1,2011.21,0.2812
24693,5444,16,1,1229.6,0.0776
24694,4153,33,2,1614.53,0.0358
24695,5383,22,3,1225.64,0.2627
24696,2102,67,2,1024.51,0.2949
24697,4042,195,4,2061.29,0.0484
24698,4155,43,5,2059.32,0.2115
24699,9635,180,1,2106.11,0.1636
24700,4963,63,1,2393.04,0.0707
24701,7262,133,1,837.14,0.2139
24702,3285,108,1,1770.72,0.1966
24703,3642,25,5,854.81,0.125
24704,7897,38,2,2233.3,0.005
24705,2701,181,1,1329.05,0.2489
24706,2861,144,4,939.28,0.0669
24707,8325,93,4,33.9,0.2078
24708,7334,70,2,1691.36,0.2994
24709,2073,138,2,1145.74,0.2793
24710,7567,183,2,252.6,0.1454
24711,3917,142,2,962.76,0.0253
24712,5031,103,5,1290.2,0.2679
24713,48,84,1,838.97,0.0037
24714,6196,69,5,1928.31,0.0944
24715,2108,71,5,1843.29,0.2188
24716,6617,104,1,304.17,0.2366
24717,8983,54,5,1291.55,0.1728
24718,5573,56,2,1157.18,0.097
24719,1878,57,3,1886.11,0.0347
24720,3862,143,4,1223.65,0.1485
24721,6327,126,2,804.59,0.1834
24722,8821,16,2,1180.76,0.2935
24723,4708,149,1,1196.31,0.2926
24724,9935,75,3,467.09,0.2452
24725,4070,68,1,903.45,0.035
24726,6875,153,2,1043.54,0.277
24727,3490,66,5,152.4,0.1319
24728,4668,66,4,1579.53,0.0254
24729,1689,95,4,539.44,0.2102
24730,2614,47,2,858.63,0.2149
24731,6911,200,1,461.24,0.0316
24732,8213,112,3,1861.31,0.0189
24733,5603,72,3,1388.99,0.2877
24734,9370,133,2,508.01,0.2009
24735,6149,150,3,505.15,0.0785
24736,6106,107,1,579.76,0.1541
24737,2721,197,3,2397.24,0.1931
24738,6777,168,1,1193.89,0.1425
24739,5044,48,2,2324.5,0.0622
24740,2732,198,3,2478.78,0.0204
24741,4884,166,1,1282.2,0.2458
24742,8504,71,5,226.65,0.1816
24743,9538,18,3,2030.74,0.0117
24744,2679,25,4,1532.01,0.2509
24745,8712,67,3,197.77,0.1479
24746,6995,89,3,1231.05,0.1347
24747,9885,149,5,1661.19,0.0096
24748,2632,95,3,1116.71,0.2754
24749,8207,110,3,1448.35,0.0426
24750,3554,49,2,2338.59,0.1912
24751,1343,170,2,364.62,0.0393
24752,1504,80,1,1218.64,0.2151
24753,3171,52,4,35.87,0.1909
24754,5488,64,3,1100.55,0.0218
24755,9518,86,2,529.45,0.0541
24756,2852,115,1,579.33,0.2291
24757,6154,125,5,589.19,0.268
24758,5559,118,4,1902.07,0.1105
24759,6423,174,5,1277.49,0.1357
24760,4012,43,1,960.33,0.0831
24761,4229,63,5,16.93,0.2908
24762,516,129,3,2091.7,0.0959
24763,8606,154,5,15.24,0.0243
24764,9456,25,2,2022.49,0.0714
24765,7912,89,2,1822.46,0.1442
24766,5005,107,5,315.75,0.1037
24767,5238,132,4,1556.66,0.144
24768,7698,82,2,42.74,0.1975
24769,4512,60,5,570.64,0.0939
24770,4513,43,3,613.89,0.139
24771,6970,72,2,2452.45,0.2462
24772,6782,7,2,1433.46,0.2714
24773,5831,145,5,37.34,0.2242
24774,3982,134,5,335.17,0.0417
24775,1640,170,5,491.79,0.1972
24776,1641,172,4,2057.41,0.275
24777,1831,149,2,1701.58,0.2265
24778,7854,2,3,1215.54,0.0272
24779,8595,141,3,2029.87,0.1864
24780,2024,32,1,1192.88,0.0795
24781,7973,29,5,2042.6,0.2922
24782,1027,133,1,559.72,0.1315
24783,3832,118,1,2324.12,0.0444
24784,647,90,4,2393.76,0.1099
24785,327,96,4,1600.1,0.0811
24786,8192,112,5,1590.22,0.2477
24787,4534,17,5,1419.67,0.1921
24788,4671,143,5,1090.43,0.082
24789,6134,188,3,459.15,0.2386
24790,2880,196,5,493.9,0.0458
24791,8198,172,3,1636.33,0.0621
24792,640,33,1,1175.96,0.0301
24793,8500,123,5,575.86,0.1772
24794,7802,10,2,243.65,0.0135
24795,1444,175,3,2398.52,0.2109
24796,933,107,5,1725.81,0.0614
24797,9536,129,3,488.96,0.1967
24798,5040,40,3,1877.72,0.1851
24799,3867,117,5,435.37,0.0389
24800,7789,73,1,1479.2,0.0136
24801,1921,22,5,1424.6,0.0121
24802,432,26,1,284.11,0.0434
24803,8021,35,1,1664.74,0.1617
24804,9564,33,5,1399.84,0.1658
24805,6193,10,2,2008.07,0.0936
24806,3383,189,2,2271.86,0.0175
24807,5159,166,1,1772.58,0.2142
24808,9410,123,3,769.0,0.0495
24809,5570,147,2,828.32,0.214
24810,6977,196,5,790.15,0.0506
24811,9832,83,2,2161.1,0.0343
24812,274,135,3,1215.72,0.2507
24813,2729,140,2,2397.02,0.1889
24814,866,91,5,1642.63,0.0206
24815,7899,160,5,1513.19,0.0256
24816,3195,27,1,2248.74,0.0616
24817,9383,185,4,1480.21,0.1754
24818,9675,85,3,2059.76,0.2681
24819,1539,54,2,1254.57,0.2951
24820,4785,197,1,1502.62,0.0796
24821,2192,83,4,659.15,0.2065
24822,9339,115,4,2192.66,0.2563
24823,6260,117,1,705.83,0.0605
24824,2384,7,5,2409.05,0.1413
24825,3681,78,5,973.42,0.2803
24826,333,37,3,1096.64,0.1314
24827,7217,50,3,1237.57,0.1817
24828,5629,125,5,967.93,0.1342
24829,6428,137,3,1444.04,0.1681
24830,3308,133,3,1630.17,0.2808
24831,5520,54,2,442.95,0.0209
24832,64,48,3,2078.96,0.0674
24833,5308,9,5,1657.79,0.1477
24834,3266,180,1,1863.77,0.0713
24835,7194,30,4,2350.98,0.1668
24836,1194,78,5,2026.56,0.0456
24837,2012,188,3,1548.3,0.2262
24838,5507,3,5,769.42,0.1761
24839,1644,180,5,1498.34,0.12
24840,1824,152,4,163.42,0.2239
24841,3065,156,3,1557.75,0.2511
24842,8389,167,1,1088.57,0.2921
24843,24,183,1,1739.41,0.2713
24844,3327,75,2,716.67,0.2883
24845,577,82,4,1553.81,0.2156
24846,4887,153,5,1995.67,0.0422
24847,8784,105,4,272.56,0.0045
24848,2056,14,4,1699.04,0.1353
24849,8558,11,1,2425.96,0.2101
24850,5689,175,4,2191.58,0.0982
24851,3144,27,4,373.94,0.2114
24852,2954,4,5,1126.03,0.0728
24853,2598,179,2,608.61,0.1504
24854,3349,105,5,193.46,0.1422
24855,1587,34,4,1978.48,0.2115
24856,5010,168,2,2079.64,0.1985
24857,8058,71,4,1643.91,0.1309
24858,8858,18,3,241.64,0.0606
24859,7700,19,3,206.76,0.2255
24860,8985,143,3,1403.4,0.1975
24861,2293,75,2,2256.65,0.0214
24862,7416,140,5,451.75,0.1411
24863,2027,35,2,1583.94,0.1769
24864,8240,36,4,1256.06,0.2739
24865,2439,140,5,653.82,0.2351
24866,2726,144,1,1060.89,0.0182
24867,3185,172,5,1140.01,0.2593
24868,5405,44,5,388.88,0.1005
24869,1111,164,2,450.12,0.2689
24870,495,187,3,1682.7,0.1147
24871,4345,158,2,331.3,0.2611
24872,9841,16,1,1954.54,0.0737
24873,3298,80,3,2120.75,0.1427
24874,9922,113,5,297.92,0.1764
24875,6610,84,2,2361.12,0.1485
24876,6250,9,1,2444.26,0.1292
24877,8888,125,2,148.6,0.0434
24878,3809,46,5,23.58,0.266
24879,2703,133,4,2370.96,0.153
24880,2494,18,2,239.66,0.2498
24881,1292,172,2,683.46,0.1531
24882,254,39,4,1193.85,0.1492
24883,1289,66,2,408.41,0.0243
24884,430,122,1,1047.34,0.0129
24885,1578,186,3,2319.3,0.137
24886,4810,67,1,2219.68,0.0208
24887,7199,175,4,398.88,0.1528
24888,9381,92,1,2361.31,0.0778
24889,4875,75,1,1781.53,0.1936
24890,3773,74,5,2427.26,0.1151
24891,8262,84,4,454.98,0.0962
24892,2347,95,3,176.71,0.2911
24893,2019,181,3,1046.63,0.1713
24894,2861,51,2,2472.38,0.0361
24895,4914,173,4,1147.18,0.2494
24896,3334,176,4,1617.94,0.2574
24897,2047,119,3,1351.21,0.279
24898,1254,150,2,2240.71,0.002
24899,4876,82,1,2175.13,0.2272
24900,1737,12,3,2404.58,0.2301
24901,8495,183,4,1530.81,0.054
24902,8743,98,3,1409.95,0.1469
24903,9912,45,5,172.81,0.128
24904,4309,92,5,781.55,0.0335
24905,8595,191,3,908.97,0.2949
24906,5755,192,5,1267.16,0.2218
24907,3355,172,5,320.67,0.0352
24908,7229,15,3,1346.9,0.1679
24909,9012,124,1,670.05,0.1569
24910,6584,145,5,2424.8,0.1473
24911,8549,75,4,528.1,0.1499
24912,108,61,4,447.51,0.01
24913,6284,154,4,1293.18,0.1962
24914,6387,157,3,2315.18,0.2541
24915,8798,89,1,290.31,0.2389
24916,1858,4,4,2295.5,0.0659
24917,5784,155,2,282.91,0.1102
24918,2272,42,5,442.4,0.2346
24919,5293,152,3,408.56,0.1954
24920,8908,19,5,587.29,0.2328
24921,7167,41,1,1881.59,0.2467
24922,9671,91,1,1070.44,0.2773
24923,7733,105,4,2031.41,0.0364
24924,962,141,2,830.65,0.0623
24925,3859,66,2,1181.05,0.291
24926,3922,91,4,1245.92,0.2696
24927,5218,64,3,1172.01,0.1625
24928,5758,200,5,1004.6,0.181
24929,9410,140,4,885.08,0.0521
24930,557,29,3,2118.81,0.0843
24931,384,157,1,1027.35,0.1128
24932,4520,30,1,342.15,0.0999
24933,4486,73,1,496.79,0.2292
24934,7091,197,3,1753.21,0.2857
24935,2991,126,3,2483.65,0.2213
24936,5265,100,5,1702.74,0.2598
24937,919,13,1,227.09,0.2061
24938,6696,111,4,1315.45,0.0263
24939,7678,130,3,1531.42,0.1637
24940,5990,33,2,1436.6,0.1183
24941,7253,4,5,418.61,0.1793
24942,2965,184,1,1670.31,0.2106
24943,5003,74,4,61.09,0.2887
24944,3623,185,5,1898.13,0.0354
24945,1758,97,1,671.55,0.2713
24946,7871,2,4,2409.69,0.2051
24947,3100,125,3,955.31,0.1558
24948,852,191,2,187.91,0.1221
24949,2223,12,1,2476.49,0.2149
24950,559,144,5,1592.05,0.1018
24951,4582,60,5,1416.5,0.2138
24952,3261,184,4,898.04,0.2215
24953,7442,73,5,1141.67,0.0546
24954,8100,131,5,1122.97,0.091
24955,3675,180,3,687.22,0.0703
24956,2083,16,1,870.76,0.2429
24957,2040,174,3,2347.75,0.0379
24958,7796,31,5,439.74,0.0196
24959,100,1,2,1241.35,0.0861
24960,1669,183,1,2263.4,0.108
24961,2088,30,2,1924.23,0.1294
24962,1260,16,5,2492.78,0.2049
24963,4906,68,1,1956.88,0.099
24964,74,88,2,93.64,0.2618
24965,6879,168,2,531.21,0.2425
24966,4955,87,4,2328.47,0.1182
24967,5564,17,1,2376.15,0.2621
24968,6990,99,2,1380.85,0.2303
24969,3095,120,1,1134.27,0.2284
24970,8809,26,4,1566.08,0.2288
24971,4123,35,1,2251.4,0.0717
24972,9299,143,2,1176.4,0.0352
24973,3971,155,2,1606.48,0.192
24974,9693,72,4,585.56,0.1739
24975,1869,143,3,1384.85,0.199
24976,667,117,5,350.48,0.1429
24977,7339,200,5,57.39,0.0329
24978,7982,4,2,1445.6,0.2433
24979,8178,193,1,1747.35,0.2908
24980,6949,25,3,593.66,0.2208
24981,2243,136,4,513.96,0.1194
24982,646,177,5,1714.6,0.224
24983,1019,145,3,1542.81,0.055
24984,6644,28,4,2056.68,0.2962
24985,4557,198,2,686.81,0.2109
24986,5003,124,4,1759.2,0.2028
24987,8322,107,3,487.23,0.1217
24988,9536,6,4,631.6,0.2354
24989,3304,55,1,1271.36,0.2401
24990,9388,129,3,2086.69,0.1836
24991,1612,67,5,741.91,0.293
24992,3705,180,5,501.99,0.1599
24993,3479,40,2,1553.21,0.1116
24994,9920,84,3,868.73,0.052
24995,1977,144,1,1015.63,0.1585
24996,2570,74,5,1482.57,0.0472
24997,1013,78,1,240.85,0.1683
24998,2694,119,3,785.23,0.1528
24999,3039,144,3,1462.67,0.2205
25000,4863,15,1,357.87,0.2875
