payment_id,order_id,payment_date,amount,status
1,1,2025-06-08 09:00:00,1369.91,approved
2,2,2025-11-18 15:00:00,2574.94,approved
3,3,2025-02-03 03:00:00,1207.14,approved
4,4,2025-05-23 00:00:00,534.33,approved
5,5,2025-05-21 19:00:00,2619.93,approved
6,6,2025-01-26 11:00:00,1613.89,approved
7,7,2025-09-22 09:00:00,287.19,approved
8,8,2025-03-04 09:00:00,2769.38,approved
9,9,2025-02-04 22:00:00,2056.88,approved
10,10,2025-02-12 23:00:00,1723.01,approved
11,11,2025-10-26 22:00:00,2363.23,approved
12,12,2025-10-12 18:00:00,1778.68,approved
13,13,2025-03-19 10:00:00,2276.5,approved
14,14,2025-12-10 03:00:00,3038.86,failed
15,15,2025-10-06 20:00:00,2155.03,approved
16,16,2025-04-30 06:00:00,2315.41,approved
17,17,2025-02-24 04:00:00,2156.22,approved
18,18,2025-11-17 12:00:00,1868.51,approved
19,19,2025-01-24 07:00:00,618.46,approved
20,20,2025-03-31 05:00:00,1188.16,approved
21,21,2025-05-19 07:00:00,2432.02,approved
22,22,2025-01-24 15:00:00,1500.66,approved
23,23,2025-09-07 23:00:00,1433.33,approved
24,24,2025-06-17 15:00:00,2662.26,failed
25,25,2025-11-26 12:00:00,39.38,approved
26,26,2025-10-17 23:00:00,2382.9,approved
27,27,2025-04-30 16:00:00,1722.51,approved
28,28,2025-10-07 02:00:00,1331.13,approved
29,29,2025-03-11 15:00:00,1205.07,approved
30,30,2025-10-24 19:00:00,621.61,pending
31,31,2025-10-06 13:00:00,1183.2,pending
32,32,2025-07-09 00:00:00,1382.14,approved
33,33,2025-02-01 00:00:00,1542.32,approved
34,34,2025-02-15 13:00:00,2359.61,pending
35,35,2025-07-18 16:00:00,1598.43,approved
36,36,2025-04-26 03:00:00,2791.07,approved
37,37,2025-05-25 19:00:00,2246.29,approved
38,38,2025-10-25 12:00:00,679.8,pending
39,39,2025-11-16 01:00:00,984.56,approved
40,40,2025-02-13 09:00:00,295.79,approved
41,41,2025-03-17 14:00:00,3311.11,approved
42,42,2025-02-25 12:00:00,3105.2,approved
43,43,2025-03-17 07:00:00,315.09,approved
44,44,2025-02-01 00:00:00,2017.78,approved
45,45,2025-11-13 22:00:00,3362.2,approved
46,46,2025-07-16 15:00:00,2620.06,approved
47,47,2025-01-23 20:00:00,1731.51,approved
48,48,2025-04-30 19:00:00,859.04,approved
49,49,2025-02-26 12:00:00,991.05,approved
50,50,2025-06-27 11:00:00,2582.11,approved
51,51,2025-11-04 16:00:00,2736.4,approved
52,52,2025-02-19 23:00:00,1859.85,approved
53,53,2025-08-30 01:00:00,440.9,approved
54,54,2025-11-13 16:00:00,3269.86,approved
55,55,2025-06-10 18:00:00,2959.77,approved
56,56,2025-12-11 22:00:00,509.07,approved
57,57,2025-08-11 10:00:00,217.41,pending
58,58,2025-05-29 13:00:00,1884.82,approved
59,59,2025-08-30 14:00:00,1008.82,approved
60,60,2025-10-31 13:00:00,1005.71,approved
61,61,2025-10-28 14:00:00,323.53,approved
62,62,2025-05-04 00:00:00,3337.78,approved
63,63,2025-04-13 01:00:00,2908.98,approved
64,64,2025-06-24 08:00:00,416.14,approved
65,65,2025-03-30 17:00:00,3070.56,pending
66,66,2025-09-27 19:00:00,2396.69,approved
67,67,2025-06-11 20:00:00,1152.54,approved
68,68,2025-03-27 01:00:00,3051.95,approved
69,69,2025-06-09 11:00:00,2101.12,approved
70,70,2025-03-07 04:00:00,2973.37,approved
71,71,2025-04-06 10:00:00,1653.05,approved
72,72,2025-10-13 06:00:00,1762.27,approved
73,73,2025-08-17 11:00:00,1032.71,approved
74,74,2025-04-04 05:00:00,1369.17,failed
75,75,2025-11-25 03:00:00,1995.78,approved
76,76,2025-09-15 17:00:00,3315.77,approved
77,77,2025-07-25 18:00:00,2108.41,approved
78,78,2025-01-09 12:00:00,,approved
79,79,2025-07-03 23:00:00,44.35,approved
80,80,2025-09-27 05:00:00,2981.44,approved
81,81,2025-06-05 18:00:00,1287.85,approved
82,82,2025-03-21 05:00:00,1116.08,approved
83,83,2025-03-13 14:00:00,2806.54,approved
84,84,2025-06-09 06:00:00,3309.87,approved
85,85,2025-01-24 20:00:00,2623.2,approved
86,86,2025-08-04 23:00:00,624.99,approved
87,87,2025-04-05 22:00:00,1382.0,approved
88,88,2025-07-11 00:00:00,2662.71,pending
89,89,2025-07-12 12:00:00,3176.1,approved
90,90,2025-11-24 13:00:00,3495.13,pending
91,91,2025-10-15 07:00:00,1800.23,approved
92,92,2025-06-17 19:00:00,2882.39,approved
93,93,2025-01-05 01:00:00,182.28,approved
94,94,2025-02-19 11:00:00,1014.67,approved
95,95,2025-09-26 06:00:00,1312.87,approved
96,96,2025-02-09 14:00:00,3414.82,approved
97,97,2025-04-06 04:00:00,31.81,approved
98,98,2025-01-25 21:00:00,1091.91,approved
99,99,2025-04-20 14:00:00,3257.83,approved
100,100,2025-11-06 12:00:00,1087.24,approved
101,101,2025-02-02 19:00:00,803.23,approved
102,102,2025-04-10 11:00:00,2560.71,approved
103,103,2025-04-12 04:00:00,2613.78,approved
104,104,2025-03-26 22:00:00,1663.18,approved
105,105,2025-04-14 04:00:00,3315.27,approved
106,106,2025-02-01 23:00:00,725.42,approved
107,107,2025-09-26 11:00:00,3198.69,approved
108,108,2025-12-29 18:00:00,2649.17,approved
109,109,2025-01-12 11:00:00,1301.37,pending
110,110,2025-10-20 09:00:00,2828.04,approved
111,111,2025-01-18 09:00:00,483.54,failed
112,112,2025-02-18 11:00:00,475.82,approved
113,113,2025-01-23 11:00:00,3256.18,approved
114,114,2025-04-13 13:00:00,349.84,approved
115,115,2025-01-10 16:00:00,34.2,approved
116,116,2025-11-05 19:00:00,1373.83,approved
117,117,2025-07-28 13:00:00,381.4,approved
118,118,2025-06-04 08:00:00,3023.37,approved
119,119,2025-03-12 22:00:00,3230.97,approved
120,120,2025-12-11 09:00:00,1698.84,approved
121,121,2025-06-05 00:00:00,1500.64,approved
122,122,2025-10-13 14:00:00,1895.86,approved
123,123,2025-01-29 02:00:00,807.16,approved
124,124,2025-04-20 08:00:00,100.0,approved
125,125,2025-12-28 04:00:00,371.4,approved
126,126,2025-06-07 15:00:00,1573.65,approved
127,127,2025-04-29 19:00:00,2148.69,approved
128,128,2025-11-18 11:00:00,3257.18,approved
129,129,2025-11-14 02:00:00,2591.97,approved
130,130,2025-12-17 21:00:00,2536.26,pending
131,131,2025-05-24 22:00:00,1091.84,pending
132,132,2025-01-17 06:00:00,3111.26,approved
133,133,2025-12-22 00:00:00,3315.41,approved
134,134,2025-05-29 09:00:00,3264.28,pending
135,135,2025-12-22 14:00:00,155.03,approved
136,136,2025-06-27 20:00:00,2123.14,approved
137,137,2025-10-21 02:00:00,2258.42,failed
138,138,2025-08-11 08:00:00,1046.83,approved
139,139,2025-07-29 15:00:00,3473.59,approved
140,140,2025-05-03 07:00:00,1033.33,approved
141,141,2025-08-12 04:00:00,773.81,approved
142,142,2025-04-01 07:00:00,1704.83,approved
143,143,2025-12-29 09:00:00,1144.55,approved
144,144,2025-11-27 03:00:00,3235.62,approved
145,145,2025-12-31 15:00:00,1551.47,approved
146,146,2025-03-27 00:00:00,1447.32,approved
147,147,2025-02-01 21:00:00,2198.0,approved
148,148,2025-09-24 03:00:00,302.28,approved
149,149,2025-12-15 20:00:00,2653.43,approved
150,150,2025-02-20 09:00:00,2694.03,approved
151,151,2025-02-20 08:00:00,1669.61,approved
152,152,2025-04-09 23:00:00,3345.83,approved
153,153,2025-10-29 11:00:00,2036.1,pending
154,154,2025-06-08 08:00:00,2439.42,approved
155,155,2025-12-01 10:00:00,3236.72,failed
156,156,2025-09-05 06:00:00,2338.88,approved
157,157,2025-11-08 03:00:00,1522.75,approved
158,158,2025-08-29 20:00:00,106.2,approved
159,159,2025-07-13 02:00:00,2554.48,approved
160,160,2025-08-25 17:00:00,3377.73,approved
161,161,2025-12-18 02:00:00,1656.42,approved
162,162,2025-12-19 14:00:00,1202.39,approved
163,163,2025-09-23 08:00:00,1827.02,approved
164,164,2025-07-30 01:00:00,2554.96,approved
165,165,2025-04-17 05:00:00,22.4,approved
166,166,2025-09-02 20:00:00,3107.5,approved
167,167,2025-07-13 22:00:00,3104.54,approved
168,168,2025-09-04 11:00:00,1903.72,approved
169,169,2025-12-18 17:00:00,445.88,pending
170,170,2025-08-19 05:00:00,2357.88,approved
171,171,2025-01-07 04:00:00,499.7,approved
172,172,2025-11-10 19:00:00,1786.26,approved
173,173,2025-03-15 11:00:00,345.83,approved
174,174,2025-10-03 04:00:00,2069.95,approved
175,175,2025-12-18 19:00:00,1126.88,approved
176,176,2025-06-13 18:00:00,2911.85,approved
177,177,2025-05-10 15:00:00,2803.81,approved
178,178,2025-05-28 15:00:00,3494.69,approved
179,179,2025-10-20 13:00:00,916.11,approved
180,180,2025-03-05 10:00:00,235.07,failed
181,181,2025-03-28 19:00:00,1561.65,failed
182,182,2025-10-23 01:00:00,310.24,approved
183,183,2025-08-27 17:00:00,641.18,approved
184,184,2025-08-29 14:00:00,2098.6,approved
185,185,2025-03-28 03:00:00,2080.62,approved
186,186,2025-04-07 14:00:00,170.78,approved
187,187,2025-07-16 05:00:00,1561.31,failed
188,188,2025-08-10 02:00:00,1865.16,approved
189,189,2025-01-03 02:00:00,952.72,approved
190,190,2025-11-22 11:00:00,3054.71,approved
191,191,2025-10-07 16:00:00,580.62,pending
192,192,2025-10-20 19:00:00,903.58,approved
193,193,2025-01-08 19:00:00,566.34,approved
194,194,2025-11-25 00:00:00,425.58,approved
195,195,2025-12-25 22:00:00,3078.85,approved
196,196,2025-07-26 11:00:00,986.95,approved
197,197,2025-10-20 05:00:00,2534.38,approved
198,198,2025-07-11 20:00:00,1509.38,approved
199,199,2025-12-03 01:00:00,2232.84,approved
200,200,2025-10-06 01:00:00,3250.05,pending
201,201,2025-04-04 10:00:00,2959.24,approved
202,202,2025-12-02 08:00:00,260.07,approved
203,203,2025-08-23 07:00:00,2961.3,approved
204,204,2025-03-29 06:00:00,1592.35,approved
205,205,2025-08-28 02:00:00,1238.51,approved
206,206,2025-08-26 16:00:00,2359.91,approved
207,207,2025-04-02 20:00:00,3326.72,approved
208,208,2025-09-12 08:00:00,347.59,approved
209,209,2025-06-27 05:00:00,2692.91,approved
210,210,2025-12-10 04:00:00,728.21,approved
211,211,2025-12-11 10:00:00,1342.87,approved
212,212,2025-05-16 09:00:00,3060.9,approved
213,213,2025-11-03 08:00:00,1919.38,approved
214,214,2025-06-24 14:00:00,254.75,approved
215,215,2025-03-22 02:00:00,1788.01,approved
216,216,2025-08-13 20:00:00,2767.95,approved
217,217,2025-06-15 17:00:00,1860.5,approved
218,218,2025-10-21 20:00:00,600.77,approved
219,219,2025-03-04 17:00:00,1568.74,approved
220,220,2025-09-16 02:00:00,3236.72,approved
221,221,2025-11-22 23:00:00,2310.55,approved
222,222,2025-07-29 04:00:00,2560.01,approved
223,223,2025-07-25 14:00:00,2755.06,approved
224,224,2025-02-10 21:00:00,335.61,approved
225,225,2025-11-16 08:00:00,2043.75,approved
226,226,2025-08-05 16:00:00,1328.18,approved
227,227,2025-10-26 00:00:00,504.27,failed
228,228,2025-04-27 12:00:00,725.43,approved
229,229,2025-05-12 05:00:00,2738.44,approved
230,230,2025-01-05 05:00:00,581.98,approved
231,231,2025-02-23 02:00:00,1107.22,approved
232,232,2025-10-24 13:00:00,1011.36,approved
233,233,2025-03-17 11:00:00,189.23,pending
234,234,2025-10-07 15:00:00,1628.31,approved
235,235,2025-11-16 00:00:00,2685.44,approved
236,236,2025-08-22 05:00:00,97.09,approved
237,237,2025-12-13 13:00:00,411.68,approved
238,238,2025-03-15 01:00:00,2526.25,approved
239,239,2025-05-03 20:00:00,2085.66,approved
240,240,2025-11-18 23:00:00,2509.06,approved
241,241,2025-06-06 16:00:00,820.76,failed
242,242,2025-10-19 17:00:00,2817.12,approved
243,243,2025-04-15 03:00:00,1689.95,approved
244,244,2025-07-15 17:00:00,2143.85,approved
245,245,2025-08-22 23:00:00,340.69,failed
246,246,2025-12-22 13:00:00,733.51,approved
247,247,2025-01-03 16:00:00,2711.29,approved
248,248,2025-09-04 12:00:00,799.2,approved
249,249,2025-07-11 12:00:00,342.0,approved
250,250,2025-01-13 12:00:00,2098.27,approved
251,251,2025-12-24 07:00:00,1926.82,approved
252,252,2025-11-03 05:00:00,2135.47,pending
253,253,2025-06-07 08:00:00,2171.7,approved
254,254,2025-01-14 21:00:00,1760.69,approved
255,255,2025-01-24 09:00:00,1738.33,pending
256,256,2025-12-09 12:00:00,3236.1,approved
257,257,2025-10-11 06:00:00,1877.91,approved
258,258,2025-06-07 17:00:00,2168.2,approved
259,259,2025-08-19 13:00:00,949.05,approved
260,260,2025-02-13 13:00:00,3051.4,approved
261,261,2025-09-14 07:00:00,104.8,approved
262,262,2025-11-02 11:00:00,1959.15,approved
263,263,2025-07-07 04:00:00,1355.8,failed
264,264,2025-04-26 14:00:00,2121.59,approved
265,265,2025-02-24 21:00:00,1273.4,approved
266,266,2025-11-06 05:00:00,2517.55,approved
267,267,2025-05-26 15:00:00,90.75,approved
268,268,2025-02-24 02:00:00,1432.5,approved
269,269,2025-05-11 20:00:00,2912.8,pending
270,270,2025-11-14 10:00:00,890.7,approved
271,271,2025-07-13 04:00:00,203.57,approved
272,272,2025-12-19 09:00:00,1747.9,approved
273,273,2025-12-21 00:00:00,3418.34,approved
274,274,2025-09-11 15:00:00,243.27,approved
275,275,2025-08-01 06:00:00,263.8,approved
276,276,2025-08-17 22:00:00,2091.01,pending
277,277,2025-08-23 15:00:00,890.24,approved
278,278,2025-04-08 11:00:00,1447.6,approved
279,279,2025-11-12 16:00:00,2910.16,approved
280,280,2025-03-22 17:00:00,711.99,approved
281,281,2025-03-08 18:00:00,2523.16,approved
282,282,2025-03-28 21:00:00,1775.61,approved
283,283,2025-12-15 10:00:00,3169.25,approved
284,284,2025-08-07 20:00:00,3405.91,approved
285,285,2025-05-05 07:00:00,1707.66,approved
286,286,2025-12-30 10:00:00,2054.57,approved
287,287,2025-08-23 17:00:00,2615.53,approved
288,288,2025-06-22 18:00:00,1128.99,failed
289,289,2025-11-27 15:00:00,809.06,pending
290,290,2025-05-29 13:00:00,3377.1,failed
291,291,2025-05-17 15:00:00,1525.5,approved
292,292,2025-01-20 10:00:00,25.54,approved
293,293,2025-11-17 04:00:00,2935.26,approved
294,294,2025-08-06 11:00:00,2106.83,approved
295,295,2025-06-09 23:00:00,606.58,approved
296,296,2025-04-28 08:00:00,124.89,approved
297,297,2025-08-29 08:00:00,1034.36,approved
298,298,2025-01-17 11:00:00,3249.05,approved
299,299,2025-02-12 09:00:00,3268.55,approved
300,300,2025-12-23 22:00:00,1102.29,approved
301,301,2025-03-24 11:00:00,2929.04,approved
302,302,2025-08-16 03:00:00,1557.62,approved
303,303,2025-05-20 11:00:00,2297.12,approved
304,304,2025-08-17 03:00:00,1183.86,approved
305,305,2025-03-28 10:00:00,1815.58,approved
306,306,2025-05-30 18:00:00,1042.35,approved
307,307,2025-08-02 13:00:00,232.68,approved
308,308,2025-09-08 01:00:00,505.04,approved
309,309,2025-08-21 01:00:00,1031.55,approved
310,310,2025-09-30 00:00:00,3417.36,approved
311,311,2025-04-18 01:00:00,3380.54,approved
312,312,2025-12-25 05:00:00,2900.27,approved
313,313,2025-06-29 23:00:00,829.12,approved
314,314,2025-06-09 19:00:00,1556.78,approved
315,315,2025-04-04 10:00:00,1550.44,approved
316,316,2025-03-09 23:00:00,1366.67,approved
317,317,2025-07-13 10:00:00,176.18,failed
318,318,2025-10-08 13:00:00,1880.16,approved
319,319,2025-07-31 23:00:00,273.39,approved
320,320,2025-11-25 19:00:00,2810.68,approved
321,321,2025-01-12 15:00:00,2425.75,approved
322,322,2025-08-15 05:00:00,1247.52,approved
323,323,2025-10-15 10:00:00,2272.03,approved
324,324,2025-09-07 03:00:00,830.97,approved
325,325,2025-04-24 16:00:00,943.07,approved
326,326,2025-09-19 04:00:00,1113.18,approved
327,327,2025-12-14 19:00:00,2793.6,approved
328,328,2025-04-01 06:00:00,753.21,pending
329,329,2025-03-19 13:00:00,1978.48,approved
330,330,2025-08-07 13:00:00,717.63,failed
331,331,2025-04-18 14:00:00,1011.93,approved
332,332,2025-10-28 14:00:00,839.47,approved
333,333,2025-11-15 09:00:00,2264.62,approved
334,334,2025-01-08 21:00:00,1853.02,pending
335,335,2025-05-07 05:00:00,2530.12,approved
336,336,2025-09-08 03:00:00,785.4,pending
337,337,2025-06-26 04:00:00,51.84,approved
338,338,2025-07-04 20:00:00,2388.17,approved
339,339,2025-08-10 09:00:00,419.69,approved
340,340,2025-07-23 06:00:00,877.14,approved
341,341,2025-03-03 21:00:00,1083.79,approved
342,342,2025-10-27 17:00:00,2618.87,approved
343,343,2025-01-22 15:00:00,2198.1,approved
344,344,2025-09-30 15:00:00,661.24,approved
345,345,2025-04-21 21:00:00,2100.65,approved
346,346,2025-03-12 05:00:00,2484.36,approved
347,347,2025-10-12 16:00:00,1373.36,approved
348,348,2025-02-21 19:00:00,875.92,approved
349,349,2025-09-10 20:00:00,2382.86,approved
350,350,2025-12-04 01:00:00,2145.9,approved
351,351,2025-02-26 08:00:00,291.13,approved
352,352,2025-01-25 12:00:00,2340.05,approved
353,353,2025-05-07 01:00:00,1720.04,approved
354,354,2025-03-31 10:00:00,2641.72,approved
355,355,2025-05-09 02:00:00,683.7,approved
356,356,2025-09-02 05:00:00,918.59,pending
357,357,2025-11-29 12:00:00,1910.73,approved
358,358,2025-08-10 14:00:00,1696.43,approved
359,359,2025-05-10 11:00:00,1364.55,approved
360,360,2025-04-29 09:00:00,2616.2,approved
361,361,2025-02-21 13:00:00,1985.34,approved
362,362,2025-01-04 09:00:00,2491.75,pending
363,363,2025-12-28 01:00:00,553.33,failed
364,364,2025-12-05 07:00:00,2556.88,approved
365,365,2025-05-27 14:00:00,1626.12,approved
366,366,2025-05-09 06:00:00,137.51,approved
367,367,2025-08-12 16:00:00,836.03,approved
368,368,2025-03-29 17:00:00,109.63,pending
369,369,2025-12-07 18:00:00,1609.92,approved
370,370,2025-05-20 00:00:00,1154.06,approved
371,371,2025-02-19 10:00:00,3456.32,approved
372,372,2025-04-08 19:00:00,3042.39,approved
373,373,2025-05-09 09:00:00,2893.33,approved
374,374,2025-01-29 23:00:00,1763.89,approved
375,375,2025-04-20 19:00:00,2828.66,approved
376,376,2025-10-20 05:00:00,948.71,approved
377,377,2025-07-21 14:00:00,1971.06,approved
378,378,2025-08-31 21:00:00,1387.35,approved
379,379,2025-07-16 15:00:00,616.27,approved
380,380,2025-03-01 01:00:00,272.69,approved
381,381,2025-10-02 02:00:00,1962.6,pending
382,382,2025-08-07 06:00:00,359.78,approved
383,383,2025-05-23 10:00:00,2518.65,approved
384,384,2025-10-16 17:00:00,3226.71,approved
385,385,2025-06-10 04:00:00,584.13,approved
386,386,2025-04-17 06:00:00,1658.87,approved
387,387,2025-02-20 00:00:00,2590.94,approved
388,388,2025-05-04 20:00:00,1018.2,pending
389,389,2025-11-01 15:00:00,3224.26,pending
390,390,2025-02-25 03:00:00,3111.86,approved
391,391,2025-11-05 09:00:00,381.07,approved
392,392,2025-05-01 06:00:00,115.35,approved
393,393,2025-11-19 01:00:00,3418.08,approved
394,394,2025-03-09 12:00:00,3348.53,approved
395,395,2025-07-16 18:00:00,1489.55,failed
396,396,2025-02-09 09:00:00,195.96,approved
397,397,2025-04-28 02:00:00,2173.69,approved
398,398,2025-01-22 10:00:00,1041.07,approved
399,399,2025-09-10 19:00:00,3279.8,approved
400,400,2025-07-10 23:00:00,2785.42,approved
401,401,2025-09-18 11:00:00,2280.59,approved
402,402,2025-04-13 17:00:00,1010.07,approved
403,403,2025-02-05 17:00:00,2460.41,approved
404,404,2025-04-07 22:00:00,1026.31,approved
405,405,2025-01-02 01:00:00,150.96,approved
406,406,2025-05-26 22:00:00,1789.35,approved
407,407,2025-10-19 14:00:00,1720.62,approved
408,408,2025-11-07 14:00:00,2675.26,approved
409,409,2025-02-01 11:00:00,3032.55,pending
410,410,2025-11-24 17:00:00,1253.55,pending
411,411,2025-03-23 08:00:00,1584.17,approved
412,412,2025-09-28 13:00:00,1656.99,approved
413,413,2025-03-27 23:00:00,1148.3,approved
414,414,2025-05-31 05:00:00,2606.99,approved
415,415,2025-05-01 23:00:00,1836.91,approved
416,416,2025-01-18 22:00:00,3200.57,approved
417,417,2025-10-04 14:00:00,2283.08,failed
418,418,2025-08-05 06:00:00,757.4,approved
419,419,2025-08-11 03:00:00,593.53,approved
420,420,2025-07-31 03:00:00,1315.9,approved
421,421,2025-02-02 01:00:00,1227.3,approved
422,422,2025-07-16 23:00:00,1436.82,approved
423,423,2025-01-12 04:00:00,658.9,approved
424,424,2025-10-16 11:00:00,3424.21,approved
425,425,2025-08-17 05:00:00,527.07,approved
426,426,2025-07-04 07:00:00,2291.22,approved
427,427,2025-07-22 13:00:00,65.48,approved
428,428,2025-09-18 16:00:00,1436.22,approved
429,429,2025-04-20 09:00:00,1095.96,approved
430,430,2025-11-04 04:00:00,1349.45,approved
431,431,2025-08-13 05:00:00,1753.31,approved
432,432,2025-06-05 13:00:00,2109.31,approved
433,433,2025-10-15 16:00:00,2050.62,approved
434,434,2025-04-18 12:00:00,2214.88,approved
435,435,2025-04-07 15:00:00,2959.03,approved
436,436,2025-12-19 10:00:00,3105.78,approved
437,437,2025-09-24 20:00:00,2585.63,approved
438,438,2025-08-27 03:00:00,294.72,approved
439,439,2025-04-15 22:00:00,3365.3,approved
440,440,2025-08-30 05:00:00,3316.95,failed
441,441,2025-04-30 13:00:00,2496.73,approved
442,442,2025-08-05 00:00:00,1820.69,approved
443,443,2025-08-03 09:00:00,892.15,approved
444,444,2025-06-21 10:00:00,2652.1,approved
445,445,2025-06-01 00:00:00,3074.95,pending
446,446,2025-11-23 18:00:00,2334.85,approved
447,447,2025-08-05 03:00:00,2209.17,approved
448,448,2025-11-21 22:00:00,691.66,approved
449,449,2025-07-11 11:00:00,1265.13,approved
450,450,2025-07-28 14:00:00,2536.51,approved
451,451,2025-09-17 03:00:00,78.81,pending
452,452,2025-09-27 16:00:00,2251.6,approved
453,453,2025-09-01 11:00:00,2688.01,pending
454,454,2025-03-26 06:00:00,1184.77,approved
455,455,2025-12-19 13:00:00,285.06,approved
456,456,2025-07-21 18:00:00,2870.54,approved
457,457,2025-09-02 14:00:00,100.0,approved
458,458,2025-08-15 23:00:00,1310.39,approved
459,459,2025-10-22 21:00:00,2481.24,approved
460,460,2025-02-06 08:00:00,2863.11,approved
461,461,2025-08-15 09:00:00,3021.09,failed
462,462,2025-11-05 03:00:00,1865.85,approved
463,463,2025-12-09 09:00:00,1676.03,approved
464,464,2025-10-02 14:00:00,2972.14,approved
465,465,2025-05-23 14:00:00,1979.51,approved
466,466,2025-02-12 09:00:00,2033.7,approved
467,467,2025-12-17 02:00:00,1530.23,failed
468,468,2025-06-09 12:00:00,1317.39,approved
469,469,2025-11-07 10:00:00,1692.28,approved
470,470,2025-10-24 16:00:00,1289.67,approved
471,471,2025-07-15 03:00:00,1215.54,approved
472,472,2025-01-16 20:00:00,3477.95,approved
473,473,2025-04-01 13:00:00,1190.02,approved
474,474,2025-09-28 15:00:00,912.22,approved
475,475,2025-04-19 03:00:00,1251.66,approved
476,476,2025-11-20 07:00:00,2075.92,approved
477,477,2025-05-12 01:00:00,3190.25,approved
478,478,2025-08-25 13:00:00,2761.77,failed
479,479,2025-11-29 09:00:00,2951.0,approved
480,480,2025-05-23 21:00:00,3009.35,approved
481,481,2025-04-05 19:00:00,3223.44,approved
482,482,2025-11-04 13:00:00,838.05,approved
483,483,2025-11-17 07:00:00,1615.11,approved
484,484,2025-01-02 14:00:00,1360.49,approved
485,485,2025-07-04 11:00:00,1348.93,approved
486,486,2025-05-22 20:00:00,2289.95,approved
487,487,2025-12-22 18:00:00,1418.27,approved
488,488,2025-09-25 18:00:00,2164.83,approved
489,489,2025-09-22 09:00:00,1350.33,approved
490,490,2025-05-19 13:00:00,1102.73,approved
491,491,2025-03-11 07:00:00,1248.71,approved
492,492,2025-11-28 22:00:00,2817.07,approved
493,493,2025-10-16 11:00:00,2111.66,approved
494,494,2025-07-25 05:00:00,3409.51,approved
495,495,2025-06-02 09:00:00,2917.64,approved
496,496,2025-10-18 09:00:00,1710.52,approved
497,497,2025-05-01 17:00:00,863.47,approved
498,498,2025-06-24 03:00:00,2365.2,approved
499,499,2025-12-06 08:00:00,2548.73,approved
500,500,2025-02-22 08:00:00,1635.33,pending
501,501,2025-04-10 21:00:00,820.13,approved
502,502,2025-09-03 22:00:00,1959.19,pending
503,503,2025-10-16 17:00:00,903.33,approved
504,504,2025-12-21 10:00:00,3291.19,approved
505,505,2025-12-21 00:00:00,2208.52,approved
506,506,2025-07-05 14:00:00,1035.92,approved
507,507,2025-06-26 14:00:00,770.74,approved
508,508,2025-11-15 09:00:00,2514.2,approved
509,509,2025-05-15 04:00:00,2483.12,approved
510,510,2025-04-12 15:00:00,2098.02,approved
511,511,2025-11-02 16:00:00,2157.77,approved
512,512,2025-12-14 19:00:00,2121.46,approved
513,513,2025-07-05 04:00:00,1273.16,approved
514,514,2025-04-23 18:00:00,3282.2,approved
515,515,2025-02-05 11:00:00,1687.89,approved
516,516,2025-09-08 13:00:00,90.74,approved
517,517,2025-10-13 17:00:00,1232.3,approved
518,518,2025-03-31 06:00:00,473.38,approved
519,519,2025-11-29 04:00:00,1284.58,approved
520,520,2025-04-18 14:00:00,2136.75,approved
521,521,2025-01-09 01:00:00,98.87,approved
522,522,2025-08-10 05:00:00,3048.3,pending
523,523,2025-01-20 05:00:00,2143.88,approved
524,524,2025-04-19 20:00:00,1047.89,approved
525,525,2025-05-13 14:00:00,1102.99,approved
526,526,2025-01-16 05:00:00,1640.53,approved
527,527,2025-04-07 14:00:00,883.36,approved
528,528,2025-08-27 17:00:00,35.11,approved
529,529,2025-10-10 05:00:00,112.42,approved
530,530,2025-07-28 00:00:00,1264.94,approved
531,531,2025-07-13 04:00:00,452.29,approved
532,532,2025-02-14 10:00:00,97.83,failed
533,533,2025-10-24 18:00:00,3010.26,approved
534,534,2025-01-18 07:00:00,974.0,approved
535,535,2025-04-30 16:00:00,1770.87,approved
536,536,2025-11-06 00:00:00,644.34,approved
537,537,2025-07-02 18:00:00,182.6,approved
538,538,2025-03-12 22:00:00,2612.13,approved
539,539,2025-12-15 12:00:00,454.85,approved
540,540,2025-03-07 12:00:00,109.49,approved
541,541,2025-03-26 06:00:00,2063.56,pending
542,542,2025-10-15 14:00:00,66.87,approved
543,543,2025-09-03 16:00:00,1538.28,approved
544,544,2025-05-24 15:00:00,1025.15,approved
545,545,2025-07-14 01:00:00,1131.57,approved
546,546,2025-01-24 08:00:00,33.57,failed
547,547,2025-04-05 11:00:00,3375.92,failed
548,548,2025-05-25 01:00:00,1819.03,approved
549,549,2025-05-31 07:00:00,2012.34,approved
550,550,2025-11-19 17:00:00,2338.11,approved
551,551,2025-07-01 15:00:00,2795.38,approved
552,552,2025-11-14 10:00:00,2135.52,approved
553,553,2025-01-27 18:00:00,2672.45,approved
554,554,2025-07-19 01:00:00,1581.6,approved
555,555,2025-09-04 21:00:00,1312.04,approved
556,556,2025-06-30 01:00:00,2884.51,approved
557,557,2025-10-31 20:00:00,3031.28,approved
558,558,2025-07-06 09:00:00,499.57,approved
559,559,2025-05-25 13:00:00,1908.46,approved
560,560,2025-01-25 08:00:00,2399.08,pending
561,561,2025-06-16 02:00:00,310.92,approved
562,562,2025-09-19 02:00:00,3255.0,failed
563,563,2025-12-05 14:00:00,1829.98,approved
564,564,2025-03-02 06:00:00,2266.19,approved
565,565,2025-04-24 05:00:00,640.28,failed
566,566,2025-12-15 08:00:00,940.23,approved
567,567,2025-03-17 14:00:00,441.08,approved
568,568,2025-03-11 20:00:00,938.72,approved
569,569,2025-11-24 21:00:00,1733.54,approved
570,570,2025-08-06 18:00:00,2921.03,approved
571,571,2025-01-11 08:00:00,1877.36,approved
572,572,2025-09-18 22:00:00,870.73,approved
573,573,2025-08-15 17:00:00,175.28,approved
574,574,2025-07-31 16:00:00,2184.46,approved
575,575,2025-07-06 02:00:00,1482.16,pending
576,576,2025-09-15 19:00:00,3445.55,approved
577,577,2025-11-16 00:00:00,2733.56,approved
578,578,2025-06-07 04:00:00,2833.1,approved
579,579,2025-01-13 23:00:00,62.58,approved
580,580,2025-09-28 16:00:00,2726.73,approved
581,581,2025-02-16 23:00:00,697.25,approved
582,582,2025-06-15 13:00:00,2058.57,approved
583,583,2025-03-20 17:00:00,1577.03,pending
584,584,2025-07-03 08:00:00,2009.18,approved
585,585,2025-04-27 05:00:00,484.38,approved
586,586,2025-08-18 15:00:00,1609.98,approved
587,587,2025-11-15 20:00:00,148.57,approved
588,588,2025-03-23 10:00:00,162.68,approved
589,589,2025-08-21 09:00:00,2308.93,approved
590,590,2025-12-11 04:00:00,3331.91,approved
591,591,2025-02-19 05:00:00,2725.33,approved
592,592,2025-09-09 20:00:00,1652.66,approved
593,593,2025-06-17 04:00:00,214.43,pending
594,594,2025-08-25 20:00:00,176.67,pending
595,595,2025-05-02 04:00:00,569.47,approved
596,596,2025-10-31 17:00:00,3415.82,approved
597,597,2025-11-04 05:00:00,1407.34,approved
598,598,2025-06-25 03:00:00,2955.06,approved
599,599,2025-03-30 13:00:00,2473.9,pending
600,600,2025-07-05 22:00:00,2126.89,approved
601,601,2025-06-25 00:00:00,3318.43,approved
602,602,2025-02-03 15:00:00,821.83,pending
603,603,2025-05-20 18:00:00,1603.02,pending
604,604,2025-04-24 03:00:00,3029.24,pending
605,605,2025-10-26 14:00:00,1940.13,approved
606,606,2025-02-13 05:00:00,877.63,approved
607,607,2025-07-03 19:00:00,747.03,approved
608,608,2025-12-03 08:00:00,2640.03,approved
609,609,2025-12-20 14:00:00,64.51,approved
610,610,2025-01-17 04:00:00,3201.39,approved
611,611,2025-09-16 23:00:00,84.09,approved
612,612,2025-05-17 18:00:00,2215.84,approved
613,613,2025-01-05 04:00:00,2124.52,approved
614,614,2025-03-13 06:00:00,2032.87,approved
615,615,2025-05-06 18:00:00,1670.71,approved
616,616,2025-11-18 11:00:00,2986.46,approved
617,617,2025-04-19 22:00:00,2314.48,approved
618,618,2025-10-19 21:00:00,2740.88,approved
619,619,2025-04-10 15:00:00,422.02,failed
620,620,2025-07-12 09:00:00,193.65,approved
621,621,2025-01-08 00:00:00,119.28,approved
622,622,2025-05-16 00:00:00,532.28,approved
623,623,2025-05-31 07:00:00,2341.19,approved
624,624,2025-04-16 00:00:00,1739.2,approved
625,625,2025-02-28 16:00:00,2637.84,approved
626,626,2025-07-10 04:00:00,687.22,approved
627,627,2025-07-17 12:00:00,1297.03,approved
628,628,2025-11-17 08:00:00,3111.97,approved
629,629,2025-08-18 07:00:00,3276.29,approved
630,630,2025-10-18 03:00:00,3227.62,approved
631,631,2025-05-08 20:00:00,2867.7,approved
632,632,2025-11-22 08:00:00,2415.06,approved
633,633,2025-12-10 00:00:00,3199.6,approved
634,634,2025-10-26 17:00:00,2505.35,approved
635,635,2025-07-09 16:00:00,3339.7,approved
636,636,2025-06-27 17:00:00,106.26,approved
637,637,2025-03-04 17:00:00,3227.31,approved
638,638,2025-09-29 13:00:00,1953.98,approved
639,639,2025-07-10 06:00:00,409.06,approved
640,640,2025-06-08 00:00:00,767.89,approved
641,641,2025-06-05 07:00:00,2985.51,pending
642,642,2025-11-25 17:00:00,1781.29,approved
643,643,2025-01-07 17:00:00,3440.21,approved
644,644,2025-11-10 13:00:00,429.01,approved
645,645,2025-02-08 23:00:00,1455.51,approved
646,646,2025-08-28 16:00:00,1174.92,approved
647,647,2025-03-10 09:00:00,1816.15,approved
648,648,2025-09-17 13:00:00,2224.36,approved
649,649,2025-12-28 02:00:00,2322.47,pending
650,650,2025-02-01 03:00:00,24.51,approved
651,651,2025-09-04 10:00:00,329.58,approved
652,652,2025-04-14 13:00:00,142.02,failed
653,653,2025-12-02 06:00:00,3028.81,approved
654,654,2025-02-05 12:00:00,1110.26,approved
655,655,2025-07-31 22:00:00,1297.38,approved
656,656,2025-05-23 14:00:00,1587.29,pending
657,657,2025-08-08 08:00:00,2975.58,approved
658,658,2025-12-21 22:00:00,69.3,pending
659,659,2025-03-23 07:00:00,432.79,approved
660,660,2025-11-29 14:00:00,2404.37,approved
661,661,2025-11-06 13:00:00,3374.35,approved
662,662,2025-01-05 00:00:00,2256.9,approved
663,663,2025-12-26 01:00:00,928.71,approved
664,664,2025-03-31 11:00:00,1829.13,approved
665,665,2025-02-09 13:00:00,3412.93,pending
666,666,2025-01-27 05:00:00,1857.71,approved
667,667,2025-05-27 15:00:00,1319.81,approved
668,668,2025-04-28 03:00:00,1354.32,pending
669,669,2025-12-04 07:00:00,3385.28,approved
670,670,2025-06-17 01:00:00,2521.83,approved
671,671,2025-01-04 05:00:00,2411.36,pending
672,672,2025-04-28 01:00:00,827.55,approved
673,673,2025-09-20 05:00:00,1967.01,approved
674,674,2025-01-23 15:00:00,1261.47,approved
675,675,2025-05-20 11:00:00,855.9,approved
676,676,2025-05-18 16:00:00,3136.52,approved
677,677,2025-03-16 03:00:00,1353.38,approved
678,678,2025-02-17 14:00:00,1004.1,approved
679,679,2025-07-16 22:00:00,3262.39,failed
680,680,2025-01-27 01:00:00,706.77,approved
681,681,2025-01-20 05:00:00,2614.36,approved
682,682,2025-05-25 12:00:00,2291.56,pending
683,683,2025-11-21 02:00:00,3223.29,approved
684,684,2025-10-01 13:00:00,2915.52,approved
685,685,2025-12-11 08:00:00,2474.43,approved
686,686,2025-12-18 13:00:00,1114.71,approved
687,687,2025-02-25 13:00:00,1744.58,approved
688,688,2025-12-18 18:00:00,3306.85,approved
689,689,2025-03-20 17:00:00,100.75,approved
690,690,2025-08-15 16:00:00,2784.27,approved
691,691,2025-11-12 06:00:00,896.3,approved
692,692,2025-09-20 22:00:00,663.86,approved
693,693,2025-05-27 17:00:00,828.14,approved
694,694,2025-12-21 09:00:00,227.93,approved
695,695,2025-10-31 23:00:00,3472.09,approved
696,696,2025-03-02 04:00:00,3047.14,approved
697,697,2025-05-16 19:00:00,1833.27,approved
698,698,2025-09-18 16:00:00,2508.56,approved
699,699,2025-09-05 04:00:00,1956.95,approved
700,700,2025-01-04 16:00:00,2844.29,approved
701,701,2025-09-15 08:00:00,2959.78,approved
702,702,2025-01-10 16:00:00,830.11,approved
703,703,2025-07-12 21:00:00,1619.92,approved
704,704,2025-05-02 22:00:00,2229.27,approved
705,705,2025-05-20 11:00:00,3424.97,approved
706,706,2025-12-31 12:00:00,2395.76,failed
707,707,2025-02-18 14:00:00,3143.77,pending
708,708,2025-12-20 19:00:00,2964.47,failed
709,709,2025-12-27 13:00:00,2045.58,approved
710,710,2025-09-11 00:00:00,3129.92,approved
711,711,2025-08-15 16:00:00,1333.43,failed
712,712,2025-12-18 21:00:00,1339.91,approved
713,713,2025-04-25 20:00:00,2737.76,approved
714,714,2025-11-23 16:00:00,488.21,approved
715,715,2025-05-26 21:00:00,1084.27,approved
716,716,2025-10-18 15:00:00,2137.83,approved
717,717,2025-07-05 02:00:00,1481.83,approved
718,718,2025-07-21 01:00:00,3293.72,approved
719,719,2025-12-01 05:00:00,3355.6,approved
720,720,2025-05-19 18:00:00,1768.98,approved
721,721,2025-10-18 03:00:00,1895.94,approved
722,722,2025-10-19 06:00:00,2541.7,pending
723,723,2025-09-23 02:00:00,1611.28,approved
724,724,2025-03-15 22:00:00,681.54,approved
725,725,2025-09-08 11:00:00,2619.45,approved
726,726,2025-05-19 02:00:00,2587.49,approved
727,727,2025-10-12 11:00:00,872.53,approved
728,728,2025-11-29 16:00:00,2918.55,pending
729,729,2025-02-16 21:00:00,2155.5,approved
730,730,2025-12-07 18:00:00,842.33,approved
731,731,2025-11-30 11:00:00,2289.1,approved
732,732,2025-07-09 02:00:00,832.96,pending
733,733,2025-12-24 01:00:00,943.01,approved
734,734,2025-03-17 18:00:00,2971.07,approved
735,735,2025-03-31 18:00:00,3254.63,approved
736,736,2025-12-01 21:00:00,913.95,approved
737,737,2025-05-19 10:00:00,3249.62,approved
738,738,2025-02-25 01:00:00,851.02,pending
739,739,2025-02-05 02:00:00,428.09,approved
740,740,2025-01-18 20:00:00,222.62,approved
741,741,2025-07-18 12:00:00,862.55,approved
742,742,2025-08-18 08:00:00,1360.66,approved
743,743,2025-06-24 03:00:00,3247.87,approved
744,744,2025-03-11 10:00:00,862.71,approved
745,745,2025-09-11 12:00:00,1291.82,approved
746,746,2025-04-22 11:00:00,2574.86,approved
747,747,2025-10-03 23:00:00,1071.22,approved
748,748,2025-10-12 06:00:00,2401.6,approved
749,749,2025-02-28 23:00:00,1523.63,approved
750,750,2025-02-28 15:00:00,703.63,approved
751,751,2025-03-26 04:00:00,2574.52,approved
752,752,2025-10-28 00:00:00,114.1,pending
753,753,2025-04-16 13:00:00,1037.33,approved
754,754,2025-09-24 08:00:00,1259.51,approved
755,755,2025-08-14 18:00:00,1614.6,failed
756,756,2025-03-02 14:00:00,2385.94,failed
757,757,2025-10-26 22:00:00,1618.73,failed
758,758,2025-05-22 10:00:00,2088.25,approved
759,759,2025-05-22 17:00:00,2093.31,approved
760,760,2025-10-04 08:00:00,1318.99,approved
761,761,2025-12-02 15:00:00,3270.22,approved
762,762,2025-03-01 22:00:00,3346.37,approved
763,763,2025-07-13 22:00:00,2044.84,approved
764,764,2025-01-15 03:00:00,269.48,approved
765,765,2025-10-04 14:00:00,1729.12,approved
766,766,2025-02-23 19:00:00,661.78,approved
767,767,2025-07-11 18:00:00,1701.59,approved
768,768,2025-03-10 01:00:00,675.92,pending
769,769,2025-06-25 20:00:00,2469.42,approved
770,770,2025-11-07 08:00:00,299.89,approved
771,771,2025-10-10 18:00:00,3337.5,approved
772,772,2025-10-22 23:00:00,699.91,approved
773,773,2025-08-31 17:00:00,2319.08,approved
774,774,2025-10-30 02:00:00,3211.03,approved
775,775,2025-01-28 20:00:00,882.64,approved
776,776,2025-09-23 16:00:00,3271.35,approved
777,777,2025-06-23 19:00:00,1372.59,approved
778,778,2025-06-03 03:00:00,3362.65,approved
779,779,2025-11-25 10:00:00,3400.35,approved
780,780,2025-03-10 16:00:00,674.52,approved
781,781,2025-05-18 09:00:00,2912.18,approved
782,782,2025-08-09 11:00:00,693.11,approved
783,783,2025-08-23 19:00:00,808.01,approved
784,784,2025-04-01 01:00:00,312.76,approved
785,785,2025-02-17 05:00:00,564.75,pending
786,786,2025-08-24 01:00:00,2220.12,approved
787,787,2025-12-20 23:00:00,1583.4,approved
788,788,2025-09-14 05:00:00,2772.49,approved
789,789,2025-03-09 21:00:00,1175.35,approved
790,790,2025-10-31 02:00:00,3390.81,approved
791,791,2025-02-21 09:00:00,193.56,approved
792,792,2025-03-08 14:00:00,239.02,approved
793,793,2025-06-01 13:00:00,2460.78,approved
794,794,2025-08-11 04:00:00,3108.64,pending
795,795,2025-10-08 07:00:00,2788.34,approved
796,796,2025-04-10 04:00:00,1724.56,approved
797,797,2025-09-17 09:00:00,958.35,approved
798,798,2025-07-13 17:00:00,66.81,approved
799,799,2025-08-11 00:00:00,1792.89,approved
800,800,2025-03-01 01:00:00,1675.21,approved
801,801,2025-08-30 16:00:00,1217.98,approved
802,802,2025-11-26 20:00:00,2031.69,approved
803,803,2025-08-08 02:00:00,2556.28,failed
804,804,2025-01-12 02:00:00,2459.09,pending
805,805,2025-12-19 14:00:00,936.12,approved
806,806,2025-04-17 22:00:00,2056.86,pending
807,807,2025-09-23 05:00:00,537.74,approved
808,808,2025-05-19 06:00:00,443.17,approved
809,809,2025-04-15 02:00:00,2754.78,approved
810,810,2025-02-16 21:00:00,2434.24,approved
811,811,2025-08-23 11:00:00,2692.39,approved
812,812,2025-03-01 21:00:00,550.57,approved
813,813,2025-11-26 15:00:00,3202.87,approved
814,814,2025-03-03 15:00:00,483.23,approved
815,815,2025-01-12 22:00:00,3047.73,approved
816,816,2025-08-15 23:00:00,1246.28,approved
817,817,2025-10-05 02:00:00,386.91,approved
818,818,2025-01-13 07:00:00,1017.96,approved
819,819,2025-10-07 23:00:00,651.44,approved
820,820,2025-03-27 01:00:00,1727.53,approved
821,821,2025-05-29 03:00:00,3325.11,approved
822,822,2025-07-15 01:00:00,1160.99,approved
823,823,2025-10-29 15:00:00,2150.1,approved
824,824,2025-02-13 08:00:00,3123.19,approved
825,825,2025-08-16 12:00:00,2212.66,approved
826,826,2025-04-24 04:00:00,1280.45,approved
827,827,2025-09-14 17:00:00,3468.12,approved
828,828,2025-12-07 07:00:00,672.2,approved
829,829,2025-01-01 12:00:00,1840.93,approved
830,830,2025-01-23 23:00:00,2792.54,approved
831,831,2025-12-03 12:00:00,22.26,approved
832,832,2025-01-02 11:00:00,2463.11,approved
833,833,2025-05-09 19:00:00,947.42,approved
834,834,2025-10-10 18:00:00,610.65,approved
835,835,2025-12-07 08:00:00,974.2,approved
836,836,2025-03-06 14:00:00,3384.52,approved
837,837,2025-09-21 06:00:00,3123.93,pending
838,838,2025-11-16 15:00:00,763.87,failed
839,839,2025-10-27 09:00:00,427.25,pending
840,840,2025-04-21 07:00:00,1287.25,pending
841,841,2025-02-01 12:00:00,2081.33,approved
842,842,2025-12-25 00:00:00,3037.66,approved
843,843,2025-04-20 20:00:00,3381.99,approved
844,844,2025-03-05 23:00:00,2634.01,approved
845,845,2025-10-17 09:00:00,2104.55,pending
846,846,2025-11-15 08:00:00,515.32,approved
847,847,2025-03-07 10:00:00,277.62,approved
848,848,2025-01-13 20:00:00,2094.17,approved
849,849,2025-08-08 09:00:00,1895.94,approved
850,850,2025-11-15 18:00:00,2964.39,approved
851,851,2025-04-21 08:00:00,1142.67,approved
852,852,2025-02-02 14:00:00,158.12,approved
853,853,2025-10-01 13:00:00,1494.5,approved
854,854,2025-11-23 10:00:00,3392.75,approved
855,855,2025-02-22 23:00:00,2788.6,approved
856,856,2025-11-09 05:00:00,137.53,approved
857,857,2025-09-30 21:00:00,3063.88,approved
858,858,2025-01-16 22:00:00,1661.48,approved
859,859,2025-12-15 15:00:00,1289.39,approved
860,860,2025-05-30 03:00:00,1226.65,approved
861,861,2025-10-19 04:00:00,2091.1,approved
862,862,2025-08-27 15:00:00,1866.49,pending
863,863,2025-09-10 16:00:00,2305.06,approved
864,864,2025-07-22 20:00:00,2016.27,approved
865,865,2025-03-15 22:00:00,520.93,approved
866,866,2025-12-14 11:00:00,915.18,pending
867,867,2025-12-05 07:00:00,2946.78,failed
868,868,2025-02-13 08:00:00,2328.14,approved
869,869,2025-08-06 23:00:00,1580.43,failed
870,870,2025-03-02 15:00:00,655.45,approved
871,871,2025-10-30 04:00:00,46.76,approved
872,872,2025-07-08 18:00:00,1105.37,approved
873,873,2025-04-11 02:00:00,210.87,approved
874,874,2025-08-19 04:00:00,1698.35,approved
875,875,2025-03-28 20:00:00,2879.87,failed
876,876,2025-05-12 11:00:00,1013.19,approved
877,877,2025-01-08 14:00:00,2970.18,approved
878,878,2025-07-07 02:00:00,2471.88,approved
879,879,2025-01-29 17:00:00,455.91,approved
880,880,2025-09-13 18:00:00,2263.08,approved
881,881,2025-12-11 05:00:00,547.85,approved
882,882,2025-08-12 16:00:00,2298.67,approved
883,883,2025-07-23 09:00:00,516.65,approved
884,884,2025-02-19 05:00:00,1385.94,approved
885,885,2025-11-23 00:00:00,1991.75,pending
886,886,2025-07-05 13:00:00,195.3,approved
887,887,2025-02-02 05:00:00,553.51,approved
888,888,2025-02-02 03:00:00,1135.02,pending
889,889,2025-03-17 00:00:00,1628.87,pending
890,890,2025-09-29 03:00:00,3007.54,approved
891,891,2025-07-01 03:00:00,671.71,approved
892,892,2025-12-21 17:00:00,1229.2,approved
893,893,2025-01-08 01:00:00,1675.7,approved
894,894,2025-12-18 03:00:00,1049.31,approved
895,895,2025-07-18 11:00:00,2197.6,approved
896,896,2025-08-21 16:00:00,912.98,approved
897,897,2025-03-20 11:00:00,2707.78,approved
898,898,2025-12-17 13:00:00,1777.94,approved
899,899,2025-05-17 08:00:00,320.34,failed
900,900,2025-12-19 16:00:00,2201.96,approved
901,901,2025-09-04 15:00:00,2000.97,approved
902,902,2025-04-08 09:00:00,1198.32,failed
903,903,2025-05-12 04:00:00,58.83,approved
904,904,2025-03-06 18:00:00,718.44,approved
905,905,2025-09-04 20:00:00,1431.87,pending
906,906,2025-11-30 11:00:00,715.7,approved
907,907,2025-06-01 16:00:00,2029.67,approved
908,908,2025-02-21 00:00:00,2498.89,approved
909,909,2025-02-10 03:00:00,2998.94,approved
910,910,2025-08-07 02:00:00,2271.5,approved
911,911,2025-01-29 21:00:00,2417.75,approved
912,912,2025-01-12 09:00:00,2137.38,approved
913,913,2025-05-10 05:00:00,3449.49,approved
914,914,2025-01-04 00:00:00,928.28,approved
915,915,2025-03-17 15:00:00,946.58,approved
916,916,2025-07-15 00:00:00,459.64,approved
917,917,2025-04-02 03:00:00,1710.18,approved
918,918,2025-02-10 07:00:00,354.64,approved
919,919,2025-01-08 21:00:00,960.11,approved
920,920,2025-06-06 11:00:00,1699.73,approved
921,921,2025-03-14 21:00:00,3352.43,approved
922,922,2025-06-21 02:00:00,3374.07,approved
923,923,2025-06-30 15:00:00,2608.22,approved
924,924,2025-01-15 20:00:00,1374.59,approved
925,925,2025-03-21 10:00:00,3030.76,approved
926,926,2025-07-19 04:00:00,3066.59,approved
927,927,2025-01-24 04:00:00,3187.49,approved
928,928,2025-09-20 16:00:00,2247.29,approved
929,929,2025-11-02 19:00:00,722.24,approved
930,930,2025-11-02 16:00:00,336.96,pending
931,931,2025-04-15 20:00:00,3203.42,approved
932,932,2025-09-19 12:00:00,213.3,approved
933,933,2025-12-25 01:00:00,1049.7,pending
934,934,2025-07-20 20:00:00,1714.63,approved
935,935,2025-04-30 08:00:00,96.48,pending
936,936,2025-06-21 16:00:00,3176.05,approved
937,937,2025-08-24 14:00:00,1019.18,approved
938,938,2025-08-22 11:00:00,119.2,approved
939,939,2025-01-02 00:00:00,3477.69,approved
940,940,2025-01-01 04:00:00,1103.65,approved
941,941,2025-06-08 16:00:00,3071.14,approved
942,942,2025-01-29 14:00:00,1598.09,approved
943,943,2025-12-23 05:00:00,2327.68,pending
944,944,2025-03-20 16:00:00,858.99,approved
945,945,2025-05-15 13:00:00,1770.01,approved
946,946,2025-10-13 20:00:00,916.63,approved
947,947,2025-06-04 21:00:00,3329.77,pending
948,948,2025-03-25 20:00:00,232.09,approved
949,949,2025-12-28 19:00:00,975.87,approved
950,950,2025-06-15 23:00:00,3128.02,approved
951,951,2025-02-01 09:00:00,1690.53,approved
952,952,2025-03-16 00:00:00,2108.29,approved
953,953,2025-03-04 19:00:00,2287.89,approved
954,954,2025-10-31 04:00:00,266.83,approved
955,955,2025-05-05 12:00:00,81.73,pending
956,956,2025-03-21 05:00:00,3283.69,failed
957,957,2025-12-31 11:00:00,964.83,approved
958,958,2025-05-10 13:00:00,1343.49,pending
959,959,2025-01-31 05:00:00,2393.68,approved
960,960,2025-07-15 16:00:00,842.34,approved
961,961,2025-02-27 16:00:00,2571.09,approved
962,962,2025-07-08 11:00:00,1614.68,approved
963,963,2025-01-27 08:00:00,3001.0,approved
964,964,2025-10-25 05:00:00,989.32,pending
965,965,2025-02-11 20:00:00,729.3,approved
966,966,2025-08-13 13:00:00,2914.28,approved
967,967,2025-02-19 18:00:00,1155.61,approved
968,968,2025-09-07 12:00:00,1453.3,approved
969,969,2025-01-13 18:00:00,2782.1,approved
970,970,2025-02-04 11:00:00,2231.81,approved
971,971,2025-08-28 13:00:00,1557.21,approved
972,972,2025-03-22 13:00:00,889.62,approved
973,973,2025-03-05 13:00:00,2679.42,approved
974,974,2025-06-07 03:00:00,647.9,approved
975,975,2025-10-14 11:00:00,3250.41,pending
976,976,2025-11-18 07:00:00,543.1,approved
977,977,2025-09-22 20:00:00,2821.17,approved
978,978,2025-05-20 14:00:00,1496.39,approved
979,979,2025-10-02 15:00:00,667.3,approved
980,980,2025-11-18 19:00:00,1420.28,approved
981,981,2025-02-24 09:00:00,791.0,approved
982,982,2025-11-22 17:00:00,493.26,approved
983,983,2025-04-17 00:00:00,852.26,approved
984,984,2025-03-29 23:00:00,3038.55,approved
985,985,2025-02-19 18:00:00,388.68,approved
986,986,2025-06-03 03:00:00,3404.44,approved
987,987,2025-12-21 11:00:00,37.39,failed
988,988,2025-07-29 09:00:00,2310.67,approved
989,989,2025-03-26 05:00:00,3000.66,approved
990,990,2025-03-19 01:00:00,3270.17,failed
991,991,2025-10-17 14:00:00,521.07,approved
992,992,2025-12-30 14:00:00,2449.77,approved
993,993,2025-05-16 13:00:00,393.58,approved
994,994,2025-08-15 19:00:00,1247.09,approved
995,995,2025-01-20 06:00:00,2567.1,approved
996,996,2025-10-23 02:00:00,1223.99,approved
997,997,2025-09-25 22:00:00,1110.54,approved
998,998,2025-04-18 09:00:00,423.87,approved
999,999,2025-06-22 17:00:00,251.2,pending
1000,1000,2025-10-13 09:00:00,421.17,approved
1001,1001,2025-08-30 08:00:00,3066.65,approved
1002,1002,2025-09-07 07:00:00,58.97,approved
1003,1003,2025-03-30 23:00:00,2431.17,approved
1004,1004,2025-05-27 13:00:00,2694.81,approved
1005,1005,2025-06-20 23:00:00,1996.25,approved
1006,1006,2025-10-13 01:00:00,2563.1,approved
1007,1007,2025-10-06 05:00:00,2289.9,approved
1008,1008,2025-09-27 11:00:00,1605.34,approved
1009,1009,2025-03-09 01:00:00,1351.83,failed
1010,1010,2025-06-10 21:00:00,3295.84,approved
1011,1011,2025-11-10 21:00:00,3402.34,approved
1012,1012,2025-12-10 21:00:00,2286.42,approved
1013,1013,2025-05-29 12:00:00,706.6,approved
1014,1014,2025-02-24 23:00:00,1578.69,approved
1015,1015,2025-07-28 14:00:00,1747.95,approved
1016,1016,2025-04-14 02:00:00,2657.74,pending
1017,1017,2025-08-25 09:00:00,2343.86,approved
1018,1018,2025-01-03 08:00:00,1811.55,approved
1019,1019,2025-05-11 04:00:00,2387.67,approved
1020,1020,2025-05-06 14:00:00,103.72,approved
1021,1021,2025-05-03 22:00:00,2722.69,approved
1022,1022,2025-08-15 20:00:00,756.48,approved
1023,1023,2025-04-18 04:00:00,2304.3,approved
1024,1024,2025-10-11 12:00:00,416.63,approved
1025,1025,2025-07-11 05:00:00,418.32,approved
1026,1026,2025-09-18 11:00:00,144.09,approved
1027,1027,2025-09-23 23:00:00,3187.61,approved
1028,1028,2025-01-20 16:00:00,2123.86,approved
1029,1029,2025-05-20 20:00:00,1279.63,pending
1030,1030,2025-07-04 15:00:00,2761.47,approved
1031,1031,2025-04-11 14:00:00,2198.77,approved
1032,1032,2025-08-07 18:00:00,2177.88,approved
1033,1033,2025-01-22 10:00:00,1714.91,approved
1034,1034,2025-07-21 22:00:00,47.59,approved
1035,1035,2025-12-25 00:00:00,919.45,approved
1036,1036,2025-04-21 05:00:00,399.59,approved
1037,1037,2025-07-30 21:00:00,2325.19,approved
1038,1038,2025-08-01 12:00:00,885.2,approved
1039,1039,2025-11-20 05:00:00,1586.58,approved
1040,1040,2025-06-11 10:00:00,1249.94,approved
1041,1041,2025-07-09 19:00:00,518.33,approved
1042,1042,2025-02-08 22:00:00,3355.13,failed
1043,1043,2025-10-30 17:00:00,3268.3,pending
1044,1044,2025-06-19 22:00:00,314.44,approved
1045,1045,2025-05-12 05:00:00,2899.23,approved
1046,1046,2025-07-10 14:00:00,1719.54,approved
1047,1047,2025-06-21 20:00:00,2712.6,approved
1048,1048,2025-04-28 09:00:00,546.03,approved
1049,1049,2025-04-19 07:00:00,480.31,approved
1050,1050,2025-02-20 10:00:00,3119.84,pending
1051,1051,2025-07-15 13:00:00,3144.41,approved
1052,1052,2025-02-24 08:00:00,1641.37,approved
1053,1053,2025-07-06 11:00:00,3048.15,approved
1054,1054,2025-01-18 12:00:00,2342.76,approved
1055,1055,2025-03-15 22:00:00,663.83,approved
1056,1056,2025-07-12 19:00:00,1164.76,approved
1057,1057,2025-06-10 17:00:00,493.49,approved
1058,1058,2025-08-04 17:00:00,2713.34,approved
1059,1059,2025-11-21 07:00:00,3448.67,approved
1060,1060,2025-04-23 05:00:00,1921.4,approved
1061,1061,2025-02-16 01:00:00,2302.41,approved
1062,1062,2025-11-17 03:00:00,2616.4,approved
1063,1063,2025-08-25 00:00:00,800.42,approved
1064,1064,2025-11-17 04:00:00,1189.28,approved
1065,1065,2025-11-28 19:00:00,1454.88,approved
1066,1066,2025-05-08 19:00:00,2089.17,approved
1067,1067,2025-06-21 18:00:00,2979.71,approved
1068,1068,2025-02-21 21:00:00,904.63,approved
1069,1069,2025-04-09 23:00:00,1658.69,approved
1070,1070,2025-08-22 17:00:00,2635.34,failed
1071,1071,2025-08-03 00:00:00,324.1,approved
1072,1072,2025-08-07 20:00:00,1804.87,approved
1073,1073,2025-08-01 11:00:00,522.44,approved
1074,1074,2025-09-11 15:00:00,1896.24,approved
1075,1075,2025-01-22 17:00:00,2692.02,approved
1076,1076,2025-03-16 05:00:00,844.58,approved
1077,1077,2025-05-16 09:00:00,2976.18,approved
1078,1078,2025-03-15 01:00:00,1185.12,approved
1079,1079,2025-07-24 20:00:00,683.93,approved
1080,1080,2025-12-30 20:00:00,1639.33,failed
1081,1081,2025-03-30 15:00:00,3068.74,approved
1082,1082,2025-04-20 01:00:00,259.89,approved
1083,1083,2025-12-13 04:00:00,1159.95,pending
1084,1084,2025-11-25 10:00:00,2293.01,failed
1085,1085,2025-12-05 13:00:00,1264.38,approved
1086,1086,2025-06-11 06:00:00,266.47,pending
1087,1087,2025-03-28 11:00:00,1175.36,pending
1088,1088,2025-04-17 01:00:00,2876.94,approved
1089,1089,2025-03-15 22:00:00,3388.77,approved
1090,1090,2025-10-08 15:00:00,158.43,failed
1091,1091,2025-03-12 01:00:00,2001.11,approved
1092,1092,2025-09-05 06:00:00,386.46,approved
1093,1093,2025-08-16 14:00:00,2387.78,approved
1094,1094,2025-12-06 05:00:00,47.46,approved
1095,1095,2025-08-16 06:00:00,71.3,approved
1096,1096,2025-06-10 10:00:00,2723.54,failed
1097,1097,2025-04-22 08:00:00,279.03,approved
1098,1098,2025-06-08 15:00:00,1082.03,approved
1099,1099,2025-12-04 19:00:00,3353.98,approved
1100,1100,2025-02-15 20:00:00,3448.66,approved
1101,1101,2025-01-29 06:00:00,581.68,pending
1102,1102,2025-09-26 08:00:00,1971.94,approved
1103,1103,2025-03-07 22:00:00,1965.84,approved
1104,1104,2025-08-08 16:00:00,1594.28,approved
1105,1105,2025-05-20 13:00:00,3237.96,approved
1106,1106,2025-11-29 22:00:00,2644.04,approved
1107,1107,2025-05-29 01:00:00,2680.55,failed
1108,1108,2025-05-21 13:00:00,958.1,approved
1109,1109,2025-10-22 14:00:00,1531.43,approved
1110,1110,2025-04-13 06:00:00,1716.23,approved
1111,1111,2025-02-07 14:00:00,1060.21,approved
1112,1112,2025-04-25 07:00:00,349.97,approved
1113,1113,2025-12-19 00:00:00,459.73,approved
1114,1114,2025-04-18 17:00:00,648.74,approved
1115,1115,2025-12-19 04:00:00,728.71,approved
1116,1116,2025-08-30 17:00:00,863.07,failed
1117,1117,2025-09-10 00:00:00,909.0,approved
1118,1118,2025-07-02 02:00:00,1605.89,approved
1119,1119,2025-01-15 18:00:00,1793.31,approved
1120,1120,2025-07-10 09:00:00,1094.9,approved
1121,1121,2025-01-11 11:00:00,3177.39,approved
1122,1122,2025-04-05 02:00:00,1944.93,approved
1123,1123,2025-02-20 19:00:00,2760.42,approved
1124,1124,2025-04-21 09:00:00,3236.35,approved
1125,1125,2025-02-23 13:00:00,587.71,approved
1126,1126,2025-12-16 15:00:00,1509.0,approved
1127,1127,2025-01-30 12:00:00,1527.57,approved
1128,1128,2025-08-26 02:00:00,1253.56,approved
1129,1129,2025-04-30 23:00:00,50.99,approved
1130,1130,2025-12-27 02:00:00,2859.58,approved
1131,1131,2025-07-28 05:00:00,408.23,approved
1132,1132,2025-04-16 13:00:00,3484.27,approved
1133,1133,2025-04-19 06:00:00,2709.9,approved
1134,1134,2025-07-11 09:00:00,2038.43,approved
1135,1135,2025-07-23 22:00:00,558.03,approved
1136,1136,2025-04-11 10:00:00,1813.57,approved
1137,1137,2025-06-04 12:00:00,928.66,pending
1138,1138,2025-06-17 05:00:00,898.08,approved
1139,1139,2025-06-10 12:00:00,2906.76,approved
1140,1140,2025-03-10 10:00:00,1344.64,approved
1141,1141,2025-12-03 05:00:00,1588.52,approved
1142,1142,2025-12-28 11:00:00,2953.52,pending
1143,1143,2025-05-15 03:00:00,325.51,approved
1144,1144,2025-11-17 06:00:00,2089.27,approved
1145,1145,2025-11-07 05:00:00,2032.19,approved
1146,1146,2025-02-23 14:00:00,1499.75,approved
1147,1147,2025-03-31 18:00:00,2907.62,approved
1148,1148,2025-09-30 13:00:00,3301.26,approved
1149,1149,2025-03-10 08:00:00,1639.37,approved
1150,1150,2025-07-14 06:00:00,1607.39,approved
1151,1151,2025-01-09 20:00:00,1767.18,failed
1152,1152,2025-10-01 12:00:00,2536.47,approved
1153,1153,2025-12-30 23:00:00,2344.85,approved
1154,1154,2025-01-09 06:00:00,795.47,approved
1155,1155,2025-12-05 11:00:00,242.36,approved
1156,1156,2025-02-07 23:00:00,3323.4,approved
1157,1157,2025-02-17 14:00:00,928.52,approved
1158,1158,2025-01-23 05:00:00,2242.32,approved
1159,1159,2025-08-13 13:00:00,2902.96,approved
1160,1160,2025-04-07 14:00:00,1064.96,approved
1161,1161,2025-11-20 17:00:00,2231.31,pending
1162,1162,2025-08-26 02:00:00,395.49,approved
1163,1163,2025-06-28 06:00:00,3395.36,approved
1164,1164,2025-02-01 02:00:00,222.39,approved
1165,1165,2025-12-22 09:00:00,1544.85,approved
1166,1166,2025-12-25 23:00:00,1888.13,approved
1167,1167,2025-04-15 03:00:00,2770.88,approved
1168,1168,2025-05-05 01:00:00,441.53,approved
1169,1169,2025-06-20 17:00:00,1554.01,approved
1170,1170,2025-11-13 04:00:00,1063.0,approved
1171,1171,2025-07-05 14:00:00,1105.8,approved
1172,1172,2025-02-27 21:00:00,2730.18,approved
1173,1173,2025-08-05 20:00:00,39.0,approved
1174,1174,2025-03-13 11:00:00,2626.81,approved
1175,1175,2025-08-06 11:00:00,2840.19,approved
1176,1176,2025-11-02 16:00:00,3156.74,approved
1177,1177,2025-07-20 08:00:00,2201.55,approved
1178,1178,2025-08-18 09:00:00,1180.42,approved
1179,1179,2025-06-24 18:00:00,1506.78,approved
1180,1180,2025-10-27 09:00:00,3394.68,approved
1181,1181,2025-09-03 09:00:00,3086.53,approved
1182,1182,2025-07-12 13:00:00,1633.07,approved
1183,1183,2025-09-09 08:00:00,3301.86,approved
1184,1184,2025-09-04 12:00:00,2883.88,approved
1185,1185,2025-03-21 07:00:00,3155.79,approved
1186,1186,2025-09-13 22:00:00,2396.76,approved
1187,1187,2025-01-30 18:00:00,3004.64,approved
1188,1188,2025-02-22 15:00:00,3123.35,approved
1189,1189,2025-04-24 10:00:00,340.22,approved
1190,1190,2025-07-29 11:00:00,3378.96,approved
1191,1191,2025-07-14 00:00:00,1180.97,approved
1192,1192,2025-09-08 20:00:00,1550.85,approved
1193,1193,2025-12-28 08:00:00,2775.83,approved
1194,1194,2025-10-26 22:00:00,2333.84,approved
1195,1195,2025-12-07 09:00:00,3127.85,approved
1196,1196,2025-07-14 11:00:00,1414.0,approved
1197,1197,2025-10-15 06:00:00,1319.04,approved
1198,1198,2025-08-14 06:00:00,130.28,pending
1199,1199,2025-02-01 12:00:00,1630.28,approved
1200,1200,2025-12-19 21:00:00,2539.77,approved
1201,1201,2025-07-09 20:00:00,1068.1,approved
1202,1202,2025-07-03 21:00:00,1630.29,approved
1203,1203,2025-03-19 13:00:00,783.5,approved
1204,1204,2025-08-14 17:00:00,2709.3,pending
1205,1205,2025-06-17 13:00:00,230.58,approved
1206,1206,2025-10-06 11:00:00,2474.73,failed
1207,1207,2025-04-05 22:00:00,1338.71,pending
1208,1208,2025-07-17 06:00:00,164.75,approved
1209,1209,2025-12-24 00:00:00,2990.07,failed
1210,1210,2025-10-22 18:00:00,1717.27,approved
1211,1211,2025-07-07 16:00:00,2105.63,approved
1212,1212,2025-09-15 03:00:00,2567.47,approved
1213,1213,2025-10-19 06:00:00,2299.66,approved
1214,1214,2025-07-27 02:00:00,2563.38,approved
1215,1215,2025-11-13 11:00:00,2672.74,approved
1216,1216,2025-10-07 07:00:00,2070.25,approved
1217,1217,2025-02-27 10:00:00,1292.42,approved
1218,1218,2025-06-04 11:00:00,866.13,approved
1219,1219,2025-12-30 11:00:00,3162.1,approved
1220,1220,2025-08-21 03:00:00,3395.34,failed
1221,1221,2025-01-02 23:00:00,1264.67,approved
1222,1222,2025-07-15 05:00:00,410.84,approved
1223,1223,2025-09-29 16:00:00,794.43,approved
1224,1224,2025-09-08 11:00:00,2353.92,approved
1225,1225,2025-06-17 05:00:00,621.81,approved
1226,1226,2025-06-04 02:00:00,2734.83,approved
1227,1227,2025-10-27 04:00:00,3232.15,approved
1228,1228,2025-03-02 08:00:00,3373.51,failed
1229,1229,2025-04-11 14:00:00,52.45,approved
1230,1230,2025-07-18 21:00:00,3354.38,approved
1231,1231,2025-04-10 02:00:00,2595.88,approved
1232,1232,2025-06-13 07:00:00,312.49,approved
1233,1233,2025-01-23 11:00:00,1465.04,approved
1234,1234,2025-01-17 08:00:00,2456.16,approved
1235,1235,2025-07-01 01:00:00,3349.27,approved
1236,1236,2025-10-11 17:00:00,591.21,approved
1237,1237,2025-04-18 07:00:00,464.51,approved
1238,1238,2025-01-16 18:00:00,1663.77,approved
1239,1239,2025-01-10 03:00:00,3388.98,approved
1240,1240,2025-02-06 10:00:00,3400.4,approved
1241,1241,2025-04-08 23:00:00,813.14,approved
1242,1242,2025-03-28 14:00:00,1131.33,approved
1243,1243,2025-01-27 18:00:00,3179.95,approved
1244,1244,2025-01-12 07:00:00,2577.25,approved
1245,1245,2025-01-01 23:00:00,3403.66,approved
1246,1246,2025-11-01 05:00:00,3128.16,approved
1247,1247,2025-03-21 03:00:00,768.53,approved
1248,1248,2025-09-07 12:00:00,2663.85,approved
1249,1249,2025-06-09 22:00:00,189.01,approved
1250,1250,2025-07-26 17:00:00,2866.06,approved
1251,1251,2025-05-11 17:00:00,2113.42,pending
1252,1252,2025-11-17 04:00:00,3347.23,approved
1253,1253,2025-01-26 16:00:00,3360.91,approved
1254,1254,2025-01-16 18:00:00,196.84,approved
1255,1255,2025-06-19 07:00:00,578.61,approved
1256,1256,2025-08-04 02:00:00,1705.04,approved
1257,1257,2025-02-24 15:00:00,3080.64,approved
1258,1258,2025-01-01 22:00:00,2854.27,approved
1259,1259,2025-09-12 13:00:00,3376.01,approved
1260,1260,2025-12-01 16:00:00,2170.93,approved
1261,1261,2025-07-08 23:00:00,912.84,approved
1262,1262,2025-04-30 14:00:00,107.37,approved
1263,1263,2025-08-01 13:00:00,795.78,approved
1264,1264,2025-05-11 00:00:00,2369.95,approved
1265,1265,2025-04-14 06:00:00,3243.44,failed
1266,1266,2025-01-11 17:00:00,1136.74,approved
1267,1267,2025-01-11 22:00:00,3067.45,approved
1268,1268,2025-07-09 04:00:00,1394.25,pending
1269,1269,2025-02-24 16:00:00,1092.78,approved
1270,1270,2025-01-07 07:00:00,1790.78,approved
1271,1271,2025-09-20 15:00:00,1559.11,approved
1272,1272,2025-12-18 14:00:00,3200.02,approved
1273,1273,2025-03-08 14:00:00,1649.53,approved
1274,1274,2025-05-14 22:00:00,985.13,approved
1275,1275,2025-07-16 00:00:00,2952.13,approved
1276,1276,2025-12-19 22:00:00,3495.65,approved
1277,1277,2025-03-22 19:00:00,2275.64,approved
1278,1278,2025-08-01 18:00:00,891.61,pending
1279,1279,2025-03-16 22:00:00,851.08,approved
1280,1280,2025-01-11 06:00:00,220.82,approved
1281,1281,2025-05-29 22:00:00,288.98,approved
1282,1282,2025-06-18 01:00:00,3204.14,approved
1283,1283,2025-02-07 14:00:00,355.78,approved
1284,1284,2025-05-27 07:00:00,1705.52,approved
1285,1285,2025-11-21 11:00:00,2449.46,approved
1286,1286,2025-01-18 04:00:00,2979.23,approved
1287,1287,2025-08-30 15:00:00,616.02,approved
1288,1288,2025-03-26 21:00:00,1543.47,approved
1289,1289,2025-09-21 08:00:00,895.15,approved
1290,1290,2025-09-29 01:00:00,910.26,approved
1291,1291,2025-03-26 00:00:00,1077.36,approved
1292,1292,2025-11-13 12:00:00,2063.16,approved
1293,1293,2025-11-03 16:00:00,77.69,approved
1294,1294,2025-01-11 16:00:00,1442.51,approved
1295,1295,2025-09-23 02:00:00,670.17,approved
1296,1296,2025-03-20 02:00:00,3385.57,failed
1297,1297,2025-01-01 03:00:00,2047.9,approved
1298,1298,2025-04-22 16:00:00,3040.97,approved
1299,1299,2025-12-29 17:00:00,701.0,approved
1300,1300,2025-09-24 08:00:00,2838.85,pending
1301,1301,2025-06-26 06:00:00,1463.44,approved
1302,1302,2025-09-29 03:00:00,638.38,approved
1303,1303,2025-10-11 09:00:00,2669.13,approved
1304,1304,2025-08-01 06:00:00,2671.8,approved
1305,1305,2025-11-27 23:00:00,3485.69,pending
1306,1306,2025-08-27 09:00:00,2737.66,approved
1307,1307,2025-07-20 10:00:00,525.53,approved
1308,1308,2025-07-14 09:00:00,1142.46,approved
1309,1309,2025-01-03 13:00:00,1592.01,approved
1310,1310,2025-12-08 09:00:00,460.75,approved
1311,1311,2025-11-07 13:00:00,2762.38,approved
1312,1312,2025-11-15 11:00:00,1852.91,approved
1313,1313,2025-03-17 04:00:00,3306.68,approved
1314,1314,2025-12-24 22:00:00,2070.79,approved
1315,1315,2025-10-07 22:00:00,1839.69,approved
1316,1316,2025-03-07 02:00:00,268.56,approved
1317,1317,2025-03-09 14:00:00,539.72,pending
1318,1318,2025-11-17 00:00:00,2976.35,approved
1319,1319,2025-05-01 06:00:00,3467.55,approved
1320,1320,2025-03-22 07:00:00,1464.82,approved
1321,1321,2025-05-01 20:00:00,2839.1,failed
1322,1322,2025-09-21 17:00:00,2204.0,approved
1323,1323,2025-09-03 06:00:00,3357.53,approved
1324,1324,2025-12-22 12:00:00,848.72,pending
1325,1325,2025-09-29 17:00:00,1916.03,approved
1326,1326,2025-10-06 02:00:00,1442.61,approved
1327,1327,2025-10-25 21:00:00,1905.17,approved
1328,1328,2025-07-16 05:00:00,955.63,pending
1329,1329,2025-10-29 10:00:00,1752.16,approved
1330,1330,2025-12-16 10:00:00,2194.32,approved
1331,1331,2025-04-24 19:00:00,302.63,approved
1332,1332,2025-08-06 03:00:00,2605.6,approved
1333,1333,2025-06-24 23:00:00,2478.7,approved
1334,1334,2025-09-23 03:00:00,3083.99,pending
1335,1335,2025-05-22 01:00:00,1501.98,failed
1336,1336,2025-06-15 01:00:00,234.61,approved
1337,1337,2025-09-29 06:00:00,1625.88,approved
1338,1338,2025-08-21 11:00:00,498.88,approved
1339,1339,2025-09-20 21:00:00,2273.11,approved
1340,1340,2025-01-22 00:00:00,184.02,approved
1341,1341,2025-01-21 17:00:00,1321.51,approved
1342,1342,2025-11-28 02:00:00,308.29,approved
1343,1343,2025-08-20 15:00:00,31.72,approved
1344,1344,2025-02-06 22:00:00,3362.74,approved
1345,1345,2025-04-23 00:00:00,3486.52,approved
1346,1346,2025-07-01 03:00:00,1953.15,approved
1347,1347,2025-11-30 11:00:00,851.57,approved
1348,1348,2025-04-30 05:00:00,3190.62,approved
1349,1349,2025-04-03 17:00:00,3232.17,approved
1350,1350,2025-06-09 17:00:00,2993.69,approved
1351,1351,2025-04-29 15:00:00,1914.41,approved
1352,1352,2025-06-10 04:00:00,279.96,approved
1353,1353,2025-03-13 20:00:00,327.77,approved
1354,1354,2025-07-28 03:00:00,3140.24,approved
1355,1355,2025-05-08 04:00:00,3067.88,pending
1356,1356,2025-11-08 02:00:00,1531.7,approved
1357,1357,2025-10-01 23:00:00,1161.98,approved
1358,1358,2025-05-07 16:00:00,2261.55,pending
1359,1359,2025-01-08 22:00:00,2828.32,approved
1360,1360,2025-06-15 15:00:00,2566.26,approved
1361,1361,2025-05-29 20:00:00,2162.3,approved
1362,1362,2025-10-12 00:00:00,825.66,approved
1363,1363,2025-10-20 17:00:00,933.52,approved
1364,1364,2025-04-23 19:00:00,2539.75,approved
1365,1365,2025-08-11 17:00:00,2813.12,pending
1366,1366,2025-05-12 00:00:00,424.15,approved
1367,1367,2025-12-19 15:00:00,671.79,failed
1368,1368,2025-04-06 10:00:00,2388.04,approved
1369,1369,2025-03-16 07:00:00,1373.67,approved
1370,1370,2025-07-31 01:00:00,1980.26,approved
1371,1371,2025-07-06 03:00:00,2159.56,approved
1372,1372,2025-11-23 11:00:00,2721.19,approved
1373,1373,2025-10-12 17:00:00,2823.89,approved
1374,1374,2025-02-05 02:00:00,994.73,approved
1375,1375,2025-01-04 18:00:00,1903.71,pending
1376,1376,2025-08-01 21:00:00,449.86,approved
1377,1377,2025-02-04 07:00:00,2950.21,approved
1378,1378,2025-01-28 17:00:00,2962.16,approved
1379,1379,2025-03-28 13:00:00,1062.28,failed
1380,1380,2025-03-18 13:00:00,578.96,approved
1381,1381,2025-10-14 04:00:00,263.92,approved
1382,1382,2025-02-01 05:00:00,2020.92,approved
1383,1383,2025-12-22 03:00:00,338.17,approved
1384,1384,2025-11-25 17:00:00,2388.47,approved
1385,1385,2025-07-05 04:00:00,2379.88,pending
1386,1386,2025-05-25 21:00:00,2156.68,approved
1387,1387,2025-07-13 02:00:00,3070.43,approved
1388,1388,2025-02-23 04:00:00,1336.42,approved
1389,1389,2025-05-22 04:00:00,3159.9,approved
1390,1390,2025-07-07 09:00:00,148.5,approved
1391,1391,2025-02-07 16:00:00,412.39,approved
1392,1392,2025-03-28 20:00:00,1454.48,approved
1393,1393,2025-12-09 01:00:00,2087.1,approved
1394,1394,2025-02-12 02:00:00,132.67,approved
1395,1395,2025-07-02 13:00:00,1994.67,approved
1396,1396,2025-03-06 13:00:00,1089.75,approved
1397,1397,2025-11-04 09:00:00,3107.27,approved
1398,1398,2025-02-24 16:00:00,1875.83,approved
1399,1399,2025-03-08 01:00:00,2065.87,approved
1400,1400,2025-09-09 07:00:00,3310.76,approved
1401,1401,2025-04-01 22:00:00,2679.32,approved
1402,1402,2025-06-25 22:00:00,1545.19,approved
1403,1403,2025-12-16 02:00:00,1679.54,approved
1404,1404,2025-08-22 14:00:00,2274.78,approved
1405,1405,2025-11-17 02:00:00,716.69,approved
1406,1406,2025-05-27 09:00:00,328.5,approved
1407,1407,2025-11-29 18:00:00,1103.1,approved
1408,1408,2025-12-26 13:00:00,2728.77,approved
1409,1409,2025-04-04 08:00:00,915.49,approved
1410,1410,2025-06-01 04:00:00,475.04,approved
1411,1411,2025-01-07 16:00:00,782.2,approved
1412,1412,2025-09-28 23:00:00,2382.83,approved
1413,1413,2025-02-01 20:00:00,2156.54,pending
1414,1414,2025-06-12 07:00:00,2415.34,approved
1415,1415,2025-11-12 18:00:00,1140.41,approved
1416,1416,2025-07-09 12:00:00,3154.98,approved
1417,1417,2025-02-09 07:00:00,1592.16,approved
1418,1418,2025-11-04 19:00:00,1807.72,approved
1419,1419,2025-05-17 10:00:00,3321.85,approved
1420,1420,2025-05-20 21:00:00,3427.88,approved
1421,1421,2025-02-16 07:00:00,2322.17,approved
1422,1422,2025-07-19 12:00:00,3307.95,approved
1423,1423,2025-05-18 01:00:00,1904.45,approved
1424,1424,2025-04-09 17:00:00,1089.34,approved
1425,1425,2025-02-01 14:00:00,1116.52,approved
1426,1426,2025-09-19 09:00:00,1965.11,approved
1427,1427,2025-08-07 09:00:00,2125.53,approved
1428,1428,2025-05-09 06:00:00,1549.87,approved
1429,1429,2025-02-04 10:00:00,3095.52,approved
1430,1430,2025-04-26 05:00:00,1504.9,pending
1431,1431,2025-10-02 22:00:00,971.51,approved
1432,1432,2025-03-12 19:00:00,47.78,approved
1433,1433,2025-06-19 07:00:00,3397.58,approved
1434,1434,2025-10-05 02:00:00,2888.61,approved
1435,1435,2025-04-07 02:00:00,2162.15,approved
1436,1436,2025-02-16 03:00:00,2910.29,approved
1437,1437,2025-10-29 16:00:00,2839.81,approved
1438,1438,2025-05-13 11:00:00,3262.84,approved
1439,1439,2025-09-06 01:00:00,1363.52,approved
1440,1440,2025-05-02 00:00:00,1950.89,approved
1441,1441,2025-01-10 19:00:00,363.23,approved
1442,1442,2025-03-19 00:00:00,3379.3,approved
1443,1443,2025-07-09 12:00:00,3448.24,failed
1444,1444,2025-03-30 16:00:00,2766.01,approved
1445,1445,2025-05-01 23:00:00,1600.34,approved
1446,1446,2025-02-14 18:00:00,1748.05,approved
1447,1447,2025-06-04 22:00:00,1535.08,approved
1448,1448,2025-09-14 14:00:00,1040.72,approved
1449,1449,2025-02-02 12:00:00,1856.71,approved
1450,1450,2025-04-28 18:00:00,205.99,approved
1451,1451,2025-03-22 07:00:00,3471.77,approved
1452,1452,2025-01-13 00:00:00,1495.69,approved
1453,1453,2025-03-01 18:00:00,3247.24,approved
1454,1454,2025-03-07 11:00:00,2540.46,approved
1455,1455,2025-10-04 15:00:00,1029.0,approved
1456,1456,2025-06-08 19:00:00,792.74,approved
1457,1457,2025-07-18 01:00:00,3484.95,pending
1458,1458,2025-12-22 17:00:00,2707.0,failed
1459,1459,2025-11-21 05:00:00,888.82,approved
1460,1460,2025-07-26 15:00:00,254.71,approved
1461,1461,2025-05-13 14:00:00,2445.27,approved
1462,1462,2025-11-16 12:00:00,1074.5,approved
1463,1463,2025-06-23 11:00:00,790.23,approved
1464,1464,2025-04-02 00:00:00,2577.58,approved
1465,1465,2025-11-17 08:00:00,2383.83,pending
1466,1466,2025-08-25 16:00:00,1695.32,pending
1467,1467,2025-04-03 17:00:00,3300.44,approved
1468,1468,2025-08-07 01:00:00,2385.14,approved
1469,1469,2025-06-27 02:00:00,3129.1,approved
1470,1470,2025-05-22 16:00:00,683.12,failed
1471,1471,2025-04-08 04:00:00,1052.33,approved
1472,1472,2025-09-28 17:00:00,383.73,approved
1473,1473,2025-01-24 04:00:00,1079.94,failed
1474,1474,2025-01-09 17:00:00,3401.79,failed
1475,1475,2025-07-19 08:00:00,3370.74,approved
1476,1476,2025-07-18 00:00:00,2666.14,approved
1477,1477,2025-04-14 22:00:00,1833.25,approved
1478,1478,2025-11-03 23:00:00,2737.11,pending
1479,1479,2025-01-02 18:00:00,1946.13,approved
1480,1480,2025-06-14 17:00:00,32.21,approved
1481,1481,2025-03-10 18:00:00,1765.38,approved
1482,1482,2025-09-21 23:00:00,2104.25,approved
1483,1483,2025-06-19 00:00:00,944.8,approved
1484,1484,2025-08-11 04:00:00,727.46,approved
1485,1485,2025-06-15 20:00:00,972.86,approved
1486,1486,2025-03-09 08:00:00,2190.22,approved
1487,1487,2025-03-07 20:00:00,528.3,approved
1488,1488,2025-10-06 17:00:00,2526.74,approved
1489,1489,2025-01-12 04:00:00,1490.91,approved
1490,1490,2025-01-06 22:00:00,1249.65,approved
1491,1491,2025-09-12 01:00:00,2829.16,approved
1492,1492,2025-06-15 18:00:00,1781.1,approved
1493,1493,2025-05-10 19:00:00,1336.83,approved
1494,1494,2025-11-18 08:00:00,3075.98,pending
1495,1495,2025-06-01 06:00:00,1301.52,approved
1496,1496,2025-08-23 07:00:00,3009.32,approved
1497,1497,2025-04-05 14:00:00,1774.61,approved
1498,1498,2025-06-24 07:00:00,743.86,approved
1499,1499,2025-06-28 23:00:00,2152.61,approved
1500,1500,2025-04-21 16:00:00,1012.93,approved
1501,1501,2025-12-19 16:00:00,532.1,approved
1502,1502,2025-05-22 09:00:00,321.12,approved
1503,1503,2025-04-02 20:00:00,861.11,approved
1504,1504,2025-10-14 23:00:00,2583.21,approved
1505,1505,2025-11-05 20:00:00,2936.24,approved
1506,1506,2025-02-11 20:00:00,3018.79,approved
1507,1507,2025-05-15 01:00:00,960.12,approved
1508,1508,2025-06-11 01:00:00,2320.19,pending
1509,1509,2025-05-05 19:00:00,821.63,approved
1510,1510,2025-10-13 07:00:00,2187.21,approved
1511,1511,2025-12-24 03:00:00,3107.49,failed
1512,1512,2025-04-04 12:00:00,162.31,approved
1513,1513,2025-10-07 05:00:00,3448.59,approved
1514,1514,2025-09-07 21:00:00,2898.27,approved
1515,1515,2025-06-24 17:00:00,2670.58,approved
1516,1516,2025-05-13 13:00:00,2425.94,approved
1517,1517,2025-10-10 04:00:00,2700.55,failed
1518,1518,2025-11-19 10:00:00,3481.19,approved
1519,1519,2025-10-06 18:00:00,2700.27,approved
1520,1520,2025-02-21 05:00:00,1243.57,approved
1521,1521,2025-11-21 05:00:00,2156.45,approved
1522,1522,2025-10-25 12:00:00,1192.49,approved
1523,1523,2025-01-29 11:00:00,3395.83,approved
1524,1524,2025-06-22 11:00:00,3152.49,failed
1525,1525,2025-10-02 13:00:00,1995.32,approved
1526,1526,2025-11-29 14:00:00,2738.83,failed
1527,1527,2025-12-21 10:00:00,3185.71,approved
1528,1528,2025-09-20 16:00:00,867.73,approved
1529,1529,2025-04-20 07:00:00,2036.6,approved
1530,1530,2025-10-04 00:00:00,1696.37,approved
1531,1531,2025-01-12 06:00:00,2705.14,failed
1532,1532,2025-03-12 13:00:00,1339.21,approved
1533,1533,2025-01-14 10:00:00,2487.25,approved
1534,1534,2025-04-21 17:00:00,1422.42,approved
1535,1535,2025-03-16 13:00:00,406.54,approved
1536,1536,2025-01-27 08:00:00,392.78,approved
1537,1537,2025-01-01 15:00:00,434.32,approved
1538,1538,2025-09-28 08:00:00,133.17,approved
1539,1539,2025-03-17 02:00:00,1874.75,approved
1540,1540,2025-05-07 08:00:00,2358.22,approved
1541,1541,2025-01-30 10:00:00,461.01,approved
1542,1542,2025-12-13 09:00:00,2149.27,pending
1543,1543,2025-07-18 03:00:00,2100.14,pending
1544,1544,2025-03-15 22:00:00,531.89,approved
1545,1545,2025-07-25 15:00:00,1426.21,approved
1546,1546,2025-12-07 13:00:00,2647.87,approved
1547,1547,2025-06-09 14:00:00,78.31,approved
1548,1548,2025-03-13 12:00:00,531.38,approved
1549,1549,2025-01-29 07:00:00,3485.48,pending
1550,1550,2025-11-03 07:00:00,2572.74,approved
1551,1551,2025-10-13 02:00:00,1635.17,approved
1552,1552,2025-08-21 08:00:00,2211.71,approved
1553,1553,2025-11-04 00:00:00,2964.85,approved
1554,1554,2025-08-04 10:00:00,2951.22,approved
1555,1555,2025-08-29 18:00:00,1149.96,approved
1556,1556,2025-11-08 07:00:00,1729.69,approved
1557,1557,2025-12-14 19:00:00,2240.43,approved
1558,1558,2025-12-26 17:00:00,270.2,approved
1559,1559,2025-08-24 03:00:00,3311.37,approved
1560,1560,2025-12-08 06:00:00,1525.94,pending
1561,1561,2025-03-29 21:00:00,1310.6,approved
1562,1562,2025-08-02 22:00:00,3176.71,approved
1563,1563,2025-03-22 02:00:00,431.64,approved
1564,1564,2025-11-11 05:00:00,156.63,approved
1565,1565,2025-04-17 18:00:00,2403.81,approved
1566,1566,2025-11-18 05:00:00,1359.81,approved
1567,1567,2025-10-04 00:00:00,2680.38,approved
1568,1568,2025-07-08 02:00:00,258.54,approved
1569,1569,2025-11-04 07:00:00,1355.47,approved
1570,1570,2025-11-20 01:00:00,838.93,approved
1571,1571,2025-03-02 11:00:00,2593.83,approved
1572,1572,2025-12-03 00:00:00,810.55,approved
1573,1573,2025-05-31 15:00:00,1613.65,approved
1574,1574,2025-02-19 15:00:00,2869.69,approved
1575,1575,2025-08-29 05:00:00,3205.56,pending
1576,1576,2025-07-09 12:00:00,2534.67,approved
1577,1577,2025-01-10 09:00:00,1513.71,approved
1578,1578,2025-09-20 15:00:00,2010.51,approved
1579,1579,2025-03-27 05:00:00,2420.12,approved
1580,1580,2025-08-22 08:00:00,3064.77,pending
1581,1581,2025-05-06 02:00:00,3112.24,approved
1582,1582,2025-03-26 23:00:00,3259.77,approved
1583,1583,2025-05-05 08:00:00,2841.27,approved
1584,1584,2025-10-31 16:00:00,530.86,approved
1585,1585,2025-10-14 02:00:00,2621.79,approved
1586,1586,2025-10-29 22:00:00,2854.78,approved
1587,1587,2025-06-05 01:00:00,3074.99,approved
1588,1588,2025-01-02 17:00:00,3238.36,approved
1589,1589,2025-12-06 10:00:00,1791.88,approved
1590,1590,2025-09-12 20:00:00,2299.72,approved
1591,1591,2025-08-10 09:00:00,53.24,approved
1592,1592,2025-01-20 02:00:00,2013.29,approved
1593,1593,2025-07-21 17:00:00,1666.73,approved
1594,1594,2025-09-21 12:00:00,3368.83,approved
1595,1595,2025-07-09 12:00:00,3157.95,pending
1596,1596,2025-10-30 18:00:00,2795.66,approved
1597,1597,2025-02-08 10:00:00,218.34,approved
1598,1598,2025-07-07 21:00:00,1419.06,approved
1599,1599,2025-05-03 18:00:00,2442.23,approved
1600,1600,2025-11-26 13:00:00,123.22,approved
1601,1601,2025-07-22 03:00:00,840.63,approved
1602,1602,2025-05-04 15:00:00,3108.53,approved
1603,1603,2025-12-30 04:00:00,471.64,approved
1604,1604,2025-09-26 10:00:00,198.78,approved
1605,1605,2025-01-29 11:00:00,2040.44,approved
1606,1606,2025-11-06 23:00:00,3313.7,approved
1607,1607,2025-09-20 22:00:00,2924.49,approved
1608,1608,2025-01-28 07:00:00,3412.21,approved
1609,1609,2025-01-22 13:00:00,2642.26,approved
1610,1610,2025-02-13 00:00:00,1542.05,approved
1611,1611,2025-05-10 03:00:00,3314.23,pending
1612,1612,2025-03-24 17:00:00,1504.68,failed
1613,1613,2025-08-28 20:00:00,1238.33,approved
1614,1614,2025-11-21 10:00:00,1579.72,approved
1615,1615,2025-04-12 02:00:00,2852.63,approved
1616,1616,2025-05-13 07:00:00,3213.57,approved
1617,1617,2025-03-01 18:00:00,1264.73,approved
1618,1618,2025-11-25 14:00:00,1628.62,approved
1619,1619,2025-12-04 16:00:00,3146.18,approved
1620,1620,2025-07-11 13:00:00,183.71,approved
1621,1621,2025-08-23 01:00:00,2747.86,approved
1622,1622,2025-09-21 04:00:00,1600.68,approved
1623,1623,2025-05-20 04:00:00,1330.28,approved
1624,1624,2025-06-10 02:00:00,1575.29,approved
1625,1625,2025-12-02 08:00:00,1477.04,approved
1626,1626,2025-12-19 10:00:00,2653.03,approved
1627,1627,2025-03-28 02:00:00,3249.26,failed
1628,1628,2025-02-12 05:00:00,1730.27,pending
1629,1629,2025-11-20 02:00:00,2917.91,approved
1630,1630,2025-04-10 05:00:00,2567.17,approved
1631,1631,2025-01-19 22:00:00,1170.77,approved
1632,1632,2025-02-11 07:00:00,2063.85,pending
1633,1633,2025-02-17 07:00:00,2340.52,pending
1634,1634,2025-09-29 03:00:00,101.78,approved
1635,1635,2025-03-21 07:00:00,1397.93,approved
1636,1636,2025-07-28 06:00:00,3474.38,approved
1637,1637,2025-06-20 19:00:00,2237.65,approved
1638,1638,2025-04-19 20:00:00,1183.17,approved
1639,1639,2025-11-10 19:00:00,890.08,failed
1640,1640,2025-01-14 19:00:00,749.0,approved
1641,1641,2025-09-02 05:00:00,1417.71,approved
1642,1642,2025-03-14 10:00:00,692.56,approved
1643,1643,2025-02-22 17:00:00,490.45,approved
1644,1644,2025-10-28 12:00:00,1286.94,approved
1645,1645,2025-11-10 06:00:00,2132.36,pending
1646,1646,2025-05-18 23:00:00,529.47,approved
1647,1647,2025-12-17 04:00:00,174.31,approved
1648,1648,2025-08-08 22:00:00,140.52,approved
1649,1649,2025-04-11 15:00:00,950.5,approved
1650,1650,2025-04-19 15:00:00,681.66,failed
1651,1651,2025-12-06 00:00:00,1896.61,approved
1652,1652,2025-09-02 16:00:00,1605.91,approved
1653,1653,2025-12-21 07:00:00,1150.19,approved
1654,1654,2025-01-05 11:00:00,2920.73,pending
1655,1655,2025-05-25 07:00:00,1777.22,failed
1656,1656,2025-07-19 13:00:00,338.52,approved
1657,1657,2025-07-09 01:00:00,1049.26,pending
1658,1658,2025-04-15 21:00:00,3407.22,approved
1659,1659,2025-05-31 19:00:00,3419.88,pending
1660,1660,2025-05-03 13:00:00,906.26,approved
1661,1661,2025-02-03 05:00:00,601.98,pending
1662,1662,2025-04-29 05:00:00,1744.99,approved
1663,1663,2025-06-24 13:00:00,1695.5,approved
1664,1664,2025-04-02 01:00:00,1447.28,pending
1665,1665,2025-05-10 20:00:00,1862.16,approved
1666,1666,2025-02-12 17:00:00,828.04,approved
1667,1667,2025-12-04 05:00:00,419.95,approved
1668,1668,2025-02-08 05:00:00,2005.21,approved
1669,1669,2025-01-23 22:00:00,3265.44,approved
1670,1670,2025-09-30 03:00:00,499.37,approved
1671,1671,2025-02-01 04:00:00,2472.76,approved
1672,1672,2025-08-26 03:00:00,1543.88,approved
1673,1673,2025-01-28 23:00:00,1043.04,approved
1674,1674,2025-06-22 06:00:00,2988.82,approved
1675,1675,2025-07-04 18:00:00,1608.59,approved
1676,1676,2025-02-11 23:00:00,2049.93,approved
1677,1677,2025-07-29 02:00:00,1561.84,approved
1678,1678,2025-09-26 12:00:00,302.75,approved
1679,1679,2025-11-17 05:00:00,2090.27,approved
1680,1680,2025-04-16 02:00:00,1477.57,approved
1681,1681,2025-03-30 14:00:00,321.91,approved
1682,1682,2025-11-17 11:00:00,2093.42,approved
1683,1683,2025-04-16 00:00:00,54.35,approved
1684,1684,2025-11-05 15:00:00,745.65,approved
1685,1685,2025-08-12 08:00:00,2738.12,approved
1686,1686,2025-11-03 06:00:00,151.99,approved
1687,1687,2025-09-13 03:00:00,2270.45,approved
1688,1688,2025-11-16 22:00:00,3324.98,approved
1689,1689,2025-11-05 07:00:00,615.75,approved
1690,1690,2025-08-19 21:00:00,1471.55,approved
1691,1691,2025-03-13 02:00:00,2022.73,approved
1692,1692,2025-12-27 07:00:00,1587.45,approved
1693,1693,2025-08-03 16:00:00,2178.91,approved
1694,1694,2025-08-16 03:00:00,1426.26,approved
1695,1695,2025-11-10 13:00:00,536.79,approved
1696,1696,2025-06-19 10:00:00,329.87,approved
1697,1697,2025-08-24 14:00:00,2610.66,approved
1698,1698,2025-02-07 08:00:00,850.41,approved
1699,1699,2025-04-23 10:00:00,2969.13,approved
1700,1700,2025-01-11 18:00:00,2605.73,approved
1701,1701,2025-12-09 09:00:00,192.1,approved
1702,1702,2025-06-12 10:00:00,720.21,approved
1703,1703,2025-07-13 01:00:00,1036.13,failed
1704,1704,2025-10-15 04:00:00,2088.8,approved
1705,1705,2025-04-10 08:00:00,2838.2,approved
1706,1706,2025-03-31 23:00:00,229.96,approved
1707,1707,2025-05-10 06:00:00,888.64,approved
1708,1708,2025-11-02 21:00:00,1329.21,approved
1709,1709,2025-10-19 04:00:00,658.15,approved
1710,1710,2025-01-15 18:00:00,1917.62,approved
1711,1711,2025-06-26 00:00:00,1683.45,approved
1712,1712,2025-04-28 21:00:00,1121.4,approved
1713,1713,2025-10-25 19:00:00,1818.77,approved
1714,1714,2025-07-19 23:00:00,1258.26,approved
1715,1715,2025-04-02 11:00:00,1214.32,approved
1716,1716,2025-12-05 22:00:00,943.58,approved
1717,1717,2025-06-20 19:00:00,1900.72,approved
1718,1718,2025-12-30 03:00:00,1565.52,failed
1719,1719,2025-01-07 07:00:00,703.21,approved
1720,1720,2025-05-01 15:00:00,65.12,approved
1721,1721,2025-12-06 18:00:00,545.23,approved
1722,1722,2025-02-21 19:00:00,169.06,approved
1723,1723,2025-04-09 16:00:00,1521.96,approved
1724,1724,2025-01-18 21:00:00,803.34,approved
1725,1725,2025-03-09 06:00:00,1483.18,failed
1726,1726,2025-07-09 21:00:00,1166.49,approved
1727,1727,2025-11-10 10:00:00,1892.29,approved
1728,1728,2025-10-10 03:00:00,2539.06,approved
1729,1729,2025-04-05 04:00:00,1688.01,approved
1730,1730,2025-02-27 13:00:00,235.65,approved
1731,1731,2025-01-27 06:00:00,80.94,approved
1732,1732,2025-02-17 06:00:00,762.04,approved
1733,1733,2025-05-20 04:00:00,1498.89,approved
1734,1734,2025-06-29 00:00:00,176.27,approved
1735,1735,2025-10-29 17:00:00,1160.51,pending
1736,1736,2025-09-09 19:00:00,3106.85,approved
1737,1737,2025-09-09 20:00:00,333.27,approved
1738,1738,2025-04-07 01:00:00,3320.84,approved
1739,1739,2025-12-20 19:00:00,3001.22,approved
1740,1740,2025-05-19 05:00:00,2914.6,approved
1741,1741,2025-12-03 17:00:00,3025.53,approved
1742,1742,2025-11-01 23:00:00,298.57,pending
1743,1743,2025-11-14 10:00:00,546.06,approved
1744,1744,2025-07-06 02:00:00,487.62,approved
1745,1745,2025-10-14 15:00:00,407.12,approved
1746,1746,2025-03-20 09:00:00,1160.44,approved
1747,1747,2025-04-12 01:00:00,2909.15,approved
1748,1748,2025-04-03 15:00:00,896.83,approved
1749,1749,2025-08-08 04:00:00,869.89,approved
1750,1750,2025-12-29 04:00:00,2372.09,approved
1751,1751,2025-10-20 21:00:00,357.3,approved
1752,1752,2025-04-18 22:00:00,1273.77,approved
1753,1753,2025-10-23 06:00:00,1048.08,approved
1754,1754,2025-06-25 00:00:00,2968.61,approved
1755,1755,2025-08-27 08:00:00,1810.46,approved
1756,1756,2025-08-28 04:00:00,2269.73,approved
1757,1757,2025-10-12 05:00:00,469.04,approved
1758,1758,2025-07-26 00:00:00,3252.64,approved
1759,1759,2025-09-26 09:00:00,1142.13,approved
1760,1760,2025-10-23 01:00:00,2479.8,approved
1761,1761,2025-07-24 02:00:00,3342.1,approved
1762,1762,2025-06-24 05:00:00,1790.1,pending
1763,1763,2025-05-25 15:00:00,1786.22,approved
1764,1764,2025-09-07 11:00:00,428.03,approved
1765,1765,2025-03-26 00:00:00,1378.16,approved
1766,1766,2025-12-18 13:00:00,2986.58,approved
1767,1767,2025-01-12 19:00:00,490.17,approved
1768,1768,2025-04-01 16:00:00,3212.91,pending
1769,1769,2025-02-01 08:00:00,2342.24,approved
1770,1770,2025-02-14 00:00:00,1484.94,approved
1771,1771,2025-01-12 21:00:00,1921.81,approved
1772,1772,2025-09-23 23:00:00,543.73,approved
1773,1773,2025-06-05 09:00:00,776.84,approved
1774,1774,2025-02-07 05:00:00,1016.7,approved
1775,1775,2025-01-13 12:00:00,1359.26,approved
1776,1776,2025-05-28 04:00:00,3206.02,approved
1777,1777,2025-07-16 09:00:00,1299.14,approved
1778,1778,2025-12-28 19:00:00,1842.95,pending
1779,1779,2025-09-29 00:00:00,583.85,approved
1780,1780,2025-11-28 21:00:00,2581.19,approved
1781,1781,2025-03-30 03:00:00,1969.78,approved
1782,1782,2025-10-13 12:00:00,1550.88,approved
1783,1783,2025-08-19 03:00:00,3316.21,approved
1784,1784,2025-04-20 10:00:00,3119.46,approved
1785,1785,2025-03-01 14:00:00,2315.1,approved
1786,1786,2025-09-15 06:00:00,3227.91,approved
1787,1787,2025-11-27 17:00:00,1985.44,approved
1788,1788,2025-11-19 19:00:00,2897.74,approved
1789,1789,2025-07-01 06:00:00,1444.92,approved
1790,1790,2025-01-17 04:00:00,321.87,approved
1791,1791,2025-01-26 16:00:00,3479.64,approved
1792,1792,2025-08-14 07:00:00,596.4,approved
1793,1793,2025-09-10 06:00:00,895.25,approved
1794,1794,2025-12-04 04:00:00,587.6,approved
1795,1795,2025-02-25 21:00:00,1194.43,pending
1796,1796,2025-11-30 10:00:00,1026.69,approved
1797,1797,2025-01-05 15:00:00,2111.84,approved
1798,1798,2025-12-10 23:00:00,3487.68,approved
1799,1799,2025-09-18 20:00:00,202.73,failed
1800,1800,2025-09-13 00:00:00,2728.98,approved
1801,1801,2025-06-14 01:00:00,465.41,approved
1802,1802,2025-06-29 22:00:00,89.03,approved
1803,1803,2025-02-19 11:00:00,2242.25,approved
1804,1804,2025-04-17 08:00:00,3059.14,pending
1805,1805,2025-02-06 00:00:00,633.52,pending
1806,1806,2025-01-07 00:00:00,1208.82,approved
1807,1807,2025-10-20 09:00:00,607.25,approved
1808,1808,2025-02-07 12:00:00,3174.65,approved
1809,1809,2025-06-14 10:00:00,960.85,approved
1810,1810,2025-12-13 13:00:00,1567.6,approved
1811,1811,2025-08-01 22:00:00,3133.7,pending
1812,1812,2025-01-30 09:00:00,1943.98,approved
1813,1813,2025-08-24 16:00:00,3266.32,approved
1814,1814,2025-11-21 22:00:00,3244.05,approved
1815,1815,2025-11-02 19:00:00,1626.37,approved
1816,1816,2025-09-24 07:00:00,2046.69,approved
1817,1817,2025-06-09 05:00:00,821.49,approved
1818,1818,2025-08-12 06:00:00,3467.06,approved
1819,1819,2025-05-25 22:00:00,988.54,approved
1820,1820,2025-07-05 11:00:00,2745.91,approved
1821,1821,2025-06-04 10:00:00,1109.13,approved
1822,1822,2025-09-24 04:00:00,1109.39,approved
1823,1823,2025-09-14 13:00:00,381.44,approved
1824,1824,2025-06-13 19:00:00,1968.44,approved
1825,1825,2025-08-05 12:00:00,872.02,approved
1826,1826,2025-09-24 18:00:00,536.41,approved
1827,1827,2025-05-28 02:00:00,808.8,approved
1828,1828,2025-05-02 23:00:00,893.8,approved
1829,1829,2025-09-14 14:00:00,1774.21,approved
1830,1830,2025-08-12 07:00:00,1363.01,failed
1831,1831,2025-09-06 11:00:00,282.71,approved
1832,1832,2025-10-29 03:00:00,1885.38,approved
1833,1833,2025-05-02 01:00:00,2761.36,approved
1834,1834,2025-12-19 09:00:00,2018.34,approved
1835,1835,2025-05-06 21:00:00,3411.4,approved
1836,1836,2025-11-13 22:00:00,365.04,approved
1837,1837,2025-09-06 16:00:00,2877.61,pending
1838,1838,2025-11-08 11:00:00,1779.81,approved
1839,1839,2025-01-11 22:00:00,1835.15,pending
1840,1840,2025-06-27 20:00:00,1826.47,approved
1841,1841,2025-12-21 10:00:00,1152.11,approved
1842,1842,2025-03-19 08:00:00,1149.45,approved
1843,1843,2025-07-29 15:00:00,2218.82,approved
1844,1844,2025-05-09 03:00:00,175.78,approved
1845,1845,2025-05-19 09:00:00,2068.98,approved
1846,1846,2025-03-30 23:00:00,2541.58,approved
1847,1847,2025-09-26 11:00:00,1260.02,approved
1848,1848,2025-03-21 05:00:00,776.4,approved
1849,1849,2025-01-26 00:00:00,762.59,approved
1850,1850,2025-01-13 11:00:00,304.8,approved
1851,1851,2025-08-12 03:00:00,332.22,approved
1852,1852,2025-05-25 15:00:00,600.07,approved
1853,1853,2025-03-15 22:00:00,86.72,approved
1854,1854,2025-05-03 11:00:00,946.5,approved
1855,1855,2025-09-17 16:00:00,1086.28,approved
1856,1856,2025-02-17 00:00:00,3483.37,approved
1857,1857,2025-07-02 11:00:00,3471.07,failed
1858,1858,2025-11-27 15:00:00,670.93,approved
1859,1859,2025-05-20 09:00:00,761.35,failed
1860,1860,2025-06-02 01:00:00,1731.83,approved
1861,1861,2025-04-07 16:00:00,537.77,approved
1862,1862,2025-08-19 19:00:00,1774.06,approved
1863,1863,2025-10-21 09:00:00,1409.88,failed
1864,1864,2025-09-07 18:00:00,1149.69,approved
1865,1865,2025-09-26 12:00:00,2882.67,approved
1866,1866,2025-10-29 07:00:00,2901.85,approved
1867,1867,2025-02-02 14:00:00,3457.86,pending
1868,1868,2025-03-26 06:00:00,796.35,approved
1869,1869,2025-08-09 03:00:00,3111.21,approved
1870,1870,2025-08-13 13:00:00,1891.7,approved
1871,1871,2025-06-13 16:00:00,2078.28,approved
1872,1872,2025-05-17 22:00:00,3139.1,approved
1873,1873,2025-12-10 08:00:00,3300.36,pending
1874,1874,2025-08-24 07:00:00,2549.3,approved
1875,1875,2025-08-03 18:00:00,1230.49,approved
1876,1876,2025-07-26 16:00:00,1724.04,pending
1877,1877,2025-07-23 02:00:00,2160.39,approved
1878,1878,2025-06-16 07:00:00,2903.67,approved
1879,1879,2025-05-13 16:00:00,2309.66,approved
1880,1880,2025-01-19 05:00:00,1291.76,approved
1881,1881,2025-04-19 03:00:00,1474.22,approved
1882,1882,2025-01-28 00:00:00,195.52,approved
1883,1883,2025-07-12 07:00:00,3236.45,approved
1884,1884,2025-08-07 03:00:00,326.65,approved
1885,1885,2025-04-27 23:00:00,2038.16,approved
1886,1886,2025-03-22 17:00:00,3053.35,approved
1887,1887,2025-02-17 20:00:00,1484.61,approved
1888,1888,2025-09-22 14:00:00,2804.44,approved
1889,1889,2025-01-16 07:00:00,2817.28,approved
1890,1890,2025-02-19 11:00:00,228.26,approved
1891,1891,2025-05-19 19:00:00,1454.26,approved
1892,1892,2025-08-12 22:00:00,2424.77,approved
1893,1893,2025-10-22 23:00:00,1489.79,approved
1894,1894,2025-09-17 00:00:00,1917.18,approved
1895,1895,2025-05-04 07:00:00,2088.71,approved
1896,1896,2025-07-22 14:00:00,546.28,approved
1897,1897,2025-10-10 17:00:00,1453.69,approved
1898,1898,2025-02-17 01:00:00,119.05,approved
1899,1899,2025-09-20 08:00:00,540.7,approved
1900,1900,2025-06-14 18:00:00,1802.64,approved
1901,1901,2025-06-07 09:00:00,2016.08,pending
1902,1902,2025-08-08 13:00:00,528.9,approved
1903,1903,2025-08-13 19:00:00,2649.56,approved
1904,1904,2025-12-04 20:00:00,1318.0,approved
1905,1905,2025-08-08 00:00:00,3223.86,approved
1906,1906,2025-01-05 17:00:00,1369.07,approved
1907,1907,2025-11-04 19:00:00,541.34,approved
1908,1908,2025-08-09 14:00:00,2657.74,approved
1909,1909,2025-05-09 00:00:00,1995.95,approved
1910,1910,2025-09-09 19:00:00,1365.67,approved
1911,1911,2025-06-17 04:00:00,1258.73,approved
1912,1912,2025-01-12 17:00:00,544.68,approved
1913,1913,2025-03-16 19:00:00,1206.1,approved
1914,1914,2025-12-06 03:00:00,122.12,approved
1915,1915,2025-07-05 01:00:00,1768.36,approved
1916,1916,2025-07-08 19:00:00,3140.6,approved
1917,1917,2025-08-01 07:00:00,2787.75,approved
1918,1918,2025-12-11 01:00:00,119.25,approved
1919,1919,2025-04-08 07:00:00,3086.79,pending
1920,1920,2025-04-26 01:00:00,1594.09,approved
1921,1921,2025-05-08 16:00:00,684.3,approved
1922,1922,2025-11-11 22:00:00,2638.39,approved
1923,1923,2025-10-24 05:00:00,1143.6,approved
1924,1924,2025-11-12 00:00:00,901.55,pending
1925,1925,2025-09-06 21:00:00,581.39,approved
1926,1926,2025-07-23 21:00:00,1713.44,approved
1927,1927,2025-04-06 15:00:00,345.01,approved
1928,1928,2025-04-23 01:00:00,2753.93,failed
1929,1929,2025-02-24 15:00:00,1657.95,approved
1930,1930,2025-12-22 14:00:00,1575.48,approved
1931,1931,2025-05-30 08:00:00,26.45,approved
1932,1932,2025-05-03 17:00:00,2866.17,approved
1933,1933,2025-01-06 03:00:00,1735.07,approved
1934,1934,2025-07-10 16:00:00,1550.83,approved
1935,1935,2025-03-01 15:00:00,2669.62,approved
1936,1936,2025-04-05 04:00:00,238.89,approved
1937,1937,2025-06-19 20:00:00,1296.05,pending
1938,1938,2025-01-12 03:00:00,2023.55,approved
1939,1939,2025-01-10 14:00:00,1622.81,approved
1940,1940,2025-01-08 02:00:00,652.1,approved
1941,1941,2025-07-05 09:00:00,1061.48,approved
1942,1942,2025-08-29 05:00:00,1064.7,approved
1943,1943,2025-06-07 21:00:00,3472.06,approved
1944,1944,2025-10-20 01:00:00,1155.17,approved
1945,1945,2025-11-01 10:00:00,734.03,approved
1946,1946,2025-02-14 16:00:00,2882.78,approved
1947,1947,2025-02-15 23:00:00,1485.68,approved
1948,1948,2025-03-01 10:00:00,1564.65,approved
1949,1949,2025-01-30 03:00:00,1930.13,approved
1950,1950,2025-01-06 05:00:00,2093.0,approved
1951,1951,2025-04-12 13:00:00,2075.13,approved
1952,1952,2025-09-02 11:00:00,140.06,approved
1953,1953,2025-11-07 21:00:00,2869.57,approved
1954,1954,2025-06-17 03:00:00,698.09,approved
1955,1955,2025-03-13 09:00:00,1037.35,approved
1956,1956,2025-11-13 14:00:00,623.53,approved
1957,1957,2025-11-20 10:00:00,2689.43,approved
1958,1958,2025-11-08 09:00:00,2051.13,approved
1959,1959,2025-09-27 21:00:00,2648.43,pending
1960,1960,2025-03-24 21:00:00,2293.83,approved
1961,1961,2025-10-05 03:00:00,382.47,approved
1962,1962,2025-01-08 17:00:00,1069.22,approved
1963,1963,2025-05-22 02:00:00,1785.28,approved
1964,1964,2025-11-17 04:00:00,1081.21,approved
1965,1965,2025-02-10 12:00:00,741.42,approved
1966,1966,2025-12-21 06:00:00,3046.95,approved
1967,1967,2025-12-16 05:00:00,2622.29,approved
1968,1968,2025-03-22 22:00:00,1221.37,approved
1969,1969,2025-06-22 11:00:00,2682.24,approved
1970,1970,2025-05-18 01:00:00,2203.83,failed
1971,1971,2025-07-27 20:00:00,33.17,approved
1972,1972,2025-04-07 13:00:00,1343.31,approved
1973,1973,2025-04-29 01:00:00,1030.9,approved
1974,1974,2025-11-14 13:00:00,778.32,approved
1975,1975,2025-04-23 23:00:00,895.53,approved
1976,1976,2025-11-27 13:00:00,3299.43,approved
1977,1977,2025-08-08 05:00:00,1712.38,approved
1978,1978,2025-10-08 20:00:00,2970.03,approved
1979,1979,2025-01-20 12:00:00,765.48,approved
1980,1980,2025-03-13 23:00:00,626.93,pending
1981,1981,2025-09-08 17:00:00,3112.99,approved
1982,1982,2025-04-15 16:00:00,1745.05,approved
1983,1983,2025-04-12 02:00:00,3135.13,approved
1984,1984,2025-11-02 05:00:00,239.34,approved
1985,1985,2025-09-14 05:00:00,3209.2,approved
1986,1986,2025-10-22 05:00:00,1465.75,approved
1987,1987,2025-11-08 20:00:00,560.69,approved
1988,1988,2025-11-21 17:00:00,2398.17,approved
1989,1989,2025-08-21 17:00:00,2793.22,pending
1990,1990,2025-11-30 12:00:00,184.86,approved
1991,1991,2025-12-12 13:00:00,3455.44,approved
1992,1992,2025-06-07 14:00:00,2445.65,pending
1993,1993,2025-01-05 17:00:00,1138.48,approved
1994,1994,2025-10-20 10:00:00,546.5,approved
1995,1995,2025-02-23 23:00:00,1386.01,approved
1996,1996,2025-11-16 02:00:00,787.57,approved
1997,1997,2025-12-03 14:00:00,1739.65,approved
1998,1998,2025-07-26 14:00:00,2740.99,pending
1999,1999,2025-08-01 13:00:00,2317.25,approved
2000,2000,2025-08-18 22:00:00,1537.05,approved
2001,2001,2025-12-19 15:00:00,433.92,approved
2002,2002,2025-07-03 17:00:00,3350.91,approved
2003,2003,2025-09-07 13:00:00,960.89,approved
2004,2004,2025-07-03 21:00:00,986.86,approved
2005,2005,2025-06-08 10:00:00,2266.35,approved
2006,2006,2025-04-07 08:00:00,2701.37,approved
2007,2007,2025-12-23 10:00:00,3444.85,approved
2008,2008,2025-09-02 06:00:00,3392.69,approved
2009,2009,2025-07-04 14:00:00,3199.89,approved
2010,2010,2025-04-29 18:00:00,1534.89,approved
2011,2011,2025-10-17 09:00:00,600.01,approved
2012,2012,2025-02-17 01:00:00,2053.96,approved
2013,2013,2025-11-17 17:00:00,80.05,approved
2014,2014,2025-07-21 12:00:00,702.95,approved
2015,2015,2025-07-05 06:00:00,28.8,approved
2016,2016,2025-02-23 21:00:00,648.26,approved
2017,2017,2025-03-07 23:00:00,1672.15,approved
2018,2018,2025-07-24 03:00:00,1388.77,approved
2019,2019,2025-05-13 06:00:00,1305.15,approved
2020,2020,2025-06-05 22:00:00,2911.72,approved
2021,2021,2025-07-17 04:00:00,2368.99,approved
2022,2022,2025-09-16 02:00:00,3278.78,approved
2023,2023,2025-03-14 09:00:00,1569.79,approved
2024,2024,2025-02-14 14:00:00,967.36,approved
2025,2025,2025-08-23 07:00:00,446.94,approved
2026,2026,2025-09-18 06:00:00,2358.66,approved
2027,2027,2025-12-20 08:00:00,2949.26,approved
2028,2028,2025-04-16 21:00:00,659.41,approved
2029,2029,2025-08-21 09:00:00,3078.06,approved
2030,2030,2025-09-11 14:00:00,1851.44,approved
2031,2031,2025-02-27 15:00:00,521.4,approved
2032,2032,2025-04-15 09:00:00,2257.16,approved
2033,2033,2025-01-19 07:00:00,1829.78,approved
2034,2034,2025-04-23 09:00:00,118.08,approved
2035,2035,2025-01-21 00:00:00,1409.37,approved
2036,2036,2025-01-28 03:00:00,2751.06,approved
2037,2037,2025-10-14 23:00:00,1952.87,approved
2038,2038,2025-05-29 17:00:00,1001.5,approved
2039,2039,2025-03-17 10:00:00,3251.67,approved
2040,2040,2025-07-16 04:00:00,847.47,approved
2041,2041,2025-11-02 13:00:00,899.52,approved
2042,2042,2025-12-11 11:00:00,1254.14,approved
2043,2043,2025-02-22 20:00:00,3132.99,approved
2044,2044,2025-08-29 00:00:00,1786.54,approved
2045,2045,2025-07-17 10:00:00,2393.98,approved
2046,2046,2025-08-23 12:00:00,3417.4,approved
2047,2047,2025-03-04 06:00:00,2745.87,approved
2048,2048,2025-12-26 09:00:00,620.65,approved
2049,2049,2025-01-08 01:00:00,2763.47,failed
2050,2050,2025-02-21 20:00:00,2624.21,failed
2051,2051,2025-01-04 19:00:00,829.51,approved
2052,2052,2025-01-08 10:00:00,1152.22,pending
2053,2053,2025-12-19 00:00:00,2491.25,approved
2054,2054,2025-07-05 19:00:00,849.61,approved
2055,2055,2025-06-28 13:00:00,744.49,approved
2056,2056,2025-11-29 04:00:00,2468.09,approved
2057,2057,2025-05-15 06:00:00,3084.47,approved
2058,2058,2025-08-01 03:00:00,281.06,approved
2059,2059,2025-07-19 10:00:00,1571.76,approved
2060,2060,2025-09-06 22:00:00,2132.97,approved
2061,2061,2025-07-19 02:00:00,2373.44,pending
2062,2062,2025-05-06 01:00:00,3486.76,approved
2063,2063,2025-01-06 23:00:00,2395.77,approved
2064,2064,2025-07-17 10:00:00,2178.14,approved
2065,2065,2025-08-13 14:00:00,3464.27,approved
2066,2066,2025-06-17 23:00:00,231.13,approved
2067,2067,2025-11-22 16:00:00,279.04,approved
2068,2068,2025-03-18 18:00:00,1971.18,approved
2069,2069,2025-12-13 10:00:00,1268.15,approved
2070,2070,2025-09-17 04:00:00,356.51,approved
2071,2071,2025-02-16 00:00:00,1086.44,approved
2072,2072,2025-05-25 06:00:00,2366.75,approved
2073,2073,2025-12-12 13:00:00,3084.54,approved
2074,2074,2025-12-14 23:00:00,348.25,approved
2075,2075,2025-01-26 21:00:00,1899.7,approved
2076,2076,2025-04-01 06:00:00,1050.48,pending
2077,2077,2025-12-16 00:00:00,2342.3,approved
2078,2078,2025-05-14 01:00:00,1932.09,approved
2079,2079,2025-03-04 07:00:00,3244.95,failed
2080,2080,2025-05-10 19:00:00,151.14,approved
2081,2081,2025-05-31 00:00:00,1655.73,approved
2082,2082,2025-09-20 18:00:00,690.8,approved
2083,2083,2025-02-09 17:00:00,1888.0,approved
2084,2084,2025-10-05 20:00:00,2990.46,approved
2085,2085,2025-03-28 00:00:00,3191.38,approved
2086,2086,2025-07-13 02:00:00,1405.85,pending
2087,2087,2025-10-31 17:00:00,2845.0,failed
2088,2088,2025-09-08 23:00:00,996.17,approved
2089,2089,2025-05-05 10:00:00,41.94,approved
2090,2090,2025-12-11 00:00:00,2996.23,approved
2091,2091,2025-05-21 04:00:00,435.55,approved
2092,2092,2025-01-06 17:00:00,81.29,approved
2093,2093,2025-01-26 01:00:00,1251.22,approved
2094,2094,2025-07-23 07:00:00,1340.24,approved
2095,2095,2025-10-16 07:00:00,288.73,approved
2096,2096,2025-03-12 15:00:00,2853.36,approved
2097,2097,2025-03-31 23:00:00,1431.46,approved
2098,2098,2025-09-11 05:00:00,1724.93,approved
2099,2099,2025-09-26 05:00:00,940.9,approved
2100,2100,2025-03-25 19:00:00,1800.04,approved
2101,2101,2025-07-10 08:00:00,2688.23,approved
2102,2102,2025-03-30 18:00:00,3173.52,approved
2103,2103,2025-11-05 21:00:00,3397.44,approved
2104,2104,2025-09-28 04:00:00,1505.0,failed
2105,2105,2025-08-11 04:00:00,3465.32,approved
2106,2106,2025-06-04 09:00:00,1046.45,approved
2107,2107,2025-12-06 00:00:00,44.28,approved
2108,2108,2025-12-23 01:00:00,2691.31,approved
2109,2109,2025-05-23 15:00:00,640.96,approved
2110,2110,2025-10-01 10:00:00,202.54,approved
2111,2111,2025-07-11 13:00:00,3235.55,approved
2112,2112,2025-01-26 22:00:00,2775.5,approved
2113,2113,2025-04-01 11:00:00,377.27,failed
2114,2114,2025-06-24 02:00:00,2723.65,pending
2115,2115,2025-05-08 09:00:00,2957.12,approved
2116,2116,2025-12-24 04:00:00,3170.45,pending
2117,2117,2025-04-10 14:00:00,1912.06,pending
2118,2118,2025-03-31 00:00:00,2467.87,pending
2119,2119,2025-10-13 11:00:00,2672.59,approved
2120,2120,2025-01-11 09:00:00,2416.46,approved
2121,2121,2025-10-03 19:00:00,2270.98,approved
2122,2122,2025-11-18 15:00:00,1925.51,approved
2123,2123,2025-11-01 20:00:00,1687.6,approved
2124,2124,2025-08-08 17:00:00,3486.52,approved
2125,2125,2025-07-04 05:00:00,1194.71,approved
2126,2126,2025-10-17 13:00:00,327.18,approved
2127,2127,2025-02-21 12:00:00,2682.33,approved
2128,2128,2025-06-14 11:00:00,764.11,approved
2129,2129,2025-02-05 18:00:00,1873.77,approved
2130,2130,2025-08-06 09:00:00,353.39,pending
2131,2131,2025-07-12 13:00:00,2175.11,approved
2132,2132,2025-11-05 19:00:00,3305.15,approved
2133,2133,2025-12-17 04:00:00,2535.01,approved
2134,2134,2025-02-16 08:00:00,766.58,approved
2135,2135,2025-01-28 00:00:00,3399.56,approved
2136,2136,2025-03-29 05:00:00,1088.66,approved
2137,2137,2025-10-05 16:00:00,1539.42,failed
2138,2138,2025-01-15 04:00:00,1753.45,approved
2139,2139,2025-11-04 07:00:00,3467.7,approved
2140,2140,2025-01-07 01:00:00,259.74,approved
2141,2141,2025-05-24 05:00:00,2444.61,approved
2142,2142,2025-06-09 07:00:00,1279.52,approved
2143,2143,2025-03-11 22:00:00,292.57,approved
2144,2144,2025-10-27 16:00:00,3273.91,approved
2145,2145,2025-11-21 05:00:00,2072.71,approved
2146,2146,2025-03-07 06:00:00,2642.24,approved
2147,2147,2025-01-07 08:00:00,856.54,pending
2148,2148,2025-02-02 03:00:00,2670.16,approved
2149,2149,2025-02-07 17:00:00,2903.09,approved
2150,2150,2025-05-15 06:00:00,1519.29,approved
2151,2151,2025-01-14 02:00:00,2010.41,approved
2152,2152,2025-09-08 16:00:00,3402.12,failed
2153,2153,2025-09-30 14:00:00,2966.62,approved
2154,2154,2025-01-09 10:00:00,1568.08,approved
2155,2155,2025-12-11 05:00:00,2332.72,pending
2156,2156,2025-08-11 04:00:00,2749.13,approved
2157,2157,2025-04-02 23:00:00,104.66,approved
2158,2158,2025-08-28 05:00:00,2067.51,approved
2159,2159,2025-01-02 14:00:00,3446.16,approved
2160,2160,2025-05-16 05:00:00,3316.19,approved
2161,2161,2025-11-04 20:00:00,2916.89,approved
2162,2162,2025-02-03 08:00:00,389.63,approved
2163,2163,2025-02-26 12:00:00,3479.26,approved
2164,2164,2025-09-26 10:00:00,2141.19,approved
2165,2165,2025-02-03 23:00:00,795.72,approved
2166,2166,2025-06-29 06:00:00,2366.46,approved
2167,2167,2025-05-31 05:00:00,3000.7,approved
2168,2168,2025-09-19 20:00:00,410.9,approved
2169,2169,2025-09-19 20:00:00,3209.2,approved
2170,2170,2025-07-13 12:00:00,3222.31,approved
2171,2171,2025-02-19 11:00:00,66.86,approved
2172,2172,2025-12-21 20:00:00,3153.11,failed
2173,2173,2025-03-30 03:00:00,3314.93,approved
2174,2174,2025-10-05 15:00:00,151.17,approved
2175,2175,2025-12-15 00:00:00,1043.7,approved
2176,2176,2025-03-20 10:00:00,1318.41,approved
2177,2177,2025-06-05 05:00:00,1234.14,pending
2178,2178,2025-08-27 07:00:00,2661.33,approved
2179,2179,2025-09-12 06:00:00,1266.2,approved
2180,2180,2025-05-15 10:00:00,3348.89,failed
2181,2181,2025-12-05 23:00:00,3482.57,approved
2182,2182,2025-05-22 15:00:00,1122.53,pending
2183,2183,2025-01-04 12:00:00,1790.63,approved
2184,2184,2025-12-01 05:00:00,1960.82,approved
2185,2185,2025-07-16 07:00:00,2036.32,approved
2186,2186,2025-09-05 18:00:00,1322.25,approved
2187,2187,2025-10-27 15:00:00,597.66,approved
2188,2188,2025-04-11 12:00:00,209.87,pending
2189,2189,2025-12-09 21:00:00,390.09,approved
2190,2190,2025-08-09 01:00:00,3156.49,approved
2191,2191,2025-04-09 16:00:00,995.71,approved
2192,2192,2025-05-05 17:00:00,287.34,pending
2193,2193,2025-02-17 18:00:00,2189.88,approved
2194,2194,2025-06-26 08:00:00,282.07,approved
2195,2195,2025-01-04 04:00:00,263.78,approved
2196,2196,2025-05-25 09:00:00,2183.07,approved
2197,2197,2025-12-31 06:00:00,2078.06,approved
2198,2198,2025-01-04 12:00:00,164.34,approved
2199,2199,2025-04-13 09:00:00,1622.46,approved
2200,2200,2025-11-12 16:00:00,1536.47,approved
2201,2201,2025-11-13 08:00:00,1922.48,approved
2202,2202,2025-04-12 12:00:00,2587.7,approved
2203,2203,2025-08-11 07:00:00,1004.14,approved
2204,2204,2025-07-02 00:00:00,1526.08,approved
2205,2205,2025-05-17 20:00:00,2778.74,approved
2206,2206,2025-12-07 19:00:00,3230.5,approved
2207,2207,2025-12-21 22:00:00,3121.8,approved
2208,2208,2025-05-09 15:00:00,1682.16,approved
2209,2209,2025-06-02 07:00:00,1832.61,approved
2210,2210,2025-01-03 19:00:00,1861.29,approved
2211,2211,2025-10-26 15:00:00,3043.13,approved
2212,2212,2025-07-27 04:00:00,2942.99,approved
2213,2213,2025-11-06 02:00:00,1104.13,approved
2214,2214,2025-01-03 14:00:00,586.72,approved
2215,2215,2025-07-11 02:00:00,1338.83,approved
2216,2216,2025-08-21 01:00:00,1023.65,pending
2217,2217,2025-05-03 03:00:00,3328.72,approved
2218,2218,2025-01-04 19:00:00,945.39,approved
2219,2219,2025-06-11 14:00:00,650.6,approved
2220,2220,2025-02-15 16:00:00,3150.19,approved
2221,2221,2025-01-07 21:00:00,320.95,pending
2222,2222,2025-02-07 23:00:00,925.73,approved
2223,2223,2025-01-13 20:00:00,1548.11,approved
2224,2224,2025-04-27 21:00:00,2090.97,approved
2225,2225,2025-08-15 05:00:00,1160.3,approved
2226,2226,2025-02-26 04:00:00,1746.89,approved
2227,2227,2025-06-04 09:00:00,711.93,approved
2228,2228,2025-03-18 07:00:00,2018.47,approved
2229,2229,2025-07-03 04:00:00,1439.2,approved
2230,2230,2025-06-12 19:00:00,2975.42,failed
2231,2231,2025-07-21 14:00:00,1466.75,approved
2232,2232,2025-05-30 12:00:00,1564.48,approved
2233,2233,2025-06-03 14:00:00,2080.77,approved
2234,2234,2025-05-15 05:00:00,448.63,approved
2235,2235,2025-06-06 21:00:00,565.65,approved
2236,2236,2025-10-14 11:00:00,2770.03,approved
2237,2237,2025-03-02 23:00:00,971.5,approved
2238,2238,2025-09-22 16:00:00,2402.75,approved
2239,2239,2025-12-03 10:00:00,359.05,approved
2240,2240,2025-02-28 13:00:00,2880.03,approved
2241,2241,2025-08-19 17:00:00,3459.03,approved
2242,2242,2025-04-13 09:00:00,1320.44,approved
2243,2243,2025-12-27 14:00:00,1779.24,approved
2244,2244,2025-07-03 01:00:00,1560.64,approved
2245,2245,2025-08-23 18:00:00,3131.77,approved
2246,2246,2025-06-23 15:00:00,54.57,approved
2247,2247,2025-08-23 13:00:00,2294.04,approved
2248,2248,2025-11-20 00:00:00,2290.24,approved
2249,2249,2025-05-04 09:00:00,1350.7,approved
2250,2250,2025-08-21 16:00:00,783.28,approved
2251,2251,2025-06-17 12:00:00,854.1,approved
2252,2252,2025-03-01 03:00:00,2805.62,pending
2253,2253,2025-05-04 12:00:00,250.04,approved
2254,2254,2025-12-18 03:00:00,1982.11,approved
2255,2255,2025-05-03 02:00:00,1087.81,pending
2256,2256,2025-07-18 01:00:00,943.06,approved
2257,2257,2025-09-16 20:00:00,1779.97,approved
2258,2258,2025-04-08 08:00:00,3144.56,approved
2259,2259,2025-05-29 09:00:00,2170.96,approved
2260,2260,2025-08-06 17:00:00,2764.36,approved
2261,2261,2025-10-23 20:00:00,2110.38,failed
2262,2262,2025-10-01 16:00:00,2448.05,approved
2263,2263,2025-05-02 17:00:00,1524.78,approved
2264,2264,2025-10-09 18:00:00,3242.42,approved
2265,2265,2025-12-21 20:00:00,1766.75,approved
2266,2266,2025-05-13 21:00:00,1940.18,approved
2267,2267,2025-05-13 12:00:00,1846.88,approved
2268,2268,2025-10-25 04:00:00,1120.34,approved
2269,2269,2025-06-17 11:00:00,824.71,approved
2270,2270,2025-06-20 04:00:00,276.95,approved
2271,2271,2025-06-09 04:00:00,2519.25,approved
2272,2272,2025-03-14 20:00:00,1026.68,failed
2273,2273,2025-03-14 07:00:00,1374.41,approved
2274,2274,2025-08-10 10:00:00,3221.35,approved
2275,2275,2025-01-17 03:00:00,1991.24,approved
2276,2276,2025-10-10 19:00:00,357.83,approved
2277,2277,2025-04-24 00:00:00,2802.65,approved
2278,2278,2025-04-24 21:00:00,911.33,approved
2279,2279,2025-01-26 05:00:00,1943.42,approved
2280,2280,2025-02-19 09:00:00,1794.74,approved
2281,2281,2025-06-01 08:00:00,848.51,approved
2282,2282,2025-04-29 22:00:00,422.88,approved
2283,2283,2025-08-12 12:00:00,755.19,approved
2284,2284,2025-08-04 10:00:00,358.74,approved
2285,2285,2025-01-29 17:00:00,979.19,approved
2286,2286,2025-12-23 11:00:00,3490.6,approved
2287,2287,2025-04-21 15:00:00,1419.28,approved
2288,2288,2025-06-10 23:00:00,3026.33,approved
2289,2289,2025-07-24 06:00:00,1931.14,approved
2290,2290,2025-04-04 16:00:00,2339.71,approved
2291,2291,2025-10-07 12:00:00,564.09,approved
2292,2292,2025-09-03 23:00:00,976.32,approved
2293,2293,2025-01-12 19:00:00,1796.34,approved
2294,2294,2025-12-14 03:00:00,3086.38,approved
2295,2295,2025-11-03 19:00:00,169.25,approved
2296,2296,2025-01-04 22:00:00,1784.08,approved
2297,2297,2025-10-24 03:00:00,197.52,approved
2298,2298,2025-02-12 18:00:00,1609.74,approved
2299,2299,2025-03-25 15:00:00,2208.46,approved
2300,2300,2025-06-19 01:00:00,2611.64,approved
2301,2301,2025-02-18 06:00:00,502.09,approved
2302,2302,2025-11-11 23:00:00,599.68,approved
2303,2303,2025-01-20 16:00:00,1655.83,approved
2304,2304,2025-03-31 00:00:00,3493.17,approved
2305,2305,2025-06-10 03:00:00,1259.04,failed
2306,2306,2025-05-12 08:00:00,1507.8,approved
2307,2307,2025-08-30 17:00:00,1524.91,approved
2308,2308,2025-07-31 15:00:00,300.84,approved
2309,2309,2025-02-12 09:00:00,2714.12,approved
2310,2310,2025-11-29 06:00:00,900.79,approved
2311,2311,2025-03-12 22:00:00,2468.76,approved
2312,2312,2025-03-15 21:00:00,1673.31,approved
2313,2313,2025-10-13 10:00:00,2148.99,approved
2314,2314,2025-02-22 12:00:00,207.82,pending
2315,2315,2025-07-05 21:00:00,3117.08,approved
2316,2316,2025-11-10 01:00:00,868.62,approved
2317,2317,2025-10-27 02:00:00,2351.93,approved
2318,2318,2025-02-27 19:00:00,2797.11,approved
2319,2319,2025-11-12 02:00:00,1899.33,approved
2320,2320,2025-06-23 19:00:00,1193.92,approved
2321,2321,2025-02-10 01:00:00,3423.1,approved
2322,2322,2025-02-01 23:00:00,988.97,approved
2323,2323,2025-02-08 08:00:00,3321.34,pending
2324,2324,2025-09-06 23:00:00,563.66,approved
2325,2325,2025-03-15 02:00:00,1374.49,approved
2326,2326,2025-09-23 07:00:00,501.96,approved
2327,2327,2025-10-02 08:00:00,27.8,approved
2328,2328,2025-01-29 02:00:00,925.7,approved
2329,2329,2025-09-13 20:00:00,323.49,approved
2330,2330,2025-08-24 16:00:00,3452.48,approved
2331,2331,2025-11-08 12:00:00,2670.55,approved
2332,2332,2025-06-29 23:00:00,32.89,approved
2333,2333,2025-06-09 20:00:00,798.29,approved
2334,2334,2025-10-21 13:00:00,2352.03,approved
2335,2335,2025-04-16 14:00:00,1406.96,approved
2336,2336,2025-08-11 20:00:00,2914.81,approved
2337,2337,2025-10-20 22:00:00,1776.92,approved
2338,2338,2025-04-22 14:00:00,2294.71,approved
2339,2339,2025-06-25 11:00:00,2097.69,approved
2340,2340,2025-12-21 05:00:00,2240.83,pending
2341,2341,2025-09-30 07:00:00,820.74,approved
2342,2342,2025-07-17 15:00:00,1319.05,approved
2343,2343,2025-09-07 04:00:00,196.19,approved
2344,2344,2025-02-05 04:00:00,2064.98,approved
2345,2345,2025-07-22 12:00:00,1618.22,approved
2346,2346,2025-06-05 23:00:00,2667.29,approved
2347,2347,2025-04-19 17:00:00,738.21,approved
2348,2348,2025-07-22 22:00:00,1540.11,approved
2349,2349,2025-12-24 21:00:00,648.99,approved
2350,2350,2025-01-09 00:00:00,2156.65,approved
2351,2351,2025-11-17 00:00:00,2971.15,approved
2352,2352,2025-12-18 16:00:00,2683.74,approved
2353,2353,2025-05-11 21:00:00,3305.81,approved
2354,2354,2025-10-18 22:00:00,3401.61,approved
2355,2355,2025-04-06 09:00:00,2706.68,approved
2356,2356,2025-03-09 01:00:00,1018.09,approved
2357,2357,2025-06-13 19:00:00,783.03,approved
2358,2358,2025-09-09 17:00:00,1577.47,approved
2359,2359,2025-07-28 23:00:00,3478.72,approved
2360,2360,2025-10-25 21:00:00,1456.08,approved
2361,2361,2025-08-14 07:00:00,712.76,pending
2362,2362,2025-04-22 15:00:00,3306.31,approved
2363,2363,2025-07-25 12:00:00,1362.99,approved
2364,2364,2025-11-24 21:00:00,2424.33,approved
2365,2365,2025-08-14 16:00:00,2762.77,approved
2366,2366,2025-01-25 12:00:00,2954.18,failed
2367,2367,2025-09-14 13:00:00,2878.06,approved
2368,2368,2025-09-22 10:00:00,2930.14,approved
2369,2369,2025-05-21 08:00:00,2343.43,pending
2370,2370,2025-05-04 22:00:00,1425.33,pending
2371,2371,2025-08-09 11:00:00,2342.16,approved
2372,2372,2025-12-04 15:00:00,2931.84,approved
2373,2373,2025-07-18 18:00:00,1240.24,approved
2374,2374,2025-10-12 07:00:00,1051.85,approved
2375,2375,2025-08-14 23:00:00,1216.1,approved
2376,2376,2025-09-02 00:00:00,1938.47,approved
2377,2377,2025-04-11 23:00:00,202.5,approved
2378,2378,2025-05-30 17:00:00,2730.82,approved
2379,2379,2025-10-02 23:00:00,503.2,approved
2380,2380,2025-04-07 09:00:00,482.28,approved
2381,2381,2025-10-30 20:00:00,707.85,approved
2382,2382,2025-09-25 14:00:00,2027.71,approved
2383,2383,2025-01-31 21:00:00,1013.78,approved
2384,2384,2025-09-27 16:00:00,1300.95,approved
2385,2385,2025-09-28 21:00:00,3262.14,approved
2386,2386,2025-05-14 19:00:00,2968.26,approved
2387,2387,2025-08-08 19:00:00,2985.62,approved
2388,2388,2025-07-25 05:00:00,2030.19,approved
2389,2389,2025-08-22 13:00:00,3035.3,pending
2390,2390,2025-02-08 13:00:00,2729.41,approved
2391,2391,2025-03-23 14:00:00,3337.26,approved
2392,2392,2025-01-03 01:00:00,244.0,approved
2393,2393,2025-10-19 10:00:00,119.97,approved
2394,2394,2025-02-17 15:00:00,629.1,approved
2395,2395,2025-11-25 08:00:00,3253.22,approved
2396,2396,2025-10-21 10:00:00,2127.37,approved
2397,2397,2025-12-14 02:00:00,1502.87,pending
2398,2398,2025-02-27 06:00:00,1804.23,approved
2399,2399,2025-05-05 12:00:00,2907.02,approved
2400,2400,2025-06-25 07:00:00,3253.3,approved
2401,2401,2025-02-12 03:00:00,2559.35,approved
2402,2402,2025-10-10 09:00:00,2664.27,approved
2403,2403,2025-04-29 10:00:00,1134.92,approved
2404,2404,2025-07-05 14:00:00,1645.28,approved
2405,2405,2025-12-23 03:00:00,3100.53,approved
2406,2406,2025-03-26 13:00:00,2755.05,approved
2407,2407,2025-05-03 11:00:00,2401.26,approved
2408,2408,2025-09-05 14:00:00,247.06,approved
2409,2409,2025-03-09 14:00:00,157.49,approved
2410,2410,2025-10-22 01:00:00,473.83,approved
2411,2411,2025-12-28 10:00:00,2043.24,failed
2412,2412,2025-07-02 21:00:00,1886.63,approved
2413,2413,2025-05-07 13:00:00,3300.56,approved
2414,2414,2025-08-21 08:00:00,2437.76,approved
2415,2415,2025-12-30 04:00:00,1043.02,failed
2416,2416,2025-01-18 09:00:00,582.01,pending
2417,2417,2025-09-28 10:00:00,2976.38,approved
2418,2418,2025-08-07 22:00:00,1619.49,approved
2419,2419,2025-05-22 23:00:00,2294.07,approved
2420,2420,2025-01-27 10:00:00,1986.7,approved
2421,2421,2025-03-31 08:00:00,393.95,approved
2422,2422,2025-12-09 09:00:00,218.56,approved
2423,2423,2025-05-15 16:00:00,1332.02,approved
2424,2424,2025-10-05 20:00:00,1278.2,approved
2425,2425,2025-10-09 06:00:00,2364.82,approved
2426,2426,2025-10-08 19:00:00,2220.06,approved
2427,2427,2025-09-29 20:00:00,3391.91,approved
2428,2428,2025-11-07 09:00:00,3006.19,approved
2429,2429,2025-02-04 14:00:00,1748.11,approved
2430,2430,2025-10-04 22:00:00,1760.09,pending
2431,2431,2025-11-25 17:00:00,2365.97,approved
2432,2432,2025-11-04 13:00:00,417.04,approved
2433,2433,2025-02-06 19:00:00,3499.62,pending
2434,2434,2025-02-04 15:00:00,1825.45,approved
2435,2435,2025-12-09 14:00:00,3186.47,approved
2436,2436,2025-03-29 17:00:00,3386.4,approved
2437,2437,2025-01-01 21:00:00,2044.12,approved
2438,2438,2025-06-28 09:00:00,379.65,approved
2439,2439,2025-02-04 09:00:00,2015.24,approved
2440,2440,2025-06-22 14:00:00,2099.8,approved
2441,2441,2025-03-14 12:00:00,2766.39,approved
2442,2442,2025-06-12 00:00:00,187.84,approved
2443,2443,2025-05-11 09:00:00,1642.78,approved
2444,2444,2025-01-22 14:00:00,3231.24,failed
2445,2445,2025-03-29 07:00:00,3469.72,approved
2446,2446,2025-06-28 09:00:00,686.01,approved
2447,2447,2025-05-12 22:00:00,3049.68,approved
2448,2448,2025-03-26 13:00:00,528.95,approved
2449,2449,2025-04-04 09:00:00,2947.29,approved
2450,2450,2025-02-20 00:00:00,984.93,approved
2451,2451,2025-03-16 22:00:00,3359.5,approved
2452,2452,2025-09-11 05:00:00,2440.33,approved
2453,2453,2025-01-07 01:00:00,1408.9,approved
2454,2454,2025-12-22 18:00:00,997.79,approved
2455,2455,2025-03-15 09:00:00,838.63,approved
2456,2456,2025-09-25 00:00:00,2389.16,approved
2457,2457,2025-07-14 20:00:00,3137.35,approved
2458,2458,2025-12-05 10:00:00,2647.2,approved
2459,2459,2025-04-22 18:00:00,2925.07,approved
2460,2460,2025-01-25 12:00:00,2739.22,approved
2461,2461,2025-05-25 03:00:00,3427.43,approved
2462,2462,2025-10-09 21:00:00,2657.16,approved
2463,2463,2025-04-12 01:00:00,751.6,approved
2464,2464,2025-06-16 21:00:00,2774.76,approved
2465,2465,2025-06-28 07:00:00,1140.8,approved
2466,2466,2025-01-06 20:00:00,3485.38,approved
2467,2467,2025-07-13 14:00:00,1330.82,failed
2468,2468,2025-03-26 14:00:00,1038.92,approved
2469,2469,2025-01-25 23:00:00,852.47,approved
2470,2470,2025-08-24 21:00:00,2311.63,approved
2471,2471,2025-05-15 17:00:00,400.09,approved
2472,2472,2025-02-18 15:00:00,3338.39,approved
2473,2473,2025-05-05 08:00:00,1044.21,approved
2474,2474,2025-10-16 22:00:00,1047.99,approved
2475,2475,2025-02-20 00:00:00,180.31,approved
2476,2476,2025-09-24 05:00:00,876.14,pending
2477,2477,2025-11-05 15:00:00,1478.05,approved
2478,2478,2025-03-29 02:00:00,1306.23,approved
2479,2479,2025-03-18 15:00:00,970.11,approved
2480,2480,2025-03-05 05:00:00,161.79,approved
2481,2481,2025-02-14 21:00:00,1066.02,failed
2482,2482,2025-12-07 15:00:00,2728.59,approved
2483,2483,2025-07-20 15:00:00,1547.0,approved
2484,2484,2025-04-28 13:00:00,1031.9,pending
2485,2485,2025-11-01 12:00:00,1080.68,approved
2486,2486,2025-08-04 10:00:00,1949.44,approved
2487,2487,2025-02-11 01:00:00,1071.98,approved
2488,2488,2025-12-19 13:00:00,2215.17,approved
2489,2489,2025-09-19 04:00:00,3463.3,approved
2490,2490,2025-12-13 13:00:00,163.29,failed
2491,2491,2025-03-22 16:00:00,607.2,approved
2492,2492,2025-03-02 02:00:00,643.29,approved
2493,2493,2025-09-05 17:00:00,1575.8,approved
2494,2494,2025-02-17 11:00:00,164.14,approved
2495,2495,2025-03-04 11:00:00,1681.78,approved
2496,2496,2025-01-03 07:00:00,3252.66,pending
2497,2497,2025-12-16 06:00:00,60.24,approved
2498,2498,2025-05-17 00:00:00,1289.99,failed
2499,2499,2025-01-18 01:00:00,2667.91,approved
2500,2500,2025-03-29 06:00:00,557.64,pending
2501,2501,2025-09-07 03:00:00,289.91,approved
2502,2502,2025-09-06 07:00:00,2215.11,approved
2503,2503,2025-05-05 02:00:00,54.63,pending
2504,2504,2025-07-28 04:00:00,2810.16,approved
2505,2505,2025-08-12 00:00:00,252.65,approved
2506,2506,2025-09-17 12:00:00,1844.75,approved
2507,2507,2025-10-20 17:00:00,2595.64,approved
2508,2508,2025-11-03 17:00:00,862.2,approved
2509,2509,2025-11-14 14:00:00,380.32,approved
2510,2510,2025-10-15 16:00:00,631.17,approved
2511,2511,2025-03-12 04:00:00,2994.3,failed
2512,2512,2025-05-10 09:00:00,2476.12,approved
2513,2513,2025-04-01 19:00:00,709.38,approved
2514,2514,2025-08-17 08:00:00,2512.1,approved
2515,2515,2025-09-28 07:00:00,2485.99,approved
2516,2516,2025-08-29 23:00:00,3492.08,approved
2517,2517,2025-01-07 04:00:00,1382.61,pending
2518,2518,2025-04-19 03:00:00,3029.69,approved
2519,2519,2025-07-19 16:00:00,1573.62,approved
2520,2520,2025-03-22 04:00:00,3144.21,approved
2521,2521,2025-11-26 18:00:00,338.77,approved
2522,2522,2025-12-05 00:00:00,630.09,approved
2523,2523,2025-06-24 20:00:00,2977.84,approved
2524,2524,2025-12-15 22:00:00,2871.17,approved
2525,2525,2025-03-31 22:00:00,1082.91,approved
2526,2526,2025-04-16 17:00:00,2096.86,approved
2527,2527,2025-12-11 20:00:00,1351.8,approved
2528,2528,2025-04-23 04:00:00,55.9,pending
2529,2529,2025-02-13 11:00:00,110.84,failed
2530,2530,2025-12-13 10:00:00,208.81,approved
2531,2531,2025-06-28 08:00:00,2087.37,approved
2532,2532,2025-05-09 18:00:00,991.71,approved
2533,2533,2025-05-30 10:00:00,520.94,pending
2534,2534,2025-08-18 20:00:00,3295.14,approved
2535,2535,2025-07-16 05:00:00,442.19,pending
2536,2536,2025-08-22 15:00:00,2365.46,approved
2537,2537,2025-01-30 01:00:00,3131.68,approved
2538,2538,2025-06-19 23:00:00,590.13,approved
2539,2539,2025-09-02 07:00:00,767.26,failed
2540,2540,2025-07-01 18:00:00,2016.87,approved
2541,2541,2025-01-05 22:00:00,1789.4,approved
2542,2542,2025-05-02 15:00:00,1833.18,approved
2543,2543,2025-11-26 10:00:00,1950.28,approved
2544,2544,2025-04-16 15:00:00,3325.66,approved
2545,2545,2025-01-24 12:00:00,207.36,approved
2546,2546,2025-04-07 22:00:00,2666.36,approved
2547,2547,2025-10-08 13:00:00,829.12,approved
2548,2548,2025-07-02 02:00:00,1320.4,approved
2549,2549,2025-03-31 16:00:00,330.73,approved
2550,2550,2025-03-25 15:00:00,1570.78,approved
2551,2551,2025-08-18 21:00:00,2818.68,approved
2552,2552,2025-10-26 07:00:00,363.62,approved
2553,2553,2025-04-26 17:00:00,979.1,approved
2554,2554,2025-11-03 01:00:00,1318.25,failed
2555,2555,2025-11-10 02:00:00,381.57,approved
2556,2556,2025-01-14 20:00:00,2672.86,approved
2557,2557,2025-10-17 08:00:00,2758.58,approved
2558,2558,2025-01-18 12:00:00,2928.91,approved
2559,2559,2025-10-24 15:00:00,2051.96,approved
2560,2560,2025-03-12 10:00:00,1785.19,failed
2561,2561,2025-07-12 01:00:00,933.68,approved
2562,2562,2025-10-03 16:00:00,2299.95,approved
2563,2563,2025-10-02 03:00:00,1567.08,approved
2564,2564,2025-05-28 17:00:00,3398.3,approved
2565,2565,2025-07-12 11:00:00,3389.26,approved
2566,2566,2025-06-04 12:00:00,3170.11,approved
2567,2567,2025-08-11 22:00:00,1273.11,approved
2568,2568,2025-08-22 03:00:00,1300.54,approved
2569,2569,2025-10-18 08:00:00,2987.3,approved
2570,2570,2025-08-08 10:00:00,2557.39,pending
2571,2571,2025-08-31 08:00:00,2471.18,approved
2572,2572,2025-04-07 17:00:00,993.05,failed
2573,2573,2025-03-23 06:00:00,2920.05,approved
2574,2574,2025-03-03 10:00:00,2036.38,approved
2575,2575,2025-09-08 03:00:00,1575.09,approved
2576,2576,2025-06-06 08:00:00,3031.67,approved
2577,2577,2025-07-06 15:00:00,1391.85,approved
2578,2578,2025-06-22 01:00:00,2295.66,approved
2579,2579,2025-02-05 14:00:00,1641.35,approved
2580,2580,2025-09-03 15:00:00,2082.73,approved
2581,2581,2025-10-15 08:00:00,161.1,approved
2582,2582,2025-12-09 04:00:00,1624.68,failed
2583,2583,2025-08-15 04:00:00,1956.59,approved
2584,2584,2025-12-26 01:00:00,1734.66,approved
2585,2585,2025-12-20 01:00:00,2968.99,pending
2586,2586,2025-12-22 12:00:00,1102.71,approved
2587,2587,2025-11-22 08:00:00,3096.59,approved
2588,2588,2025-10-05 06:00:00,1424.05,approved
2589,2589,2025-03-11 13:00:00,2436.95,approved
2590,2590,2025-01-27 04:00:00,321.8,approved
2591,2591,2025-08-28 17:00:00,716.54,pending
2592,2592,2025-05-22 03:00:00,2668.86,approved
2593,2593,2025-06-09 19:00:00,62.9,approved
2594,2594,2025-02-12 15:00:00,3390.48,approved
2595,2595,2025-07-19 10:00:00,683.39,approved
2596,2596,2025-12-03 11:00:00,3156.54,approved
2597,2597,2025-06-11 00:00:00,1815.49,approved
2598,2598,2025-02-21 20:00:00,1984.72,approved
2599,2599,2025-02-23 22:00:00,312.78,approved
2600,2600,2025-10-29 22:00:00,1290.96,approved
2601,2601,2025-03-11 01:00:00,563.64,pending
2602,2602,2025-06-30 04:00:00,1850.24,approved
2603,2603,2025-06-14 20:00:00,1936.55,approved
2604,2604,2025-11-08 15:00:00,2489.64,approved
2605,2605,2025-01-04 12:00:00,3076.41,approved
2606,2606,2025-08-19 05:00:00,1649.27,failed
2607,2607,2025-07-22 17:00:00,832.09,approved
2608,2608,2025-07-25 16:00:00,1180.83,pending
2609,2609,2025-05-29 10:00:00,2967.87,approved
2610,2610,2025-04-05 07:00:00,527.6,approved
2611,2611,2025-11-16 01:00:00,2202.85,approved
2612,2612,2025-01-17 10:00:00,65.54,approved
2613,2613,2025-03-20 08:00:00,874.93,approved
2614,2614,2025-06-13 08:00:00,2078.1,approved
2615,2615,2025-03-18 23:00:00,1608.31,failed
2616,2616,2025-06-16 10:00:00,1737.55,approved
2617,2617,2025-10-18 23:00:00,2318.76,approved
2618,2618,2025-02-18 05:00:00,836.36,approved
2619,2619,2025-10-05 13:00:00,997.2,pending
2620,2620,2025-02-21 12:00:00,2401.91,approved
2621,2621,2025-07-01 06:00:00,1893.25,approved
2622,2622,2025-02-12 05:00:00,70.76,approved
2623,2623,2025-09-25 14:00:00,2352.74,approved
2624,2624,2025-09-25 05:00:00,2177.92,pending
2625,2625,2025-02-10 20:00:00,293.55,approved
2626,2626,2025-06-10 01:00:00,2621.37,approved
2627,2627,2025-04-29 08:00:00,1836.91,approved
2628,2628,2025-02-14 23:00:00,732.52,approved
2629,2629,2025-05-08 03:00:00,1966.56,approved
2630,2630,2025-05-22 08:00:00,2092.2,approved
2631,2631,2025-09-06 00:00:00,3222.01,approved
2632,2632,2025-09-09 05:00:00,2602.66,failed
2633,2633,2025-07-19 15:00:00,1070.7,approved
2634,2634,2025-02-17 07:00:00,431.1,approved
2635,2635,2025-04-19 09:00:00,2989.08,approved
2636,2636,2025-12-22 02:00:00,2964.32,approved
2637,2637,2025-01-24 22:00:00,630.08,approved
2638,2638,2025-01-20 12:00:00,236.22,pending
2639,2639,2025-07-06 11:00:00,2497.29,approved
2640,2640,2025-07-26 10:00:00,2534.58,approved
2641,2641,2025-02-05 14:00:00,636.46,approved
2642,2642,2025-08-26 00:00:00,2345.38,approved
2643,2643,2025-09-22 11:00:00,990.65,approved
2644,2644,2025-01-12 21:00:00,926.95,approved
2645,2645,2025-11-04 03:00:00,1149.32,approved
2646,2646,2025-08-26 13:00:00,1830.98,approved
2647,2647,2025-05-04 16:00:00,2819.5,approved
2648,2648,2025-04-26 06:00:00,1755.28,approved
2649,2649,2025-09-13 21:00:00,1057.19,pending
2650,2650,2025-12-22 03:00:00,3096.23,approved
2651,2651,2025-04-20 18:00:00,211.71,approved
2652,2652,2025-06-14 11:00:00,2793.88,approved
2653,2653,2025-06-05 12:00:00,2749.65,approved
2654,2654,2025-08-21 06:00:00,902.34,approved
2655,2655,2025-02-18 01:00:00,710.07,approved
2656,2656,2025-04-15 06:00:00,3063.96,approved
2657,2657,2025-10-15 14:00:00,1964.87,approved
2658,2658,2025-01-29 03:00:00,180.12,approved
2659,2659,2025-02-20 07:00:00,3120.1,failed
2660,2660,2025-12-10 08:00:00,1234.54,approved
2661,2661,2025-11-17 11:00:00,1210.7,approved
2662,2662,2025-08-24 23:00:00,2258.64,approved
2663,2663,2025-09-19 12:00:00,2321.36,approved
2664,2664,2025-12-09 01:00:00,1249.54,approved
2665,2665,2025-06-07 13:00:00,518.61,approved
2666,2666,2025-03-20 12:00:00,1941.9,approved
2667,2667,2025-10-22 21:00:00,2195.62,approved
2668,2668,2025-04-20 03:00:00,3013.57,approved
2669,2669,2025-01-18 11:00:00,1705.85,approved
2670,2670,2025-08-09 10:00:00,2267.02,approved
2671,2671,2025-06-25 11:00:00,209.34,approved
2672,2672,2025-08-24 17:00:00,3132.94,approved
2673,2673,2025-02-18 20:00:00,1158.71,approved
2674,2674,2025-04-04 21:00:00,2220.13,approved
2675,2675,2025-12-10 18:00:00,3207.86,approved
2676,2676,2025-02-09 20:00:00,2840.63,approved
2677,2677,2025-06-10 08:00:00,2239.21,approved
2678,2678,2025-06-19 09:00:00,2468.56,approved
2679,2679,2025-05-03 23:00:00,3224.75,approved
2680,2680,2025-01-05 00:00:00,2846.08,approved
2681,2681,2025-02-23 11:00:00,2142.31,approved
2682,2682,2025-04-06 05:00:00,2312.29,approved
2683,2683,2025-11-10 17:00:00,532.49,approved
2684,2684,2025-08-04 09:00:00,1656.18,approved
2685,2685,2025-07-07 03:00:00,1067.47,approved
2686,2686,2025-12-21 12:00:00,1523.26,approved
2687,2687,2025-04-28 22:00:00,2324.62,approved
2688,2688,2025-12-15 10:00:00,539.05,approved
2689,2689,2025-09-29 22:00:00,80.47,approved
2690,2690,2025-10-21 22:00:00,1401.3,approved
2691,2691,2025-08-29 11:00:00,1141.2,approved
2692,2692,2025-04-06 13:00:00,1483.1,pending
2693,2693,2025-01-08 15:00:00,3260.65,approved
2694,2694,2025-07-17 18:00:00,2480.65,approved
2695,2695,2025-02-28 08:00:00,1159.56,approved
2696,2696,2025-02-21 01:00:00,643.89,approved
2697,2697,2025-05-18 00:00:00,2172.3,approved
2698,2698,2025-11-11 13:00:00,2308.37,approved
2699,2699,2025-07-03 15:00:00,1703.01,approved
2700,2700,2025-05-03 12:00:00,760.41,approved
2701,2701,2025-10-25 04:00:00,119.37,approved
2702,2702,2025-02-01 17:00:00,944.5,approved
2703,2703,2025-09-15 05:00:00,1610.95,approved
2704,2704,2025-08-30 00:00:00,2762.01,approved
2705,2705,2025-11-16 12:00:00,2991.06,approved
2706,2706,2025-09-27 01:00:00,1457.01,approved
2707,2707,2025-01-16 17:00:00,2790.51,approved
2708,2708,2025-04-18 23:00:00,3476.87,approved
2709,2709,2025-08-04 06:00:00,2513.8,approved
2710,2710,2025-05-06 08:00:00,2555.52,approved
2711,2711,2025-12-24 06:00:00,3185.19,approved
2712,2712,2025-05-14 02:00:00,1196.74,approved
2713,2713,2025-06-15 01:00:00,58.99,approved
2714,2714,2025-11-14 19:00:00,3454.68,failed
2715,2715,2025-08-18 02:00:00,1726.83,approved
2716,2716,2025-01-29 22:00:00,2754.16,approved
2717,2717,2025-06-25 12:00:00,2847.47,approved
2718,2718,2025-08-23 14:00:00,1403.36,pending
2719,2719,2025-05-27 11:00:00,1903.63,approved
2720,2720,2025-11-25 11:00:00,1898.91,approved
2721,2721,2025-09-03 14:00:00,786.35,approved
2722,2722,2025-06-20 06:00:00,429.38,approved
2723,2723,2025-04-04 22:00:00,1911.63,approved
2724,2724,2025-08-04 08:00:00,438.1,approved
2725,2725,2025-08-17 05:00:00,1224.39,approved
2726,2726,2025-08-24 06:00:00,667.57,approved
2727,2727,2025-07-08 05:00:00,2480.07,approved
2728,2728,2025-05-08 10:00:00,3054.59,approved
2729,2729,2025-08-21 12:00:00,2031.14,failed
2730,2730,2025-06-07 23:00:00,1447.34,approved
2731,2731,2025-02-01 06:00:00,3488.32,approved
2732,2732,2025-07-18 00:00:00,93.81,approved
2733,2733,2025-10-30 15:00:00,1079.11,approved
2734,2734,2025-02-04 06:00:00,989.78,approved
2735,2735,2025-06-06 04:00:00,1259.59,pending
2736,2736,2025-08-08 01:00:00,822.47,failed
2737,2737,2025-04-03 10:00:00,939.63,approved
2738,2738,2025-06-20 09:00:00,916.72,approved
2739,2739,2025-12-30 00:00:00,1779.99,approved
2740,2740,2025-01-16 08:00:00,1380.87,approved
2741,2741,2025-03-24 05:00:00,2244.69,approved
2742,2742,2025-06-04 21:00:00,1810.12,pending
2743,2743,2025-02-12 20:00:00,658.31,approved
2744,2744,2025-02-25 09:00:00,2838.96,approved
2745,2745,2025-04-26 07:00:00,1663.24,approved
2746,2746,2025-05-03 12:00:00,553.25,approved
2747,2747,2025-10-12 11:00:00,600.74,approved
2748,2748,2025-11-26 00:00:00,2793.45,approved
2749,2749,2025-08-18 06:00:00,2466.42,approved
2750,2750,2025-12-06 08:00:00,1782.72,approved
2751,2751,2025-08-07 06:00:00,1085.16,approved
2752,2752,2025-03-01 19:00:00,1622.62,approved
2753,2753,2025-07-06 11:00:00,2234.96,approved
2754,2754,2025-12-30 09:00:00,3079.9,approved
2755,2755,2025-04-24 05:00:00,1954.42,approved
2756,2756,2025-11-19 10:00:00,983.04,approved
2757,2757,2025-03-22 06:00:00,168.73,approved
2758,2758,2025-07-23 07:00:00,630.58,approved
2759,2759,2025-01-10 17:00:00,2282.62,approved
2760,2760,2025-12-09 14:00:00,578.32,approved
2761,2761,2025-12-16 10:00:00,1695.76,pending
2762,2762,2025-05-22 03:00:00,2452.36,approved
2763,2763,2025-09-28 04:00:00,1092.62,approved
2764,2764,2025-04-04 08:00:00,2348.49,approved
2765,2765,2025-08-21 19:00:00,2042.13,approved
2766,2766,2025-06-01 09:00:00,1547.51,approved
2767,2767,2025-02-09 09:00:00,3142.41,approved
2768,2768,2025-08-17 02:00:00,2428.36,approved
2769,2769,2025-01-29 09:00:00,1274.88,approved
2770,2770,2025-03-31 12:00:00,2818.84,failed
2771,2771,2025-04-13 06:00:00,2588.6,approved
2772,2772,2025-07-19 23:00:00,2775.06,approved
2773,2773,2025-02-04 20:00:00,2250.53,approved
2774,2774,2025-07-05 20:00:00,1340.21,approved
2775,2775,2025-08-24 03:00:00,1233.05,failed
2776,2776,2025-07-21 23:00:00,2296.45,approved
2777,2777,2025-12-16 14:00:00,475.53,approved
2778,2778,2025-06-10 22:00:00,2873.3,approved
2779,2779,2025-03-07 06:00:00,1308.77,approved
2780,2780,2025-08-04 20:00:00,2213.69,approved
2781,2781,2025-10-03 11:00:00,1756.74,approved
2782,2782,2025-05-10 16:00:00,1827.26,approved
2783,2783,2025-07-01 07:00:00,2588.26,approved
2784,2784,2025-02-05 15:00:00,2200.81,approved
2785,2785,2025-11-09 19:00:00,891.08,approved
2786,2786,2025-08-26 21:00:00,278.31,approved
2787,2787,2025-10-13 22:00:00,2944.01,pending
2788,2788,2025-10-29 11:00:00,3099.43,approved
2789,2789,2025-09-04 04:00:00,592.45,approved
2790,2790,2025-08-13 16:00:00,1096.98,approved
2791,2791,2025-08-28 03:00:00,1002.55,approved
2792,2792,2025-12-21 06:00:00,3282.32,approved
2793,2793,2025-07-19 10:00:00,732.63,approved
2794,2794,2025-12-14 09:00:00,599.56,approved
2795,2795,2025-09-03 15:00:00,652.8,approved
2796,2796,2025-12-21 13:00:00,2559.94,approved
2797,2797,2025-05-05 00:00:00,3110.31,approved
2798,2798,2025-05-04 11:00:00,1388.92,approved
2799,2799,2025-03-14 10:00:00,493.56,approved
2800,2800,2025-05-12 17:00:00,2058.31,approved
2801,2801,2025-11-22 06:00:00,750.57,failed
2802,2802,2025-02-12 17:00:00,243.25,approved
2803,2803,2025-06-27 15:00:00,3104.09,approved
2804,2804,2025-09-17 03:00:00,3050.53,approved
2805,2805,2025-05-27 23:00:00,3416.17,pending
2806,2806,2025-04-02 09:00:00,1669.54,failed
2807,2807,2025-09-27 00:00:00,1043.12,approved
2808,2808,2025-03-02 07:00:00,2698.85,failed
2809,2809,2025-11-29 13:00:00,648.12,approved
2810,2810,2025-03-29 23:00:00,866.66,approved
2811,2811,2025-03-21 08:00:00,909.78,failed
2812,2812,2025-05-30 14:00:00,3331.64,failed
2813,2813,2025-12-30 05:00:00,2559.78,pending
2814,2814,2025-06-21 08:00:00,485.26,approved
2815,2815,2025-08-28 08:00:00,343.1,approved
2816,2816,2025-08-24 15:00:00,2953.0,failed
2817,2817,2025-07-01 15:00:00,2811.91,approved
2818,2818,2025-07-28 15:00:00,2355.06,approved
2819,2819,2025-07-07 02:00:00,702.43,approved
2820,2820,2025-02-08 20:00:00,1691.39,approved
2821,2821,2025-04-05 16:00:00,2117.49,approved
2822,2822,2025-03-07 03:00:00,3263.84,pending
2823,2823,2025-11-17 06:00:00,609.59,approved
2824,2824,2025-04-17 08:00:00,1813.75,approved
2825,2825,2025-01-26 22:00:00,568.98,approved
2826,2826,2025-07-04 20:00:00,1564.6,approved
2827,2827,2025-09-13 02:00:00,716.47,pending
2828,2828,2025-02-12 04:00:00,2929.93,approved
2829,2829,2025-12-07 03:00:00,906.48,approved
2830,2830,2025-07-30 00:00:00,1471.52,approved
2831,2831,2025-09-18 18:00:00,1439.1,approved
2832,2832,2025-07-03 13:00:00,3034.71,approved
2833,2833,2025-09-17 14:00:00,2657.14,approved
2834,2834,2025-03-05 14:00:00,220.36,approved
2835,2835,2025-06-03 13:00:00,253.46,approved
2836,2836,2025-06-25 19:00:00,1938.17,approved
2837,2837,2025-09-08 17:00:00,1508.46,approved
2838,2838,2025-11-06 20:00:00,979.03,pending
2839,2839,2025-05-16 07:00:00,2778.32,approved
2840,2840,2025-10-23 03:00:00,467.65,approved
2841,2841,2025-11-09 14:00:00,3409.72,approved
2842,2842,2025-12-21 21:00:00,103.88,approved
2843,2843,2025-02-01 12:00:00,431.44,approved
2844,2844,2025-10-10 11:00:00,1103.38,approved
2845,2845,2025-06-17 14:00:00,1791.84,approved
2846,2846,2025-11-07 10:00:00,772.15,approved
2847,2847,2025-06-13 08:00:00,2582.03,pending
2848,2848,2025-12-08 15:00:00,1264.25,approved
2849,2849,2025-04-17 05:00:00,154.11,approved
2850,2850,2025-08-08 11:00:00,3074.47,approved
2851,2851,2025-04-13 14:00:00,3304.65,pending
2852,2852,2025-02-26 11:00:00,2172.6,approved
2853,2853,2025-09-20 07:00:00,2826.75,approved
2854,2854,2025-05-19 14:00:00,441.47,approved
2855,2855,2025-02-12 14:00:00,955.49,approved
2856,2856,2025-12-26 01:00:00,1151.81,pending
2857,2857,2025-07-18 04:00:00,3363.42,approved
2858,2858,2025-05-23 15:00:00,1802.53,approved
2859,2859,2025-11-07 02:00:00,45.8,approved
2860,2860,2025-12-18 14:00:00,1343.05,approved
2861,2861,2025-11-21 05:00:00,46.97,approved
2862,2862,2025-01-06 04:00:00,847.56,approved
2863,2863,2025-07-21 05:00:00,1602.36,approved
2864,2864,2025-12-12 03:00:00,1145.41,approved
2865,2865,2025-06-01 09:00:00,133.92,approved
2866,2866,2025-10-09 14:00:00,424.85,approved
2867,2867,2025-03-08 09:00:00,1937.09,failed
2868,2868,2025-09-22 03:00:00,2440.71,pending
2869,2869,2025-11-03 17:00:00,1427.83,approved
2870,2870,2025-05-27 12:00:00,2565.56,approved
2871,2871,2025-07-08 07:00:00,588.4,approved
2872,2872,2025-09-25 02:00:00,444.76,approved
2873,2873,2025-06-26 21:00:00,2941.3,approved
2874,2874,2025-06-10 17:00:00,1200.46,approved
2875,2875,2025-07-14 23:00:00,1524.22,approved
2876,2876,2025-10-27 04:00:00,3317.58,approved
2877,2877,2025-05-21 12:00:00,1495.91,approved
2878,2878,2025-03-06 13:00:00,32.15,approved
2879,2879,2025-05-28 10:00:00,3284.14,approved
2880,2880,2025-07-02 18:00:00,69.13,approved
2881,2881,2025-05-25 11:00:00,2324.76,approved
2882,2882,2025-10-16 16:00:00,1143.66,approved
2883,2883,2025-07-13 14:00:00,1656.96,approved
2884,2884,2025-01-04 09:00:00,1924.55,approved
2885,2885,2025-12-17 20:00:00,1441.44,approved
2886,2886,2025-05-26 04:00:00,2714.8,approved
2887,2887,2025-09-06 20:00:00,3258.86,approved
2888,2888,2025-08-07 18:00:00,320.71,approved
2889,2889,2025-02-27 16:00:00,2804.88,approved
2890,2890,2025-05-08 11:00:00,467.78,approved
2891,2891,2025-03-31 13:00:00,299.36,approved
2892,2892,2025-01-08 23:00:00,3346.29,approved
2893,2893,2025-07-11 20:00:00,1722.76,approved
2894,2894,2025-11-16 00:00:00,551.06,approved
2895,2895,2025-01-27 05:00:00,2003.45,approved
2896,2896,2025-11-21 16:00:00,936.07,approved
2897,2897,2025-09-12 18:00:00,1635.8,approved
2898,2898,2025-06-23 17:00:00,2193.82,approved
2899,2899,2025-12-26 04:00:00,3045.06,pending
2900,2900,2025-11-20 17:00:00,30.72,failed
2901,2901,2025-06-03 13:00:00,765.21,approved
2902,2902,2025-12-16 01:00:00,355.02,approved
2903,2903,2025-08-15 09:00:00,357.9,pending
2904,2904,2025-05-16 19:00:00,3311.31,approved
2905,2905,2025-07-22 03:00:00,3277.57,approved
2906,2906,2025-05-16 14:00:00,2627.59,pending
2907,2907,2025-11-21 13:00:00,2257.86,approved
2908,2908,2025-02-15 18:00:00,2970.94,approved
2909,2909,2025-06-20 22:00:00,223.26,approved
2910,2910,2025-04-17 04:00:00,435.81,failed
2911,2911,2025-10-07 13:00:00,1123.55,approved
2912,2912,2025-11-20 19:00:00,2917.07,approved
2913,2913,2025-12-31 02:00:00,1663.37,pending
2914,2914,2025-01-01 03:00:00,1772.44,approved
2915,2915,2025-08-19 23:00:00,817.84,approved
2916,2916,2025-05-17 16:00:00,2276.39,approved
2917,2917,2025-11-20 06:00:00,3109.69,approved
2918,2918,2025-08-23 02:00:00,1166.71,approved
2919,2919,2025-10-30 18:00:00,2174.77,approved
2920,2920,2025-06-08 09:00:00,1175.18,approved
2921,2921,2025-01-17 01:00:00,2778.66,approved
2922,2922,2025-10-17 01:00:00,1672.86,pending
2923,2923,2025-03-14 22:00:00,1201.35,approved
2924,2924,2025-10-03 07:00:00,1481.77,approved
2925,2925,2025-07-11 19:00:00,337.47,approved
2926,2926,2025-05-26 03:00:00,3034.09,approved
2927,2927,2025-07-02 02:00:00,3354.08,approved
2928,2928,2025-11-05 04:00:00,1681.4,approved
2929,2929,2025-07-15 13:00:00,790.25,approved
2930,2930,2025-05-29 20:00:00,2333.0,pending
2931,2931,2025-03-21 23:00:00,1594.29,approved
2932,2932,2025-10-09 18:00:00,898.0,approved
2933,2933,2025-02-04 21:00:00,153.75,approved
2934,2934,2025-02-12 21:00:00,3116.17,approved
2935,2935,2025-07-30 16:00:00,2792.64,approved
2936,2936,2025-12-25 19:00:00,2904.94,approved
2937,2937,2025-07-30 23:00:00,1550.64,approved
2938,2938,2025-07-30 00:00:00,2641.33,approved
2939,2939,2025-02-12 18:00:00,2042.66,approved
2940,2940,2025-10-07 01:00:00,1324.22,approved
2941,2941,2025-02-11 08:00:00,2952.74,approved
2942,2942,2025-03-21 20:00:00,3495.68,approved
2943,2943,2025-08-29 00:00:00,3149.5,approved
2944,2944,2025-06-04 12:00:00,2721.15,approved
2945,2945,2025-07-17 13:00:00,2621.33,approved
2946,2946,2025-01-01 18:00:00,2282.87,approved
2947,2947,2025-12-06 06:00:00,2990.59,approved
2948,2948,2025-02-21 20:00:00,1735.92,approved
2949,2949,2025-09-08 18:00:00,652.42,approved
2950,2950,2025-09-11 10:00:00,2692.81,approved
2951,2951,2025-01-02 07:00:00,3219.88,approved
2952,2952,2025-06-11 20:00:00,1207.91,approved
2953,2953,2025-10-17 04:00:00,2744.78,failed
2954,2954,2025-10-21 09:00:00,972.56,approved
2955,2955,2025-03-25 07:00:00,3300.25,approved
2956,2956,2025-08-03 14:00:00,2398.44,approved
2957,2957,2025-06-10 16:00:00,2001.08,pending
2958,2958,2025-05-21 15:00:00,2733.95,approved
2959,2959,2025-08-15 14:00:00,2850.04,approved
2960,2960,2025-01-06 16:00:00,3125.45,approved
2961,2961,2025-03-16 05:00:00,3155.9,approved
2962,2962,2025-05-28 07:00:00,203.36,approved
2963,2963,2025-06-25 15:00:00,447.72,approved
2964,2964,2025-04-15 03:00:00,2894.69,approved
2965,2965,2025-08-27 20:00:00,3312.26,approved
2966,2966,2025-11-19 18:00:00,1090.7,pending
2967,2967,2025-05-12 15:00:00,49.93,approved
2968,2968,2025-06-20 00:00:00,1143.01,approved
2969,2969,2025-09-09 05:00:00,1352.37,approved
2970,2970,2025-09-16 14:00:00,2668.4,approved
2971,2971,2025-09-10 14:00:00,185.59,approved
2972,2972,2025-12-30 19:00:00,759.99,approved
2973,2973,2025-08-28 15:00:00,3131.01,approved
2974,2974,2025-12-16 07:00:00,558.78,approved
2975,2975,2025-03-31 12:00:00,2662.18,approved
2976,2976,2025-07-27 12:00:00,1277.36,approved
2977,2977,2025-08-17 00:00:00,2326.06,approved
2978,2978,2025-04-22 02:00:00,276.99,approved
2979,2979,2025-08-22 10:00:00,1017.22,pending
2980,2980,2025-05-05 20:00:00,1498.27,pending
2981,2981,2025-06-12 14:00:00,3003.1,approved
2982,2982,2025-03-28 18:00:00,1980.97,approved
2983,2983,2025-11-08 04:00:00,177.38,pending
2984,2984,2025-08-27 00:00:00,2810.5,approved
2985,2985,2025-05-29 06:00:00,209.73,failed
2986,2986,2025-06-21 15:00:00,3271.6,approved
2987,2987,2025-05-31 13:00:00,756.78,approved
2988,2988,2025-01-04 11:00:00,1717.98,approved
2989,2989,2025-06-08 10:00:00,271.54,approved
2990,2990,2025-10-18 13:00:00,1974.76,approved
2991,2991,2025-12-24 04:00:00,1750.36,approved
2992,2992,2025-05-20 18:00:00,1447.66,approved
2993,2993,2025-06-11 18:00:00,143.79,approved
2994,2994,2025-07-18 20:00:00,3078.7,approved
2995,2995,2025-11-01 16:00:00,2813.18,approved
2996,2996,2025-04-25 19:00:00,2222.94,approved
2997,2997,2025-08-06 09:00:00,2011.36,approved
2998,2998,2025-08-18 20:00:00,2438.41,approved
2999,2999,2025-01-04 03:00:00,521.09,approved
3000,3000,2025-08-29 01:00:00,3265.6,approved
3001,3001,2025-02-23 23:00:00,1010.66,approved
3002,3002,2025-02-23 19:00:00,2304.59,approved
3003,3003,2025-05-28 14:00:00,2131.51,approved
3004,3004,2025-03-26 00:00:00,2235.42,approved
3005,3005,2025-07-05 07:00:00,3078.75,approved
3006,3006,2025-09-10 12:00:00,1049.77,approved
3007,3007,2025-07-11 15:00:00,2626.34,approved
3008,3008,2025-06-11 13:00:00,2102.4,approved
3009,3009,2025-07-27 05:00:00,284.69,failed
3010,3010,2025-12-08 12:00:00,1461.26,approved
3011,3011,2025-10-28 15:00:00,2936.07,approved
3012,3012,2025-01-04 09:00:00,1117.41,approved
3013,3013,2025-03-24 19:00:00,1698.28,approved
3014,3014,2025-06-06 16:00:00,1720.46,approved
3015,3015,2025-08-20 13:00:00,2170.67,pending
3016,3016,2025-08-15 17:00:00,3096.38,approved
3017,3017,2025-04-09 20:00:00,623.92,approved
3018,3018,2025-05-21 13:00:00,1776.07,approved
3019,3019,2025-06-26 14:00:00,1496.45,approved
3020,3020,2025-02-21 15:00:00,1049.8,approved
3021,3021,2025-03-22 02:00:00,3220.24,approved
3022,3022,2025-11-15 18:00:00,48.44,approved
3023,3023,2025-02-08 04:00:00,444.92,pending
3024,3024,2025-06-18 20:00:00,2572.04,approved
3025,3025,2025-10-12 23:00:00,936.78,approved
3026,3026,2025-07-31 19:00:00,2536.66,approved
3027,3027,2025-10-04 23:00:00,2916.24,approved
3028,3028,2025-02-13 19:00:00,906.06,approved
3029,3029,2025-11-04 11:00:00,687.97,approved
3030,3030,2025-05-18 22:00:00,525.65,approved
3031,3031,2025-03-18 05:00:00,716.31,approved
3032,3032,2025-11-19 14:00:00,949.81,approved
3033,3033,2025-09-06 21:00:00,3043.25,approved
3034,3034,2025-06-19 01:00:00,2699.62,approved
3035,3035,2025-08-06 17:00:00,26.42,approved
3036,3036,2025-11-19 20:00:00,3061.93,approved
3037,3037,2025-08-26 13:00:00,294.27,approved
3038,3038,2025-01-10 04:00:00,2300.32,approved
3039,3039,2025-09-24 06:00:00,547.13,approved
3040,3040,2025-01-22 11:00:00,236.72,approved
3041,3041,2025-11-28 09:00:00,2664.0,approved
3042,3042,2025-02-16 03:00:00,1645.87,approved
3043,3043,2025-11-16 05:00:00,2104.74,approved
3044,3044,2025-01-03 03:00:00,1500.23,approved
3045,3045,2025-08-27 08:00:00,253.76,approved
3046,3046,2025-03-29 22:00:00,2593.87,approved
3047,3047,2025-10-28 17:00:00,2874.82,approved
3048,3048,2025-01-19 18:00:00,164.14,approved
3049,3049,2025-03-09 18:00:00,1327.5,approved
3050,3050,2025-05-11 08:00:00,1959.46,approved
3051,3051,2025-01-22 04:00:00,2126.04,approved
3052,3052,2025-05-11 04:00:00,2031.97,approved
3053,3053,2025-08-01 04:00:00,2431.43,approved
3054,3054,2025-12-04 06:00:00,3384.52,approved
3055,3055,2025-09-17 09:00:00,1379.24,approved
3056,3056,2025-03-07 05:00:00,1957.05,approved
3057,3057,2025-01-16 21:00:00,2452.79,approved
3058,3058,2025-05-03 10:00:00,2081.63,approved
3059,3059,2025-11-11 20:00:00,1365.89,pending
3060,3060,2025-06-02 03:00:00,2191.8,approved
3061,3061,2025-11-01 00:00:00,2282.39,approved
3062,3062,2025-05-18 18:00:00,2055.69,approved
3063,3063,2025-06-24 11:00:00,733.79,approved
3064,3064,2025-02-27 22:00:00,1780.82,approved
3065,3065,2025-01-27 19:00:00,3097.56,approved
3066,3066,2025-08-05 01:00:00,3042.73,approved
3067,3067,2025-09-12 17:00:00,2632.74,approved
3068,3068,2025-09-12 01:00:00,2446.24,approved
3069,3069,2025-04-17 15:00:00,553.41,approved
3070,3070,2025-02-13 12:00:00,1618.94,approved
3071,3071,2025-11-10 15:00:00,406.11,approved
3072,3072,2025-07-08 21:00:00,2864.15,approved
3073,3073,2025-11-03 05:00:00,1032.83,approved
3074,3074,2025-03-16 20:00:00,2688.69,approved
3075,3075,2025-07-12 15:00:00,2854.73,approved
3076,3076,2025-10-19 04:00:00,3125.89,failed
3077,3077,2025-07-06 02:00:00,2643.33,failed
3078,3078,2025-03-24 00:00:00,1985.26,approved
3079,3079,2025-08-04 09:00:00,2101.68,failed
3080,3080,2025-05-18 23:00:00,1135.63,approved
3081,3081,2025-03-31 15:00:00,635.95,approved
3082,3082,2025-12-31 19:00:00,474.61,approved
3083,3083,2025-05-08 22:00:00,653.44,pending
3084,3084,2025-10-21 20:00:00,3270.15,pending
3085,3085,2025-08-15 05:00:00,592.23,pending
3086,3086,2025-08-01 11:00:00,2538.61,approved
3087,3087,2025-12-23 13:00:00,662.51,approved
3088,3088,2025-04-07 06:00:00,3414.01,approved
3089,3089,2025-08-19 10:00:00,1295.71,approved
3090,3090,2025-11-08 20:00:00,1454.23,approved
3091,3091,2025-02-27 06:00:00,1427.7,approved
3092,3092,2025-11-21 21:00:00,2861.28,approved
3093,3093,2025-12-04 19:00:00,779.65,approved
3094,3094,2025-12-16 15:00:00,2911.97,approved
3095,3095,2025-01-16 01:00:00,2306.56,approved
3096,3096,2025-06-04 09:00:00,786.57,approved
3097,3097,2025-03-20 09:00:00,247.62,approved
3098,3098,2025-03-25 15:00:00,2716.97,approved
3099,3099,2025-04-14 10:00:00,781.99,approved
3100,3100,2025-09-05 09:00:00,3113.95,approved
3101,3101,2025-10-18 17:00:00,471.65,approved
3102,3102,2025-07-11 15:00:00,2164.95,approved
3103,3103,2025-06-15 20:00:00,2428.75,approved
3104,3104,2025-04-29 13:00:00,2308.8,approved
3105,3105,2025-07-04 00:00:00,1119.78,approved
3106,3106,2025-11-29 05:00:00,3066.82,approved
3107,3107,2025-12-17 21:00:00,2698.92,failed
3108,3108,2025-04-10 17:00:00,1795.52,approved
3109,3109,2025-04-15 12:00:00,2119.46,approved
3110,3110,2025-08-30 11:00:00,1990.97,approved
3111,3111,2025-07-19 01:00:00,3314.51,approved
3112,3112,2025-06-22 04:00:00,3139.52,approved
3113,3113,2025-01-13 04:00:00,839.53,approved
3114,3114,2025-06-26 22:00:00,934.4,approved
3115,3115,2025-01-04 02:00:00,3435.4,approved
3116,3116,2025-01-17 19:00:00,843.23,approved
3117,3117,2025-01-05 20:00:00,3338.11,approved
3118,3118,2025-01-17 10:00:00,2281.14,approved
3119,3119,2025-09-14 16:00:00,194.38,approved
3120,3120,2025-01-05 07:00:00,1188.33,approved
3121,3121,2025-01-12 04:00:00,1677.02,approved
3122,3122,2025-08-31 16:00:00,2919.16,approved
3123,3123,2025-05-29 23:00:00,1163.48,approved
3124,3124,2025-05-06 19:00:00,1100.81,approved
3125,3125,2025-10-10 00:00:00,3222.52,approved
3126,3126,2025-08-27 03:00:00,295.04,pending
3127,3127,2025-09-12 21:00:00,1939.29,approved
3128,3128,2025-08-15 04:00:00,1774.75,approved
3129,3129,2025-02-10 08:00:00,219.52,approved
3130,3130,2025-06-03 17:00:00,325.4,approved
3131,3131,2025-04-08 16:00:00,1349.25,failed
3132,3132,2025-04-21 15:00:00,486.88,failed
3133,3133,2025-04-06 20:00:00,1683.69,approved
3134,3134,2025-05-06 04:00:00,2138.93,approved
3135,3135,2025-11-28 03:00:00,2426.06,approved
3136,3136,2025-05-15 04:00:00,1921.72,pending
3137,3137,2025-05-01 14:00:00,1341.22,approved
3138,3138,2025-07-31 01:00:00,471.56,approved
3139,3139,2025-09-13 04:00:00,881.25,approved
3140,3140,2025-02-14 20:00:00,1479.59,approved
3141,3141,2025-01-18 01:00:00,3235.92,approved
3142,3142,2025-12-02 08:00:00,725.05,approved
3143,3143,2025-07-22 11:00:00,1458.44,approved
3144,3144,2025-11-07 21:00:00,2568.43,approved
3145,3145,2025-04-06 20:00:00,2474.11,approved
3146,3146,2025-09-25 10:00:00,3380.26,approved
3147,3147,2025-02-14 16:00:00,684.34,approved
3148,3148,2025-01-18 23:00:00,77.49,approved
3149,3149,2025-07-30 00:00:00,1141.68,approved
3150,3150,2025-07-24 20:00:00,540.93,failed
3151,3151,2025-08-03 07:00:00,1928.67,approved
3152,3152,2025-04-20 05:00:00,3147.75,approved
3153,3153,2025-03-26 13:00:00,2415.03,approved
3154,3154,2025-11-08 03:00:00,492.58,approved
3155,3155,2025-10-31 09:00:00,423.99,approved
3156,3156,2025-08-22 01:00:00,3191.85,approved
3157,3157,2025-01-20 23:00:00,1716.88,approved
3158,3158,2025-10-11 10:00:00,3234.38,approved
3159,3159,2025-11-22 06:00:00,2582.04,approved
3160,3160,2025-09-20 04:00:00,3476.85,approved
3161,3161,2025-08-05 03:00:00,3051.87,approved
3162,3162,2025-11-02 23:00:00,1461.46,approved
3163,3163,2025-05-15 22:00:00,2658.63,approved
3164,3164,2025-04-11 21:00:00,1659.87,approved
3165,3165,2025-05-02 19:00:00,831.09,approved
3166,3166,2025-01-23 00:00:00,858.78,approved
3167,3167,2025-04-06 19:00:00,1402.68,approved
3168,3168,2025-02-03 07:00:00,407.9,approved
3169,3169,2025-06-23 04:00:00,638.63,approved
3170,3170,2025-02-06 01:00:00,1762.12,approved
3171,3171,2025-12-07 05:00:00,3339.65,approved
3172,3172,2025-06-17 22:00:00,2030.35,approved
3173,3173,2025-09-02 13:00:00,1441.57,approved
3174,3174,2025-10-29 18:00:00,864.6,approved
3175,3175,2025-04-17 13:00:00,701.74,approved
3176,3176,2025-02-27 17:00:00,2311.26,approved
3177,3177,2025-02-06 15:00:00,2972.17,approved
3178,3178,2025-10-02 05:00:00,1408.02,approved
3179,3179,2025-07-06 16:00:00,1936.29,approved
3180,3180,2025-10-18 12:00:00,2479.41,approved
3181,3181,2025-10-17 15:00:00,222.87,approved
3182,3182,2025-11-05 01:00:00,1241.12,approved
3183,3183,2025-02-23 14:00:00,2559.54,approved
3184,3184,2025-11-09 00:00:00,2402.47,approved
3185,3185,2025-02-24 03:00:00,205.65,approved
3186,3186,2025-03-02 23:00:00,847.61,approved
3187,3187,2025-07-17 02:00:00,2386.25,approved
3188,3188,2025-10-23 20:00:00,964.53,approved
3189,3189,2025-05-02 12:00:00,2854.15,approved
3190,3190,2025-10-21 18:00:00,122.68,approved
3191,3191,2025-02-26 04:00:00,682.41,approved
3192,3192,2025-12-26 15:00:00,998.97,approved
3193,3193,2025-04-04 02:00:00,3240.01,approved
3194,3194,2025-10-24 22:00:00,2791.19,approved
3195,3195,2025-06-19 04:00:00,3096.82,approved
3196,3196,2025-09-08 12:00:00,1552.87,approved
3197,3197,2025-05-12 19:00:00,2882.52,approved
3198,3198,2025-10-23 07:00:00,2990.16,approved
3199,3199,2025-10-25 10:00:00,1411.85,approved
3200,3200,2025-04-29 12:00:00,3480.73,approved
3201,3201,2025-06-23 09:00:00,2982.31,approved
3202,3202,2025-06-08 15:00:00,3409.86,approved
3203,3203,2025-09-08 03:00:00,3035.41,approved
3204,3204,2025-06-16 00:00:00,2721.19,approved
3205,3205,2025-01-21 08:00:00,3304.58,approved
3206,3206,2025-10-27 22:00:00,1480.97,approved
3207,3207,2025-12-27 12:00:00,2746.0,approved
3208,3208,2025-10-08 03:00:00,760.86,approved
3209,3209,2025-01-04 17:00:00,2570.12,approved
3210,3210,2025-12-08 11:00:00,2753.03,approved
3211,3211,2025-08-13 20:00:00,2513.5,approved
3212,3212,2025-06-04 03:00:00,2977.35,approved
3213,3213,2025-03-12 08:00:00,1458.41,approved
3214,3214,2025-06-17 08:00:00,1915.79,approved
3215,3215,2025-07-16 06:00:00,57.12,approved
3216,3216,2025-12-04 12:00:00,528.27,approved
3217,3217,2025-11-26 07:00:00,2261.79,pending
3218,3218,2025-10-09 20:00:00,1976.86,approved
3219,3219,2025-06-28 21:00:00,706.72,approved
3220,3220,2025-12-23 09:00:00,867.26,approved
3221,3221,2025-08-06 18:00:00,1217.41,approved
3222,3222,2025-11-07 22:00:00,2513.12,approved
3223,3223,2025-05-22 12:00:00,2141.81,approved
3224,3224,2025-01-01 09:00:00,262.11,approved
3225,3225,2025-12-18 17:00:00,2664.59,approved
3226,3226,2025-11-06 03:00:00,934.06,approved
3227,3227,2025-10-03 22:00:00,2357.72,pending
3228,3228,2025-04-30 11:00:00,449.3,approved
3229,3229,2025-02-17 08:00:00,3492.77,approved
3230,3230,2025-04-10 00:00:00,299.57,pending
3231,3231,2025-02-08 10:00:00,2601.23,approved
3232,3232,2025-05-01 09:00:00,1903.83,approved
3233,3233,2025-10-17 21:00:00,319.07,approved
3234,3234,2025-10-21 17:00:00,113.3,approved
3235,3235,2025-06-16 17:00:00,1282.08,approved
3236,3236,2025-03-21 10:00:00,2811.74,approved
3237,3237,2025-10-07 19:00:00,163.21,approved
3238,3238,2025-06-30 14:00:00,2471.31,approved
3239,3239,2025-11-25 03:00:00,2300.71,approved
3240,3240,2025-09-23 07:00:00,944.07,approved
3241,3241,2025-03-20 01:00:00,289.67,approved
3242,3242,2025-05-10 03:00:00,3205.32,approved
3243,3243,2025-07-07 06:00:00,1065.22,approved
3244,3244,2025-11-18 17:00:00,407.61,approved
3245,3245,2025-04-28 15:00:00,2391.68,approved
3246,3246,2025-11-10 16:00:00,774.05,pending
3247,3247,2025-10-31 03:00:00,1675.2,approved
3248,3248,2025-04-15 17:00:00,195.41,approved
3249,3249,2025-12-18 23:00:00,3475.58,approved
3250,3250,2025-09-21 22:00:00,1577.72,approved
3251,3251,2025-12-08 16:00:00,3496.9,approved
3252,3252,2025-11-24 06:00:00,1362.15,approved
3253,3253,2025-05-17 11:00:00,1230.53,approved
3254,3254,2025-02-23 01:00:00,3202.71,pending
3255,3255,2025-06-15 15:00:00,1166.54,pending
3256,3256,2025-03-31 20:00:00,1523.38,approved
3257,3257,2025-12-11 23:00:00,291.82,approved
3258,3258,2025-02-10 03:00:00,3345.01,approved
3259,3259,2025-07-28 14:00:00,316.33,approved
3260,3260,2025-09-07 06:00:00,2703.72,approved
3261,3261,2025-04-28 02:00:00,1894.38,approved
3262,3262,2025-03-26 00:00:00,233.69,approved
3263,3263,2025-11-12 15:00:00,25.93,approved
3264,3264,2025-06-08 20:00:00,3275.73,approved
3265,3265,2025-02-04 01:00:00,2602.76,approved
3266,3266,2025-11-28 12:00:00,2408.8,approved
3267,3267,2025-12-22 06:00:00,1546.18,approved
3268,3268,2025-09-06 02:00:00,850.38,approved
3269,3269,2025-07-23 19:00:00,2385.92,approved
3270,3270,2025-01-16 06:00:00,2136.89,approved
3271,3271,2025-07-23 23:00:00,2547.67,approved
3272,3272,2025-12-31 22:00:00,1292.96,approved
3273,3273,2025-07-23 02:00:00,3454.49,approved
3274,3274,2025-04-16 18:00:00,253.19,approved
3275,3275,2025-06-30 12:00:00,297.36,approved
3276,3276,2025-10-17 15:00:00,3210.73,approved
3277,3277,2025-04-27 04:00:00,2274.02,approved
3278,3278,2025-02-10 02:00:00,1155.64,approved
3279,3279,2025-06-05 01:00:00,2671.6,approved
3280,3280,2025-06-23 01:00:00,1595.65,failed
3281,3281,2025-06-15 16:00:00,93.5,approved
3282,3282,2025-03-23 18:00:00,2285.84,approved
3283,3283,2025-08-30 23:00:00,866.03,approved
3284,3284,2025-11-23 11:00:00,421.37,approved
3285,3285,2025-06-23 07:00:00,803.95,approved
3286,3286,2025-03-20 19:00:00,1677.03,pending
3287,3287,2025-09-04 03:00:00,193.5,approved
3288,3288,2025-07-29 15:00:00,3093.37,approved
3289,3289,2025-02-27 06:00:00,1968.51,pending
3290,3290,2025-07-11 07:00:00,1039.63,approved
3291,3291,2025-06-05 22:00:00,2410.78,approved
3292,3292,2025-04-26 10:00:00,2818.74,approved
3293,3293,2025-07-21 18:00:00,2156.46,approved
3294,3294,2025-04-09 17:00:00,724.68,approved
3295,3295,2025-01-09 14:00:00,403.8,approved
3296,3296,2025-07-25 11:00:00,3012.45,approved
3297,3297,2025-01-17 17:00:00,836.71,approved
3298,3298,2025-02-02 01:00:00,89.89,failed
3299,3299,2025-09-14 02:00:00,2257.3,approved
3300,3300,2025-10-24 12:00:00,552.04,approved
3301,3301,2025-12-16 20:00:00,3468.57,pending
3302,3302,2025-10-25 22:00:00,3046.66,approved
3303,3303,2025-03-08 16:00:00,2137.39,approved
3304,3304,2025-08-03 13:00:00,2921.85,approved
3305,3305,2025-07-21 23:00:00,1657.46,failed
3306,3306,2025-04-09 09:00:00,2763.93,approved
3307,3307,2025-05-22 09:00:00,2269.94,approved
3308,3308,2025-06-14 02:00:00,119.68,approved
3309,3309,2025-01-07 11:00:00,3321.68,approved
3310,3310,2025-04-04 11:00:00,3016.0,approved
3311,3311,2025-10-07 06:00:00,3337.86,pending
3312,3312,2025-06-07 11:00:00,2565.15,approved
3313,3313,2025-09-25 20:00:00,1453.97,failed
3314,3314,2025-08-25 15:00:00,740.31,failed
3315,3315,2025-07-18 17:00:00,646.39,approved
3316,3316,2025-10-26 05:00:00,524.31,approved
3317,3317,2025-09-16 06:00:00,787.72,approved
3318,3318,2025-08-17 07:00:00,1936.21,approved
3319,3319,2025-09-25 16:00:00,2399.43,approved
3320,3320,2025-09-05 05:00:00,1112.92,pending
3321,3321,2025-12-27 06:00:00,1929.64,approved
3322,3322,2025-11-07 03:00:00,1207.56,approved
3323,3323,2025-02-01 02:00:00,2443.85,approved
3324,3324,2025-12-31 14:00:00,3459.93,approved
3325,3325,2025-10-01 18:00:00,2417.78,approved
3326,3326,2025-11-24 15:00:00,225.43,approved
3327,3327,2025-03-21 12:00:00,1680.78,approved
3328,3328,2025-11-21 22:00:00,2700.95,approved
3329,3329,2025-07-05 13:00:00,1907.0,approved
3330,3330,2025-05-13 04:00:00,3329.7,approved
3331,3331,2025-09-14 17:00:00,210.61,approved
3332,3332,2025-05-15 18:00:00,1033.22,approved
3333,3333,2025-06-22 00:00:00,788.1,approved
3334,3334,2025-05-11 05:00:00,2691.33,approved
3335,3335,2025-01-30 13:00:00,1842.8,approved
3336,3336,2025-07-24 12:00:00,501.44,approved
3337,3337,2025-02-03 10:00:00,1013.86,approved
3338,3338,2025-02-13 02:00:00,1838.85,approved
3339,3339,2025-12-03 14:00:00,3486.53,approved
3340,3340,2025-04-22 18:00:00,1287.74,approved
3341,3341,2025-03-10 00:00:00,565.75,pending
3342,3342,2025-02-21 21:00:00,1749.79,approved
3343,3343,2025-11-24 12:00:00,1099.45,approved
3344,3344,2025-02-12 14:00:00,1989.56,failed
3345,3345,2025-03-05 18:00:00,1644.15,pending
3346,3346,2025-05-30 13:00:00,2419.42,approved
3347,3347,2025-10-24 06:00:00,3201.73,approved
3348,3348,2025-02-11 16:00:00,717.79,approved
3349,3349,2025-04-21 05:00:00,2877.71,approved
3350,3350,2025-11-10 08:00:00,3323.44,approved
3351,3351,2025-12-18 07:00:00,1320.16,failed
3352,3352,2025-09-11 03:00:00,415.55,approved
3353,3353,2025-12-15 17:00:00,2880.25,failed
3354,3354,2025-07-31 06:00:00,2459.81,approved
3355,3355,2025-12-06 19:00:00,760.24,approved
3356,3356,2025-12-11 10:00:00,1569.38,approved
3357,3357,2025-12-29 02:00:00,2031.41,approved
3358,3358,2025-09-10 10:00:00,611.09,approved
3359,3359,2025-03-06 09:00:00,2507.9,approved
3360,3360,2025-08-10 07:00:00,2420.79,approved
3361,3361,2025-08-12 17:00:00,3107.2,approved
3362,3362,2025-08-05 04:00:00,1994.11,approved
3363,3363,2025-01-25 08:00:00,2018.61,approved
3364,3364,2025-08-28 16:00:00,2175.47,approved
3365,3365,2025-07-31 21:00:00,972.77,approved
3366,3366,2025-02-03 10:00:00,2659.95,approved
3367,3367,2025-03-17 05:00:00,2325.5,approved
3368,3368,2025-04-21 04:00:00,2940.23,approved
3369,3369,2025-09-02 22:00:00,2694.68,approved
3370,3370,2025-01-10 00:00:00,2242.23,approved
3371,3371,2025-05-08 05:00:00,579.9,failed
3372,3372,2025-06-26 20:00:00,3218.63,failed
3373,3373,2025-07-24 11:00:00,1297.9,approved
3374,3374,2025-01-27 13:00:00,3375.76,approved
3375,3375,2025-03-17 20:00:00,1418.51,approved
3376,3376,2025-12-30 09:00:00,527.87,approved
3377,3377,2025-01-01 05:00:00,3099.24,failed
3378,3378,2025-06-20 19:00:00,2786.8,failed
3379,3379,2025-01-23 20:00:00,2756.31,approved
3380,3380,2025-09-29 19:00:00,331.15,approved
3381,3381,2025-12-22 11:00:00,3079.89,approved
3382,3382,2025-12-27 20:00:00,2095.47,approved
3383,3383,2025-03-21 19:00:00,1656.84,approved
3384,3384,2025-09-19 06:00:00,3197.84,approved
3385,3385,2025-11-02 13:00:00,2337.82,approved
3386,3386,2025-01-31 05:00:00,482.95,approved
3387,3387,2025-06-29 09:00:00,1827.99,failed
3388,3388,2025-04-22 04:00:00,2235.43,approved
3389,3389,2025-09-01 14:00:00,3146.96,approved
3390,3390,2025-12-16 04:00:00,994.03,approved
3391,3391,2025-11-10 23:00:00,2783.93,approved
3392,3392,2025-07-25 08:00:00,2803.35,pending
3393,3393,2025-06-10 10:00:00,465.61,approved
3394,3394,2025-01-04 16:00:00,79.97,approved
3395,3395,2025-05-06 20:00:00,2043.31,approved
3396,3396,2025-03-18 20:00:00,2767.39,approved
3397,3397,2025-04-14 22:00:00,1949.42,approved
3398,3398,2025-11-24 12:00:00,2850.45,approved
3399,3399,2025-12-15 04:00:00,2185.61,approved
3400,3400,2025-10-19 12:00:00,2293.46,approved
3401,3401,2025-07-12 12:00:00,117.98,approved
3402,3402,2025-04-22 07:00:00,328.32,approved
3403,3403,2025-12-17 02:00:00,2543.1,approved
3404,3404,2025-09-01 20:00:00,2674.69,approved
3405,3405,2025-10-01 04:00:00,1906.78,approved
3406,3406,2025-07-04 14:00:00,2073.77,approved
3407,3407,2025-10-07 13:00:00,2157.99,approved
3408,3408,2025-12-07 04:00:00,385.37,approved
3409,3409,2025-02-27 21:00:00,2344.32,approved
3410,3410,2025-09-17 15:00:00,1685.08,approved
3411,3411,2025-01-06 20:00:00,2116.78,approved
3412,3412,2025-09-16 21:00:00,1979.73,approved
3413,3413,2025-09-19 23:00:00,2675.24,approved
3414,3414,2025-07-10 20:00:00,1128.62,approved
3415,3415,2025-08-02 22:00:00,1319.87,approved
3416,3416,2025-04-06 17:00:00,1382.79,approved
3417,3417,2025-01-02 12:00:00,2673.35,approved
3418,3418,2025-09-02 11:00:00,1520.27,approved
3419,3419,2025-07-20 09:00:00,636.22,approved
3420,3420,2025-01-19 07:00:00,3440.98,approved
3421,3421,2025-03-27 21:00:00,1736.97,approved
3422,3422,2025-08-04 13:00:00,400.18,failed
3423,3423,2025-04-16 11:00:00,2352.56,pending
3424,3424,2025-10-10 23:00:00,2592.29,approved
3425,3425,2025-12-04 01:00:00,1760.78,approved
3426,3426,2025-12-20 07:00:00,2269.67,approved
3427,3427,2025-05-13 06:00:00,620.91,approved
3428,3428,2025-11-28 19:00:00,1300.37,approved
3429,3429,2025-08-27 07:00:00,583.16,approved
3430,3430,2025-07-08 17:00:00,1367.58,approved
3431,3431,2025-11-18 16:00:00,1978.55,approved
3432,3432,2025-08-09 23:00:00,1560.04,approved
3433,3433,2025-12-11 13:00:00,2084.39,approved
3434,3434,2025-06-15 07:00:00,1766.12,approved
3435,3435,2025-03-06 04:00:00,1125.99,approved
3436,3436,2025-07-18 13:00:00,519.09,approved
3437,3437,2025-11-10 03:00:00,899.3,failed
3438,3438,2025-12-12 08:00:00,718.48,pending
3439,3439,2025-09-03 05:00:00,2481.83,approved
3440,3440,2025-02-15 09:00:00,2873.48,pending
3441,3441,2025-12-03 19:00:00,2526.95,failed
3442,3442,2025-10-29 23:00:00,2260.19,approved
3443,3443,2025-05-15 19:00:00,1091.32,approved
3444,3444,2025-05-01 17:00:00,2494.23,approved
3445,3445,2025-07-09 10:00:00,2125.69,approved
3446,3446,2025-02-22 06:00:00,183.19,approved
3447,3447,2025-07-29 18:00:00,3178.49,approved
3448,3448,2025-07-23 16:00:00,298.24,approved
3449,3449,2025-03-18 06:00:00,1769.42,approved
3450,3450,2025-11-19 03:00:00,1805.48,approved
3451,3451,2025-12-13 10:00:00,2932.79,pending
3452,3452,2025-11-22 18:00:00,3197.47,approved
3453,3453,2025-04-09 04:00:00,3290.07,approved
3454,3454,2025-12-27 06:00:00,2002.46,approved
3455,3455,2025-05-25 01:00:00,2383.07,approved
3456,3456,2025-08-21 00:00:00,328.05,approved
3457,3457,2025-05-25 18:00:00,1717.95,approved
3458,3458,2025-08-06 04:00:00,3144.54,approved
3459,3459,2025-12-31 23:00:00,1605.83,pending
3460,3460,2025-05-04 05:00:00,262.19,approved
3461,3461,2025-12-01 15:00:00,718.23,approved
3462,3462,2025-08-07 17:00:00,1514.68,failed
3463,3463,2025-08-04 00:00:00,846.6,approved
3464,3464,2025-05-06 22:00:00,1385.18,approved
3465,3465,2025-08-17 03:00:00,1178.71,approved
3466,3466,2025-11-10 12:00:00,1129.87,approved
3467,3467,2025-12-07 08:00:00,337.25,approved
3468,3468,2025-07-02 21:00:00,3091.85,approved
3469,3469,2025-10-03 16:00:00,2430.62,approved
3470,3470,2025-01-24 14:00:00,2189.37,approved
3471,3471,2025-05-04 12:00:00,2130.51,approved
3472,3472,2025-06-12 04:00:00,1399.83,approved
3473,3473,2025-12-23 08:00:00,2885.14,pending
3474,3474,2025-03-20 13:00:00,3256.54,approved
3475,3475,2025-01-25 07:00:00,39.55,approved
3476,3476,2025-06-25 20:00:00,295.61,approved
3477,3477,2025-05-18 19:00:00,2368.92,approved
3478,3478,2025-12-30 14:00:00,841.51,approved
3479,3479,2025-02-04 22:00:00,3192.73,approved
3480,3480,2025-09-22 12:00:00,2342.6,approved
3481,3481,2025-11-08 00:00:00,1301.65,pending
3482,3482,2025-09-14 17:00:00,1465.18,approved
3483,3483,2025-11-02 04:00:00,2424.27,approved
3484,3484,2025-06-21 21:00:00,510.56,approved
3485,3485,2025-03-26 18:00:00,3094.27,approved
3486,3486,2025-02-24 06:00:00,36.61,approved
3487,3487,2025-01-17 15:00:00,3426.74,approved
3488,3488,2025-09-12 03:00:00,603.41,approved
3489,3489,2025-07-05 23:00:00,2602.55,approved
3490,3490,2025-10-28 00:00:00,158.94,approved
3491,3491,2025-01-31 00:00:00,1521.37,approved
3492,3492,2025-03-29 10:00:00,2213.49,approved
3493,3493,2025-05-01 16:00:00,264.39,pending
3494,3494,2025-04-27 13:00:00,1562.66,approved
3495,3495,2025-05-20 22:00:00,1074.91,approved
3496,3496,2025-10-26 18:00:00,1753.89,approved
3497,3497,2025-08-18 03:00:00,1775.93,approved
3498,3498,2025-08-25 00:00:00,2752.61,approved
3499,3499,2025-08-15 03:00:00,449.8,approved
3500,3500,2025-11-13 22:00:00,307.86,approved
3501,3501,2025-10-05 05:00:00,1418.58,approved
3502,3502,2025-12-31 02:00:00,3108.57,approved
3503,3503,2025-05-31 19:00:00,2996.34,approved
3504,3504,2025-02-05 17:00:00,1968.78,approved
3505,3505,2025-02-09 16:00:00,3112.93,approved
3506,3506,2025-05-05 22:00:00,2822.6,approved
3507,3507,2025-02-17 23:00:00,987.23,approved
3508,3508,2025-03-09 15:00:00,611.97,approved
3509,3509,2025-09-13 13:00:00,1068.02,approved
3510,3510,2025-03-01 21:00:00,810.37,failed
3511,3511,2025-09-18 09:00:00,2187.06,approved
3512,3512,2025-09-15 18:00:00,2055.45,approved
3513,3513,2025-04-09 07:00:00,2102.56,failed
3514,3514,2025-07-06 15:00:00,678.78,approved
3515,3515,2025-07-04 18:00:00,2775.68,approved
3516,3516,2025-05-17 18:00:00,1529.02,approved
3517,3517,2025-09-08 18:00:00,1664.13,approved
3518,3518,2025-10-28 04:00:00,3489.43,failed
3519,3519,2025-04-27 10:00:00,1002.31,approved
3520,3520,2025-02-21 19:00:00,1391.6,approved
3521,3521,2025-03-17 10:00:00,2374.09,approved
3522,3522,2025-07-30 09:00:00,3083.84,approved
3523,3523,2025-07-02 06:00:00,461.2,approved
3524,3524,2025-03-14 20:00:00,2577.96,approved
3525,3525,2025-03-02 08:00:00,3215.62,approved
3526,3526,2025-01-16 03:00:00,1491.78,approved
3527,3527,2025-06-04 01:00:00,1017.81,approved
3528,3528,2025-04-13 14:00:00,2378.53,approved
3529,3529,2025-04-18 11:00:00,876.34,failed
3530,3530,2025-05-03 19:00:00,1357.33,approved
3531,3531,2025-11-29 18:00:00,3141.26,approved
3532,3532,2025-11-20 10:00:00,2074.36,approved
3533,3533,2025-04-14 06:00:00,350.52,failed
3534,3534,2025-03-23 11:00:00,1167.35,approved
3535,3535,2025-01-12 08:00:00,2202.88,approved
3536,3536,2025-07-24 11:00:00,1695.61,approved
3537,3537,2025-01-21 11:00:00,2317.98,failed
3538,3538,2025-01-01 17:00:00,2669.82,approved
3539,3539,2025-06-09 21:00:00,1692.54,approved
3540,3540,2025-08-14 00:00:00,3454.59,approved
3541,3541,2025-10-20 09:00:00,3203.07,approved
3542,3542,2025-02-07 07:00:00,228.48,failed
3543,3543,2025-01-27 03:00:00,947.18,approved
3544,3544,2025-01-17 14:00:00,1065.89,approved
3545,3545,2025-11-24 18:00:00,661.33,approved
3546,3546,2025-12-02 15:00:00,1105.82,approved
3547,3547,2025-02-04 23:00:00,1498.38,failed
3548,3548,2025-04-11 00:00:00,199.4,approved
3549,3549,2025-12-29 02:00:00,463.0,approved
3550,3550,2025-05-29 12:00:00,354.94,failed
3551,3551,2025-09-12 14:00:00,181.18,approved
3552,3552,2025-08-12 07:00:00,1695.61,approved
3553,3553,2025-06-14 04:00:00,1181.63,approved
3554,3554,2025-11-27 10:00:00,3275.36,approved
3555,3555,2025-11-12 03:00:00,377.61,approved
3556,3556,2025-06-22 04:00:00,3242.6,pending
3557,3557,2025-08-02 06:00:00,321.18,approved
3558,3558,2025-11-25 08:00:00,2174.88,approved
3559,3559,2025-07-06 09:00:00,882.1,approved
3560,3560,2025-12-19 10:00:00,2897.28,pending
3561,3561,2025-06-23 06:00:00,233.93,approved
3562,3562,2025-02-13 20:00:00,3334.73,pending
3563,3563,2025-04-08 04:00:00,184.46,approved
3564,3564,2025-12-08 16:00:00,859.07,approved
3565,3565,2025-10-09 10:00:00,1635.36,approved
3566,3566,2025-11-24 13:00:00,2651.08,approved
3567,3567,2025-08-08 16:00:00,3329.87,failed
3568,3568,2025-04-30 21:00:00,1509.59,approved
3569,3569,2025-08-24 10:00:00,2655.44,approved
3570,3570,2025-04-04 08:00:00,2550.53,approved
3571,3571,2025-09-25 23:00:00,2007.67,approved
3572,3572,2025-07-15 07:00:00,2424.4,approved
3573,3573,2025-08-30 00:00:00,152.47,approved
3574,3574,2025-11-05 16:00:00,1556.69,approved
3575,3575,2025-07-19 10:00:00,2754.8,approved
3576,3576,2025-09-29 22:00:00,1670.29,approved
3577,3577,2025-07-17 21:00:00,3059.8,approved
3578,3578,2025-04-03 04:00:00,2921.06,approved
3579,3579,2025-03-10 17:00:00,3024.79,approved
3580,3580,2025-11-25 03:00:00,472.39,approved
3581,3581,2025-06-30 12:00:00,869.61,approved
3582,3582,2025-02-17 22:00:00,123.0,approved
3583,3583,2025-09-23 05:00:00,3440.15,approved
3584,3584,2025-08-07 20:00:00,841.76,approved
3585,3585,2025-05-26 06:00:00,1297.48,approved
3586,3586,2025-06-25 06:00:00,976.74,approved
3587,3587,2025-12-02 23:00:00,158.48,approved
3588,3588,2025-05-01 00:00:00,929.18,approved
3589,3589,2025-10-16 09:00:00,361.72,failed
3590,3590,2025-09-27 07:00:00,1392.11,approved
3591,3591,2025-12-06 08:00:00,3384.55,approved
3592,3592,2025-12-15 07:00:00,2449.95,failed
3593,3593,2025-06-17 09:00:00,2480.01,approved
3594,3594,2025-04-04 09:00:00,1597.05,approved
3595,3595,2025-09-08 06:00:00,2843.34,approved
3596,3596,2025-11-26 08:00:00,3180.83,approved
3597,3597,2025-11-18 19:00:00,3366.19,approved
3598,3598,2025-05-07 01:00:00,364.49,approved
3599,3599,2025-09-16 05:00:00,3081.16,approved
3600,3600,2025-05-06 07:00:00,803.29,approved
3601,3601,2025-10-08 00:00:00,1402.49,pending
3602,3602,2025-03-13 20:00:00,1222.26,approved
3603,3603,2025-07-25 12:00:00,2369.45,approved
3604,3604,2025-11-06 18:00:00,2100.78,approved
3605,3605,2025-03-21 07:00:00,399.68,approved
3606,3606,2025-04-06 06:00:00,2744.22,approved
3607,3607,2025-08-21 18:00:00,1549.97,pending
3608,3608,2025-08-12 07:00:00,27.73,approved
3609,3609,2025-04-18 10:00:00,1462.47,pending
3610,3610,2025-06-25 11:00:00,1816.83,approved
3611,3611,2025-09-06 04:00:00,259.68,approved
3612,3612,2025-10-25 14:00:00,545.95,approved
3613,3613,2025-11-17 11:00:00,3477.63,approved
3614,3614,2025-03-15 18:00:00,3051.76,approved
3615,3615,2025-07-28 13:00:00,483.98,approved
3616,3616,2025-10-17 18:00:00,2039.48,approved
3617,3617,2025-12-15 16:00:00,1339.77,approved
3618,3618,2025-08-27 19:00:00,1912.22,approved
3619,3619,2025-11-01 08:00:00,1657.46,approved
3620,3620,2025-05-15 08:00:00,187.56,approved
3621,3621,2025-09-07 15:00:00,1117.66,approved
3622,3622,2025-09-26 18:00:00,456.81,approved
3623,3623,2025-07-04 16:00:00,1721.61,approved
3624,3624,2025-02-13 06:00:00,3177.46,approved
3625,3625,2025-12-29 20:00:00,3484.45,approved
3626,3626,2025-11-09 12:00:00,3306.0,approved
3627,3627,2025-08-12 02:00:00,3450.23,approved
3628,3628,2025-05-01 11:00:00,73.06,approved
3629,3629,2025-11-21 09:00:00,2558.48,approved
3630,3630,2025-08-05 13:00:00,969.86,approved
3631,3631,2025-07-21 07:00:00,3032.35,approved
3632,3632,2025-03-20 18:00:00,2851.79,approved
3633,3633,2025-06-16 11:00:00,1494.39,approved
3634,3634,2025-10-05 06:00:00,1666.95,approved
3635,3635,2025-07-21 02:00:00,942.52,approved
3636,3636,2025-11-07 16:00:00,1025.04,approved
3637,3637,2025-04-06 00:00:00,3434.49,approved
3638,3638,2025-01-02 13:00:00,3113.21,approved
3639,3639,2025-09-25 00:00:00,687.7,approved
3640,3640,2025-04-16 01:00:00,978.83,pending
3641,3641,2025-02-15 12:00:00,398.1,approved
3642,3642,2025-09-21 12:00:00,3461.27,approved
3643,3643,2025-02-18 02:00:00,3177.09,approved
3644,3644,2025-02-11 04:00:00,1941.3,approved
3645,3645,2025-04-09 15:00:00,2431.27,pending
3646,3646,2025-08-18 22:00:00,2622.86,approved
3647,3647,2025-07-09 21:00:00,729.26,approved
3648,3648,2025-01-24 02:00:00,3272.64,approved
3649,3649,2025-03-09 11:00:00,1853.06,approved
3650,3650,2025-12-02 21:00:00,341.73,approved
3651,3651,2025-05-15 06:00:00,1401.85,approved
3652,3652,2025-11-16 04:00:00,2113.73,approved
3653,3653,2025-03-16 15:00:00,1247.82,approved
3654,3654,2025-12-11 13:00:00,2453.23,approved
3655,3655,2025-03-18 01:00:00,3089.53,approved
3656,3656,2025-09-23 08:00:00,2706.18,failed
3657,3657,2025-12-17 00:00:00,2256.45,approved
3658,3658,2025-10-12 13:00:00,1802.31,approved
3659,3659,2025-09-19 23:00:00,905.53,approved
3660,3660,2025-12-29 12:00:00,1603.21,approved
3661,3661,2025-09-15 12:00:00,1039.48,approved
3662,3662,2025-01-27 17:00:00,3270.4,approved
3663,3663,2025-06-02 03:00:00,3177.44,approved
3664,3664,2025-07-03 15:00:00,562.28,approved
3665,3665,2025-03-07 21:00:00,2882.72,approved
3666,3666,2025-10-21 19:00:00,2466.14,pending
3667,3667,2025-01-09 14:00:00,3413.74,approved
3668,3668,2025-03-24 09:00:00,1632.31,approved
3669,3669,2025-03-17 19:00:00,2533.17,pending
3670,3670,2025-10-01 04:00:00,1822.24,approved
3671,3671,2025-05-03 02:00:00,261.51,approved
3672,3672,2025-04-17 03:00:00,182.74,approved
3673,3673,2025-03-28 05:00:00,444.95,approved
3674,3674,2025-05-14 17:00:00,1050.74,approved
3675,3675,2025-01-25 23:00:00,921.71,approved
3676,3676,2025-11-07 05:00:00,2554.58,approved
3677,3677,2025-09-30 17:00:00,2511.41,approved
3678,3678,2025-08-07 07:00:00,3400.45,approved
3679,3679,2025-05-16 19:00:00,1100.16,approved
3680,3680,2025-11-26 06:00:00,3285.81,approved
3681,3681,2025-09-18 22:00:00,2152.72,approved
3682,3682,2025-06-12 20:00:00,1743.67,approved
3683,3683,2025-08-04 01:00:00,2344.09,approved
3684,3684,2025-06-09 14:00:00,2465.59,approved
3685,3685,2025-06-08 22:00:00,618.31,approved
3686,3686,2025-04-07 06:00:00,2635.97,approved
3687,3687,2025-08-10 00:00:00,2543.6,pending
3688,3688,2025-12-05 11:00:00,3491.41,failed
3689,3689,2025-05-23 19:00:00,3193.58,approved
3690,3690,2025-09-09 06:00:00,2402.62,approved
3691,3691,2025-10-01 07:00:00,2499.03,pending
3692,3692,2025-06-07 06:00:00,3312.03,approved
3693,3693,2025-01-21 19:00:00,3385.78,approved
3694,3694,2025-09-10 04:00:00,2897.84,approved
3695,3695,2025-06-29 18:00:00,2690.53,approved
3696,3696,2025-04-05 10:00:00,407.55,approved
3697,3697,2025-06-13 08:00:00,2909.52,approved
3698,3698,2025-01-07 17:00:00,901.12,approved
3699,3699,2025-03-26 20:00:00,1981.97,approved
3700,3700,2025-02-24 00:00:00,1430.7,pending
3701,3701,2025-05-20 13:00:00,1222.71,pending
3702,3702,2025-01-05 02:00:00,1099.67,approved
3703,3703,2025-07-03 03:00:00,2996.89,approved
3704,3704,2025-11-09 11:00:00,2696.59,approved
3705,3705,2025-07-08 12:00:00,1841.6,approved
3706,3706,2025-08-31 15:00:00,2332.39,pending
3707,3707,2025-11-04 15:00:00,3446.16,approved
3708,3708,2025-12-29 00:00:00,1403.42,approved
3709,3709,2025-06-30 05:00:00,1937.83,approved
3710,3710,2025-10-11 02:00:00,1876.66,approved
3711,3711,2025-10-18 19:00:00,3277.18,approved
3712,3712,2025-09-23 04:00:00,1243.44,pending
3713,3713,2025-09-28 20:00:00,3452.17,approved
3714,3714,2025-08-02 16:00:00,1080.35,approved
3715,3715,2025-06-04 16:00:00,399.0,approved
3716,3716,2025-01-20 22:00:00,685.98,approved
3717,3717,2025-07-28 21:00:00,1503.25,approved
3718,3718,2025-07-21 05:00:00,2281.15,approved
3719,3719,2025-11-30 15:00:00,1818.55,approved
3720,3720,2025-10-09 16:00:00,1329.45,approved
3721,3721,2025-03-31 18:00:00,1975.88,approved
3722,3722,2025-05-17 04:00:00,2939.05,approved
3723,3723,2025-03-30 03:00:00,2939.48,approved
3724,3724,2025-08-12 21:00:00,2547.27,approved
3725,3725,2025-12-08 17:00:00,3334.52,approved
3726,3726,2025-06-27 10:00:00,2073.91,approved
3727,3727,2025-10-08 11:00:00,46.65,approved
3728,3728,2025-04-20 15:00:00,1032.44,pending
3729,3729,2025-08-17 01:00:00,1162.22,pending
3730,3730,2025-03-04 00:00:00,1924.69,approved
3731,3731,2025-01-28 08:00:00,3169.02,approved
3732,3732,2025-03-23 19:00:00,2936.64,approved
3733,3733,2025-09-23 12:00:00,827.96,approved
3734,3734,2025-01-11 19:00:00,1827.48,approved
3735,3735,2025-12-24 17:00:00,2313.84,approved
3736,3736,2025-03-17 17:00:00,3456.54,pending
3737,3737,2025-07-13 12:00:00,128.93,approved
3738,3738,2025-04-09 15:00:00,1634.29,approved
3739,3739,2025-07-09 19:00:00,3458.62,approved
3740,3740,2025-01-29 04:00:00,3420.68,approved
3741,3741,2025-02-13 03:00:00,1170.93,approved
3742,3742,2025-11-18 10:00:00,20.06,approved
3743,3743,2025-10-21 12:00:00,2061.84,approved
3744,3744,2025-03-16 04:00:00,3036.95,approved
3745,3745,2025-09-04 00:00:00,1148.55,approved
3746,3746,2025-03-23 02:00:00,3271.26,approved
3747,3747,2025-03-30 08:00:00,1177.8,approved
3748,3748,2025-07-12 03:00:00,2143.5,pending
3749,3749,2025-09-01 17:00:00,2532.72,approved
3750,3750,2025-08-06 09:00:00,1222.05,approved
3751,3751,2025-01-03 10:00:00,1245.68,approved
3752,3752,2025-10-24 14:00:00,1655.58,approved
3753,3753,2025-08-07 08:00:00,2926.58,approved
3754,3754,2025-12-19 15:00:00,370.96,approved
3755,3755,2025-04-14 21:00:00,2217.55,approved
3756,3756,2025-01-31 14:00:00,2377.17,approved
3757,3757,2025-10-09 19:00:00,1961.4,approved
3758,3758,2025-06-27 20:00:00,3276.72,approved
3759,3759,2025-01-15 12:00:00,2114.93,approved
3760,3760,2025-03-21 09:00:00,2228.33,pending
3761,3761,2025-08-21 23:00:00,2107.16,approved
3762,3762,2025-12-01 21:00:00,2532.63,approved
3763,3763,2025-09-07 08:00:00,491.22,approved
3764,3764,2025-05-06 07:00:00,3132.08,approved
3765,3765,2025-08-07 20:00:00,167.87,approved
3766,3766,2025-02-15 18:00:00,2249.79,approved
3767,3767,2025-11-08 04:00:00,2161.87,approved
3768,3768,2025-02-03 13:00:00,744.26,approved
3769,3769,2025-09-21 21:00:00,161.67,pending
3770,3770,2025-05-04 04:00:00,503.15,approved
3771,3771,2025-05-01 03:00:00,965.42,approved
3772,3772,2025-08-28 23:00:00,3089.73,approved
3773,3773,2025-01-11 17:00:00,2997.96,approved
3774,3774,2025-10-09 20:00:00,242.22,approved
3775,3775,2025-04-12 09:00:00,1026.65,failed
3776,3776,2025-01-08 03:00:00,3114.82,approved
3777,3777,2025-07-23 13:00:00,843.57,approved
3778,3778,2025-06-29 03:00:00,3485.96,approved
3779,3779,2025-11-14 04:00:00,913.8,approved
3780,3780,2025-12-29 20:00:00,2592.11,approved
3781,3781,2025-11-30 03:00:00,1471.37,approved
3782,3782,2025-02-06 16:00:00,494.13,approved
3783,3783,2025-05-17 12:00:00,907.94,approved
3784,3784,2025-05-15 14:00:00,2369.41,approved
3785,3785,2025-06-29 07:00:00,1192.96,approved
3786,3786,2025-08-08 02:00:00,2122.37,approved
3787,3787,2025-11-28 15:00:00,735.25,approved
3788,3788,2025-12-10 01:00:00,1581.06,approved
3789,3789,2025-11-06 14:00:00,1802.62,approved
3790,3790,2025-06-06 15:00:00,1456.49,approved
3791,3791,2025-07-17 07:00:00,708.75,approved
3792,3792,2025-07-01 05:00:00,1626.21,approved
3793,3793,2025-09-06 06:00:00,2431.29,approved
3794,3794,2025-05-22 10:00:00,3377.87,approved
3795,3795,2025-12-16 06:00:00,2767.54,approved
3796,3796,2025-10-07 12:00:00,581.92,approved
3797,3797,2025-07-30 04:00:00,969.0,approved
3798,3798,2025-12-10 14:00:00,294.31,approved
3799,3799,2025-07-04 20:00:00,492.06,approved
3800,3800,2025-09-01 23:00:00,892.38,approved
3801,3801,2025-08-02 21:00:00,714.36,approved
3802,3802,2025-01-28 05:00:00,763.5,approved
3803,3803,2025-08-28 18:00:00,823.08,approved
3804,3804,2025-04-06 16:00:00,1066.36,approved
3805,3805,2025-11-21 18:00:00,457.04,approved
3806,3806,2025-10-29 02:00:00,986.87,pending
3807,3807,2025-09-17 17:00:00,2415.67,approved
3808,3808,2025-08-04 16:00:00,842.68,approved
3809,3809,2025-02-23 10:00:00,618.0,approved
3810,3810,2025-11-11 21:00:00,255.58,approved
3811,3811,2025-06-22 22:00:00,1759.9,approved
3812,3812,2025-02-15 08:00:00,2950.1,approved
3813,3813,2025-02-12 00:00:00,225.38,approved
3814,3814,2025-01-01 07:00:00,1907.29,approved
3815,3815,2025-05-02 10:00:00,2284.15,pending
3816,3816,2025-05-23 16:00:00,2081.77,approved
3817,3817,2025-09-02 04:00:00,3074.13,approved
3818,3818,2025-01-19 12:00:00,3035.06,approved
3819,3819,2025-11-03 13:00:00,219.43,approved
3820,3820,2025-04-11 22:00:00,1276.09,approved
3821,3821,2025-07-21 21:00:00,2354.49,approved
3822,3822,2025-09-26 03:00:00,3334.51,approved
3823,3823,2025-06-27 07:00:00,2820.3,approved
3824,3824,2025-02-27 20:00:00,634.53,approved
3825,3825,2025-06-26 18:00:00,991.65,approved
3826,3826,2025-05-25 20:00:00,2677.31,approved
3827,3827,2025-05-03 15:00:00,1660.73,approved
3828,3828,2025-09-28 05:00:00,1924.61,approved
3829,3829,2025-12-11 07:00:00,2139.25,pending
3830,3830,2025-10-24 14:00:00,379.45,approved
3831,3831,2025-10-14 10:00:00,2998.75,approved
3832,3832,2025-12-15 16:00:00,3023.71,approved
3833,3833,2025-03-18 18:00:00,1649.47,approved
3834,3834,2025-03-04 08:00:00,2201.42,approved
3835,3835,2025-09-19 16:00:00,2316.47,approved
3836,3836,2025-12-07 04:00:00,680.23,pending
3837,3837,2025-06-07 05:00:00,411.8,approved
3838,3838,2025-10-20 04:00:00,91.94,approved
3839,3839,2025-09-07 22:00:00,3196.83,approved
3840,3840,2025-03-15 11:00:00,1223.08,approved
3841,3841,2025-02-15 15:00:00,318.69,approved
3842,3842,2025-10-09 17:00:00,1640.98,approved
3843,3843,2025-08-01 19:00:00,283.18,pending
3844,3844,2025-11-14 07:00:00,316.67,approved
3845,3845,2025-09-02 16:00:00,1721.32,approved
3846,3846,2025-11-05 02:00:00,1790.75,approved
3847,3847,2025-01-30 04:00:00,2038.9,failed
3848,3848,2025-05-13 16:00:00,2303.96,approved
3849,3849,2025-07-30 11:00:00,2345.57,approved
3850,3850,2025-07-06 16:00:00,1526.83,failed
3851,3851,2025-12-25 12:00:00,2259.5,approved
3852,3852,2025-05-29 20:00:00,1080.49,approved
3853,3853,2025-03-13 07:00:00,1555.75,approved
3854,3854,2025-03-03 04:00:00,1388.78,approved
3855,3855,2025-06-18 00:00:00,1165.3,approved
3856,3856,2025-11-23 16:00:00,850.23,approved
3857,3857,2025-10-24 01:00:00,293.04,approved
3858,3858,2025-04-25 14:00:00,1780.57,approved
3859,3859,2025-11-17 00:00:00,1889.76,approved
3860,3860,2025-09-10 17:00:00,1189.82,pending
3861,3861,2025-11-12 04:00:00,3415.94,approved
3862,3862,2025-10-29 15:00:00,1958.23,approved
3863,3863,2025-06-10 10:00:00,3113.76,approved
3864,3864,2025-08-02 00:00:00,2003.9,approved
3865,3865,2025-08-24 01:00:00,680.91,approved
3866,3866,2025-12-06 18:00:00,3411.69,approved
3867,3867,2025-05-31 03:00:00,3100.97,approved
3868,3868,2025-10-13 20:00:00,1660.03,pending
3869,3869,2025-08-30 11:00:00,865.84,approved
3870,3870,2025-08-17 08:00:00,794.89,approved
3871,3871,2025-01-14 07:00:00,2824.95,approved
3872,3872,2025-06-15 16:00:00,260.53,approved
3873,3873,2025-02-02 01:00:00,2240.45,approved
3874,3874,2025-11-19 18:00:00,2247.67,approved
3875,3875,2025-12-11 21:00:00,654.94,approved
3876,3876,2025-10-07 08:00:00,2473.1,approved
3877,3877,2025-08-20 00:00:00,2474.81,approved
3878,3878,2025-10-02 05:00:00,1238.11,approved
3879,3879,2025-12-23 08:00:00,1702.15,approved
3880,3880,2025-01-04 22:00:00,2918.02,approved
3881,3881,2025-02-06 19:00:00,1840.57,approved
3882,3882,2025-06-18 09:00:00,2171.19,approved
3883,3883,2025-04-27 13:00:00,1456.44,approved
3884,3884,2025-08-27 15:00:00,540.6,approved
3885,3885,2025-04-10 05:00:00,3493.27,approved
3886,3886,2025-05-15 00:00:00,1869.75,approved
3887,3887,2025-12-29 18:00:00,1190.83,approved
3888,3888,2025-12-25 01:00:00,2503.98,approved
3889,3889,2025-11-19 21:00:00,2180.46,approved
3890,3890,2025-12-28 22:00:00,830.52,approved
3891,3891,2025-07-04 04:00:00,3071.7,approved
3892,3892,2025-01-31 09:00:00,266.74,approved
3893,3893,2025-08-04 02:00:00,2127.83,approved
3894,3894,2025-07-30 11:00:00,1683.05,approved
3895,3895,2025-11-22 08:00:00,1127.33,approved
3896,3896,2025-12-03 19:00:00,2895.8,approved
3897,3897,2025-03-19 02:00:00,2303.84,approved
3898,3898,2025-06-19 03:00:00,2663.06,approved
3899,3899,2025-10-21 15:00:00,1463.01,approved
3900,3900,2025-10-01 08:00:00,3299.55,approved
3901,3901,2025-07-02 11:00:00,1219.64,approved
3902,3902,2025-09-24 08:00:00,1868.04,approved
3903,3903,2025-08-06 19:00:00,3269.1,approved
3904,3904,2025-10-26 02:00:00,309.5,approved
3905,3905,2025-09-17 00:00:00,398.66,approved
3906,3906,2025-11-02 23:00:00,3479.77,approved
3907,3907,2025-08-11 13:00:00,3400.44,approved
3908,3908,2025-12-24 02:00:00,2705.52,approved
3909,3909,2025-12-08 08:00:00,1704.98,failed
3910,3910,2025-12-08 07:00:00,1781.09,approved
3911,3911,2025-08-25 12:00:00,915.1,approved
3912,3912,2025-08-22 14:00:00,1525.9,pending
3913,3913,2025-10-04 09:00:00,1521.1,approved
3914,3914,2025-07-03 19:00:00,145.59,approved
3915,3915,2025-12-15 12:00:00,1596.99,approved
3916,3916,2025-06-12 11:00:00,1689.68,approved
3917,3917,2025-04-24 18:00:00,2336.93,approved
3918,3918,2025-07-20 06:00:00,1817.26,approved
3919,3919,2025-08-05 17:00:00,3018.66,approved
3920,3920,2025-01-23 08:00:00,1299.12,approved
3921,3921,2025-12-24 19:00:00,1445.82,approved
3922,3922,2025-09-02 16:00:00,2008.76,approved
3923,3923,2025-08-20 16:00:00,725.48,approved
3924,3924,2025-11-17 12:00:00,1389.37,pending
3925,3925,2025-03-07 08:00:00,2407.86,approved
3926,3926,2025-08-30 17:00:00,1453.09,pending
3927,3927,2025-10-29 22:00:00,3175.03,approved
3928,3928,2025-10-13 21:00:00,2161.25,approved
3929,3929,2025-04-06 12:00:00,555.11,approved
3930,3930,2025-10-17 09:00:00,1716.31,approved
3931,3931,2025-03-08 00:00:00,2681.43,approved
3932,3932,2025-11-19 07:00:00,2258.84,approved
3933,3933,2025-08-12 19:00:00,3100.72,approved
3934,3934,2025-07-16 13:00:00,2629.94,pending
3935,3935,2025-01-09 15:00:00,234.42,failed
3936,3936,2025-09-03 17:00:00,411.54,pending
3937,3937,2025-11-11 16:00:00,2281.13,approved
3938,3938,2025-01-27 19:00:00,849.66,approved
3939,3939,2025-10-05 08:00:00,2065.67,approved
3940,3940,2025-07-20 17:00:00,2776.92,failed
3941,3941,2025-06-27 15:00:00,2027.72,approved
3942,3942,2025-01-14 15:00:00,1465.9,approved
3943,3943,2025-06-29 05:00:00,2269.02,approved
3944,3944,2025-09-21 02:00:00,519.8,approved
3945,3945,2025-04-25 17:00:00,2536.76,pending
3946,3946,2025-01-13 04:00:00,2445.65,approved
3947,3947,2025-03-13 23:00:00,1810.12,approved
3948,3948,2025-09-03 07:00:00,990.27,approved
3949,3949,2025-04-02 10:00:00,2795.52,approved
3950,3950,2025-10-03 09:00:00,1796.72,approved
3951,3951,2025-04-22 03:00:00,225.94,failed
3952,3952,2025-07-02 12:00:00,3216.77,approved
3953,3953,2025-03-12 06:00:00,2691.65,approved
3954,3954,2025-10-30 13:00:00,2055.12,approved
3955,3955,2025-01-11 21:00:00,1540.15,approved
3956,3956,2025-10-12 09:00:00,3360.45,approved
3957,3957,2025-11-12 15:00:00,2717.07,approved
3958,3958,2025-08-17 04:00:00,1881.78,approved
3959,3959,2025-11-30 02:00:00,2292.98,pending
3960,3960,2025-03-11 06:00:00,997.01,approved
3961,3961,2025-02-26 11:00:00,701.09,pending
3962,3962,2025-03-02 21:00:00,971.15,approved
3963,3963,2025-08-18 12:00:00,1040.11,failed
3964,3964,2025-06-19 10:00:00,2594.29,approved
3965,3965,2025-07-25 14:00:00,507.41,failed
3966,3966,2025-06-22 11:00:00,2726.0,approved
3967,3967,2025-01-07 18:00:00,1841.42,approved
3968,3968,2025-10-24 19:00:00,1358.31,approved
3969,3969,2025-07-01 05:00:00,1065.38,approved
3970,3970,2025-02-26 18:00:00,1805.94,approved
3971,3971,2025-08-30 19:00:00,1124.96,approved
3972,3972,2025-10-05 02:00:00,1514.49,failed
3973,3973,2025-12-11 07:00:00,2591.77,pending
3974,3974,2025-12-26 17:00:00,2198.47,approved
3975,3975,2025-01-07 16:00:00,2622.98,approved
3976,3976,2025-11-13 01:00:00,2501.15,approved
3977,3977,2025-02-08 06:00:00,2856.45,approved
3978,3978,2025-12-22 21:00:00,721.88,approved
3979,3979,2025-09-15 18:00:00,3483.03,failed
3980,3980,2025-08-30 19:00:00,1675.68,approved
3981,3981,2025-07-05 05:00:00,2519.45,approved
3982,3982,2025-07-28 06:00:00,2378.57,approved
3983,3983,2025-03-24 17:00:00,1990.2,approved
3984,3984,2025-09-16 20:00:00,3485.44,approved
3985,3985,2025-06-07 18:00:00,776.26,approved
3986,3986,2025-12-08 09:00:00,1487.62,approved
3987,3987,2025-02-25 08:00:00,464.5,approved
3988,3988,2025-01-21 15:00:00,652.79,approved
3989,3989,2025-02-27 05:00:00,2501.11,approved
3990,3990,2025-09-17 13:00:00,36.85,approved
3991,3991,2025-11-27 19:00:00,3116.58,approved
3992,3992,2025-01-20 05:00:00,2223.48,approved
3993,3993,2025-04-27 19:00:00,1554.35,approved
3994,3994,2025-08-31 10:00:00,1173.14,approved
3995,3995,2025-07-25 07:00:00,459.43,approved
3996,3996,2025-10-25 04:00:00,3227.04,approved
3997,3997,2025-01-15 00:00:00,2498.88,approved
3998,3998,2025-06-05 21:00:00,1190.65,approved
3999,3999,2025-08-01 11:00:00,266.86,approved
4000,4000,2025-02-28 04:00:00,1153.38,approved
4001,4001,2025-04-10 16:00:00,662.53,approved
4002,4002,2025-12-11 16:00:00,2756.23,approved
4003,4003,2025-01-12 22:00:00,2524.2,approved
4004,4004,2025-05-26 11:00:00,1753.6,approved
4005,4005,2025-10-04 21:00:00,3102.73,approved
4006,4006,2025-03-05 01:00:00,648.77,approved
4007,4007,2025-12-12 23:00:00,1592.84,approved
4008,4008,2025-02-08 23:00:00,2492.96,failed
4009,4009,2025-09-03 11:00:00,255.95,failed
4010,4010,2025-06-29 01:00:00,1316.92,approved
4011,4011,2025-01-20 13:00:00,2009.39,approved
4012,4012,2025-12-22 14:00:00,1296.48,approved
4013,4013,2025-08-20 09:00:00,1691.09,approved
4014,4014,2025-11-27 21:00:00,2136.25,approved
4015,4015,2025-06-28 06:00:00,1302.0,approved
4016,4016,2025-05-10 15:00:00,388.93,approved
4017,4017,2025-07-19 08:00:00,505.27,approved
4018,4018,2025-12-28 13:00:00,1853.97,approved
4019,4019,2025-12-02 01:00:00,628.1,approved
4020,4020,2025-07-02 09:00:00,3116.62,approved
4021,4021,2025-05-28 12:00:00,2922.97,approved
4022,4022,2025-12-04 18:00:00,1234.63,approved
4023,4023,2025-04-06 14:00:00,2911.84,approved
4024,4024,2025-11-01 01:00:00,1875.49,approved
4025,4025,2025-08-08 23:00:00,573.5,pending
4026,4026,2025-04-28 04:00:00,2157.46,approved
4027,4027,2025-01-25 19:00:00,2384.49,approved
4028,4028,2025-05-03 01:00:00,311.94,failed
4029,4029,2025-07-12 22:00:00,1114.3,failed
4030,4030,2025-06-28 01:00:00,38.74,approved
4031,4031,2025-09-21 03:00:00,1121.17,approved
4032,4032,2025-03-02 23:00:00,1187.35,approved
4033,4033,2025-02-23 13:00:00,2213.13,approved
4034,4034,2025-08-06 22:00:00,712.67,approved
4035,4035,2025-07-23 06:00:00,124.72,pending
4036,4036,2025-03-26 20:00:00,1118.41,approved
4037,4037,2025-07-29 21:00:00,2893.16,approved
4038,4038,2025-10-27 02:00:00,1409.03,approved
4039,4039,2025-02-24 13:00:00,1464.53,approved
4040,4040,2025-05-23 19:00:00,1652.22,approved
4041,4041,2025-02-20 14:00:00,2636.23,approved
4042,4042,2025-08-16 10:00:00,1690.49,approved
4043,4043,2025-08-07 19:00:00,337.66,approved
4044,4044,2025-02-18 05:00:00,738.27,approved
4045,4045,2025-10-18 21:00:00,673.88,approved
4046,4046,2025-03-29 06:00:00,1787.36,approved
4047,4047,2025-07-08 09:00:00,124.15,approved
4048,4048,2025-11-02 09:00:00,1006.99,approved
4049,4049,2025-07-09 20:00:00,2133.04,approved
4050,4050,2025-10-17 17:00:00,1254.18,failed
4051,4051,2025-08-26 07:00:00,2482.84,approved
4052,4052,2025-04-03 15:00:00,1381.45,approved
4053,4053,2025-05-10 21:00:00,3427.82,approved
4054,4054,2025-11-23 03:00:00,3379.44,approved
4055,4055,2025-05-16 00:00:00,2803.45,approved
4056,4056,2025-04-18 21:00:00,3341.28,approved
4057,4057,2025-09-28 01:00:00,732.63,approved
4058,4058,2025-06-27 00:00:00,2633.21,approved
4059,4059,2025-12-20 14:00:00,1139.37,approved
4060,4060,2025-08-01 03:00:00,2544.02,approved
4061,4061,2025-02-06 13:00:00,1321.15,approved
4062,4062,2025-10-08 09:00:00,1027.18,approved
4063,4063,2025-03-22 03:00:00,3356.61,approved
4064,4064,2025-04-12 01:00:00,750.4,approved
4065,4065,2025-07-23 01:00:00,2659.82,failed
4066,4066,2025-06-28 15:00:00,2367.86,approved
4067,4067,2025-10-30 20:00:00,1076.1,approved
4068,4068,2025-03-03 05:00:00,1615.03,approved
4069,4069,2025-10-18 21:00:00,517.44,approved
4070,4070,2025-06-18 19:00:00,3225.81,approved
4071,4071,2025-03-14 07:00:00,3389.06,approved
4072,4072,2025-10-14 12:00:00,2568.97,approved
4073,4073,2025-04-29 00:00:00,2975.98,approved
4074,4074,2025-07-04 17:00:00,307.51,approved
4075,4075,2025-02-08 03:00:00,1356.21,approved
4076,4076,2025-05-04 06:00:00,1171.22,approved
4077,4077,2025-01-13 04:00:00,1986.03,approved
4078,4078,2025-08-18 16:00:00,658.08,approved
4079,4079,2025-11-13 15:00:00,1980.57,approved
4080,4080,2025-09-09 13:00:00,2297.19,approved
4081,4081,2025-02-02 14:00:00,480.59,approved
4082,4082,2025-02-17 09:00:00,478.39,approved
4083,4083,2025-12-27 16:00:00,143.27,approved
4084,4084,2025-08-29 12:00:00,2667.91,approved
4085,4085,2025-06-30 23:00:00,1171.91,approved
4086,4086,2025-01-04 04:00:00,804.46,approved
4087,4087,2025-11-05 16:00:00,2727.77,approved
4088,4088,2025-07-23 21:00:00,518.53,approved
4089,4089,2025-09-27 14:00:00,1506.6,approved
4090,4090,2025-06-20 20:00:00,2611.86,pending
4091,4091,2025-09-25 10:00:00,2016.94,approved
4092,4092,2025-12-22 04:00:00,1947.92,approved
4093,4093,2025-05-19 01:00:00,567.97,approved
4094,4094,2025-10-17 23:00:00,649.65,approved
4095,4095,2025-01-18 03:00:00,2047.3,failed
4096,4096,2025-09-23 18:00:00,102.01,approved
4097,4097,2025-12-19 13:00:00,3044.53,approved
4098,4098,2025-05-03 08:00:00,1239.64,failed
4099,4099,2025-01-01 10:00:00,1469.82,pending
4100,4100,2025-11-18 06:00:00,919.34,approved
4101,4101,2025-11-24 21:00:00,3070.82,approved
4102,4102,2025-10-08 20:00:00,2255.91,approved
4103,4103,2025-02-28 16:00:00,1585.68,approved
4104,4104,2025-08-08 00:00:00,2056.87,approved
4105,4105,2025-08-14 18:00:00,1343.69,approved
4106,4106,2025-06-27 21:00:00,1640.23,approved
4107,4107,2025-08-16 16:00:00,1264.56,approved
4108,4108,2025-11-24 08:00:00,1449.15,approved
4109,4109,2025-05-01 23:00:00,1116.12,approved
4110,4110,2025-01-23 13:00:00,290.19,approved
4111,4111,2025-07-27 08:00:00,149.97,approved
4112,4112,2025-12-29 22:00:00,625.89,approved
4113,4113,2025-05-24 11:00:00,895.7,approved
4114,4114,2025-03-10 14:00:00,3118.84,approved
4115,4115,2025-05-20 14:00:00,2147.15,approved
4116,4116,2025-06-16 18:00:00,3354.87,approved
4117,4117,2025-09-19 23:00:00,1201.97,pending
4118,4118,2025-12-19 09:00:00,1418.05,approved
4119,4119,2025-10-03 13:00:00,2524.74,approved
4120,4120,2025-07-04 12:00:00,2031.1,approved
4121,4121,2025-05-25 23:00:00,1857.02,approved
4122,4122,2025-04-27 12:00:00,2022.96,approved
4123,4123,2025-08-02 22:00:00,2052.79,approved
4124,4124,2025-01-20 18:00:00,2684.78,approved
4125,4125,2025-02-01 13:00:00,2344.93,approved
4126,4126,2025-04-30 11:00:00,3351.45,approved
4127,4127,2025-11-12 08:00:00,3318.91,approved
4128,4128,2025-08-26 06:00:00,1488.29,approved
4129,4129,2025-08-26 09:00:00,144.31,pending
4130,4130,2025-02-07 06:00:00,58.54,approved
4131,4131,2025-12-28 12:00:00,448.71,approved
4132,4132,2025-02-13 16:00:00,280.64,approved
4133,4133,2025-03-15 13:00:00,1319.31,approved
4134,4134,2025-02-21 21:00:00,204.0,pending
4135,4135,2025-12-13 04:00:00,2194.7,approved
4136,4136,2025-03-07 17:00:00,681.81,approved
4137,4137,2025-08-22 07:00:00,1808.6,approved
4138,4138,2025-05-24 01:00:00,378.71,approved
4139,4139,2025-01-08 11:00:00,2900.5,approved
4140,4140,2025-09-22 08:00:00,2734.26,approved
4141,4141,2025-01-07 00:00:00,1364.98,approved
4142,4142,2025-07-05 17:00:00,3188.86,approved
4143,4143,2025-02-03 18:00:00,666.24,approved
4144,4144,2025-03-14 05:00:00,2852.5,approved
4145,4145,2025-07-24 05:00:00,1919.58,failed
4146,4146,2025-11-22 00:00:00,1166.94,approved
4147,4147,2025-04-23 05:00:00,313.58,approved
4148,4148,2025-05-23 12:00:00,616.16,approved
4149,4149,2025-03-19 06:00:00,3022.76,approved
4150,4150,2025-04-11 18:00:00,2131.96,approved
4151,4151,2025-02-20 17:00:00,845.09,approved
4152,4152,2025-10-27 09:00:00,1745.57,approved
4153,4153,2025-12-16 04:00:00,395.27,approved
4154,4154,2025-11-16 23:00:00,363.97,approved
4155,4155,2025-11-27 16:00:00,3179.02,approved
4156,4156,2025-05-28 04:00:00,1613.34,approved
4157,4157,2025-09-12 16:00:00,1278.25,failed
4158,4158,2025-04-24 10:00:00,3322.77,approved
4159,4159,2025-04-08 12:00:00,1408.52,approved
4160,4160,2025-06-17 05:00:00,1190.12,approved
4161,4161,2025-05-03 06:00:00,969.99,approved
4162,4162,2025-03-20 21:00:00,1986.42,pending
4163,4163,2025-06-22 17:00:00,1963.27,approved
4164,4164,2025-01-03 15:00:00,76.36,approved
4165,4165,2025-07-04 23:00:00,2296.14,approved
4166,4166,2025-08-07 20:00:00,2763.31,approved
4167,4167,2025-12-18 03:00:00,2163.56,approved
4168,4168,2025-03-11 12:00:00,3047.21,approved
4169,4169,2025-11-22 13:00:00,981.93,approved
4170,4170,2025-09-09 21:00:00,688.09,approved
4171,4171,2025-06-01 06:00:00,2446.53,approved
4172,4172,2025-04-23 20:00:00,676.19,approved
4173,4173,2025-04-17 14:00:00,337.04,approved
4174,4174,2025-11-15 04:00:00,356.22,approved
4175,4175,2025-03-30 20:00:00,2694.01,pending
4176,4176,2025-08-10 08:00:00,120.01,approved
4177,4177,2025-09-17 22:00:00,1027.31,approved
4178,4178,2025-02-19 14:00:00,469.57,approved
4179,4179,2025-04-29 17:00:00,2647.09,approved
4180,4180,2025-09-21 23:00:00,1772.16,approved
4181,4181,2025-03-04 08:00:00,735.11,failed
4182,4182,2025-09-26 13:00:00,2631.43,approved
4183,4183,2025-10-15 04:00:00,2631.28,pending
4184,4184,2025-01-30 10:00:00,1840.12,approved
4185,4185,2025-10-24 17:00:00,979.96,approved
4186,4186,2025-06-07 00:00:00,2060.24,approved
4187,4187,2025-04-10 20:00:00,3268.68,approved
4188,4188,2025-07-20 10:00:00,199.69,approved
4189,4189,2025-11-07 00:00:00,948.99,approved
4190,4190,2025-05-26 22:00:00,1011.69,approved
4191,4191,2025-06-26 18:00:00,2218.7,failed
4192,4192,2025-01-28 00:00:00,2286.05,approved
4193,4193,2025-09-18 15:00:00,737.98,approved
4194,4194,2025-12-25 13:00:00,772.03,approved
4195,4195,2025-01-02 08:00:00,3250.18,approved
4196,4196,2025-06-08 06:00:00,2651.92,approved
4197,4197,2025-01-25 13:00:00,3271.26,approved
4198,4198,2025-10-17 16:00:00,2907.23,pending
4199,4199,2025-07-12 10:00:00,1419.37,approved
4200,4200,2025-03-28 09:00:00,444.24,approved
4201,4201,2025-07-12 19:00:00,2210.84,approved
4202,4202,2025-11-09 12:00:00,1244.93,approved
4203,4203,2025-05-24 22:00:00,1500.43,failed
4204,4204,2025-12-05 13:00:00,1502.06,approved
4205,4205,2025-04-23 20:00:00,3279.09,approved
4206,4206,2025-01-26 03:00:00,259.64,approved
4207,4207,2025-07-01 04:00:00,692.0,approved
4208,4208,2025-05-16 10:00:00,2135.64,approved
4209,4209,2025-10-27 10:00:00,3095.48,approved
4210,4210,2025-05-29 13:00:00,3214.44,approved
4211,4211,2025-07-15 20:00:00,1964.25,approved
4212,4212,2025-08-13 22:00:00,140.27,approved
4213,4213,2025-09-20 00:00:00,1282.83,approved
4214,4214,2025-12-15 11:00:00,3217.54,pending
4215,4215,2025-10-12 13:00:00,1759.81,failed
4216,4216,2025-12-13 14:00:00,2548.61,approved
4217,4217,2025-01-22 00:00:00,956.79,failed
4218,4218,2025-07-13 17:00:00,107.02,approved
4219,4219,2025-02-26 05:00:00,2032.69,failed
4220,4220,2025-09-17 17:00:00,2925.73,approved
4221,4221,2025-05-26 23:00:00,3466.14,approved
4222,4222,2025-01-09 06:00:00,2966.26,approved
4223,4223,2025-06-11 02:00:00,1947.9,approved
4224,4224,2025-09-24 01:00:00,2138.37,approved
4225,4225,2025-11-20 18:00:00,2888.09,approved
4226,4226,2025-08-20 15:00:00,88.94,pending
4227,4227,2025-08-07 04:00:00,3331.72,approved
4228,4228,2025-02-05 07:00:00,1868.65,approved
4229,4229,2025-11-08 08:00:00,3333.14,approved
4230,4230,2025-06-16 08:00:00,2680.52,approved
4231,4231,2025-02-25 17:00:00,550.07,approved
4232,4232,2025-09-30 11:00:00,595.1,approved
4233,4233,2025-05-28 14:00:00,1250.69,approved
4234,4234,2025-05-27 13:00:00,938.68,approved
4235,4235,2025-10-19 09:00:00,1548.76,failed
4236,4236,2025-03-07 05:00:00,2121.59,approved
4237,4237,2025-11-12 21:00:00,1539.3,pending
4238,4238,2025-04-07 04:00:00,216.34,approved
4239,4239,2025-10-08 01:00:00,3415.2,pending
4240,4240,2025-04-06 14:00:00,1499.43,pending
4241,4241,2025-11-29 13:00:00,2981.74,approved
4242,4242,2025-10-26 19:00:00,277.36,approved
4243,4243,2025-02-25 05:00:00,2839.03,approved
4244,4244,2025-07-10 06:00:00,623.45,approved
4245,4245,2025-03-10 10:00:00,2384.33,pending
4246,4246,2025-01-12 02:00:00,2323.09,approved
4247,4247,2025-03-10 07:00:00,3186.13,approved
4248,4248,2025-08-23 22:00:00,1135.95,approved
4249,4249,2025-05-14 04:00:00,399.18,approved
4250,4250,2025-01-17 00:00:00,3028.69,approved
4251,4251,2025-12-30 21:00:00,1173.89,approved
4252,4252,2025-08-08 10:00:00,829.22,approved
4253,4253,2025-11-18 21:00:00,1712.01,approved
4254,4254,2025-09-09 14:00:00,528.55,approved
4255,4255,2025-02-28 08:00:00,1053.43,approved
4256,4256,2025-02-18 18:00:00,1360.78,approved
4257,4257,2025-02-02 03:00:00,984.85,approved
4258,4258,2025-08-19 04:00:00,1586.9,approved
4259,4259,2025-07-02 09:00:00,1358.58,approved
4260,4260,2025-01-30 22:00:00,2715.58,approved
4261,4261,2025-04-08 17:00:00,3216.06,approved
4262,4262,2025-03-14 01:00:00,371.21,approved
4263,4263,2025-09-15 16:00:00,2885.09,approved
4264,4264,2025-11-18 13:00:00,3262.56,approved
4265,4265,2025-05-11 23:00:00,2409.41,pending
4266,4266,2025-01-11 03:00:00,3487.54,approved
4267,4267,2025-08-19 07:00:00,1185.95,approved
4268,4268,2025-01-07 12:00:00,2909.48,approved
4269,4269,2025-12-11 12:00:00,2364.48,approved
4270,4270,2025-10-28 04:00:00,1145.53,approved
4271,4271,2025-09-10 22:00:00,2472.27,approved
4272,4272,2025-03-17 04:00:00,1793.48,approved
4273,4273,2025-11-27 02:00:00,677.63,approved
4274,4274,2025-06-21 15:00:00,625.1,approved
4275,4275,2025-02-09 19:00:00,2502.63,approved
4276,4276,2025-10-09 04:00:00,2497.52,approved
4277,4277,2025-01-30 15:00:00,1867.09,approved
4278,4278,2025-03-12 19:00:00,1764.93,approved
4279,4279,2025-12-09 20:00:00,646.53,approved
4280,4280,2025-12-21 05:00:00,1513.92,approved
4281,4281,2025-01-08 12:00:00,3052.46,approved
4282,4282,2025-04-25 08:00:00,2994.45,approved
4283,4283,2025-01-05 10:00:00,2320.0,approved
4284,4284,2025-04-27 07:00:00,3490.8,approved
4285,4285,2025-08-17 20:00:00,3128.26,approved
4286,4286,2025-10-03 15:00:00,525.4,approved
4287,4287,2025-04-22 06:00:00,1408.99,approved
4288,4288,2025-06-04 13:00:00,479.14,approved
4289,4289,2025-11-05 22:00:00,1641.99,approved
4290,4290,2025-03-21 11:00:00,2721.81,approved
4291,4291,2025-11-14 23:00:00,562.14,approved
4292,4292,2025-02-13 02:00:00,3083.87,approved
4293,4293,2025-07-12 02:00:00,2000.32,pending
4294,4294,2025-11-07 18:00:00,2626.33,approved
4295,4295,2025-01-15 19:00:00,177.14,failed
4296,4296,2025-11-04 16:00:00,346.56,approved
4297,4297,2025-12-08 09:00:00,2180.6,approved
4298,4298,2025-10-27 16:00:00,2936.91,approved
4299,4299,2025-02-06 03:00:00,3061.05,pending
4300,4300,2025-07-08 16:00:00,2415.53,approved
4301,4301,2025-01-26 08:00:00,719.27,pending
4302,4302,2025-11-17 04:00:00,698.68,approved
4303,4303,2025-06-27 08:00:00,3087.14,approved
4304,4304,2025-12-07 20:00:00,414.06,approved
4305,4305,2025-09-05 09:00:00,2407.53,approved
4306,4306,2025-09-05 19:00:00,1876.6,approved
4307,4307,2025-11-03 03:00:00,1486.54,approved
4308,4308,2025-02-22 14:00:00,1552.36,approved
4309,4309,2025-03-31 10:00:00,3309.32,pending
4310,4310,2025-10-22 20:00:00,3017.82,approved
4311,4311,2025-06-16 12:00:00,3030.14,approved
4312,4312,2025-02-16 13:00:00,1435.03,approved
4313,4313,2025-04-14 13:00:00,392.29,pending
4314,4314,2025-11-26 04:00:00,3492.48,approved
4315,4315,2025-04-03 00:00:00,525.79,approved
4316,4316,2025-06-07 09:00:00,1814.23,approved
4317,4317,2025-05-14 13:00:00,940.87,approved
4318,4318,2025-06-23 14:00:00,1797.39,approved
4319,4319,2025-05-23 08:00:00,1081.17,approved
4320,4320,2025-02-10 16:00:00,3141.17,approved
4321,4321,2025-08-09 19:00:00,3389.83,approved
4322,4322,2025-03-23 14:00:00,1447.02,approved
4323,4323,2025-06-12 23:00:00,264.26,approved
4324,4324,2025-07-03 23:00:00,2328.41,approved
4325,4325,2025-01-12 13:00:00,1330.66,approved
4326,4326,2025-12-16 08:00:00,3451.17,approved
4327,4327,2025-12-15 01:00:00,331.02,approved
4328,4328,2025-01-06 05:00:00,434.56,pending
4329,4329,2025-05-06 01:00:00,2453.99,approved
4330,4330,2025-05-31 21:00:00,2660.1,failed
4331,4331,2025-12-25 00:00:00,1659.42,approved
4332,4332,2025-05-14 10:00:00,984.88,failed
4333,4333,2025-05-18 04:00:00,1098.14,approved
4334,4334,2025-10-11 11:00:00,1196.15,approved
4335,4335,2025-11-16 15:00:00,803.98,approved
4336,4336,2025-05-27 14:00:00,2980.24,failed
4337,4337,2025-01-12 23:00:00,246.47,approved
4338,4338,2025-11-09 09:00:00,1437.33,approved
4339,4339,2025-03-21 23:00:00,2621.66,approved
4340,4340,2025-07-09 03:00:00,33.31,approved
4341,4341,2025-11-05 20:00:00,3075.55,approved
4342,4342,2025-07-09 11:00:00,2477.9,approved
4343,4343,2025-07-30 20:00:00,275.34,approved
4344,4344,2025-01-24 10:00:00,3134.59,failed
4345,4345,2025-12-13 01:00:00,1715.82,approved
4346,4346,2025-06-01 07:00:00,2289.79,approved
4347,4347,2025-07-01 10:00:00,3089.48,approved
4348,4348,2025-08-13 13:00:00,3086.44,approved
4349,4349,2025-09-23 06:00:00,1442.43,approved
4350,4350,2025-03-21 01:00:00,847.16,approved
4351,4351,2025-02-18 05:00:00,915.83,approved
4352,4352,2025-03-12 13:00:00,2685.48,approved
4353,4353,2025-12-29 05:00:00,3254.42,approved
4354,4354,2025-09-24 03:00:00,271.36,failed
4355,4355,2025-12-26 00:00:00,72.27,approved
4356,4356,2025-09-29 14:00:00,2883.81,approved
4357,4357,2025-10-10 18:00:00,1365.38,approved
4358,4358,2025-10-31 04:00:00,982.04,approved
4359,4359,2025-02-19 13:00:00,675.54,approved
4360,4360,2025-08-11 14:00:00,1225.75,approved
4361,4361,2025-11-18 10:00:00,3400.71,approved
4362,4362,2025-01-14 03:00:00,3420.24,pending
4363,4363,2025-12-22 23:00:00,1173.67,approved
4364,4364,2025-11-16 09:00:00,3373.64,approved
4365,4365,2025-06-08 17:00:00,1063.52,pending
4366,4366,2025-05-18 07:00:00,2993.59,approved
4367,4367,2025-02-25 20:00:00,757.77,approved
4368,4368,2025-12-12 01:00:00,2896.18,approved
4369,4369,2025-03-27 16:00:00,1250.98,approved
4370,4370,2025-10-13 13:00:00,701.12,failed
4371,4371,2025-07-09 04:00:00,3273.03,approved
4372,4372,2025-03-11 09:00:00,765.36,approved
4373,4373,2025-04-05 14:00:00,3471.59,approved
4374,4374,2025-03-07 14:00:00,397.84,approved
4375,4375,2025-07-18 13:00:00,54.87,approved
4376,4376,2025-11-12 10:00:00,3050.36,approved
4377,4377,2025-11-04 02:00:00,2061.38,approved
4378,4378,2025-01-03 21:00:00,1487.26,approved
4379,4379,2025-11-08 22:00:00,305.23,approved
4380,4380,2025-07-30 09:00:00,2020.63,approved
4381,4381,2025-01-04 20:00:00,1390.17,approved
4382,4382,2025-10-02 06:00:00,1703.0,approved
4383,4383,2025-02-03 12:00:00,2213.76,pending
4384,4384,2025-09-13 17:00:00,2246.97,pending
4385,4385,2025-02-24 13:00:00,3362.89,approved
4386,4386,2025-01-21 08:00:00,2299.59,approved
4387,4387,2025-06-27 21:00:00,1201.13,pending
4388,4388,2025-07-27 18:00:00,1167.12,approved
4389,4389,2025-04-22 10:00:00,1680.52,approved
4390,4390,2025-05-13 09:00:00,922.46,failed
4391,4391,2025-11-05 12:00:00,1330.01,approved
4392,4392,2025-04-15 01:00:00,2950.55,approved
4393,4393,2025-03-23 15:00:00,3011.97,approved
4394,4394,2025-04-13 07:00:00,2204.72,approved
4395,4395,2025-05-23 00:00:00,2048.29,approved
4396,4396,2025-12-02 23:00:00,1506.31,approved
4397,4397,2025-12-24 15:00:00,2232.93,approved
4398,4398,2025-05-16 17:00:00,2825.07,pending
4399,4399,2025-01-16 18:00:00,2587.71,approved
4400,4400,2025-08-27 16:00:00,143.4,approved
4401,4401,2025-03-11 01:00:00,2564.33,approved
4402,4402,2025-03-17 17:00:00,2525.42,approved
4403,4403,2025-07-20 05:00:00,364.49,approved
4404,4404,2025-02-15 20:00:00,542.86,failed
4405,4405,2025-03-16 03:00:00,2761.92,pending
4406,4406,2025-05-24 08:00:00,1965.28,approved
4407,4407,2025-07-10 13:00:00,2879.27,approved
4408,4408,2025-07-08 23:00:00,662.91,approved
4409,4409,2025-09-15 22:00:00,126.54,approved
4410,4410,2025-09-10 10:00:00,583.56,approved
4411,4411,2025-09-29 17:00:00,1594.94,failed
4412,4412,2025-12-13 12:00:00,1841.06,approved
4413,4413,2025-07-15 18:00:00,3004.8,pending
4414,4414,2025-01-12 15:00:00,2512.38,approved
4415,4415,2025-10-26 05:00:00,3466.56,approved
4416,4416,2025-07-21 17:00:00,293.94,approved
4417,4417,2025-02-25 00:00:00,473.17,pending
4418,4418,2025-12-11 04:00:00,313.56,approved
4419,4419,2025-01-09 04:00:00,1893.83,approved
4420,4420,2025-10-28 14:00:00,948.68,approved
4421,4421,2025-05-06 23:00:00,2399.04,approved
4422,4422,2025-08-14 17:00:00,481.76,approved
4423,4423,2025-03-21 14:00:00,379.11,pending
4424,4424,2025-03-31 09:00:00,1621.38,approved
4425,4425,2025-02-22 13:00:00,1328.13,approved
4426,4426,2025-07-25 13:00:00,2905.49,approved
4427,4427,2025-05-02 15:00:00,2934.69,approved
4428,4428,2025-03-26 10:00:00,428.65,approved
4429,4429,2025-02-20 23:00:00,2846.88,approved
4430,4430,2025-09-07 15:00:00,1983.29,approved
4431,4431,2025-08-24 10:00:00,1772.38,approved
4432,4432,2025-12-05 04:00:00,349.78,approved
4433,4433,2025-05-27 09:00:00,2593.92,approved
4434,4434,2025-10-29 02:00:00,227.53,approved
4435,4435,2025-02-15 11:00:00,986.37,approved
4436,4436,2025-11-06 20:00:00,352.1,approved
4437,4437,2025-08-18 06:00:00,1867.07,approved
4438,4438,2025-07-14 11:00:00,2265.4,approved
4439,4439,2025-06-12 01:00:00,3120.18,approved
4440,4440,2025-12-01 04:00:00,2573.87,failed
4441,4441,2025-12-16 03:00:00,3364.64,pending
4442,4442,2025-07-05 13:00:00,2668.11,approved
4443,4443,2025-11-09 10:00:00,1057.29,approved
4444,4444,2025-08-17 10:00:00,1925.6,approved
4445,4445,2025-10-23 18:00:00,1613.63,failed
4446,4446,2025-09-25 10:00:00,1989.57,approved
4447,4447,2025-12-27 22:00:00,2010.87,approved
4448,4448,2025-01-08 04:00:00,2463.31,approved
4449,4449,2025-01-04 10:00:00,308.99,approved
4450,4450,2025-03-28 10:00:00,2618.67,approved
4451,4451,2025-10-30 10:00:00,520.23,approved
4452,4452,2025-06-01 07:00:00,111.2,approved
4453,4453,2025-10-05 19:00:00,1825.79,approved
4454,4454,2025-11-14 00:00:00,2043.54,approved
4455,4455,2025-06-16 06:00:00,141.28,approved
4456,4456,2025-12-13 01:00:00,1813.49,approved
4457,4457,2025-10-02 14:00:00,1880.3,approved
4458,4458,2025-12-11 08:00:00,202.68,approved
4459,4459,2025-09-05 21:00:00,2496.32,approved
4460,4460,2025-09-26 20:00:00,751.81,approved
4461,4461,2025-04-29 06:00:00,2784.72,approved
4462,4462,2025-11-24 06:00:00,1101.66,approved
4463,4463,2025-12-13 11:00:00,1683.07,approved
4464,4464,2025-06-26 16:00:00,3123.64,approved
4465,4465,2025-01-14 21:00:00,2825.5,approved
4466,4466,2025-08-29 13:00:00,2740.89,approved
4467,4467,2025-03-06 20:00:00,578.31,approved
4468,4468,2025-08-09 15:00:00,187.54,approved
4469,4469,2025-09-04 07:00:00,2128.04,approved
4470,4470,2025-10-01 13:00:00,1449.21,approved
4471,4471,2025-09-15 03:00:00,3183.59,approved
4472,4472,2025-03-27 03:00:00,1236.58,approved
4473,4473,2025-06-04 13:00:00,1448.71,pending
4474,4474,2025-10-02 21:00:00,1850.48,approved
4475,4475,2025-07-07 13:00:00,2791.47,approved
4476,4476,2025-01-30 00:00:00,953.68,approved
4477,4477,2025-02-14 10:00:00,3297.54,approved
4478,4478,2025-08-28 22:00:00,1898.93,approved
4479,4479,2025-04-11 14:00:00,2946.6,approved
4480,4480,2025-10-17 04:00:00,1849.15,approved
4481,4481,2025-03-27 19:00:00,2706.54,approved
4482,4482,2025-03-09 17:00:00,198.94,approved
4483,4483,2025-01-12 04:00:00,2801.26,approved
4484,4484,2025-07-05 00:00:00,1843.38,approved
4485,4485,2025-06-25 00:00:00,1583.97,approved
4486,4486,2025-06-06 14:00:00,408.4,approved
4487,4487,2025-04-26 22:00:00,2600.64,pending
4488,4488,2025-06-25 22:00:00,476.45,approved
4489,4489,2025-12-19 09:00:00,689.27,approved
4490,4490,2025-05-24 19:00:00,459.95,approved
4491,4491,2025-04-10 20:00:00,42.88,approved
4492,4492,2025-05-29 22:00:00,2323.46,pending
4493,4493,2025-11-01 06:00:00,962.54,approved
4494,4494,2025-10-11 21:00:00,540.16,approved
4495,4495,2025-09-21 03:00:00,1133.5,approved
4496,4496,2025-12-17 00:00:00,1756.81,approved
4497,4497,2025-11-01 05:00:00,1771.88,approved
4498,4498,2025-03-31 22:00:00,1297.84,approved
4499,4499,2025-04-15 01:00:00,1742.36,approved
4500,4500,2025-04-13 23:00:00,1507.15,approved
4501,4501,2025-06-25 10:00:00,2882.88,approved
4502,4502,2025-09-04 22:00:00,123.06,approved
4503,4503,2025-04-17 02:00:00,3040.74,approved
4504,4504,2025-06-30 07:00:00,868.83,failed
4505,4505,2025-03-28 17:00:00,2531.8,approved
4506,4506,2025-02-13 05:00:00,1429.54,approved
4507,4507,2025-01-28 14:00:00,1044.28,approved
4508,4508,2025-07-18 17:00:00,2161.41,approved
4509,4509,2025-10-12 01:00:00,2695.72,approved
4510,4510,2025-04-11 17:00:00,1585.78,approved
4511,4511,2025-10-04 15:00:00,1643.61,approved
4512,4512,2025-06-04 14:00:00,224.82,approved
4513,4513,2025-06-11 06:00:00,3235.51,approved
4514,4514,2025-01-05 13:00:00,2967.2,approved
4515,4515,2025-10-30 14:00:00,1405.01,approved
4516,4516,2025-01-23 17:00:00,2682.03,approved
4517,4517,2025-04-18 23:00:00,1110.21,approved
4518,4518,2025-01-08 09:00:00,2561.87,pending
4519,4519,2025-04-16 02:00:00,1818.09,approved
4520,4520,2025-12-22 23:00:00,1623.47,approved
4521,4521,2025-04-06 23:00:00,216.7,approved
4522,4522,2025-05-15 03:00:00,3379.67,pending
4523,4523,2025-07-20 13:00:00,2934.18,approved
4524,4524,2025-02-12 14:00:00,2780.99,approved
4525,4525,2025-07-01 04:00:00,1081.11,approved
4526,4526,2025-11-24 20:00:00,1027.77,approved
4527,4527,2025-07-03 15:00:00,2014.71,pending
4528,4528,2025-04-04 18:00:00,2964.86,approved
4529,4529,2025-06-03 11:00:00,3272.51,approved
4530,4530,2025-01-09 00:00:00,955.87,failed
4531,4531,2025-05-29 04:00:00,2133.8,approved
4532,4532,2025-01-14 03:00:00,2539.18,approved
4533,4533,2025-11-28 00:00:00,807.84,approved
4534,4534,2025-08-14 02:00:00,1437.99,approved
4535,4535,2025-07-14 11:00:00,672.41,approved
4536,4536,2025-03-26 13:00:00,2452.19,approved
4537,4537,2025-09-09 06:00:00,3025.97,approved
4538,4538,2025-08-04 06:00:00,3073.82,approved
4539,4539,2025-03-15 05:00:00,2351.91,approved
4540,4540,2025-01-03 23:00:00,1228.09,approved
4541,4541,2025-03-30 23:00:00,2320.42,approved
4542,4542,2025-04-13 13:00:00,3027.65,approved
4543,4543,2025-07-07 10:00:00,2197.98,pending
4544,4544,2025-07-27 15:00:00,1456.86,failed
4545,4545,2025-06-29 06:00:00,3220.91,approved
4546,4546,2025-10-31 03:00:00,2926.55,approved
4547,4547,2025-08-13 01:00:00,3090.87,approved
4548,4548,2025-01-08 04:00:00,3163.11,approved
4549,4549,2025-11-07 09:00:00,1390.47,approved
4550,4550,2025-08-04 07:00:00,3011.54,approved
4551,4551,2025-03-11 16:00:00,2004.82,approved
4552,4552,2025-10-08 02:00:00,152.79,approved
4553,4553,2025-10-23 00:00:00,2232.71,approved
4554,4554,2025-06-07 19:00:00,1657.75,approved
4555,4555,2025-10-17 00:00:00,977.54,approved
4556,4556,2025-04-29 05:00:00,3396.93,approved
4557,4557,2025-03-30 12:00:00,211.65,approved
4558,4558,2025-04-12 02:00:00,3311.65,approved
4559,4559,2025-12-25 13:00:00,574.25,approved
4560,4560,2025-06-04 11:00:00,1331.92,approved
4561,4561,2025-02-24 17:00:00,1471.98,approved
4562,4562,2025-12-05 01:00:00,2563.95,approved
4563,4563,2025-02-11 01:00:00,770.32,approved
4564,4564,2025-07-03 19:00:00,3451.63,pending
4565,4565,2025-12-24 11:00:00,2626.56,approved
4566,4566,2025-08-16 19:00:00,2769.04,approved
4567,4567,2025-10-16 00:00:00,390.37,approved
4568,4568,2025-12-08 22:00:00,1677.57,approved
4569,4569,2025-06-04 16:00:00,3310.72,approved
4570,4570,2025-10-08 06:00:00,959.83,approved
4571,4571,2025-03-20 03:00:00,525.94,approved
4572,4572,2025-07-18 16:00:00,1709.17,approved
4573,4573,2025-12-04 05:00:00,3257.77,failed
4574,4574,2025-12-12 00:00:00,1714.03,approved
4575,4575,2025-11-18 05:00:00,1428.82,approved
4576,4576,2025-11-04 14:00:00,2282.95,approved
4577,4577,2025-05-14 21:00:00,3280.36,approved
4578,4578,2025-03-08 02:00:00,190.72,approved
4579,4579,2025-09-01 03:00:00,553.82,failed
4580,4580,2025-12-12 08:00:00,481.98,approved
4581,4581,2025-01-12 15:00:00,316.96,approved
4582,4582,2025-01-12 03:00:00,1071.33,approved
4583,4583,2025-10-12 09:00:00,818.0,approved
4584,4584,2025-06-08 12:00:00,1929.45,approved
4585,4585,2025-07-17 22:00:00,1158.97,approved
4586,4586,2025-04-27 08:00:00,1430.12,approved
4587,4587,2025-06-04 03:00:00,3297.69,approved
4588,4588,2025-05-18 09:00:00,561.68,approved
4589,4589,2025-06-17 19:00:00,1371.83,approved
4590,4590,2025-01-18 23:00:00,914.64,approved
4591,4591,2025-06-16 01:00:00,1931.1,approved
4592,4592,2025-12-04 20:00:00,2582.45,approved
4593,4593,2025-08-11 00:00:00,2863.12,approved
4594,4594,2025-07-19 18:00:00,1813.23,approved
4595,4595,2025-10-14 07:00:00,2995.11,approved
4596,4596,2025-05-16 05:00:00,2752.06,approved
4597,4597,2025-03-24 11:00:00,566.37,approved
4598,4598,2025-12-13 17:00:00,874.09,approved
4599,4599,2025-10-29 13:00:00,2357.59,pending
4600,4600,2025-08-03 09:00:00,3412.28,approved
4601,4601,2025-10-17 01:00:00,1328.93,failed
4602,4602,2025-04-28 01:00:00,819.73,approved
4603,4603,2025-06-21 02:00:00,3044.57,approved
4604,4604,2025-12-18 16:00:00,714.65,approved
4605,4605,2025-06-26 09:00:00,2446.98,approved
4606,4606,2025-03-07 15:00:00,139.19,approved
4607,4607,2025-08-21 13:00:00,86.05,approved
4608,4608,2025-03-06 20:00:00,1591.45,approved
4609,4609,2025-10-11 06:00:00,2304.76,approved
4610,4610,2025-09-15 02:00:00,515.67,approved
4611,4611,2025-02-10 00:00:00,2678.31,approved
4612,4612,2025-06-12 12:00:00,468.0,approved
4613,4613,2025-05-16 07:00:00,1877.3,approved
4614,4614,2025-01-29 04:00:00,1092.88,approved
4615,4615,2025-03-10 19:00:00,2637.84,approved
4616,4616,2025-06-22 06:00:00,2818.33,approved
4617,4617,2025-09-30 22:00:00,250.0,approved
4618,4618,2025-03-04 19:00:00,690.26,approved
4619,4619,2025-03-05 04:00:00,3126.4,approved
4620,4620,2025-07-25 16:00:00,1466.33,approved
4621,4621,2025-09-29 03:00:00,1679.04,approved
4622,4622,2025-09-07 22:00:00,604.72,approved
4623,4623,2025-10-30 22:00:00,3482.23,approved
4624,4624,2025-09-07 14:00:00,3232.21,approved
4625,4625,2025-01-13 15:00:00,27.05,failed
4626,4626,2025-04-15 12:00:00,1936.56,approved
4627,4627,2025-06-03 00:00:00,3055.49,approved
4628,4628,2025-08-15 14:00:00,1518.26,approved
4629,4629,2025-10-24 08:00:00,1540.11,approved
4630,4630,2025-04-14 09:00:00,1340.13,approved
4631,4631,2025-12-29 15:00:00,120.32,failed
4632,4632,2025-07-11 12:00:00,2770.19,approved
4633,4633,2025-03-09 16:00:00,1609.61,approved
4634,4634,2025-12-05 05:00:00,1868.11,approved
4635,4635,2025-07-27 19:00:00,909.78,approved
4636,4636,2025-10-27 11:00:00,2748.73,approved
4637,4637,2025-04-26 21:00:00,2782.24,approved
4638,4638,2025-06-26 18:00:00,1944.16,approved
4639,4639,2025-04-29 22:00:00,3168.11,approved
4640,4640,2025-04-02 20:00:00,423.28,failed
4641,4641,2025-09-01 14:00:00,2757.46,approved
4642,4642,2025-02-04 20:00:00,1963.87,approved
4643,4643,2025-09-28 04:00:00,823.93,approved
4644,4644,2025-08-07 05:00:00,480.42,approved
4645,4645,2025-06-04 00:00:00,1067.5,approved
4646,4646,2025-07-08 02:00:00,2999.98,approved
4647,4647,2025-12-20 11:00:00,2760.92,approved
4648,4648,2025-04-17 15:00:00,2265.06,approved
4649,4649,2025-07-30 00:00:00,334.34,approved
4650,4650,2025-09-04 16:00:00,3342.81,approved
4651,4651,2025-11-18 17:00:00,1082.93,approved
4652,4652,2025-12-11 12:00:00,2132.36,failed
4653,4653,2025-12-11 10:00:00,2814.79,failed
4654,4654,2025-02-23 04:00:00,482.34,approved
4655,4655,2025-03-15 04:00:00,2289.64,approved
4656,4656,2025-08-03 07:00:00,132.39,approved
4657,4657,2025-11-15 14:00:00,374.23,failed
4658,4658,2025-08-15 01:00:00,2536.54,approved
4659,4659,2025-05-01 00:00:00,559.69,approved
4660,4660,2025-11-05 19:00:00,1563.4,approved
4661,4661,2025-09-02 03:00:00,884.2,approved
4662,4662,2025-11-12 20:00:00,1485.88,approved
4663,4663,2025-11-08 02:00:00,288.73,approved
4664,4664,2025-12-04 11:00:00,2647.05,approved
4665,4665,2025-08-23 14:00:00,295.06,approved
4666,4666,2025-09-23 20:00:00,2935.94,approved
4667,4667,2025-06-26 11:00:00,2325.88,approved
4668,4668,2025-02-11 03:00:00,1469.72,approved
4669,4669,2025-03-07 05:00:00,3035.37,pending
4670,4670,2025-11-03 04:00:00,667.74,approved
4671,4671,2025-09-15 04:00:00,940.68,approved
4672,4672,2025-12-15 23:00:00,497.19,approved
4673,4673,2025-05-07 01:00:00,1347.86,approved
4674,4674,2025-05-17 05:00:00,3453.83,pending
4675,4675,2025-09-30 11:00:00,580.38,approved
4676,4676,2025-09-04 18:00:00,2911.8,approved
4677,4677,2025-06-19 15:00:00,2288.54,approved
4678,4678,2025-10-31 21:00:00,75.03,approved
4679,4679,2025-05-17 04:00:00,3308.22,approved
4680,4680,2025-03-08 22:00:00,3399.4,approved
4681,4681,2025-03-17 21:00:00,3238.65,approved
4682,4682,2025-09-04 07:00:00,1766.05,approved
4683,4683,2025-04-08 19:00:00,786.91,pending
4684,4684,2025-04-04 21:00:00,1381.6,approved
4685,4685,2025-05-08 17:00:00,2157.39,approved
4686,4686,2025-08-07 01:00:00,1338.35,pending
4687,4687,2025-03-10 22:00:00,2484.44,approved
4688,4688,2025-10-10 21:00:00,2788.6,approved
4689,4689,2025-05-26 17:00:00,748.69,pending
4690,4690,2025-11-27 09:00:00,1429.2,approved
4691,4691,2025-09-03 03:00:00,3352.95,approved
4692,4692,2025-02-14 01:00:00,889.33,approved
4693,4693,2025-08-31 16:00:00,1225.64,approved
4694,4694,2025-09-15 12:00:00,144.1,approved
4695,4695,2025-12-29 11:00:00,1176.63,approved
4696,4696,2025-07-27 00:00:00,1310.84,pending
4697,4697,2025-04-10 07:00:00,367.43,approved
4698,4698,2025-05-29 22:00:00,25.02,approved
4699,4699,2025-08-07 13:00:00,2022.41,approved
4700,4700,2025-07-28 19:00:00,1069.31,approved
4701,4701,2025-01-08 08:00:00,82.03,failed
4702,4702,2025-03-20 08:00:00,3012.61,approved
4703,4703,2025-06-08 19:00:00,2053.75,approved
4704,4704,2025-01-13 23:00:00,615.67,approved
4705,4705,2025-09-16 21:00:00,3031.06,approved
4706,4706,2025-11-26 16:00:00,902.48,approved
4707,4707,2025-04-20 05:00:00,811.51,approved
4708,4708,2025-06-27 16:00:00,3133.33,approved
4709,4709,2025-09-18 07:00:00,644.51,failed
4710,4710,2025-06-17 01:00:00,3078.87,approved
4711,4711,2025-05-08 00:00:00,2814.35,approved
4712,4712,2025-10-09 12:00:00,1098.03,failed
4713,4713,2025-07-16 15:00:00,139.7,approved
4714,4714,2025-10-04 00:00:00,307.35,approved
4715,4715,2025-01-28 08:00:00,401.16,approved
4716,4716,2025-12-14 21:00:00,3119.98,approved
4717,4717,2025-02-03 20:00:00,1426.05,approved
4718,4718,2025-05-06 11:00:00,133.2,approved
4719,4719,2025-01-12 03:00:00,1956.79,approved
4720,4720,2025-08-27 12:00:00,743.81,approved
4721,4721,2025-12-06 14:00:00,838.24,approved
4722,4722,2025-08-07 04:00:00,579.73,failed
4723,4723,2025-01-24 05:00:00,2671.83,approved
4724,4724,2025-12-30 11:00:00,22.13,failed
4725,4725,2025-05-26 17:00:00,1547.66,pending
4726,4726,2025-05-24 17:00:00,322.31,approved
4727,4727,2025-09-03 23:00:00,1942.26,approved
4728,4728,2025-12-14 12:00:00,1224.05,approved
4729,4729,2025-10-22 11:00:00,118.66,approved
4730,4730,2025-03-01 09:00:00,1624.19,pending
4731,4731,2025-08-16 13:00:00,2005.64,approved
4732,4732,2025-01-04 20:00:00,881.84,approved
4733,4733,2025-07-23 15:00:00,2683.98,approved
4734,4734,2025-09-04 11:00:00,1311.25,approved
4735,4735,2025-08-08 01:00:00,2627.73,approved
4736,4736,2025-07-24 08:00:00,2034.97,approved
4737,4737,2025-12-13 16:00:00,3045.0,failed
4738,4738,2025-10-03 08:00:00,1923.3,approved
4739,4739,2025-10-17 05:00:00,665.98,approved
4740,4740,2025-12-07 02:00:00,2882.62,approved
4741,4741,2025-05-01 16:00:00,2744.96,approved
4742,4742,2025-11-21 05:00:00,3403.8,approved
4743,4743,2025-08-20 05:00:00,345.67,approved
4744,4744,2025-06-01 20:00:00,2077.48,approved
4745,4745,2025-11-22 03:00:00,1731.01,approved
4746,4746,2025-02-25 21:00:00,2354.63,approved
4747,4747,2025-09-27 08:00:00,3431.03,approved
4748,4748,2025-04-03 04:00:00,1872.31,approved
4749,4749,2025-05-30 14:00:00,2406.37,approved
4750,4750,2025-02-17 00:00:00,1228.3,approved
4751,4751,2025-07-16 07:00:00,1060.42,pending
4752,4752,2025-03-16 09:00:00,1186.83,approved
4753,4753,2025-06-20 23:00:00,154.36,approved
4754,4754,2025-05-20 20:00:00,1010.9,approved
4755,4755,2025-06-07 21:00:00,621.85,approved
4756,4756,2025-04-05 11:00:00,1611.85,approved
4757,4757,2025-02-19 19:00:00,1623.67,approved
4758,4758,2025-05-25 04:00:00,2683.0,approved
4759,4759,2025-07-25 06:00:00,1767.97,approved
4760,4760,2025-10-30 11:00:00,1631.52,approved
4761,4761,2025-01-19 13:00:00,826.06,approved
4762,4762,2025-05-28 20:00:00,2986.63,approved
4763,4763,2025-12-27 13:00:00,336.68,approved
4764,4764,2025-09-21 23:00:00,3438.39,approved
4765,4765,2025-06-25 03:00:00,1676.74,approved
4766,4766,2025-07-14 11:00:00,667.23,approved
4767,4767,2025-06-10 23:00:00,1253.06,approved
4768,4768,2025-02-12 14:00:00,73.49,pending
4769,4769,2025-12-28 13:00:00,599.5,approved
4770,4770,2025-02-19 03:00:00,1186.98,approved
4771,4771,2025-10-24 14:00:00,1949.37,approved
4772,4772,2025-12-16 15:00:00,470.59,approved
4773,4773,2025-09-23 22:00:00,2372.35,approved
4774,4774,2025-12-06 01:00:00,2958.08,approved
4775,4775,2025-08-19 02:00:00,2011.74,approved
4776,4776,2025-01-14 10:00:00,1053.22,approved
4777,4777,2025-10-27 07:00:00,442.45,approved
4778,4778,2025-02-02 10:00:00,74.06,approved
4779,4779,2025-06-26 06:00:00,2566.67,approved
4780,4780,2025-07-13 17:00:00,2207.11,approved
4781,4781,2025-05-23 02:00:00,1677.47,approved
4782,4782,2025-09-11 19:00:00,374.94,approved
4783,4783,2025-08-22 08:00:00,740.45,approved
4784,4784,2025-11-09 06:00:00,2856.8,approved
4785,4785,2025-12-31 14:00:00,1689.88,approved
4786,4786,2025-03-19 21:00:00,3370.66,approved
4787,4787,2025-03-13 07:00:00,3499.9,approved
4788,4788,2025-06-11 12:00:00,2806.46,approved
4789,4789,2025-01-02 01:00:00,918.48,approved
4790,4790,2025-12-09 23:00:00,824.28,approved
4791,4791,2025-05-19 05:00:00,902.65,approved
4792,4792,2025-07-25 21:00:00,3454.01,approved
4793,4793,2025-06-20 12:00:00,1186.98,approved
4794,4794,2025-12-22 15:00:00,2478.43,approved
4795,4795,2025-02-22 07:00:00,3357.38,pending
4796,4796,2025-08-18 01:00:00,2872.19,approved
4797,4797,2025-10-27 18:00:00,2099.66,approved
4798,4798,2025-02-19 03:00:00,608.0,approved
4799,4799,2025-01-23 17:00:00,628.79,approved
4800,4800,2025-02-03 23:00:00,1733.63,approved
4801,4801,2025-04-16 00:00:00,3332.77,failed
4802,4802,2025-01-31 14:00:00,3167.64,approved
4803,4803,2025-06-10 22:00:00,598.35,approved
4804,4804,2025-10-18 10:00:00,1021.26,approved
4805,4805,2025-06-10 15:00:00,2069.06,approved
4806,4806,2025-02-14 03:00:00,1681.46,approved
4807,4807,2025-06-16 10:00:00,435.38,approved
4808,4808,2025-11-28 05:00:00,1305.19,approved
4809,4809,2025-07-12 09:00:00,3342.41,approved
4810,4810,2025-08-05 03:00:00,3331.02,approved
4811,4811,2025-03-07 03:00:00,1966.8,approved
4812,4812,2025-08-24 00:00:00,2230.71,approved
4813,4813,2025-02-14 02:00:00,792.23,approved
4814,4814,2025-01-16 10:00:00,2602.0,approved
4815,4815,2025-08-22 22:00:00,202.69,approved
4816,4816,2025-01-24 05:00:00,787.97,approved
4817,4817,2025-11-18 01:00:00,40.48,pending
4818,4818,2025-11-21 08:00:00,1362.24,approved
4819,4819,2025-03-20 17:00:00,2978.91,approved
4820,4820,2025-02-09 14:00:00,3439.12,approved
4821,4821,2025-03-24 07:00:00,2343.79,approved
4822,4822,2025-11-09 01:00:00,2612.14,approved
4823,4823,2025-04-29 05:00:00,934.37,approved
4824,4824,2025-04-29 06:00:00,1830.76,approved
4825,4825,2025-04-01 02:00:00,2583.29,approved
4826,4826,2025-10-16 11:00:00,1750.52,approved
4827,4827,2025-09-03 19:00:00,328.14,approved
4828,4828,2025-01-11 20:00:00,2598.21,approved
4829,4829,2025-03-10 15:00:00,784.08,approved
4830,4830,2025-09-05 11:00:00,359.99,approved
4831,4831,2025-08-25 21:00:00,1683.64,approved
4832,4832,2025-03-12 05:00:00,279.64,approved
4833,4833,2025-08-06 21:00:00,2210.46,approved
4834,4834,2025-08-08 21:00:00,2248.85,approved
4835,4835,2025-05-17 22:00:00,913.32,approved
4836,4836,2025-03-14 15:00:00,3376.58,failed
4837,4837,2025-08-12 03:00:00,2889.09,approved
4838,4838,2025-08-30 16:00:00,401.36,approved
4839,4839,2025-02-02 12:00:00,2624.82,approved
4840,4840,2025-01-04 23:00:00,1248.7,approved
4841,4841,2025-05-23 17:00:00,2631.0,approved
4842,4842,2025-01-27 04:00:00,2806.77,approved
4843,4843,2025-02-01 03:00:00,546.8,approved
4844,4844,2025-02-04 13:00:00,2323.21,approved
4845,4845,2025-10-12 08:00:00,3022.3,failed
4846,4846,2025-05-17 23:00:00,1145.34,approved
4847,4847,2025-04-17 12:00:00,299.54,approved
4848,4848,2025-05-08 23:00:00,114.89,approved
4849,4849,2025-05-21 03:00:00,402.8,approved
4850,4850,2025-09-21 11:00:00,34.64,approved
4851,4851,2025-02-11 21:00:00,1157.77,approved
4852,4852,2025-06-23 21:00:00,1061.66,approved
4853,4853,2025-04-30 14:00:00,403.99,approved
4854,4854,2025-11-27 00:00:00,2285.89,pending
4855,4855,2025-10-19 05:00:00,3471.83,approved
4856,4856,2025-04-24 13:00:00,3155.22,approved
4857,4857,2025-11-18 16:00:00,899.92,approved
4858,4858,2025-10-28 21:00:00,2699.54,pending
4859,4859,2025-04-14 03:00:00,3280.28,approved
4860,4860,2025-12-29 09:00:00,3174.15,approved
4861,4861,2025-09-04 19:00:00,3098.23,approved
4862,4862,2025-02-16 13:00:00,2756.85,approved
4863,4863,2025-05-31 08:00:00,1039.61,approved
4864,4864,2025-07-10 14:00:00,310.8,approved
4865,4865,2025-12-04 15:00:00,1717.61,approved
4866,4866,2025-05-29 06:00:00,210.67,approved
4867,4867,2025-01-15 05:00:00,3494.69,approved
4868,4868,2025-07-04 13:00:00,1266.92,approved
4869,4869,2025-11-12 20:00:00,3355.02,approved
4870,4870,2025-06-17 01:00:00,2710.46,failed
4871,4871,2025-06-23 16:00:00,1451.29,approved
4872,4872,2025-03-20 04:00:00,431.72,approved
4873,4873,2025-03-14 21:00:00,845.43,approved
4874,4874,2025-01-06 18:00:00,2362.2,approved
4875,4875,2025-05-09 14:00:00,2908.17,approved
4876,4876,2025-07-06 08:00:00,3428.45,approved
4877,4877,2025-03-26 11:00:00,479.92,approved
4878,4878,2025-01-19 12:00:00,562.7,approved
4879,4879,2025-08-03 07:00:00,167.69,approved
4880,4880,2025-03-16 21:00:00,926.07,approved
4881,4881,2025-01-22 13:00:00,2877.31,pending
4882,4882,2025-02-01 10:00:00,709.93,approved
4883,4883,2025-06-10 18:00:00,1926.57,approved
4884,4884,2025-09-26 02:00:00,1573.5,approved
4885,4885,2025-11-07 20:00:00,1153.88,approved
4886,4886,2025-11-24 10:00:00,2171.85,approved
4887,4887,2025-04-13 12:00:00,1768.09,approved
4888,4888,2025-01-26 02:00:00,1184.98,approved
4889,4889,2025-07-07 20:00:00,2417.2,failed
4890,4890,2025-01-15 19:00:00,994.29,approved
4891,4891,2025-03-01 21:00:00,2258.28,approved
4892,4892,2025-03-30 23:00:00,3351.22,approved
4893,4893,2025-02-28 08:00:00,2556.75,approved
4894,4894,2025-06-01 01:00:00,1476.03,pending
4895,4895,2025-09-09 22:00:00,2621.51,approved
4896,4896,2025-04-19 01:00:00,2836.16,approved
4897,4897,2025-08-24 08:00:00,1153.92,approved
4898,4898,2025-03-27 09:00:00,2473.86,approved
4899,4899,2025-08-28 15:00:00,1531.7,approved
4900,4900,2025-02-25 18:00:00,2868.46,approved
4901,4901,2025-03-29 15:00:00,1047.91,approved
4902,4902,2025-12-08 00:00:00,3283.4,pending
4903,4903,2025-07-01 21:00:00,2020.26,approved
4904,4904,2025-03-10 06:00:00,1249.5,approved
4905,4905,2025-10-17 07:00:00,1479.41,approved
4906,4906,2025-12-03 00:00:00,1230.34,approved
4907,4907,2025-01-17 23:00:00,528.94,approved
4908,4908,2025-04-15 23:00:00,258.35,approved
4909,4909,2025-06-05 16:00:00,1139.79,pending
4910,4910,2025-10-28 04:00:00,1616.24,approved
4911,4911,2025-12-11 02:00:00,1279.12,approved
4912,4912,2025-11-13 09:00:00,68.44,approved
4913,4913,2025-12-19 07:00:00,2034.94,approved
4914,4914,2025-02-18 23:00:00,523.96,approved
4915,4915,2025-10-09 18:00:00,754.3,approved
4916,4916,2025-06-07 06:00:00,440.2,approved
4917,4917,2025-09-28 06:00:00,1831.11,approved
4918,4918,2025-09-16 21:00:00,351.15,approved
4919,4919,2025-02-25 09:00:00,912.12,pending
4920,4920,2025-07-30 13:00:00,1591.95,approved
4921,4921,2025-11-20 02:00:00,603.63,approved
4922,4922,2025-03-04 19:00:00,1572.92,approved
4923,4923,2025-12-17 01:00:00,1212.72,approved
4924,4924,2025-08-16 02:00:00,3014.88,approved
4925,4925,2025-04-28 06:00:00,2786.26,approved
4926,4926,2025-03-27 15:00:00,3475.13,approved
4927,4927,2025-04-07 04:00:00,1860.61,pending
4928,4928,2025-12-20 20:00:00,2022.38,approved
4929,4929,2025-09-05 18:00:00,3314.33,failed
4930,4930,2025-09-07 12:00:00,1410.58,approved
4931,4931,2025-07-07 08:00:00,1953.78,approved
4932,4932,2025-07-19 02:00:00,1339.22,failed
4933,4933,2025-10-11 23:00:00,1919.6,approved
4934,4934,2025-05-31 01:00:00,301.07,approved
4935,4935,2025-10-11 12:00:00,2747.6,approved
4936,4936,2025-01-13 20:00:00,3448.77,approved
4937,4937,2025-03-09 08:00:00,248.78,approved
4938,4938,2025-10-25 01:00:00,2807.62,approved
4939,4939,2025-04-17 04:00:00,861.24,approved
4940,4940,2025-10-19 06:00:00,707.46,approved
4941,4941,2025-09-06 14:00:00,2432.93,approved
4942,4942,2025-09-26 21:00:00,173.58,approved
4943,4943,2025-02-28 21:00:00,1632.07,pending
4944,4944,2025-08-17 18:00:00,25.03,approved
4945,4945,2025-04-10 12:00:00,1949.29,approved
4946,4946,2025-07-17 09:00:00,1628.04,approved
4947,4947,2025-06-19 20:00:00,3205.88,approved
4948,4948,2025-07-22 02:00:00,2526.55,approved
4949,4949,2025-06-08 00:00:00,458.5,approved
4950,4950,2025-05-29 11:00:00,1253.8,approved
4951,4951,2025-12-13 13:00:00,3261.9,approved
4952,4952,2025-11-26 02:00:00,2544.16,approved
4953,4953,2025-07-19 14:00:00,2088.08,failed
4954,4954,2025-05-20 18:00:00,1965.57,approved
4955,4955,2025-12-21 13:00:00,1405.38,approved
4956,4956,2025-08-13 22:00:00,2056.5,pending
4957,4957,2025-12-15 18:00:00,2705.39,approved
4958,4958,2025-03-22 14:00:00,463.83,approved
4959,4959,2025-05-23 12:00:00,3395.01,approved
4960,4960,2025-08-20 00:00:00,852.99,approved
4961,4961,2025-03-27 00:00:00,1578.14,approved
4962,4962,2025-04-07 16:00:00,99.05,approved
4963,4963,2025-11-11 21:00:00,1935.2,pending
4964,4964,2025-10-28 17:00:00,1348.9,pending
4965,4965,2025-12-29 18:00:00,889.15,approved
4966,4966,2025-07-15 19:00:00,3449.62,approved
4967,4967,2025-09-22 19:00:00,1509.93,approved
4968,4968,2025-12-09 14:00:00,1461.75,approved
4969,4969,2025-07-10 18:00:00,1631.6,approved
4970,4970,2025-11-08 10:00:00,424.22,approved
4971,4971,2025-07-18 03:00:00,1387.97,approved
4972,4972,2025-05-18 12:00:00,1190.69,approved
4973,4973,2025-09-28 14:00:00,1638.63,pending
4974,4974,2025-12-01 16:00:00,3001.04,approved
4975,4975,2025-05-29 10:00:00,690.89,approved
4976,4976,2025-09-29 22:00:00,2134.93,approved
4977,4977,2025-04-30 10:00:00,150.98,pending
4978,4978,2025-03-10 19:00:00,1122.44,approved
4979,4979,2025-05-14 00:00:00,1664.85,approved
4980,4980,2025-11-16 22:00:00,278.49,approved
4981,4981,2025-02-13 02:00:00,1913.01,approved
4982,4982,2025-07-10 21:00:00,1099.93,approved
4983,4983,2025-09-17 12:00:00,3474.98,approved
4984,4984,2025-11-03 08:00:00,2215.77,approved
4985,4985,2025-08-24 22:00:00,869.73,pending
4986,4986,2025-06-22 15:00:00,377.3,approved
4987,4987,2025-11-30 12:00:00,161.7,approved
4988,4988,2025-06-21 16:00:00,335.89,approved
4989,4989,2025-01-04 03:00:00,2386.61,approved
4990,4990,2025-04-23 22:00:00,2995.37,failed
4991,4991,2025-07-01 01:00:00,565.43,approved
4992,4992,2025-07-27 05:00:00,1419.43,failed
4993,4993,2025-11-12 14:00:00,1252.74,approved
4994,4994,2025-03-20 00:00:00,2262.92,approved
4995,4995,2025-01-18 04:00:00,655.72,approved
4996,4996,2025-12-13 09:00:00,3337.55,approved
4997,4997,2025-05-19 05:00:00,2555.38,approved
4998,4998,2025-09-05 23:00:00,3343.65,approved
4999,4999,2025-01-29 08:00:00,985.24,approved
5000,5000,2025-08-15 22:00:00,2065.25,approved
5001,5001,2025-02-09 22:00:00,2568.29,approved
5002,5002,2025-09-23 03:00:00,2494.13,approved
5003,5003,2025-01-13 20:00:00,94.28,approved
5004,5004,2025-03-11 13:00:00,3494.05,approved
5005,5005,2025-06-17 12:00:00,3249.65,approved
5006,5006,2025-09-25 22:00:00,436.74,approved
5007,5007,2025-01-13 08:00:00,1911.61,approved
5008,5008,2025-05-15 14:00:00,1114.66,pending
5009,5009,2025-09-22 07:00:00,3078.55,approved
5010,5010,2025-12-03 12:00:00,2447.37,approved
5011,5011,2025-05-01 06:00:00,797.84,approved
5012,5012,2025-06-01 12:00:00,137.84,approved
5013,5013,2025-08-02 01:00:00,1035.26,approved
5014,5014,2025-07-04 16:00:00,152.72,approved
5015,5015,2025-06-16 01:00:00,511.76,approved
5016,5016,2025-11-24 05:00:00,2233.76,approved
5017,5017,2025-02-16 17:00:00,2612.9,approved
5018,5018,2025-09-25 16:00:00,1648.7,approved
5019,5019,2025-04-21 10:00:00,2109.0,approved
5020,5020,2025-03-02 12:00:00,562.48,approved
5021,5021,2025-07-30 05:00:00,1122.45,approved
5022,5022,2025-05-16 16:00:00,2500.84,approved
5023,5023,2025-06-12 04:00:00,1289.82,approved
5024,5024,2025-10-11 13:00:00,1233.86,approved
5025,5025,2025-07-31 09:00:00,695.09,approved
5026,5026,2025-09-07 16:00:00,2089.99,pending
5027,5027,2025-01-07 15:00:00,2837.19,approved
5028,5028,2025-05-28 22:00:00,1653.67,approved
5029,5029,2025-01-30 05:00:00,422.08,approved
5030,5030,2025-12-27 17:00:00,2937.52,approved
5031,5031,2025-02-19 22:00:00,268.46,approved
5032,5032,2025-07-25 17:00:00,1661.61,approved
5033,5033,2025-12-05 06:00:00,928.55,approved
5034,5034,2025-05-08 13:00:00,3278.39,approved
5035,5035,2025-11-08 01:00:00,2586.65,approved
5036,5036,2025-06-24 23:00:00,1991.1,approved
5037,5037,2025-10-29 13:00:00,2343.79,approved
5038,5038,2025-09-19 11:00:00,1873.89,approved
5039,5039,2025-10-06 04:00:00,533.65,pending
5040,5040,2025-12-11 04:00:00,2487.66,approved
5041,5041,2025-12-24 03:00:00,1734.51,approved
5042,5042,2025-03-11 15:00:00,2227.4,approved
5043,5043,2025-05-09 17:00:00,177.3,approved
5044,5044,2025-06-23 18:00:00,514.28,approved
5045,5045,2025-02-10 05:00:00,2071.01,approved
5046,5046,2025-11-26 14:00:00,1618.81,approved
5047,5047,2025-10-06 12:00:00,809.52,approved
5048,5048,2025-04-01 04:00:00,857.85,approved
5049,5049,2025-11-15 06:00:00,2218.17,approved
5050,5050,2025-11-12 12:00:00,225.21,approved
5051,5051,2025-01-01 11:00:00,1531.22,approved
5052,5052,2025-02-26 09:00:00,1840.4,pending
5053,5053,2025-06-19 23:00:00,1092.34,approved
5054,5054,2025-01-04 22:00:00,2875.51,approved
5055,5055,2025-06-28 19:00:00,217.56,approved
5056,5056,2025-09-08 14:00:00,3032.92,approved
5057,5057,2025-09-18 09:00:00,2536.96,approved
5058,5058,2025-06-07 05:00:00,1572.97,pending
5059,5059,2025-12-31 23:00:00,3237.15,approved
5060,5060,2025-12-10 00:00:00,2463.79,approved
5061,5061,2025-12-10 16:00:00,3260.04,approved
5062,5062,2025-01-03 01:00:00,1664.61,approved
5063,5063,2025-04-25 23:00:00,1596.35,approved
5064,5064,2025-10-13 16:00:00,1866.98,approved
5065,5065,2025-06-15 19:00:00,247.68,approved
5066,5066,2025-10-07 05:00:00,3181.56,approved
5067,5067,2025-11-20 14:00:00,2343.66,approved
5068,5068,2025-05-19 18:00:00,2169.2,approved
5069,5069,2025-09-23 05:00:00,3244.09,approved
5070,5070,2025-04-10 08:00:00,3477.86,approved
5071,5071,2025-12-10 00:00:00,588.61,pending
5072,5072,2025-12-01 02:00:00,2626.51,approved
5073,5073,2025-01-16 04:00:00,2038.21,approved
5074,5074,2025-12-14 19:00:00,1624.27,approved
5075,5075,2025-12-02 21:00:00,3422.09,approved
5076,5076,2025-07-26 13:00:00,2978.92,approved
5077,5077,2025-04-10 21:00:00,2444.69,approved
5078,5078,2025-06-15 11:00:00,1351.71,approved
5079,5079,2025-05-12 15:00:00,2337.82,approved
5080,5080,2025-11-07 04:00:00,1870.3,approved
5081,5081,2025-12-29 21:00:00,887.8,approved
5082,5082,2025-10-11 11:00:00,1587.33,failed
5083,5083,2025-04-24 06:00:00,758.5,approved
5084,5084,2025-06-11 04:00:00,1761.46,approved
5085,5085,2025-07-27 07:00:00,2526.43,approved
5086,5086,2025-10-24 20:00:00,147.53,pending
5087,5087,2025-11-04 11:00:00,2683.52,pending
5088,5088,2025-03-03 19:00:00,89.58,approved
5089,5089,2025-03-24 00:00:00,1820.13,approved
5090,5090,2025-05-25 15:00:00,2015.7,approved
5091,5091,2025-10-08 11:00:00,2669.13,approved
5092,5092,2025-01-06 06:00:00,2668.38,approved
5093,5093,2025-12-11 17:00:00,1472.74,approved
5094,5094,2025-07-23 12:00:00,250.98,approved
5095,5095,2025-03-08 15:00:00,2433.38,approved
5096,5096,2025-03-17 10:00:00,1798.23,approved
5097,5097,2025-09-17 10:00:00,1179.04,approved
5098,5098,2025-05-15 03:00:00,837.36,failed
5099,5099,2025-05-06 09:00:00,436.76,approved
5100,5100,2025-01-16 13:00:00,1047.1,approved
5101,5101,2025-01-01 14:00:00,1615.54,approved
5102,5102,2025-06-29 05:00:00,1682.08,approved
5103,5103,2025-07-06 08:00:00,2047.93,approved
5104,5104,2025-05-31 01:00:00,1281.39,approved
5105,5105,2025-11-19 15:00:00,3221.24,approved
5106,5106,2025-04-02 01:00:00,1745.63,approved
5107,5107,2025-02-03 06:00:00,1494.56,approved
5108,5108,2025-10-29 13:00:00,187.62,failed
5109,5109,2025-01-04 10:00:00,2104.57,approved
5110,5110,2025-05-30 02:00:00,2117.98,approved
5111,5111,2025-08-08 14:00:00,2049.85,approved
5112,5112,2025-07-21 22:00:00,3108.84,approved
5113,5113,2025-10-02 20:00:00,2674.89,approved
5114,5114,2025-02-24 10:00:00,3038.57,approved
5115,5115,2025-10-13 10:00:00,226.79,approved
5116,5116,2025-12-31 23:00:00,1127.08,approved
5117,5117,2025-02-03 08:00:00,1129.12,approved
5118,5118,2025-05-17 02:00:00,2306.52,approved
5119,5119,2025-07-31 12:00:00,1581.18,approved
5120,5120,2025-10-06 23:00:00,2725.6,approved
5121,5121,2025-04-27 12:00:00,1357.82,approved
5122,5122,2025-06-14 02:00:00,791.19,pending
5123,5123,2025-07-02 10:00:00,1032.51,approved
5124,5124,2025-12-09 02:00:00,654.99,approved
5125,5125,2025-07-28 19:00:00,708.67,approved
5126,5126,2025-04-10 03:00:00,774.6,approved
5127,5127,2025-03-01 10:00:00,76.01,approved
5128,5128,2025-02-20 21:00:00,2511.99,approved
5129,5129,2025-05-15 14:00:00,1410.62,approved
5130,5130,2025-02-22 15:00:00,98.9,approved
5131,5131,2025-12-05 12:00:00,1307.63,approved
5132,5132,2025-05-10 19:00:00,3170.68,approved
5133,5133,2025-06-18 20:00:00,1799.13,failed
5134,5134,2025-03-28 03:00:00,3453.9,approved
5135,5135,2025-02-17 09:00:00,1899.06,approved
5136,5136,2025-12-18 16:00:00,3370.54,approved
5137,5137,2025-02-17 06:00:00,722.27,pending
5138,5138,2025-04-06 06:00:00,1028.97,approved
5139,5139,2025-08-22 22:00:00,2455.9,approved
5140,5140,2025-07-17 08:00:00,3454.14,approved
5141,5141,2025-07-11 10:00:00,2892.03,approved
5142,5142,2025-04-16 03:00:00,1946.89,approved
5143,5143,2025-06-05 08:00:00,316.33,approved
5144,5144,2025-05-08 23:00:00,1288.04,approved
5145,5145,2025-09-05 16:00:00,320.76,approved
5146,5146,2025-03-02 19:00:00,1103.26,approved
5147,5147,2025-05-01 18:00:00,920.6,approved
5148,5148,2025-09-17 11:00:00,1372.17,approved
5149,5149,2025-04-08 11:00:00,2933.72,approved
5150,5150,2025-05-30 10:00:00,543.31,approved
5151,5151,2025-09-08 23:00:00,1085.1,approved
5152,5152,2025-08-13 19:00:00,928.69,approved
5153,5153,2025-02-26 13:00:00,1050.57,approved
5154,5154,2025-02-02 14:00:00,1274.97,approved
5155,5155,2025-10-06 16:00:00,870.2,approved
5156,5156,2025-04-03 06:00:00,3300.18,pending
5157,5157,2025-12-19 16:00:00,1481.95,approved
5158,5158,2025-06-15 18:00:00,417.11,approved
5159,5159,2025-08-19 23:00:00,1647.45,approved
5160,5160,2025-04-03 22:00:00,661.82,approved
5161,5161,2025-02-19 23:00:00,772.13,approved
5162,5162,2025-06-30 08:00:00,1011.94,approved
5163,5163,2025-09-01 06:00:00,454.16,approved
5164,5164,2025-10-22 13:00:00,2529.49,approved
5165,5165,2025-08-22 15:00:00,2775.97,approved
5166,5166,2025-09-23 17:00:00,1392.11,pending
5167,5167,2025-07-15 11:00:00,2417.69,approved
5168,5168,2025-10-30 10:00:00,1373.56,approved
5169,5169,2025-05-31 19:00:00,590.99,approved
5170,5170,2025-10-29 02:00:00,1402.14,approved
5171,5171,2025-02-20 02:00:00,1958.32,approved
5172,5172,2025-11-09 00:00:00,162.66,approved
5173,5173,2025-02-16 13:00:00,2297.61,approved
5174,5174,2025-02-21 20:00:00,2604.28,failed
5175,5175,2025-02-15 19:00:00,3012.7,approved
5176,5176,2025-11-24 09:00:00,377.64,approved
5177,5177,2025-02-17 15:00:00,20.33,pending
5178,5178,2025-09-30 17:00:00,274.97,approved
5179,5179,2025-01-20 07:00:00,3235.93,pending
5180,5180,2025-10-13 08:00:00,2684.13,approved
5181,5181,2025-04-01 10:00:00,2927.32,approved
5182,5182,2025-04-14 04:00:00,1819.21,pending
5183,5183,2025-05-05 07:00:00,1852.99,approved
5184,5184,2025-11-21 05:00:00,1058.8,approved
5185,5185,2025-08-22 06:00:00,2952.78,approved
5186,5186,2025-07-26 17:00:00,2907.6,approved
5187,5187,2025-06-16 08:00:00,1384.76,approved
5188,5188,2025-02-01 22:00:00,1165.85,approved
5189,5189,2025-09-15 06:00:00,2589.54,approved
5190,5190,2025-12-12 20:00:00,111.07,approved
5191,5191,2025-11-10 17:00:00,3012.62,approved
5192,5192,2025-10-16 07:00:00,1572.94,pending
5193,5193,2025-04-22 21:00:00,1555.88,approved
5194,5194,2025-05-07 11:00:00,2348.39,approved
5195,5195,2025-04-06 14:00:00,2267.21,approved
5196,5196,2025-10-30 18:00:00,945.59,approved
5197,5197,2025-11-15 15:00:00,3302.61,approved
5198,5198,2025-12-02 22:00:00,3452.43,failed
5199,5199,2025-09-12 04:00:00,1850.44,approved
5200,5200,2025-10-04 14:00:00,1973.61,approved
5201,5201,2025-09-25 21:00:00,1949.03,approved
5202,5202,2025-12-27 19:00:00,1710.54,approved
5203,5203,2025-02-20 22:00:00,3309.25,approved
5204,5204,2025-02-03 16:00:00,871.74,approved
5205,5205,2025-06-30 03:00:00,395.69,approved
5206,5206,2025-10-15 02:00:00,3254.82,approved
5207,5207,2025-07-14 17:00:00,761.37,approved
5208,5208,2025-12-10 14:00:00,2627.06,approved
5209,5209,2025-09-22 18:00:00,729.48,approved
5210,5210,2025-05-09 08:00:00,3361.45,approved
5211,5211,2025-04-28 03:00:00,2773.1,approved
5212,5212,2025-08-10 02:00:00,3217.14,approved
5213,5213,2025-06-19 21:00:00,3329.43,approved
5214,5214,2025-08-03 04:00:00,313.8,approved
5215,5215,2025-10-22 12:00:00,1528.19,approved
5216,5216,2025-01-28 06:00:00,2275.39,approved
5217,5217,2025-04-02 11:00:00,2812.55,approved
5218,5218,2025-03-16 06:00:00,860.32,approved
5219,5219,2025-04-28 19:00:00,3202.82,approved
5220,5220,2025-06-30 05:00:00,789.0,approved
5221,5221,2025-09-03 17:00:00,3034.29,approved
5222,5222,2025-08-23 10:00:00,1804.24,approved
5223,5223,2025-04-21 12:00:00,1813.67,approved
5224,5224,2025-12-25 22:00:00,1321.54,approved
5225,5225,2025-08-03 00:00:00,380.2,pending
5226,5226,2025-09-12 15:00:00,1227.87,approved
5227,5227,2025-04-15 23:00:00,1505.04,approved
5228,5228,2025-09-20 03:00:00,1686.99,approved
5229,5229,2025-01-12 02:00:00,2592.05,approved
5230,5230,2025-12-09 15:00:00,1245.2,approved
5231,5231,2025-09-14 01:00:00,1434.94,approved
5232,5232,2025-05-18 21:00:00,3173.22,approved
5233,5233,2025-07-26 00:00:00,2638.93,approved
5234,5234,2025-05-02 04:00:00,99.54,pending
5235,5235,2025-04-21 20:00:00,2846.07,approved
5236,5236,2025-11-26 08:00:00,3465.0,pending
5237,5237,2025-01-02 15:00:00,3290.39,approved
5238,5238,2025-10-18 02:00:00,2929.13,approved
5239,5239,2025-03-16 06:00:00,2209.52,pending
5240,5240,2025-11-21 03:00:00,988.11,failed
5241,5241,2025-03-24 20:00:00,2297.42,approved
5242,5242,2025-05-27 17:00:00,2440.66,approved
5243,5243,2025-02-16 08:00:00,999.82,approved
5244,5244,2025-03-11 18:00:00,908.55,pending
5245,5245,2025-02-12 16:00:00,1401.3,approved
5246,5246,2025-09-27 14:00:00,2251.19,approved
5247,5247,2025-05-04 05:00:00,1039.86,approved
5248,5248,2025-05-20 20:00:00,1953.72,approved
5249,5249,2025-09-03 23:00:00,3149.35,approved
5250,5250,2025-09-08 07:00:00,1046.95,pending
5251,5251,2025-05-14 08:00:00,3381.59,approved
5252,5252,2025-05-21 01:00:00,1667.25,approved
5253,5253,2025-02-13 13:00:00,371.16,approved
5254,5254,2025-03-20 07:00:00,211.54,approved
5255,5255,2025-10-03 04:00:00,1198.59,approved
5256,5256,2025-12-14 22:00:00,920.48,approved
5257,5257,2025-06-12 11:00:00,2956.12,approved
5258,5258,2025-08-25 18:00:00,2586.98,approved
5259,5259,2025-07-13 22:00:00,3098.22,approved
5260,5260,2025-10-21 08:00:00,2070.6,approved
5261,5261,2025-01-26 06:00:00,1535.39,approved
5262,5262,2025-07-31 09:00:00,961.58,approved
5263,5263,2025-09-07 12:00:00,2049.22,approved
5264,5264,2025-09-05 09:00:00,2170.73,failed
5265,5265,2025-01-18 02:00:00,1387.46,approved
5266,5266,2025-02-16 20:00:00,3279.35,failed
5267,5267,2025-11-03 01:00:00,2247.04,approved
5268,5268,2025-11-18 20:00:00,2934.43,approved
5269,5269,2025-03-29 11:00:00,2178.96,approved
5270,5270,2025-05-22 15:00:00,1121.55,approved
5271,5271,2025-11-26 07:00:00,2583.43,pending
5272,5272,2025-02-05 03:00:00,821.29,approved
5273,5273,2025-06-24 18:00:00,2096.2,approved
5274,5274,2025-07-25 22:00:00,1420.23,approved
5275,5275,2025-12-01 01:00:00,541.6,approved
5276,5276,2025-12-29 17:00:00,1458.08,approved
5277,5277,2025-08-04 09:00:00,1099.78,approved
5278,5278,2025-04-29 03:00:00,410.53,approved
5279,5279,2025-03-10 09:00:00,2886.92,approved
5280,5280,2025-02-10 03:00:00,1755.07,approved
5281,5281,2025-11-09 18:00:00,1225.32,approved
5282,5282,2025-03-14 17:00:00,1777.28,approved
5283,5283,2025-03-15 15:00:00,2645.95,approved
5284,5284,2025-02-10 20:00:00,83.67,approved
5285,5285,2025-02-23 19:00:00,1922.7,approved
5286,5286,2025-12-13 20:00:00,1687.44,approved
5287,5287,2025-02-10 18:00:00,3127.88,approved
5288,5288,2025-07-25 14:00:00,1954.78,approved
5289,5289,2025-07-31 05:00:00,497.88,approved
5290,5290,2025-05-16 13:00:00,1372.62,approved
5291,5291,2025-11-06 03:00:00,2181.32,approved
5292,5292,2025-02-20 13:00:00,179.85,approved
5293,5293,2025-08-13 07:00:00,3098.58,approved
5294,5294,2025-03-03 17:00:00,255.88,approved
5295,5295,2025-08-01 01:00:00,126.46,approved
5296,5296,2025-03-21 13:00:00,27.01,approved
5297,5297,2025-11-03 01:00:00,2399.43,approved
5298,5298,2025-09-02 08:00:00,1606.6,approved
5299,5299,2025-04-17 05:00:00,377.81,failed
5300,5300,2025-01-10 06:00:00,2999.61,approved
5301,5301,2025-12-27 05:00:00,725.47,approved
5302,5302,2025-02-12 09:00:00,1155.61,pending
5303,5303,2025-05-15 19:00:00,638.47,approved
5304,5304,2025-08-02 14:00:00,3245.11,approved
5305,5305,2025-01-17 04:00:00,2658.07,pending
5306,5306,2025-08-11 17:00:00,2539.36,pending
5307,5307,2025-09-25 03:00:00,173.11,approved
5308,5308,2025-01-26 00:00:00,1839.0,approved
5309,5309,2025-03-31 22:00:00,2022.57,approved
5310,5310,2025-08-30 20:00:00,1351.17,approved
5311,5311,2025-10-22 16:00:00,1139.71,approved
5312,5312,2025-08-13 08:00:00,2984.76,approved
5313,5313,2025-04-11 15:00:00,100.1,approved
5314,5314,2025-03-13 02:00:00,2196.23,approved
5315,5315,2025-12-28 03:00:00,1391.98,approved
5316,5316,2025-06-11 23:00:00,2337.51,approved
5317,5317,2025-07-02 07:00:00,708.75,approved
5318,5318,2025-02-18 05:00:00,850.53,approved
5319,5319,2025-09-03 14:00:00,2062.25,approved
5320,5320,2025-11-13 22:00:00,3430.19,approved
5321,5321,2025-10-07 19:00:00,3411.9,approved
5322,5322,2025-09-01 18:00:00,886.45,approved
5323,5323,2025-09-15 08:00:00,376.18,approved
5324,5324,2025-03-11 03:00:00,2074.39,approved
5325,5325,2025-09-30 01:00:00,1481.54,failed
5326,5326,2025-09-15 00:00:00,2670.67,approved
5327,5327,2025-06-30 17:00:00,1857.38,pending
5328,5328,2025-10-08 13:00:00,1796.84,approved
5329,5329,2025-12-04 09:00:00,2269.68,approved
5330,5330,2025-07-11 17:00:00,459.94,approved
5331,5331,2025-11-21 14:00:00,2376.52,approved
5332,5332,2025-03-26 05:00:00,1720.05,approved
5333,5333,2025-03-21 00:00:00,2874.11,approved
5334,5334,2025-05-02 19:00:00,502.7,approved
5335,5335,2025-05-27 09:00:00,1066.6,approved
5336,5336,2025-10-19 01:00:00,3326.86,approved
5337,5337,2025-11-13 09:00:00,1944.69,approved
5338,5338,2025-08-25 12:00:00,3253.97,approved
5339,5339,2025-01-09 22:00:00,2417.84,approved
5340,5340,2025-11-23 09:00:00,3243.98,approved
5341,5341,2025-10-17 09:00:00,1126.04,approved
5342,5342,2025-04-09 18:00:00,335.06,approved
5343,5343,2025-12-28 22:00:00,2811.8,approved
5344,5344,2025-09-01 07:00:00,2819.55,failed
5345,5345,2025-06-26 15:00:00,2173.52,approved
5346,5346,2025-09-25 20:00:00,2036.9,approved
5347,5347,2025-09-05 03:00:00,3203.88,approved
5348,5348,2025-05-05 18:00:00,634.21,approved
5349,5349,2025-01-31 21:00:00,2165.55,approved
5350,5350,2025-07-15 14:00:00,193.2,approved
5351,5351,2025-06-01 10:00:00,510.21,approved
5352,5352,2025-03-07 16:00:00,1541.71,approved
5353,5353,2025-02-03 10:00:00,2877.8,approved
5354,5354,2025-01-06 04:00:00,2571.3,approved
5355,5355,2025-06-27 14:00:00,3409.74,approved
5356,5356,2025-08-05 23:00:00,176.07,approved
5357,5357,2025-02-07 21:00:00,1347.11,approved
5358,5358,2025-02-22 06:00:00,572.59,approved
5359,5359,2025-05-13 20:00:00,148.63,approved
5360,5360,2025-12-09 13:00:00,940.1,pending
5361,5361,2025-03-17 07:00:00,870.76,pending
5362,5362,2025-11-30 23:00:00,1481.7,approved
5363,5363,2025-11-05 06:00:00,507.48,approved
5364,5364,2025-01-04 16:00:00,1720.22,pending
5365,5365,2025-12-20 10:00:00,3221.94,approved
5366,5366,2025-01-22 10:00:00,2623.7,failed
5367,5367,2025-03-20 20:00:00,2950.78,approved
5368,5368,2025-08-02 01:00:00,2820.46,failed
5369,5369,2025-12-18 00:00:00,1375.9,approved
5370,5370,2025-05-16 04:00:00,2487.18,approved
5371,5371,2025-05-03 06:00:00,2644.81,approved
5372,5372,2025-06-03 02:00:00,735.66,approved
5373,5373,2025-12-19 19:00:00,3013.71,approved
5374,5374,2025-04-14 08:00:00,1612.96,approved
5375,5375,2025-11-28 02:00:00,76.93,approved
5376,5376,2025-12-22 03:00:00,2258.98,approved
5377,5377,2025-12-26 08:00:00,2375.14,approved
5378,5378,2025-05-03 16:00:00,1940.13,approved
5379,5379,2025-08-22 03:00:00,759.21,approved
5380,5380,2025-07-07 02:00:00,1698.33,approved
5381,5381,2025-08-29 05:00:00,1412.44,approved
5382,5382,2025-05-11 04:00:00,3411.91,approved
5383,5383,2025-07-22 02:00:00,2889.88,approved
5384,5384,2025-01-12 19:00:00,2671.41,approved
5385,5385,2025-07-05 03:00:00,650.14,approved
5386,5386,2025-09-19 20:00:00,1172.02,pending
5387,5387,2025-02-21 00:00:00,1341.4,approved
5388,5388,2025-05-18 20:00:00,1734.34,approved
5389,5389,2025-01-18 19:00:00,125.18,approved
5390,5390,2025-04-26 11:00:00,2083.67,approved
5391,5391,2025-09-02 08:00:00,1265.34,approved
5392,5392,2025-02-10 00:00:00,1974.64,approved
5393,5393,2025-02-24 23:00:00,51.24,approved
5394,5394,2025-02-14 17:00:00,1138.59,approved
5395,5395,2025-12-15 02:00:00,2694.96,approved
5396,5396,2025-10-26 11:00:00,1763.76,failed
5397,5397,2025-01-30 10:00:00,2765.33,approved
5398,5398,2025-05-24 12:00:00,2452.38,approved
5399,5399,2025-01-11 14:00:00,2995.12,pending
5400,5400,2025-06-16 13:00:00,45.9,approved
5401,5401,2025-03-17 12:00:00,929.41,approved
5402,5402,2025-08-29 10:00:00,1929.83,approved
5403,5403,2025-03-07 03:00:00,3294.74,approved
5404,5404,2025-07-08 12:00:00,2385.67,approved
5405,5405,2025-08-30 23:00:00,1608.93,approved
5406,5406,2025-12-27 10:00:00,472.89,approved
5407,5407,2025-01-13 00:00:00,1736.39,approved
5408,5408,2025-09-26 22:00:00,1554.98,failed
5409,5409,2025-04-27 03:00:00,2728.98,approved
5410,5410,2025-08-09 04:00:00,1458.45,pending
5411,5411,2025-08-02 21:00:00,1129.56,approved
5412,5412,2025-02-21 20:00:00,332.22,approved
5413,5413,2025-11-08 03:00:00,181.82,pending
5414,5414,2025-08-09 07:00:00,1548.19,failed
5415,5415,2025-06-16 14:00:00,1227.08,approved
5416,5416,2025-10-03 20:00:00,1952.53,approved
5417,5417,2025-12-28 09:00:00,2497.51,approved
5418,5418,2025-05-21 10:00:00,159.22,approved
5419,5419,2025-11-18 21:00:00,1746.84,pending
5420,5420,2025-07-07 13:00:00,3019.66,approved
5421,5421,2025-08-19 21:00:00,1603.98,pending
5422,5422,2025-10-13 04:00:00,1833.92,approved
5423,5423,2025-07-02 21:00:00,1714.04,failed
5424,5424,2025-05-31 04:00:00,1376.48,pending
5425,5425,2025-10-30 19:00:00,403.22,approved
5426,5426,2025-08-02 20:00:00,459.72,approved
5427,5427,2025-04-01 20:00:00,643.23,failed
5428,5428,2025-07-23 22:00:00,2778.12,approved
5429,5429,2025-10-02 23:00:00,978.16,approved
5430,5430,2025-02-08 06:00:00,3319.47,pending
5431,5431,2025-09-17 11:00:00,2839.39,approved
5432,5432,2025-02-28 23:00:00,2402.2,pending
5433,5433,2025-02-27 00:00:00,2526.97,approved
5434,5434,2025-08-21 10:00:00,185.76,approved
5435,5435,2025-06-19 11:00:00,1997.99,approved
5436,5436,2025-08-11 03:00:00,3294.88,approved
5437,5437,2025-10-26 13:00:00,156.1,approved
5438,5438,2025-08-27 18:00:00,1032.74,approved
5439,5439,2025-02-17 15:00:00,199.26,approved
5440,5440,2025-12-05 12:00:00,2002.7,approved
5441,5441,2025-10-14 15:00:00,424.38,approved
5442,5442,2025-09-28 11:00:00,1687.79,approved
5443,5443,2025-03-22 16:00:00,2525.42,approved
5444,5444,2025-02-06 18:00:00,592.25,approved
5445,5445,2025-01-15 22:00:00,2648.67,pending
5446,5446,2025-08-21 15:00:00,229.51,approved
5447,5447,2025-03-27 19:00:00,540.69,approved
5448,5448,2025-01-18 09:00:00,994.78,pending
5449,5449,2025-02-16 10:00:00,2790.42,approved
5450,5450,2025-02-20 19:00:00,2978.48,failed
5451,5451,2025-09-11 06:00:00,786.92,approved
5452,5452,2025-12-30 02:00:00,353.33,approved
5453,5453,2025-01-20 11:00:00,2970.88,failed
5454,5454,2025-08-02 02:00:00,2279.8,approved
5455,5455,2025-10-14 10:00:00,569.34,approved
5456,5456,2025-05-26 09:00:00,1960.85,pending
5457,5457,2025-01-16 14:00:00,3055.85,approved
5458,5458,2025-04-10 11:00:00,261.91,approved
5459,5459,2025-03-05 14:00:00,311.35,approved
5460,5460,2025-08-05 13:00:00,972.16,approved
5461,5461,2025-07-12 12:00:00,2289.87,approved
5462,5462,2025-08-25 20:00:00,639.47,approved
5463,5463,2025-01-17 03:00:00,2860.96,approved
5464,5464,2025-09-16 04:00:00,2631.5,approved
5465,5465,2025-02-05 19:00:00,1972.3,approved
5466,5466,2025-07-09 10:00:00,423.92,approved
5467,5467,2025-12-10 19:00:00,3459.01,approved
5468,5468,2025-02-22 21:00:00,1725.32,approved
5469,5469,2025-07-07 04:00:00,1593.21,approved
5470,5470,2025-08-01 14:00:00,3484.58,approved
5471,5471,2025-12-02 02:00:00,3026.26,approved
5472,5472,2025-07-21 12:00:00,1608.16,pending
5473,5473,2025-07-24 00:00:00,1477.43,approved
5474,5474,2025-06-15 05:00:00,353.76,approved
5475,5475,2025-05-21 23:00:00,3244.26,approved
5476,5476,2025-10-10 07:00:00,2956.34,approved
5477,5477,2025-03-12 21:00:00,1098.81,pending
5478,5478,2025-04-05 15:00:00,2641.56,approved
5479,5479,2025-08-04 18:00:00,2674.3,approved
5480,5480,2025-03-15 01:00:00,813.13,approved
5481,5481,2025-08-01 11:00:00,2155.52,approved
5482,5482,2025-12-01 15:00:00,907.5,pending
5483,5483,2025-12-30 18:00:00,2768.8,approved
5484,5484,2025-07-21 23:00:00,555.26,pending
5485,5485,2025-07-09 06:00:00,2347.79,approved
5486,5486,2025-06-13 05:00:00,1154.52,approved
5487,5487,2025-01-23 06:00:00,145.91,approved
5488,5488,2025-12-23 23:00:00,450.49,approved
5489,5489,2025-03-09 11:00:00,2299.05,approved
5490,5490,2025-08-07 20:00:00,854.9,approved
5491,5491,2025-01-05 15:00:00,2216.0,approved
5492,5492,2025-08-16 19:00:00,1463.58,pending
5493,5493,2025-10-04 23:00:00,2430.64,approved
5494,5494,2025-12-08 16:00:00,1735.46,approved
5495,5495,2025-10-08 08:00:00,1093.74,failed
5496,5496,2025-08-02 01:00:00,527.45,approved
5497,5497,2025-03-10 15:00:00,1207.02,approved
5498,5498,2025-06-29 08:00:00,2229.43,approved
5499,5499,2025-03-10 17:00:00,2596.85,pending
5500,5500,2025-10-02 12:00:00,577.98,approved
5501,5501,2025-01-06 11:00:00,2331.67,approved
5502,5502,2025-11-15 00:00:00,643.89,approved
5503,5503,2025-05-06 08:00:00,791.93,pending
5504,5504,2025-08-17 02:00:00,1868.98,approved
5505,5505,2025-10-13 12:00:00,1026.42,pending
5506,5506,2025-07-24 00:00:00,2322.35,approved
5507,5507,2025-11-01 11:00:00,3346.1,approved
5508,5508,2025-01-18 18:00:00,538.14,approved
5509,5509,2025-04-03 12:00:00,2005.38,approved
5510,5510,2025-01-05 08:00:00,3233.08,approved
5511,5511,2025-12-03 07:00:00,634.32,approved
5512,5512,2025-04-12 02:00:00,1296.64,approved
5513,5513,2025-03-08 11:00:00,450.19,approved
5514,5514,2025-01-22 17:00:00,2254.29,approved
5515,5515,2025-11-07 05:00:00,2348.62,approved
5516,5516,2025-12-14 12:00:00,2331.35,failed
5517,5517,2025-08-28 03:00:00,1906.6,pending
5518,5518,2025-01-09 02:00:00,2616.99,approved
5519,5519,2025-03-25 21:00:00,144.85,approved
5520,5520,2025-03-30 06:00:00,3352.15,approved
5521,5521,2025-02-24 09:00:00,792.89,approved
5522,5522,2025-11-03 15:00:00,443.04,approved
5523,5523,2025-05-20 08:00:00,3295.15,approved
5524,5524,2025-06-20 10:00:00,2909.92,approved
5525,5525,2025-04-11 12:00:00,2681.75,approved
5526,5526,2025-08-08 07:00:00,384.52,approved
5527,5527,2025-05-17 06:00:00,2830.2,approved
5528,5528,2025-05-06 07:00:00,2139.4,approved
5529,5529,2025-09-21 20:00:00,2567.04,approved
5530,5530,2025-03-29 03:00:00,3423.68,approved
5531,5531,2025-05-06 20:00:00,696.66,approved
5532,5532,2025-10-22 09:00:00,1775.25,approved
5533,5533,2025-05-24 18:00:00,2641.66,pending
5534,5534,2025-05-17 09:00:00,1529.12,approved
5535,5535,2025-03-06 22:00:00,210.19,approved
5536,5536,2025-10-31 07:00:00,407.81,approved
5537,5537,2025-07-30 05:00:00,2115.28,failed
5538,5538,2025-03-10 07:00:00,1011.81,approved
5539,5539,2025-02-27 00:00:00,499.69,approved
5540,5540,2025-09-20 17:00:00,1202.82,pending
5541,5541,2025-11-18 06:00:00,719.41,approved
5542,5542,2025-08-30 00:00:00,103.31,approved
5543,5543,2025-08-10 15:00:00,548.31,failed
5544,5544,2025-05-02 13:00:00,3093.11,approved
5545,5545,2025-10-14 05:00:00,61.89,approved
5546,5546,2025-04-21 07:00:00,2713.0,approved
5547,5547,2025-04-10 05:00:00,2642.04,pending
5548,5548,2025-01-16 11:00:00,1983.55,approved
5549,5549,2025-08-29 07:00:00,745.4,approved
5550,5550,2025-12-21 22:00:00,3075.65,approved
5551,5551,2025-11-24 16:00:00,1673.26,approved
5552,5552,2025-04-01 09:00:00,622.76,approved
5553,5553,2025-04-16 04:00:00,1513.0,approved
5554,5554,2025-07-20 23:00:00,698.31,approved
5555,5555,2025-02-08 02:00:00,1328.51,approved
5556,5556,2025-12-14 01:00:00,1748.47,approved
5557,5557,2025-03-23 00:00:00,1272.46,pending
5558,5558,2025-09-20 06:00:00,2306.51,approved
5559,5559,2025-04-04 19:00:00,3276.99,approved
5560,5560,2025-01-13 17:00:00,1231.56,approved
5561,5561,2025-12-19 08:00:00,1257.97,approved
5562,5562,2025-12-09 00:00:00,2589.29,approved
5563,5563,2025-06-12 15:00:00,1866.46,approved
5564,5564,2025-09-23 18:00:00,1512.36,pending
5565,5565,2025-11-03 08:00:00,2852.05,approved
5566,5566,2025-08-10 21:00:00,3120.81,approved
5567,5567,2025-11-27 15:00:00,2075.24,approved
5568,5568,2025-01-31 12:00:00,664.16,approved
5569,5569,2025-02-26 16:00:00,1642.67,approved
5570,5570,2025-05-21 19:00:00,1775.21,approved
5571,5571,2025-06-29 20:00:00,1524.08,approved
5572,5572,2025-06-13 08:00:00,933.26,approved
5573,5573,2025-11-29 07:00:00,1663.68,approved
5574,5574,2025-09-20 16:00:00,1573.98,pending
5575,5575,2025-10-12 18:00:00,749.04,approved
5576,5576,2025-03-30 19:00:00,3163.94,approved
5577,5577,2025-09-17 08:00:00,3100.99,approved
5578,5578,2025-01-24 16:00:00,2663.47,failed
5579,5579,2025-09-26 01:00:00,1415.29,approved
5580,5580,2025-06-23 03:00:00,1308.79,approved
5581,5581,2025-04-02 04:00:00,2513.3,approved
5582,5582,2025-08-27 00:00:00,2136.25,approved
5583,5583,2025-09-20 17:00:00,2110.08,approved
5584,5584,2025-11-13 23:00:00,451.91,approved
5585,5585,2025-09-07 02:00:00,2171.63,approved
5586,5586,2025-01-06 12:00:00,3158.48,approved
5587,5587,2025-01-21 10:00:00,318.64,approved
5588,5588,2025-06-19 03:00:00,1200.32,approved
5589,5589,2025-09-23 14:00:00,1791.37,approved
5590,5590,2025-05-22 19:00:00,2407.31,approved
5591,5591,2025-03-25 13:00:00,331.93,approved
5592,5592,2025-09-19 12:00:00,3057.37,approved
5593,5593,2025-09-23 12:00:00,161.1,approved
5594,5594,2025-04-20 01:00:00,3004.76,approved
5595,5595,2025-12-07 06:00:00,116.23,failed
5596,5596,2025-06-08 08:00:00,554.26,approved
5597,5597,2025-11-05 14:00:00,2805.13,approved
5598,5598,2025-01-11 09:00:00,3013.37,approved
5599,5599,2025-01-29 09:00:00,3438.29,approved
5600,5600,2025-03-09 15:00:00,422.69,approved
5601,5601,2025-04-09 12:00:00,1852.05,approved
5602,5602,2025-09-09 10:00:00,288.5,approved
5603,5603,2025-07-03 17:00:00,564.3,approved
5604,5604,2025-10-27 02:00:00,627.24,approved
5605,5605,2025-03-30 02:00:00,240.59,approved
5606,5606,2025-01-22 14:00:00,3127.57,approved
5607,5607,2025-11-21 15:00:00,459.72,approved
5608,5608,2025-07-15 03:00:00,2210.11,approved
5609,5609,2025-01-27 03:00:00,2197.6,pending
5610,5610,2025-04-23 19:00:00,711.29,approved
5611,5611,2025-09-04 14:00:00,3494.47,approved
5612,5612,2025-02-22 17:00:00,1228.84,approved
5613,5613,2025-06-23 05:00:00,3169.73,approved
5614,5614,2025-05-04 18:00:00,3320.03,pending
5615,5615,2025-05-20 11:00:00,3322.48,approved
5616,5616,2025-03-04 05:00:00,2639.87,approved
5617,5617,2025-01-30 21:00:00,903.24,approved
5618,5618,2025-11-05 00:00:00,439.88,approved
5619,5619,2025-03-30 09:00:00,2003.2,approved
5620,5620,2025-06-27 17:00:00,1272.94,approved
5621,5621,2025-06-08 09:00:00,2912.02,approved
5622,5622,2025-12-19 01:00:00,2612.57,approved
5623,5623,2025-05-01 01:00:00,982.11,approved
5624,5624,2025-02-13 10:00:00,79.21,approved
5625,5625,2025-04-24 11:00:00,845.86,pending
5626,5626,2025-11-26 06:00:00,1993.56,approved
5627,5627,2025-01-04 16:00:00,294.91,approved
5628,5628,2025-09-28 06:00:00,2310.79,approved
5629,5629,2025-01-18 21:00:00,2357.5,approved
5630,5630,2025-02-27 03:00:00,609.49,approved
5631,5631,2025-02-09 21:00:00,2095.19,approved
5632,5632,2025-06-19 03:00:00,2132.26,approved
5633,5633,2025-07-29 02:00:00,1683.36,approved
5634,5634,2025-11-11 13:00:00,3337.3,approved
5635,5635,2025-10-28 13:00:00,396.41,approved
5636,5636,2025-11-21 04:00:00,1435.06,approved
5637,5637,2025-12-28 07:00:00,3092.56,approved
5638,5638,2025-08-16 02:00:00,1364.37,approved
5639,5639,2025-03-06 05:00:00,1497.75,approved
5640,5640,2025-09-22 12:00:00,2345.59,approved
5641,5641,2025-11-22 16:00:00,2336.16,approved
5642,5642,2025-08-01 18:00:00,99.7,approved
5643,5643,2025-06-10 11:00:00,1605.83,approved
5644,5644,2025-03-21 15:00:00,1180.62,approved
5645,5645,2025-04-02 13:00:00,2204.38,pending
5646,5646,2025-11-05 17:00:00,1953.84,approved
5647,5647,2025-03-17 02:00:00,2285.0,approved
5648,5648,2025-11-30 22:00:00,2295.11,approved
5649,5649,2025-03-07 12:00:00,906.95,approved
5650,5650,2025-10-29 14:00:00,877.7,approved
5651,5651,2025-02-11 08:00:00,1308.58,approved
5652,5652,2025-08-05 13:00:00,862.02,failed
5653,5653,2025-03-23 15:00:00,2396.17,approved
5654,5654,2025-03-28 18:00:00,2117.97,approved
5655,5655,2025-01-30 09:00:00,773.03,approved
5656,5656,2025-12-12 22:00:00,3096.68,pending
5657,5657,2025-08-29 11:00:00,1623.11,approved
5658,5658,2025-09-26 11:00:00,462.15,failed
5659,5659,2025-06-14 12:00:00,761.12,approved
5660,5660,2025-10-22 16:00:00,1898.68,pending
5661,5661,2025-10-20 14:00:00,1197.72,approved
5662,5662,2025-05-25 11:00:00,2982.25,approved
5663,5663,2025-11-08 22:00:00,1741.68,pending
5664,5664,2025-10-17 22:00:00,3205.23,approved
5665,5665,2025-11-24 11:00:00,374.36,approved
5666,5666,2025-11-27 09:00:00,2346.7,approved
5667,5667,2025-12-15 02:00:00,3102.53,approved
5668,5668,2025-12-12 11:00:00,1039.4,approved
5669,5669,2025-03-01 20:00:00,492.19,approved
5670,5670,2025-08-03 05:00:00,1609.12,approved
5671,5671,2025-11-24 01:00:00,3365.44,approved
5672,5672,2025-10-27 18:00:00,2224.45,approved
5673,5673,2025-01-11 01:00:00,2261.04,approved
5674,5674,2025-07-16 19:00:00,2356.82,approved
5675,5675,2025-06-29 12:00:00,158.37,approved
5676,5676,2025-01-01 17:00:00,1570.86,approved
5677,5677,2025-07-14 07:00:00,289.95,pending
5678,5678,2025-04-24 11:00:00,1119.19,approved
5679,5679,2025-02-27 00:00:00,2879.16,approved
5680,5680,2025-12-03 11:00:00,2303.82,approved
5681,5681,2025-07-17 07:00:00,3484.59,approved
5682,5682,2025-11-27 23:00:00,619.1,approved
5683,5683,2025-05-28 03:00:00,1401.75,approved
5684,5684,2025-06-18 04:00:00,2837.55,approved
5685,5685,2025-09-29 17:00:00,770.61,pending
5686,5686,2025-01-08 06:00:00,554.95,approved
5687,5687,2025-01-06 15:00:00,1508.09,approved
5688,5688,2025-11-28 00:00:00,1355.37,pending
5689,5689,2025-09-25 17:00:00,3431.12,approved
5690,5690,2025-03-11 00:00:00,1607.76,approved
5691,5691,2025-07-23 08:00:00,3016.09,approved
5692,5692,2025-02-11 23:00:00,3110.12,approved
5693,5693,2025-12-04 00:00:00,569.39,approved
5694,5694,2025-01-04 02:00:00,2509.26,approved
5695,5695,2025-11-17 14:00:00,986.07,approved
5696,5696,2025-11-07 13:00:00,349.69,failed
5697,5697,2025-10-02 19:00:00,3063.97,approved
5698,5698,2025-04-22 23:00:00,1037.67,approved
5699,5699,2025-06-29 22:00:00,1221.87,approved
5700,5700,2025-12-27 17:00:00,1147.48,approved
5701,5701,2025-09-20 12:00:00,717.03,approved
5702,5702,2025-01-10 20:00:00,1532.07,approved
5703,5703,2025-04-17 15:00:00,1510.46,approved
5704,5704,2025-08-09 02:00:00,1442.46,approved
5705,5705,2025-09-14 06:00:00,3208.72,approved
5706,5706,2025-07-24 17:00:00,1202.34,approved
5707,5707,2025-09-22 20:00:00,125.72,approved
5708,5708,2025-12-16 23:00:00,640.96,approved
5709,5709,2025-04-02 14:00:00,2530.81,approved
5710,5710,2025-04-22 12:00:00,2076.19,approved
5711,5711,2025-02-15 07:00:00,3332.04,approved
5712,5712,2025-11-29 07:00:00,2436.63,approved
5713,5713,2025-12-15 13:00:00,695.96,approved
5714,5714,2025-12-30 23:00:00,439.84,pending
5715,5715,2025-06-12 04:00:00,1832.24,approved
5716,5716,2025-09-30 19:00:00,2335.11,approved
5717,5717,2025-09-17 03:00:00,596.42,approved
5718,5718,2025-06-01 14:00:00,2113.89,failed
5719,5719,2025-01-14 21:00:00,3030.3,approved
5720,5720,2025-01-28 08:00:00,2551.94,approved
5721,5721,2025-09-23 05:00:00,2331.38,approved
5722,5722,2025-04-01 09:00:00,2766.87,approved
5723,5723,2025-04-28 16:00:00,382.21,approved
5724,5724,2025-01-27 09:00:00,729.33,approved
5725,5725,2025-01-03 10:00:00,152.59,approved
5726,5726,2025-01-30 05:00:00,524.52,approved
5727,5727,2025-05-24 01:00:00,3197.87,approved
5728,5728,2025-04-14 08:00:00,793.06,approved
5729,5729,2025-03-06 08:00:00,2324.1,approved
5730,5730,2025-09-15 03:00:00,2426.65,approved
5731,5731,2025-12-10 02:00:00,2265.73,approved
5732,5732,2025-02-09 23:00:00,1947.65,failed
5733,5733,2025-09-23 12:00:00,1711.73,approved
5734,5734,2025-04-30 23:00:00,1481.32,failed
5735,5735,2025-05-12 11:00:00,3210.81,approved
5736,5736,2025-11-19 09:00:00,53.11,approved
5737,5737,2025-07-17 08:00:00,206.14,approved
5738,5738,2025-06-02 07:00:00,1733.94,failed
5739,5739,2025-12-03 09:00:00,1170.18,pending
5740,5740,2025-11-07 00:00:00,1440.64,approved
5741,5741,2025-09-09 13:00:00,3492.51,approved
5742,5742,2025-03-08 04:00:00,2717.47,approved
5743,5743,2025-10-01 02:00:00,3073.38,failed
5744,5744,2025-10-16 08:00:00,1302.64,approved
5745,5745,2025-06-28 19:00:00,853.67,approved
5746,5746,2025-12-13 16:00:00,2692.61,approved
5747,5747,2025-06-09 07:00:00,2830.36,approved
5748,5748,2025-06-13 04:00:00,1933.65,approved
5749,5749,2025-08-16 03:00:00,3137.88,approved
5750,5750,2025-06-28 06:00:00,3386.29,failed
5751,5751,2025-07-04 17:00:00,1659.15,pending
5752,5752,2025-05-17 20:00:00,794.88,approved
5753,5753,2025-05-03 15:00:00,1819.55,approved
5754,5754,2025-05-21 07:00:00,3463.58,approved
5755,5755,2025-01-28 23:00:00,1039.39,approved
5756,5756,2025-04-26 02:00:00,2169.25,approved
5757,5757,2025-06-16 14:00:00,2435.06,approved
5758,5758,2025-07-18 09:00:00,764.47,approved
5759,5759,2025-08-26 11:00:00,2067.84,approved
5760,5760,2025-08-20 10:00:00,1114.48,approved
5761,5761,2025-09-04 00:00:00,2992.65,approved
5762,5762,2025-03-11 00:00:00,2507.34,approved
5763,5763,2025-10-13 21:00:00,2895.41,approved
5764,5764,2025-06-29 00:00:00,714.89,approved
5765,5765,2025-05-22 00:00:00,140.32,approved
5766,5766,2025-07-17 02:00:00,2979.83,approved
5767,5767,2025-04-01 02:00:00,1365.9,approved
5768,5768,2025-02-06 05:00:00,645.43,approved
5769,5769,2025-04-03 16:00:00,339.8,approved
5770,5770,2025-05-03 16:00:00,1817.42,approved
5771,5771,2025-10-18 09:00:00,542.45,approved
5772,5772,2025-03-31 13:00:00,1992.09,approved
5773,5773,2025-11-29 06:00:00,2551.03,approved
5774,5774,2025-04-20 05:00:00,1882.0,approved
5775,5775,2025-04-24 05:00:00,3164.88,approved
5776,5776,2025-04-02 00:00:00,561.38,approved
5777,5777,2025-12-17 03:00:00,1738.96,approved
5778,5778,2025-06-28 19:00:00,587.9,approved
5779,5779,2025-07-18 22:00:00,3068.14,approved
5780,5780,2025-11-20 02:00:00,3264.19,approved
5781,5781,2025-09-01 02:00:00,1411.99,failed
5782,5782,2025-11-05 11:00:00,1084.0,pending
5783,5783,2025-10-11 15:00:00,992.02,approved
5784,5784,2025-06-08 13:00:00,3011.85,pending
5785,5785,2025-01-13 03:00:00,2394.9,approved
5786,5786,2025-09-09 20:00:00,3084.46,approved
5787,5787,2025-12-22 09:00:00,428.96,approved
5788,5788,2025-11-29 11:00:00,1676.58,approved
5789,5789,2025-01-14 19:00:00,2373.1,approved
5790,5790,2025-09-27 02:00:00,3141.88,approved
5791,5791,2025-06-11 10:00:00,1349.43,approved
5792,5792,2025-11-28 17:00:00,1109.55,failed
5793,5793,2025-02-27 23:00:00,3197.12,approved
5794,5794,2025-06-30 20:00:00,185.42,approved
5795,5795,2025-06-16 20:00:00,1688.99,approved
5796,5796,2025-10-29 22:00:00,1616.02,approved
5797,5797,2025-11-29 11:00:00,528.28,approved
5798,5798,2025-05-25 19:00:00,1394.43,approved
5799,5799,2025-05-09 06:00:00,2534.65,approved
5800,5800,2025-09-06 20:00:00,1296.7,approved
5801,5801,2025-03-27 19:00:00,1097.62,approved
5802,5802,2025-08-19 13:00:00,2741.0,approved
5803,5803,2025-05-19 19:00:00,3460.73,approved
5804,5804,2025-07-11 00:00:00,2732.15,approved
5805,5805,2025-01-27 11:00:00,2965.27,approved
5806,5806,2025-05-18 16:00:00,3289.46,approved
5807,5807,2025-09-02 17:00:00,2810.17,approved
5808,5808,2025-01-21 04:00:00,3431.63,pending
5809,5809,2025-03-24 03:00:00,2620.55,approved
5810,5810,2025-06-01 06:00:00,2322.1,approved
5811,5811,2025-06-28 10:00:00,2432.85,approved
5812,5812,2025-01-10 02:00:00,3152.28,approved
5813,5813,2025-07-04 23:00:00,2396.87,approved
5814,5814,2025-08-21 06:00:00,2668.99,failed
5815,5815,2025-08-14 01:00:00,771.71,pending
5816,5816,2025-07-20 13:00:00,3196.02,approved
5817,5817,2025-01-24 02:00:00,1576.3,failed
5818,5818,2025-07-14 07:00:00,580.51,approved
5819,5819,2025-09-04 15:00:00,2803.26,approved
5820,5820,2025-10-16 04:00:00,1260.25,approved
5821,5821,2025-04-05 06:00:00,660.73,approved
5822,5822,2025-05-31 17:00:00,911.75,approved
5823,5823,2025-06-26 14:00:00,141.62,approved
5824,5824,2025-08-12 09:00:00,335.37,approved
5825,5825,2025-05-11 09:00:00,2082.33,approved
5826,5826,2025-09-16 02:00:00,3034.44,pending
5827,5827,2025-09-24 13:00:00,1580.89,approved
5828,5828,2025-11-14 14:00:00,2198.68,approved
5829,5829,2025-09-24 15:00:00,2837.87,approved
5830,5830,2025-10-16 01:00:00,1261.56,approved
5831,5831,2025-10-07 08:00:00,2297.01,approved
5832,5832,2025-09-27 20:00:00,1239.5,approved
5833,5833,2025-11-09 19:00:00,2256.65,approved
5834,5834,2025-07-22 20:00:00,777.27,approved
5835,5835,2025-10-30 16:00:00,3422.88,approved
5836,5836,2025-12-04 03:00:00,285.1,pending
5837,5837,2025-08-14 15:00:00,1778.21,approved
5838,5838,2025-05-23 18:00:00,1016.31,approved
5839,5839,2025-03-31 05:00:00,2110.92,approved
5840,5840,2025-08-08 02:00:00,1510.51,approved
5841,5841,2025-10-09 00:00:00,1087.2,approved
5842,5842,2025-12-06 01:00:00,890.13,approved
5843,5843,2025-10-20 13:00:00,655.1,approved
5844,5844,2025-03-28 01:00:00,2744.42,approved
5845,5845,2025-08-28 05:00:00,793.26,failed
5846,5846,2025-11-04 09:00:00,2711.87,approved
5847,5847,2025-11-03 21:00:00,1707.93,approved
5848,5848,2025-09-24 10:00:00,271.35,approved
5849,5849,2025-12-27 16:00:00,595.74,approved
5850,5850,2025-12-31 22:00:00,3127.31,approved
5851,5851,2025-06-20 17:00:00,2117.8,approved
5852,5852,2025-05-11 07:00:00,661.48,approved
5853,5853,2025-01-02 06:00:00,2469.1,approved
5854,5854,2025-11-08 10:00:00,2884.95,approved
5855,5855,2025-08-12 18:00:00,1170.67,approved
5856,5856,2025-08-07 05:00:00,1956.95,approved
5857,5857,2025-12-02 04:00:00,1041.21,approved
5858,5858,2025-01-15 22:00:00,298.61,failed
5859,5859,2025-12-24 05:00:00,1410.29,approved
5860,5860,2025-08-18 15:00:00,2634.98,pending
5861,5861,2025-11-27 11:00:00,1616.21,approved
5862,5862,2025-11-10 19:00:00,1430.34,approved
5863,5863,2025-08-10 08:00:00,1293.71,approved
5864,5864,2025-10-14 00:00:00,1617.03,approved
5865,5865,2025-01-28 05:00:00,1127.44,approved
5866,5866,2025-05-29 23:00:00,2150.4,approved
5867,5867,2025-10-17 21:00:00,241.21,approved
5868,5868,2025-12-23 03:00:00,2829.71,approved
5869,5869,2025-12-23 09:00:00,622.62,approved
5870,5870,2025-07-04 21:00:00,2224.39,approved
5871,5871,2025-04-06 04:00:00,1585.59,approved
5872,5872,2025-12-09 12:00:00,2711.76,approved
5873,5873,2025-02-01 12:00:00,2894.97,pending
5874,5874,2025-07-11 06:00:00,730.62,approved
5875,5875,2025-03-07 11:00:00,2376.58,failed
5876,5876,2025-09-02 23:00:00,680.88,approved
5877,5877,2025-12-25 12:00:00,451.51,approved
5878,5878,2025-02-22 00:00:00,3257.43,approved
5879,5879,2025-12-04 09:00:00,592.07,approved
5880,5880,2025-07-16 19:00:00,813.9,approved
5881,5881,2025-01-31 00:00:00,473.53,approved
5882,5882,2025-03-19 23:00:00,1656.62,approved
5883,5883,2025-07-27 18:00:00,3220.23,approved
5884,5884,2025-02-08 13:00:00,938.91,pending
5885,5885,2025-10-05 03:00:00,1905.65,failed
5886,5886,2025-12-06 00:00:00,1451.88,approved
5887,5887,2025-12-11 02:00:00,1189.31,approved
5888,5888,2025-05-09 05:00:00,2011.09,approved
5889,5889,2025-03-29 19:00:00,1964.95,approved
5890,5890,2025-09-15 04:00:00,1270.6,approved
5891,5891,2025-07-17 22:00:00,2979.96,approved
5892,5892,2025-02-15 18:00:00,205.04,approved
5893,5893,2025-06-23 02:00:00,316.63,pending
5894,5894,2025-03-16 07:00:00,3467.92,approved
5895,5895,2025-06-20 22:00:00,2621.94,approved
5896,5896,2025-09-20 08:00:00,2817.67,approved
5897,5897,2025-08-02 05:00:00,2117.4,approved
5898,5898,2025-07-12 19:00:00,1481.11,approved
5899,5899,2025-06-16 12:00:00,2209.71,approved
5900,5900,2025-02-14 19:00:00,342.19,approved
5901,5901,2025-05-04 23:00:00,2657.04,approved
5902,5902,2025-04-04 04:00:00,1901.79,failed
5903,5903,2025-07-16 04:00:00,3349.43,approved
5904,5904,2025-02-21 22:00:00,2238.41,approved
5905,5905,2025-06-24 20:00:00,547.89,failed
5906,5906,2025-11-12 09:00:00,1681.87,approved
5907,5907,2025-05-12 16:00:00,221.22,approved
5908,5908,2025-02-20 09:00:00,2614.09,approved
5909,5909,2025-04-08 01:00:00,1766.37,approved
5910,5910,2025-01-12 08:00:00,1306.39,approved
5911,5911,2025-04-26 10:00:00,3390.55,approved
5912,5912,2025-11-07 17:00:00,3293.28,approved
5913,5913,2025-08-03 17:00:00,3335.86,approved
5914,5914,2025-12-05 03:00:00,788.98,approved
5915,5915,2025-04-08 05:00:00,2555.42,approved
5916,5916,2025-03-05 09:00:00,3309.93,approved
5917,5917,2025-01-28 05:00:00,2006.63,approved
5918,5918,2025-11-19 20:00:00,765.28,approved
5919,5919,2025-04-08 17:00:00,2865.99,approved
5920,5920,2025-05-20 20:00:00,3082.12,approved
5921,5921,2025-12-23 01:00:00,2467.26,pending
5922,5922,2025-06-26 06:00:00,1041.56,approved
5923,5923,2025-03-24 04:00:00,683.61,pending
5924,5924,2025-11-11 06:00:00,2192.46,approved
5925,5925,2025-09-21 05:00:00,1700.15,approved
5926,5926,2025-12-19 07:00:00,2347.36,approved
5927,5927,2025-12-09 00:00:00,408.71,approved
5928,5928,2025-06-30 23:00:00,492.98,approved
5929,5929,2025-12-12 01:00:00,1282.86,approved
5930,5930,2025-05-14 05:00:00,920.49,approved
5931,5931,2025-07-11 20:00:00,2175.3,approved
5932,5932,2025-10-09 09:00:00,1299.04,approved
5933,5933,2025-09-01 19:00:00,2400.22,approved
5934,5934,2025-08-29 01:00:00,2695.42,approved
5935,5935,2025-08-02 17:00:00,671.34,approved
5936,5936,2025-02-25 00:00:00,3220.99,approved
5937,5937,2025-11-09 17:00:00,2759.32,approved
5938,5938,2025-01-28 11:00:00,2201.2,approved
5939,5939,2025-09-24 07:00:00,3183.07,approved
5940,5940,2025-06-13 13:00:00,945.22,approved
5941,5941,2025-10-21 08:00:00,1487.56,approved
5942,5942,2025-11-29 01:00:00,318.54,approved
5943,5943,2025-09-24 09:00:00,1607.51,approved
5944,5944,2025-11-03 12:00:00,1782.27,approved
5945,5945,2025-01-05 02:00:00,2163.91,approved
5946,5946,2025-03-21 02:00:00,242.86,approved
5947,5947,2025-09-01 22:00:00,132.98,approved
5948,5948,2025-10-03 00:00:00,1481.22,approved
5949,5949,2025-03-19 17:00:00,678.18,approved
5950,5950,2025-07-28 23:00:00,2660.58,approved
5951,5951,2025-07-05 08:00:00,2347.2,approved
5952,5952,2025-12-09 08:00:00,1153.88,approved
5953,5953,2025-11-03 18:00:00,179.33,approved
5954,5954,2025-03-07 01:00:00,654.9,approved
5955,5955,2025-10-03 14:00:00,2427.04,approved
5956,5956,2025-05-03 05:00:00,3465.77,approved
5957,5957,2025-12-18 14:00:00,1156.08,failed
5958,5958,2025-12-06 18:00:00,2810.95,pending
5959,5959,2025-02-06 21:00:00,3037.5,approved
5960,5960,2025-11-07 02:00:00,187.67,approved
5961,5961,2025-09-24 04:00:00,3208.45,approved
5962,5962,2025-12-08 15:00:00,1642.39,approved
5963,5963,2025-05-20 13:00:00,3375.56,approved
5964,5964,2025-03-30 08:00:00,1894.17,approved
5965,5965,2025-06-18 05:00:00,838.3,failed
5966,5966,2025-03-18 18:00:00,3411.85,approved
5967,5967,2025-12-23 13:00:00,866.7,approved
5968,5968,2025-07-27 05:00:00,3091.02,approved
5969,5969,2025-04-20 03:00:00,622.49,pending
5970,5970,2025-11-16 12:00:00,2368.19,failed
5971,5971,2025-05-30 22:00:00,1451.29,approved
5972,5972,2025-01-12 15:00:00,3402.62,approved
5973,5973,2025-06-07 17:00:00,663.01,approved
5974,5974,2025-05-03 17:00:00,1442.61,approved
5975,5975,2025-01-19 17:00:00,2246.42,pending
5976,5976,2025-07-02 14:00:00,3422.12,approved
5977,5977,2025-10-18 23:00:00,1077.44,approved
5978,5978,2025-11-25 20:00:00,1401.11,pending
5979,5979,2025-07-28 18:00:00,1627.04,failed
5980,5980,2025-04-06 04:00:00,899.4,approved
5981,5981,2025-10-16 03:00:00,2864.39,failed
5982,5982,2025-06-10 11:00:00,340.14,approved
5983,5983,2025-03-22 10:00:00,2472.67,approved
5984,5984,2025-01-20 10:00:00,1878.07,approved
5985,5985,2025-06-30 01:00:00,861.91,approved
5986,5986,2025-10-23 11:00:00,1735.05,approved
5987,5987,2025-12-02 19:00:00,2908.22,approved
5988,5988,2025-08-01 16:00:00,1570.14,approved
5989,5989,2025-07-12 05:00:00,444.2,approved
5990,5990,2025-08-07 10:00:00,161.99,approved
5991,5991,2025-12-09 03:00:00,2726.73,approved
5992,5992,2025-10-01 16:00:00,1169.91,approved
5993,5993,2025-08-27 18:00:00,3260.73,approved
5994,5994,2025-09-07 22:00:00,2167.67,approved
5995,5995,2025-12-10 15:00:00,1538.27,approved
5996,5996,2025-08-23 23:00:00,1984.34,approved
5997,5997,2025-08-12 05:00:00,1610.82,approved
5998,5998,2025-10-24 03:00:00,3172.22,approved
5999,5999,2025-09-14 08:00:00,1613.92,approved
6000,6000,2025-03-19 21:00:00,382.14,approved
6001,6001,2025-02-16 09:00:00,2097.87,approved
6002,6002,2025-07-30 00:00:00,2187.97,approved
6003,6003,2025-12-19 19:00:00,2683.35,approved
6004,6004,2025-12-13 08:00:00,3267.83,approved
6005,6005,2025-05-29 07:00:00,1561.92,approved
6006,6006,2025-09-09 20:00:00,1245.23,pending
6007,6007,2025-07-23 03:00:00,1727.88,approved
6008,6008,2025-10-08 13:00:00,3152.69,approved
6009,6009,2025-12-09 12:00:00,3430.34,approved
6010,6010,2025-07-19 13:00:00,3399.9,approved
6011,6011,2025-05-05 07:00:00,819.34,approved
6012,6012,2025-09-25 09:00:00,1749.2,approved
6013,6013,2025-11-01 00:00:00,922.97,approved
6014,6014,2025-04-10 04:00:00,1300.58,approved
6015,6015,2025-07-28 07:00:00,130.26,approved
6016,6016,2025-09-20 12:00:00,578.89,approved
6017,6017,2025-06-18 15:00:00,1401.82,approved
6018,6018,2025-05-23 12:00:00,1289.17,approved
6019,6019,2025-07-18 12:00:00,990.34,approved
6020,6020,2025-11-02 07:00:00,821.48,approved
6021,6021,2025-02-19 23:00:00,2626.37,approved
6022,6022,2025-02-16 10:00:00,1045.03,approved
6023,6023,2025-09-09 11:00:00,2478.77,approved
6024,6024,2025-01-05 22:00:00,1302.82,approved
6025,6025,2025-10-31 02:00:00,2810.89,approved
6026,6026,2025-01-22 04:00:00,601.97,approved
6027,6027,2025-04-08 22:00:00,568.46,approved
6028,6028,2025-01-31 21:00:00,2385.26,approved
6029,6029,2025-07-17 18:00:00,3203.91,approved
6030,6030,2025-08-08 18:00:00,517.59,approved
6031,6031,2025-09-22 23:00:00,276.49,approved
6032,6032,2025-07-20 06:00:00,3272.54,approved
6033,6033,2025-05-20 17:00:00,428.3,approved
6034,6034,2025-06-08 21:00:00,891.28,approved
6035,6035,2025-07-31 13:00:00,3254.64,approved
6036,6036,2025-06-15 15:00:00,2814.15,approved
6037,6037,2025-10-06 03:00:00,1212.8,approved
6038,6038,2025-05-09 20:00:00,3341.76,approved
6039,6039,2025-05-22 04:00:00,1996.81,approved
6040,6040,2025-07-12 09:00:00,271.42,failed
6041,6041,2025-09-04 03:00:00,2466.67,approved
6042,6042,2025-04-11 02:00:00,1889.73,approved
6043,6043,2025-10-23 17:00:00,2012.61,approved
6044,6044,2025-08-09 02:00:00,3479.48,approved
6045,6045,2025-02-10 03:00:00,550.75,approved
6046,6046,2025-07-25 19:00:00,2305.65,failed
6047,6047,2025-03-02 13:00:00,1616.42,approved
6048,6048,2025-09-06 15:00:00,966.19,failed
6049,6049,2025-09-03 21:00:00,2433.54,approved
6050,6050,2025-08-27 19:00:00,2345.38,approved
6051,6051,2025-07-15 06:00:00,3000.6,approved
6052,6052,2025-10-04 08:00:00,3078.46,approved
6053,6053,2025-04-25 09:00:00,1975.13,failed
6054,6054,2025-02-20 04:00:00,1152.99,approved
6055,6055,2025-12-16 23:00:00,1862.94,failed
6056,6056,2025-06-14 22:00:00,1270.21,approved
6057,6057,2025-09-23 01:00:00,985.2,approved
6058,6058,2025-05-04 09:00:00,1939.48,approved
6059,6059,2025-09-27 05:00:00,2309.61,approved
6060,6060,2025-07-13 03:00:00,2075.19,approved
6061,6061,2025-02-04 22:00:00,3341.38,approved
6062,6062,2025-08-05 23:00:00,1059.25,approved
6063,6063,2025-11-18 16:00:00,1315.75,approved
6064,6064,2025-01-13 17:00:00,2343.4,approved
6065,6065,2025-05-08 20:00:00,2109.25,approved
6066,6066,2025-07-15 21:00:00,26.48,approved
6067,6067,2025-05-26 00:00:00,1106.75,approved
6068,6068,2025-10-30 12:00:00,903.09,approved
6069,6069,2025-03-23 20:00:00,2942.9,pending
6070,6070,2025-01-18 20:00:00,3034.55,approved
6071,6071,2025-06-15 03:00:00,1007.95,approved
6072,6072,2025-04-29 21:00:00,375.21,approved
6073,6073,2025-12-30 19:00:00,734.1,approved
6074,6074,2025-06-03 02:00:00,634.46,approved
6075,6075,2025-11-08 00:00:00,846.28,approved
6076,6076,2025-09-10 09:00:00,836.56,approved
6077,6077,2025-11-22 12:00:00,1689.84,approved
6078,6078,2025-05-30 19:00:00,1132.35,approved
6079,6079,2025-04-03 03:00:00,1968.18,approved
6080,6080,2025-10-24 06:00:00,1217.59,approved
6081,6081,2025-05-21 06:00:00,2855.08,approved
6082,6082,2025-12-05 05:00:00,3328.76,approved
6083,6083,2025-10-09 09:00:00,1425.64,approved
6084,6084,2025-04-01 23:00:00,192.15,approved
6085,6085,2025-12-22 10:00:00,853.73,approved
6086,6086,2025-01-11 13:00:00,374.47,approved
6087,6087,2025-10-30 13:00:00,1219.78,approved
6088,6088,2025-09-26 17:00:00,2265.0,approved
6089,6089,2025-03-25 08:00:00,1825.8,approved
6090,6090,2025-10-06 14:00:00,865.21,approved
6091,6091,2025-01-07 05:00:00,2690.06,approved
6092,6092,2025-10-10 20:00:00,477.55,approved
6093,6093,2025-06-05 23:00:00,814.12,approved
6094,6094,2025-08-31 17:00:00,2372.64,approved
6095,6095,2025-12-11 10:00:00,706.38,approved
6096,6096,2025-04-01 16:00:00,2382.09,approved
6097,6097,2025-07-12 01:00:00,3419.76,approved
6098,6098,2025-06-26 07:00:00,2913.11,approved
6099,6099,2025-05-12 04:00:00,576.84,approved
6100,6100,2025-02-08 00:00:00,1831.33,approved
6101,6101,2025-03-22 14:00:00,1489.68,approved
6102,6102,2025-05-11 22:00:00,3471.01,approved
6103,6103,2025-10-19 20:00:00,3376.11,approved
6104,6104,2025-11-09 17:00:00,462.35,approved
6105,6105,2025-02-03 20:00:00,3182.38,approved
6106,6106,2025-10-02 11:00:00,693.1,approved
6107,6107,2025-12-31 03:00:00,1131.69,approved
6108,6108,2025-04-28 11:00:00,1249.86,approved
6109,6109,2025-12-05 06:00:00,1018.14,approved
6110,6110,2025-12-20 01:00:00,2989.29,approved
6111,6111,2025-10-25 14:00:00,1168.16,approved
6112,6112,2025-04-09 19:00:00,2862.25,approved
6113,6113,2025-09-14 20:00:00,3480.43,approved
6114,6114,2025-02-28 20:00:00,2945.85,approved
6115,6115,2025-04-13 13:00:00,1224.58,approved
6116,6116,2025-10-25 09:00:00,2495.16,approved
6117,6117,2025-03-31 07:00:00,1878.05,approved
6118,6118,2025-07-25 23:00:00,2757.08,approved
6119,6119,2025-12-19 14:00:00,552.78,approved
6120,6120,2025-10-27 02:00:00,2240.71,approved
6121,6121,2025-04-15 04:00:00,2712.36,approved
6122,6122,2025-11-17 22:00:00,2669.09,approved
6123,6123,2025-11-19 01:00:00,3373.3,failed
6124,6124,2025-09-23 03:00:00,223.27,failed
6125,6125,2025-04-02 22:00:00,1223.31,approved
6126,6126,2025-08-18 18:00:00,1678.41,approved
6127,6127,2025-06-17 02:00:00,1097.98,pending
6128,6128,2025-06-04 16:00:00,1098.07,approved
6129,6129,2025-10-21 01:00:00,632.93,approved
6130,6130,2025-09-16 06:00:00,2849.07,approved
6131,6131,2025-08-11 19:00:00,3180.08,approved
6132,6132,2025-05-13 04:00:00,306.5,approved
6133,6133,2025-07-16 02:00:00,559.05,approved
6134,6134,2025-02-14 22:00:00,815.02,approved
6135,6135,2025-06-04 14:00:00,1791.28,approved
6136,6136,2025-09-16 02:00:00,2773.28,approved
6137,6137,2025-01-15 01:00:00,268.67,approved
6138,6138,2025-10-03 22:00:00,2236.11,approved
6139,6139,2025-12-11 08:00:00,539.69,approved
6140,6140,2025-02-24 06:00:00,3400.67,approved
6141,6141,2025-02-20 13:00:00,3147.73,approved
6142,6142,2025-07-21 06:00:00,3324.55,approved
6143,6143,2025-10-11 21:00:00,389.45,approved
6144,6144,2025-12-29 11:00:00,1718.37,approved
6145,6145,2025-04-25 00:00:00,595.06,approved
6146,6146,2025-10-10 05:00:00,2109.24,approved
6147,6147,2025-09-22 21:00:00,829.93,failed
6148,6148,2025-01-24 15:00:00,2701.8,approved
6149,6149,2025-06-27 22:00:00,2261.13,failed
6150,6150,2025-03-01 12:00:00,2009.18,approved
6151,6151,2025-03-11 12:00:00,2891.79,approved
6152,6152,2025-11-14 19:00:00,1760.95,approved
6153,6153,2025-01-07 09:00:00,959.08,approved
6154,6154,2025-12-20 22:00:00,2180.06,approved
6155,6155,2025-09-22 04:00:00,3350.58,approved
6156,6156,2025-01-29 00:00:00,2112.03,approved
6157,6157,2025-07-03 00:00:00,2211.08,approved
6158,6158,2025-12-15 14:00:00,3272.93,approved
6159,6159,2025-12-14 16:00:00,1813.16,approved
6160,6160,2025-08-31 12:00:00,3487.32,approved
6161,6161,2025-04-28 17:00:00,575.62,approved
6162,6162,2025-05-21 09:00:00,1888.9,approved
6163,6163,2025-12-31 01:00:00,760.89,approved
6164,6164,2025-06-01 03:00:00,1597.58,approved
6165,6165,2025-10-05 03:00:00,613.6,approved
6166,6166,2025-12-13 00:00:00,794.4,approved
6167,6167,2025-01-15 18:00:00,753.58,approved
6168,6168,2025-04-18 00:00:00,1133.71,approved
6169,6169,2025-10-26 04:00:00,488.43,approved
6170,6170,2025-04-30 03:00:00,2836.51,approved
6171,6171,2025-09-02 07:00:00,787.95,approved
6172,6172,2025-01-12 19:00:00,1469.66,approved
6173,6173,2025-05-10 09:00:00,75.88,approved
6174,6174,2025-05-02 06:00:00,384.99,pending
6175,6175,2025-05-19 01:00:00,3139.03,approved
6176,6176,2025-04-11 23:00:00,2933.32,approved
6177,6177,2025-11-24 05:00:00,2946.41,approved
6178,6178,2025-08-01 12:00:00,1451.51,approved
6179,6179,2025-09-03 10:00:00,512.53,approved
6180,6180,2025-10-18 16:00:00,395.47,approved
6181,6181,2025-05-25 07:00:00,2127.5,approved
6182,6182,2025-12-17 08:00:00,2902.11,approved
6183,6183,2025-10-13 14:00:00,3152.4,approved
6184,6184,2025-10-10 23:00:00,1024.79,approved
6185,6185,2025-02-24 11:00:00,1137.17,approved
6186,6186,2025-11-21 03:00:00,371.05,approved
6187,6187,2025-10-14 08:00:00,2714.95,approved
6188,6188,2025-06-08 00:00:00,979.4,approved
6189,6189,2025-12-24 19:00:00,1693.63,pending
6190,6190,2025-04-23 07:00:00,3252.56,approved
6191,6191,2025-06-30 07:00:00,2637.71,approved
6192,6192,2025-01-18 13:00:00,203.53,approved
6193,6193,2025-11-07 07:00:00,48.38,approved
6194,6194,2025-03-19 04:00:00,2760.18,approved
6195,6195,2025-02-23 19:00:00,1942.7,approved
6196,6196,2025-03-20 07:00:00,2526.76,approved
6197,6197,2025-04-02 19:00:00,565.72,approved
6198,6198,2025-09-05 11:00:00,3054.73,approved
6199,6199,2025-12-19 03:00:00,2711.17,approved
6200,6200,2025-07-28 16:00:00,3120.12,approved
6201,6201,2025-11-07 00:00:00,1207.01,approved
6202,6202,2025-03-25 02:00:00,979.45,approved
6203,6203,2025-10-27 19:00:00,548.03,approved
6204,6204,2025-11-05 05:00:00,3256.71,approved
6205,6205,2025-06-30 06:00:00,635.37,approved
6206,6206,2025-03-24 00:00:00,435.22,approved
6207,6207,2025-02-04 21:00:00,690.52,approved
6208,6208,2025-07-22 22:00:00,2704.41,approved
6209,6209,2025-09-14 05:00:00,3115.56,approved
6210,6210,2025-11-03 12:00:00,2841.98,approved
6211,6211,2025-04-05 09:00:00,1980.07,approved
6212,6212,2025-05-31 10:00:00,3478.72,approved
6213,6213,2025-11-19 00:00:00,259.61,approved
6214,6214,2025-08-24 03:00:00,3037.83,approved
6215,6215,2025-04-10 19:00:00,1508.44,approved
6216,6216,2025-10-23 00:00:00,1603.83,approved
6217,6217,2025-02-17 14:00:00,464.03,approved
6218,6218,2025-04-01 22:00:00,136.35,approved
6219,6219,2025-04-01 14:00:00,1121.87,approved
6220,6220,2025-09-07 10:00:00,628.49,approved
6221,6221,2025-10-08 04:00:00,1702.02,pending
6222,6222,2025-06-29 11:00:00,532.71,approved
6223,6223,2025-06-06 19:00:00,499.99,pending
6224,6224,2025-02-01 01:00:00,3071.89,pending
6225,6225,2025-09-05 07:00:00,3226.11,failed
6226,6226,2025-06-07 20:00:00,3375.47,approved
6227,6227,2025-06-03 13:00:00,2388.15,approved
6228,6228,2025-03-08 05:00:00,2703.14,approved
6229,6229,2025-09-22 19:00:00,2928.53,approved
6230,6230,2025-05-12 00:00:00,2313.05,approved
6231,6231,2025-01-11 04:00:00,1169.25,approved
6232,6232,2025-02-17 18:00:00,564.23,approved
6233,6233,2025-08-23 20:00:00,845.71,approved
6234,6234,2025-11-14 16:00:00,2944.64,approved
6235,6235,2025-08-06 15:00:00,2442.42,approved
6236,6236,2025-10-28 11:00:00,1606.17,pending
6237,6237,2025-04-28 15:00:00,122.33,approved
6238,6238,2025-07-25 09:00:00,946.39,approved
6239,6239,2025-10-18 23:00:00,2556.56,approved
6240,6240,2025-02-12 21:00:00,1803.11,approved
6241,6241,2025-11-11 16:00:00,1535.65,pending
6242,6242,2025-10-19 10:00:00,1111.6,failed
6243,6243,2025-08-15 09:00:00,2132.12,approved
6244,6244,2025-12-02 21:00:00,3383.02,approved
6245,6245,2025-08-07 13:00:00,3155.91,approved
6246,6246,2025-08-17 22:00:00,126.13,approved
6247,6247,2025-12-04 02:00:00,1693.72,approved
6248,6248,2025-08-28 04:00:00,1166.55,approved
6249,6249,2025-02-12 20:00:00,1796.9,approved
6250,6250,2025-12-30 18:00:00,2129.62,approved
6251,6251,2025-03-30 11:00:00,716.1,approved
6252,6252,2025-09-19 04:00:00,2739.86,approved
6253,6253,2025-09-06 13:00:00,1673.24,approved
6254,6254,2025-04-26 11:00:00,3472.18,pending
6255,6255,2025-04-14 19:00:00,107.44,approved
6256,6256,2025-11-19 15:00:00,680.22,approved
6257,6257,2025-03-28 19:00:00,2419.91,approved
6258,6258,2025-07-25 21:00:00,2439.23,pending
6259,6259,2025-09-17 13:00:00,2046.02,approved
6260,6260,2025-05-31 22:00:00,3402.42,approved
6261,6261,2025-01-01 04:00:00,1465.3,approved
6262,6262,2025-08-16 18:00:00,1471.29,approved
6263,6263,2025-07-30 23:00:00,3188.46,approved
6264,6264,2025-12-05 07:00:00,1893.78,approved
6265,6265,2025-08-14 07:00:00,1250.97,approved
6266,6266,2025-09-17 07:00:00,2521.9,approved
6267,6267,2025-11-01 09:00:00,2176.45,approved
6268,6268,2025-03-05 05:00:00,1086.31,failed
6269,6269,2025-12-07 22:00:00,1056.79,approved
6270,6270,2025-01-13 01:00:00,1396.73,approved
6271,6271,2025-04-01 06:00:00,269.24,approved
6272,6272,2025-03-08 15:00:00,3300.31,approved
6273,6273,2025-06-13 13:00:00,656.91,approved
6274,6274,2025-04-17 04:00:00,694.51,approved
6275,6275,2025-07-17 16:00:00,2271.69,approved
6276,6276,2025-06-24 09:00:00,2540.38,approved
6277,6277,2025-09-23 18:00:00,2584.19,failed
6278,6278,2025-11-12 12:00:00,1325.26,approved
6279,6279,2025-08-17 21:00:00,3059.18,pending
6280,6280,2025-07-23 03:00:00,1913.12,approved
6281,6281,2025-05-05 12:00:00,1546.28,approved
6282,6282,2025-04-24 14:00:00,2840.14,approved
6283,6283,2025-07-17 16:00:00,867.59,approved
6284,6284,2025-02-16 21:00:00,3013.45,approved
6285,6285,2025-08-09 11:00:00,1895.13,failed
6286,6286,2025-09-26 02:00:00,3152.2,pending
6287,6287,2025-12-15 13:00:00,721.61,approved
6288,6288,2025-04-06 01:00:00,3277.5,approved
6289,6289,2025-07-09 08:00:00,2413.81,approved
6290,6290,2025-01-26 20:00:00,2171.78,approved
6291,6291,2025-09-15 15:00:00,1488.79,approved
6292,6292,2025-12-03 20:00:00,3347.98,approved
6293,6293,2025-09-29 04:00:00,1564.84,approved
6294,6294,2025-12-11 01:00:00,1754.93,approved
6295,6295,2025-09-27 23:00:00,2739.61,approved
6296,6296,2025-03-22 12:00:00,1011.25,failed
6297,6297,2025-04-10 13:00:00,1034.4,approved
6298,6298,2025-12-15 11:00:00,2718.04,approved
6299,6299,2025-09-15 09:00:00,467.46,approved
6300,6300,2025-04-21 09:00:00,2883.92,approved
6301,6301,2025-05-24 05:00:00,2195.61,approved
6302,6302,2025-07-08 03:00:00,1896.01,approved
6303,6303,2025-04-27 23:00:00,817.3,approved
6304,6304,2025-04-29 18:00:00,2756.56,approved
6305,6305,2025-06-02 04:00:00,2821.24,approved
6306,6306,2025-07-30 22:00:00,1700.64,approved
6307,6307,2025-02-21 09:00:00,1374.31,approved
6308,6308,2025-12-05 15:00:00,876.64,approved
6309,6309,2025-07-22 23:00:00,2644.73,pending
6310,6310,2025-04-22 17:00:00,2245.29,pending
6311,6311,2025-02-16 22:00:00,739.08,approved
6312,6312,2025-08-20 09:00:00,2784.75,approved
6313,6313,2025-05-25 18:00:00,3090.07,approved
6314,6314,2025-04-28 05:00:00,226.18,approved
6315,6315,2025-12-25 05:00:00,2708.02,approved
6316,6316,2025-03-12 15:00:00,2987.75,approved
6317,6317,2025-11-21 17:00:00,3470.45,approved
6318,6318,2025-12-30 12:00:00,846.85,approved
6319,6319,2025-04-07 19:00:00,1311.09,approved
6320,6320,2025-08-24 02:00:00,3382.35,approved
6321,6321,2025-08-09 04:00:00,347.17,approved
6322,6322,2025-08-22 11:00:00,1842.5,approved
6323,6323,2025-09-22 19:00:00,1783.47,failed
6324,6324,2025-06-15 19:00:00,2130.79,approved
6325,6325,2025-01-26 13:00:00,1171.16,approved
6326,6326,2025-12-29 00:00:00,3242.19,approved
6327,6327,2025-01-15 09:00:00,959.81,approved
6328,6328,2025-01-11 20:00:00,2280.94,approved
6329,6329,2025-07-20 21:00:00,1745.83,approved
6330,6330,2025-08-21 10:00:00,948.02,pending
6331,6331,2025-04-05 11:00:00,677.21,failed
6332,6332,2025-11-06 17:00:00,3348.84,approved
6333,6333,2025-03-02 12:00:00,1973.29,approved
6334,6334,2025-07-16 21:00:00,2122.58,approved
6335,6335,2025-06-04 19:00:00,2744.48,approved
6336,6336,2025-06-27 15:00:00,302.67,failed
6337,6337,2025-09-07 21:00:00,2503.9,approved
6338,6338,2025-05-04 11:00:00,594.69,approved
6339,6339,2025-05-12 04:00:00,2596.87,approved
6340,6340,2025-11-09 19:00:00,511.82,failed
6341,6341,2025-08-23 06:00:00,2917.08,approved
6342,6342,2025-01-31 08:00:00,2389.94,approved
6343,6343,2025-10-19 01:00:00,1362.9,approved
6344,6344,2025-02-08 17:00:00,1268.74,approved
6345,6345,2025-05-09 13:00:00,538.34,approved
6346,6346,2025-05-19 06:00:00,3166.11,approved
6347,6347,2025-02-28 02:00:00,432.48,approved
6348,6348,2025-06-15 06:00:00,1662.83,pending
6349,6349,2025-09-16 06:00:00,843.08,approved
6350,6350,2025-02-23 06:00:00,3487.22,approved
6351,6351,2025-04-22 14:00:00,2058.74,approved
6352,6352,2025-06-22 02:00:00,540.55,approved
6353,6353,2025-04-19 03:00:00,2343.12,pending
6354,6354,2025-01-27 18:00:00,3470.8,pending
6355,6355,2025-12-21 15:00:00,2125.55,approved
6356,6356,2025-04-23 23:00:00,1611.68,approved
6357,6357,2025-03-02 18:00:00,1040.58,approved
6358,6358,2025-12-12 07:00:00,340.59,approved
6359,6359,2025-11-01 05:00:00,814.3,approved
6360,6360,2025-08-21 00:00:00,1946.6,approved
6361,6361,2025-04-10 09:00:00,2643.17,approved
6362,6362,2025-04-19 04:00:00,3075.2,approved
6363,6363,2025-06-24 12:00:00,2782.12,approved
6364,6364,2025-10-24 16:00:00,456.62,approved
6365,6365,2025-10-14 16:00:00,2711.64,failed
6366,6366,2025-01-07 17:00:00,2043.98,approved
6367,6367,2025-03-24 10:00:00,1652.49,approved
6368,6368,2025-06-09 21:00:00,2013.22,approved
6369,6369,2025-05-09 18:00:00,48.1,failed
6370,6370,2025-11-23 17:00:00,255.7,approved
6371,6371,2025-08-04 12:00:00,1849.96,approved
6372,6372,2025-02-07 02:00:00,624.19,pending
6373,6373,2025-11-21 05:00:00,1918.48,approved
6374,6374,2025-03-30 19:00:00,1252.66,pending
6375,6375,2025-10-11 18:00:00,3177.79,approved
6376,6376,2025-07-16 16:00:00,3324.9,approved
6377,6377,2025-03-27 13:00:00,3429.65,approved
6378,6378,2025-07-09 04:00:00,3148.3,approved
6379,6379,2025-11-10 09:00:00,3450.9,approved
6380,6380,2025-02-05 05:00:00,2477.39,approved
6381,6381,2025-11-08 13:00:00,3362.69,pending
6382,6382,2025-11-22 05:00:00,2253.44,approved
6383,6383,2025-05-12 00:00:00,2836.07,approved
6384,6384,2025-03-24 10:00:00,479.05,approved
6385,6385,2025-02-13 12:00:00,2395.45,approved
6386,6386,2025-07-22 13:00:00,3260.24,approved
6387,6387,2025-04-02 04:00:00,1899.37,approved
6388,6388,2025-08-10 03:00:00,670.13,approved
6389,6389,2025-05-16 04:00:00,1853.57,approved
6390,6390,2025-12-19 04:00:00,2480.15,approved
6391,6391,2025-07-04 13:00:00,2698.86,approved
6392,6392,2025-12-11 23:00:00,1842.48,approved
6393,6393,2025-06-02 17:00:00,776.44,approved
6394,6394,2025-05-31 17:00:00,3244.88,approved
6395,6395,2025-03-26 02:00:00,2712.19,approved
6396,6396,2025-04-03 11:00:00,962.0,approved
6397,6397,2025-12-21 08:00:00,2845.11,approved
6398,6398,2025-11-30 19:00:00,1230.56,approved
6399,6399,2025-03-14 17:00:00,1107.26,approved
6400,6400,2025-03-07 16:00:00,3023.51,approved
6401,6401,2025-04-26 10:00:00,3058.86,failed
6402,6402,2025-05-31 01:00:00,1406.72,approved
6403,6403,2025-07-06 04:00:00,51.05,approved
6404,6404,2025-01-20 10:00:00,669.25,approved
6405,6405,2025-04-16 22:00:00,3184.35,approved
6406,6406,2025-11-03 02:00:00,3147.65,approved
6407,6407,2025-08-31 09:00:00,1597.64,approved
6408,6408,2025-09-16 17:00:00,1078.33,approved
6409,6409,2025-09-01 08:00:00,1073.56,approved
6410,6410,2025-10-19 02:00:00,3142.24,approved
6411,6411,2025-07-30 10:00:00,1150.07,approved
6412,6412,2025-04-11 17:00:00,1800.3,approved
6413,6413,2025-08-02 23:00:00,2563.92,approved
6414,6414,2025-08-08 09:00:00,748.99,approved
6415,6415,2025-04-04 22:00:00,903.36,approved
6416,6416,2025-08-06 14:00:00,1266.06,approved
6417,6417,2025-07-01 14:00:00,2296.7,approved
6418,6418,2025-05-22 19:00:00,2864.87,approved
6419,6419,2025-11-17 06:00:00,1922.54,approved
6420,6420,2025-03-27 03:00:00,482.59,pending
6421,6421,2025-03-04 03:00:00,1572.93,failed
6422,6422,2025-04-09 09:00:00,464.36,pending
6423,6423,2025-06-28 21:00:00,327.27,approved
6424,6424,2025-11-20 10:00:00,2071.87,approved
6425,6425,2025-04-29 01:00:00,3347.62,approved
6426,6426,2025-04-20 10:00:00,2934.89,approved
6427,6427,2025-11-15 20:00:00,2715.16,approved
6428,6428,2025-02-19 18:00:00,2550.15,approved
6429,6429,2025-06-19 04:00:00,3142.0,approved
6430,6430,2025-06-20 09:00:00,2639.87,approved
6431,6431,2025-01-22 12:00:00,2201.53,approved
6432,6432,2025-10-05 01:00:00,1289.09,approved
6433,6433,2025-01-21 13:00:00,371.28,approved
6434,6434,2025-07-16 19:00:00,1624.4,approved
6435,6435,2025-07-21 00:00:00,3238.25,approved
6436,6436,2025-03-03 13:00:00,2049.19,approved
6437,6437,2025-06-29 04:00:00,662.07,approved
6438,6438,2025-04-21 05:00:00,2278.6,approved
6439,6439,2025-09-07 11:00:00,1639.81,approved
6440,6440,2025-12-05 00:00:00,3261.2,approved
6441,6441,2025-10-28 07:00:00,580.07,approved
6442,6442,2025-07-05 10:00:00,2497.8,pending
6443,6443,2025-12-02 10:00:00,2391.98,approved
6444,6444,2025-07-14 22:00:00,3442.72,pending
6445,6445,2025-04-24 14:00:00,1985.89,approved
6446,6446,2025-04-20 07:00:00,3053.08,approved
6447,6447,2025-12-20 08:00:00,106.0,approved
6448,6448,2025-03-31 06:00:00,447.66,approved
6449,6449,2025-06-10 04:00:00,1223.87,approved
6450,6450,2025-07-17 17:00:00,2175.26,approved
6451,6451,2025-07-02 21:00:00,1582.8,approved
6452,6452,2025-12-30 16:00:00,725.38,approved
6453,6453,2025-06-21 12:00:00,2070.43,approved
6454,6454,2025-04-24 20:00:00,1992.11,approved
6455,6455,2025-12-25 19:00:00,1845.08,approved
6456,6456,2025-03-08 03:00:00,335.14,approved
6457,6457,2025-09-20 03:00:00,3246.05,approved
6458,6458,2025-09-16 23:00:00,2081.05,approved
6459,6459,2025-06-24 03:00:00,938.69,failed
6460,6460,2025-10-19 07:00:00,2412.22,approved
6461,6461,2025-02-28 02:00:00,1126.32,approved
6462,6462,2025-06-07 18:00:00,1780.38,approved
6463,6463,2025-08-08 08:00:00,1207.14,approved
6464,6464,2025-08-11 05:00:00,3083.77,pending
6465,6465,2025-09-06 00:00:00,3479.05,approved
6466,6466,2025-05-02 23:00:00,580.91,approved
6467,6467,2025-09-12 21:00:00,102.05,approved
6468,6468,2025-10-28 07:00:00,783.24,approved
6469,6469,2025-04-23 07:00:00,2073.03,approved
6470,6470,2025-07-04 03:00:00,625.35,approved
6471,6471,2025-08-25 15:00:00,2843.97,approved
6472,6472,2025-08-18 04:00:00,1442.17,approved
6473,6473,2025-03-20 16:00:00,2144.65,approved
6474,6474,2025-07-08 08:00:00,1605.55,approved
6475,6475,2025-02-28 18:00:00,3163.58,approved
6476,6476,2025-07-25 00:00:00,142.27,approved
6477,6477,2025-03-26 21:00:00,2557.97,approved
6478,6478,2025-07-08 00:00:00,2289.56,failed
6479,6479,2025-09-16 10:00:00,2280.31,approved
6480,6480,2025-01-02 20:00:00,1460.68,approved
6481,6481,2025-10-27 08:00:00,74.55,approved
6482,6482,2025-12-31 08:00:00,2418.56,approved
6483,6483,2025-12-23 16:00:00,2906.56,approved
6484,6484,2025-08-29 03:00:00,316.6,approved
6485,6485,2025-12-11 08:00:00,1556.83,approved
6486,6486,2025-07-06 07:00:00,585.83,pending
6487,6487,2025-08-02 03:00:00,2146.06,approved
6488,6488,2025-04-15 16:00:00,2753.9,approved
6489,6489,2025-08-21 13:00:00,2340.14,approved
6490,6490,2025-11-03 22:00:00,1126.85,pending
6491,6491,2025-04-29 10:00:00,506.27,approved
6492,6492,2025-10-06 21:00:00,2784.05,approved
6493,6493,2025-05-01 02:00:00,1147.23,approved
6494,6494,2025-11-15 12:00:00,97.05,approved
6495,6495,2025-12-12 09:00:00,2008.55,approved
6496,6496,2025-02-08 02:00:00,878.44,approved
6497,6497,2025-10-25 17:00:00,2947.4,approved
6498,6498,2025-06-24 02:00:00,518.53,approved
6499,6499,2025-01-09 01:00:00,1533.11,approved
6500,6500,2025-12-11 22:00:00,900.89,approved
6501,6501,2025-03-20 02:00:00,2419.81,approved
6502,6502,2025-05-01 20:00:00,1928.89,approved
6503,6503,2025-05-09 07:00:00,2772.64,approved
6504,6504,2025-01-21 21:00:00,1615.97,approved
6505,6505,2025-04-29 21:00:00,36.73,approved
6506,6506,2025-10-16 04:00:00,768.88,approved
6507,6507,2025-08-02 23:00:00,3497.07,approved
6508,6508,2025-12-02 21:00:00,1430.6,approved
6509,6509,2025-11-27 21:00:00,2178.42,pending
6510,6510,2025-05-09 20:00:00,3169.16,approved
6511,6511,2025-12-04 19:00:00,91.42,approved
6512,6512,2025-11-26 11:00:00,2315.43,approved
6513,6513,2025-03-07 06:00:00,1023.55,approved
6514,6514,2025-02-24 01:00:00,991.78,approved
6515,6515,2025-10-03 12:00:00,802.48,approved
6516,6516,2025-04-12 03:00:00,2883.1,approved
6517,6517,2025-02-23 18:00:00,1317.86,approved
6518,6518,2025-10-13 10:00:00,253.57,approved
6519,6519,2025-05-04 19:00:00,357.04,approved
6520,6520,2025-08-12 03:00:00,537.18,approved
6521,6521,2025-07-16 21:00:00,3148.27,pending
6522,6522,2025-05-10 22:00:00,1507.5,approved
6523,6523,2025-09-07 00:00:00,3207.85,approved
6524,6524,2025-04-25 11:00:00,2864.83,approved
6525,6525,2025-02-27 10:00:00,2935.83,approved
6526,6526,2025-04-06 16:00:00,1018.17,approved
6527,6527,2025-10-31 12:00:00,964.17,approved
6528,6528,2025-04-07 20:00:00,1969.04,approved
6529,6529,2025-09-24 05:00:00,1474.38,approved
6530,6530,2025-05-23 02:00:00,1791.53,approved
6531,6531,2025-10-12 02:00:00,205.15,approved
6532,6532,2025-04-30 13:00:00,3401.13,approved
6533,6533,2025-05-04 23:00:00,222.43,approved
6534,6534,2025-08-26 14:00:00,642.33,approved
6535,6535,2025-09-06 00:00:00,2380.14,approved
6536,6536,2025-05-15 05:00:00,561.15,approved
6537,6537,2025-10-07 13:00:00,391.91,approved
6538,6538,2025-07-08 01:00:00,554.6,approved
6539,6539,2025-05-15 09:00:00,235.48,approved
6540,6540,2025-04-17 18:00:00,894.59,approved
6541,6541,2025-12-20 21:00:00,963.5,approved
6542,6542,2025-02-20 09:00:00,1755.2,approved
6543,6543,2025-02-09 16:00:00,1546.75,failed
6544,6544,2025-03-07 10:00:00,1668.52,approved
6545,6545,2025-12-19 09:00:00,2163.82,approved
6546,6546,2025-09-30 20:00:00,823.75,approved
6547,6547,2025-01-03 16:00:00,488.77,approved
6548,6548,2025-10-29 20:00:00,3078.5,approved
6549,6549,2025-11-23 13:00:00,2226.12,approved
6550,6550,2025-11-07 23:00:00,231.11,approved
6551,6551,2025-04-23 04:00:00,3364.46,approved
6552,6552,2025-01-19 05:00:00,2431.88,approved
6553,6553,2025-06-10 11:00:00,547.93,approved
6554,6554,2025-05-10 17:00:00,3392.59,approved
6555,6555,2025-10-29 10:00:00,1291.62,pending
6556,6556,2025-02-24 23:00:00,3446.1,approved
6557,6557,2025-05-03 01:00:00,379.4,approved
6558,6558,2025-02-26 04:00:00,576.69,approved
6559,6559,2025-12-17 05:00:00,2307.82,approved
6560,6560,2025-06-22 06:00:00,97.06,approved
6561,6561,2025-05-21 11:00:00,85.04,approved
6562,6562,2025-12-21 20:00:00,2776.1,approved
6563,6563,2025-10-04 09:00:00,603.88,pending
6564,6564,2025-01-24 21:00:00,3217.39,approved
6565,6565,2025-07-05 02:00:00,1502.12,approved
6566,6566,2025-01-31 16:00:00,3060.31,approved
6567,6567,2025-09-09 00:00:00,1473.82,approved
6568,6568,2025-07-14 09:00:00,1865.2,approved
6569,6569,2025-02-13 00:00:00,1121.47,approved
6570,6570,2025-12-25 13:00:00,2310.11,approved
6571,6571,2025-03-23 22:00:00,1127.34,approved
6572,6572,2025-08-15 15:00:00,796.63,approved
6573,6573,2025-06-23 07:00:00,302.04,approved
6574,6574,2025-11-02 05:00:00,220.69,approved
6575,6575,2025-03-15 00:00:00,1084.79,approved
6576,6576,2025-05-08 21:00:00,2582.93,approved
6577,6577,2025-09-22 16:00:00,735.56,approved
6578,6578,2025-11-27 07:00:00,1061.31,approved
6579,6579,2025-08-18 17:00:00,3170.0,pending
6580,6580,2025-09-26 23:00:00,2244.27,approved
6581,6581,2025-05-18 19:00:00,3220.63,approved
6582,6582,2025-05-09 14:00:00,3191.07,approved
6583,6583,2025-04-24 04:00:00,240.67,approved
6584,6584,2025-12-28 22:00:00,3343.43,pending
6585,6585,2025-01-17 10:00:00,198.1,pending
6586,6586,2025-10-08 17:00:00,3241.15,approved
6587,6587,2025-07-15 06:00:00,1922.63,approved
6588,6588,2025-09-01 17:00:00,1875.5,approved
6589,6589,2025-06-24 20:00:00,2502.16,pending
6590,6590,2025-04-25 16:00:00,3079.66,approved
6591,6591,2025-05-10 12:00:00,2167.18,failed
6592,6592,2025-10-30 00:00:00,1500.39,approved
6593,6593,2025-09-15 23:00:00,409.37,approved
6594,6594,2025-05-20 13:00:00,2766.45,approved
6595,6595,2025-04-03 04:00:00,466.46,approved
6596,6596,2025-12-22 18:00:00,2547.75,approved
6597,6597,2025-01-21 23:00:00,1857.18,approved
6598,6598,2025-02-19 11:00:00,1362.71,approved
6599,6599,2025-02-11 03:00:00,2153.19,approved
6600,6600,2025-10-24 22:00:00,2707.8,approved
6601,6601,2025-05-20 11:00:00,3295.17,approved
6602,6602,2025-05-07 10:00:00,941.15,approved
6603,6603,2025-02-06 05:00:00,3316.01,approved
6604,6604,2025-12-25 22:00:00,3364.1,approved
6605,6605,2025-04-08 01:00:00,2851.43,approved
6606,6606,2025-10-25 21:00:00,3087.4,approved
6607,6607,2025-12-27 08:00:00,2429.65,approved
6608,6608,2025-05-23 13:00:00,156.06,approved
6609,6609,2025-01-22 07:00:00,2021.27,approved
6610,6610,2025-07-02 02:00:00,2620.27,approved
6611,6611,2025-04-16 20:00:00,3297.13,approved
6612,6612,2025-06-08 08:00:00,2005.17,approved
6613,6613,2025-02-16 16:00:00,2783.82,approved
6614,6614,2025-02-26 12:00:00,2473.53,approved
6615,6615,2025-11-03 22:00:00,997.19,approved
6616,6616,2025-08-05 00:00:00,558.45,failed
6617,6617,2025-11-26 01:00:00,2633.15,approved
6618,6618,2025-11-26 01:00:00,833.51,pending
6619,6619,2025-07-12 08:00:00,871.53,approved
6620,6620,2025-07-13 14:00:00,2260.93,approved
6621,6621,2025-04-01 18:00:00,2765.96,approved
6622,6622,2025-10-18 02:00:00,2046.52,pending
6623,6623,2025-08-22 07:00:00,3099.74,approved
6624,6624,2025-12-22 07:00:00,755.82,approved
6625,6625,2025-04-01 11:00:00,898.4,approved
6626,6626,2025-07-19 20:00:00,2236.61,approved
6627,6627,2025-06-25 12:00:00,2906.2,approved
6628,6628,2025-11-14 16:00:00,1896.94,approved
6629,6629,2025-03-20 01:00:00,56.13,approved
6630,6630,2025-01-20 04:00:00,2375.76,pending
6631,6631,2025-07-14 19:00:00,2851.27,pending
6632,6632,2025-03-27 10:00:00,982.37,approved
6633,6633,2025-12-17 13:00:00,208.61,pending
6634,6634,2025-02-18 09:00:00,1822.47,approved
6635,6635,2025-12-21 00:00:00,166.7,approved
6636,6636,2025-10-06 03:00:00,1467.74,approved
6637,6637,2025-04-15 23:00:00,82.01,failed
6638,6638,2025-06-26 00:00:00,802.88,approved
6639,6639,2025-11-08 05:00:00,1373.1,approved
6640,6640,2025-03-14 03:00:00,408.74,approved
6641,6641,2025-05-16 17:00:00,417.26,approved
6642,6642,2025-03-09 06:00:00,2898.17,failed
6643,6643,2025-11-09 17:00:00,164.16,approved
6644,6644,2025-07-04 03:00:00,2417.6,approved
6645,6645,2025-02-25 09:00:00,2854.4,approved
6646,6646,2025-03-19 08:00:00,474.91,approved
6647,6647,2025-09-15 00:00:00,699.89,approved
6648,6648,2025-08-30 23:00:00,2252.4,approved
6649,6649,2025-09-13 13:00:00,1118.45,approved
6650,6650,2025-10-21 03:00:00,1677.95,approved
6651,6651,2025-07-25 12:00:00,2929.29,approved
6652,6652,2025-06-21 21:00:00,500.18,approved
6653,6653,2025-07-14 11:00:00,2176.39,pending
6654,6654,2025-04-18 11:00:00,3299.54,approved
6655,6655,2025-04-05 04:00:00,219.98,approved
6656,6656,2025-02-08 06:00:00,228.82,approved
6657,6657,2025-06-01 03:00:00,1950.5,approved
6658,6658,2025-07-06 00:00:00,3361.06,approved
6659,6659,2025-10-03 15:00:00,787.25,approved
6660,6660,2025-09-15 15:00:00,1171.16,approved
6661,6661,2025-04-04 15:00:00,363.29,approved
6662,6662,2025-06-26 20:00:00,1280.62,approved
6663,6663,2025-07-19 23:00:00,174.28,approved
6664,6664,2025-03-15 08:00:00,1374.05,approved
6665,6665,2025-07-29 18:00:00,1953.1,approved
6666,6666,2025-11-16 11:00:00,3413.02,approved
6667,6667,2025-02-10 10:00:00,2867.99,approved
6668,6668,2025-11-18 13:00:00,2880.79,approved
6669,6669,2025-03-07 17:00:00,813.94,failed
6670,6670,2025-07-09 14:00:00,323.58,approved
6671,6671,2025-10-07 18:00:00,2118.7,approved
6672,6672,2025-10-25 14:00:00,1833.56,approved
6673,6673,2025-04-11 23:00:00,1817.43,approved
6674,6674,2025-03-21 19:00:00,399.35,approved
6675,6675,2025-02-26 17:00:00,1738.72,pending
6676,6676,2025-09-10 20:00:00,543.24,approved
6677,6677,2025-11-15 15:00:00,1488.96,pending
6678,6678,2025-04-02 04:00:00,236.33,approved
6679,6679,2025-11-11 18:00:00,3001.99,approved
6680,6680,2025-07-17 10:00:00,65.87,approved
6681,6681,2025-10-27 21:00:00,3288.84,approved
6682,6682,2025-10-17 05:00:00,3022.86,approved
6683,6683,2025-09-10 05:00:00,2639.08,failed
6684,6684,2025-07-17 17:00:00,3439.28,approved
6685,6685,2025-06-29 14:00:00,207.29,approved
6686,6686,2025-03-13 20:00:00,2252.76,pending
6687,6687,2025-02-15 14:00:00,2975.57,approved
6688,6688,2025-01-24 22:00:00,460.63,approved
6689,6689,2025-09-24 22:00:00,2055.02,failed
6690,6690,2025-04-06 00:00:00,1390.85,approved
6691,6691,2025-03-16 16:00:00,1536.68,failed
6692,6692,2025-03-09 01:00:00,3195.58,approved
6693,6693,2025-10-07 09:00:00,1894.51,approved
6694,6694,2025-03-15 02:00:00,344.55,approved
6695,6695,2025-11-07 14:00:00,3281.51,approved
6696,6696,2025-08-25 12:00:00,664.53,pending
6697,6697,2025-10-04 09:00:00,3126.38,approved
6698,6698,2025-10-06 00:00:00,3398.8,approved
6699,6699,2025-07-27 18:00:00,3074.87,approved
6700,6700,2025-05-12 16:00:00,2376.43,approved
6701,6701,2025-08-08 02:00:00,2607.56,approved
6702,6702,2025-01-21 21:00:00,2455.54,approved
6703,6703,2025-05-31 00:00:00,1622.62,approved
6704,6704,2025-06-11 05:00:00,974.98,approved
6705,6705,2025-02-18 08:00:00,1011.81,approved
6706,6706,2025-01-09 16:00:00,2564.46,approved
6707,6707,2025-06-17 19:00:00,2198.61,approved
6708,6708,2025-09-29 13:00:00,2055.4,pending
6709,6709,2025-11-14 14:00:00,2291.08,approved
6710,6710,2025-09-30 08:00:00,2716.26,approved
6711,6711,2025-07-17 19:00:00,2624.23,approved
6712,6712,2025-07-06 16:00:00,386.78,approved
6713,6713,2025-11-21 19:00:00,1283.36,approved
6714,6714,2025-07-04 17:00:00,938.61,approved
6715,6715,2025-01-04 09:00:00,1893.07,approved
6716,6716,2025-04-14 10:00:00,233.73,approved
6717,6717,2025-07-22 19:00:00,2673.37,approved
6718,6718,2025-09-07 00:00:00,390.72,pending
6719,6719,2025-03-16 01:00:00,964.48,approved
6720,6720,2025-06-05 15:00:00,2743.94,pending
6721,6721,2025-12-22 20:00:00,199.43,approved
6722,6722,2025-10-21 19:00:00,2317.5,failed
6723,6723,2025-12-17 21:00:00,3237.18,approved
6724,6724,2025-03-02 09:00:00,2169.38,approved
6725,6725,2025-04-04 03:00:00,2500.05,approved
6726,6726,2025-10-21 21:00:00,2777.09,approved
6727,6727,2025-12-29 01:00:00,793.42,approved
6728,6728,2025-07-20 16:00:00,2041.75,approved
6729,6729,2025-11-06 10:00:00,1095.52,pending
6730,6730,2025-04-25 13:00:00,888.24,approved
6731,6731,2025-02-06 04:00:00,689.75,approved
6732,6732,2025-07-29 18:00:00,2057.3,approved
6733,6733,2025-10-14 21:00:00,2784.97,failed
6734,6734,2025-06-16 12:00:00,3068.09,approved
6735,6735,2025-02-08 15:00:00,1511.48,failed
6736,6736,2025-02-14 01:00:00,1317.69,approved
6737,6737,2025-04-01 16:00:00,2411.83,approved
6738,6738,2025-01-23 09:00:00,2735.65,approved
6739,6739,2025-06-03 13:00:00,901.55,pending
6740,6740,2025-09-20 18:00:00,1054.57,approved
6741,6741,2025-04-30 21:00:00,1876.21,approved
6742,6742,2025-01-14 05:00:00,1566.46,approved
6743,6743,2025-02-18 18:00:00,2476.14,approved
6744,6744,2025-01-09 07:00:00,1775.61,approved
6745,6745,2025-10-29 00:00:00,408.36,approved
6746,6746,2025-04-19 11:00:00,597.52,approved
6747,6747,2025-11-07 11:00:00,3158.64,approved
6748,6748,2025-02-25 16:00:00,811.35,approved
6749,6749,2025-10-20 08:00:00,194.3,approved
6750,6750,2025-01-11 06:00:00,2565.46,approved
6751,6751,2025-02-17 15:00:00,2400.36,approved
6752,6752,2025-03-15 23:00:00,2108.26,approved
6753,6753,2025-02-26 00:00:00,1767.85,approved
6754,6754,2025-07-22 04:00:00,3394.14,approved
6755,6755,2025-12-12 23:00:00,437.02,approved
6756,6756,2025-02-18 21:00:00,1795.37,approved
6757,6757,2025-07-23 23:00:00,1982.88,approved
6758,6758,2025-09-06 13:00:00,98.28,approved
6759,6759,2025-10-21 18:00:00,1453.73,approved
6760,6760,2025-05-13 17:00:00,2744.15,approved
6761,6761,2025-03-20 08:00:00,1659.42,approved
6762,6762,2025-10-12 07:00:00,3065.97,approved
6763,6763,2025-03-02 03:00:00,2263.9,approved
6764,6764,2025-11-05 22:00:00,2685.98,approved
6765,6765,2025-09-02 20:00:00,2819.59,approved
6766,6766,2025-02-01 22:00:00,2419.46,approved
6767,6767,2025-10-04 04:00:00,2627.84,approved
6768,6768,2025-08-08 07:00:00,2439.68,approved
6769,6769,2025-07-05 12:00:00,1935.61,failed
6770,6770,2025-01-10 08:00:00,1991.53,pending
6771,6771,2025-11-25 13:00:00,680.8,approved
6772,6772,2025-01-17 11:00:00,2899.49,approved
6773,6773,2025-08-03 00:00:00,1106.24,approved
6774,6774,2025-11-20 03:00:00,1884.36,approved
6775,6775,2025-06-07 03:00:00,888.42,approved
6776,6776,2025-02-24 20:00:00,2441.61,approved
6777,6777,2025-06-22 05:00:00,3413.59,approved
6778,6778,2025-03-01 22:00:00,2810.75,approved
6779,6779,2025-04-29 02:00:00,2174.45,approved
6780,6780,2025-04-18 21:00:00,1994.92,approved
6781,6781,2025-02-05 22:00:00,1724.4,approved
6782,6782,2025-07-30 22:00:00,733.3,approved
6783,6783,2025-11-02 02:00:00,1231.07,approved
6784,6784,2025-09-03 23:00:00,1434.25,approved
6785,6785,2025-09-21 13:00:00,3307.1,approved
6786,6786,2025-12-19 14:00:00,1501.03,approved
6787,6787,2025-05-17 20:00:00,2059.94,approved
6788,6788,2025-03-11 23:00:00,3230.04,approved
6789,6789,2025-07-12 01:00:00,1824.12,approved
6790,6790,2025-06-08 07:00:00,895.05,approved
6791,6791,2025-06-30 20:00:00,1345.9,approved
6792,6792,2025-11-23 08:00:00,1326.88,approved
6793,6793,2025-05-22 04:00:00,2507.22,approved
6794,6794,2025-06-30 18:00:00,1050.5,pending
6795,6795,2025-07-12 16:00:00,2561.4,approved
6796,6796,2025-02-12 18:00:00,3114.56,approved
6797,6797,2025-07-20 15:00:00,1189.53,approved
6798,6798,2025-02-20 23:00:00,490.99,approved
6799,6799,2025-04-03 07:00:00,2242.17,approved
6800,6800,2025-12-08 01:00:00,1275.77,approved
6801,6801,2025-07-15 23:00:00,1878.27,approved
6802,6802,2025-10-17 17:00:00,2226.9,approved
6803,6803,2025-02-28 03:00:00,1438.95,approved
6804,6804,2025-02-05 03:00:00,3237.94,approved
6805,6805,2025-08-01 06:00:00,1410.66,approved
6806,6806,2025-02-27 09:00:00,1089.66,approved
6807,6807,2025-12-25 11:00:00,3102.15,approved
6808,6808,2025-09-12 07:00:00,494.33,approved
6809,6809,2025-11-20 20:00:00,452.25,approved
6810,6810,2025-07-09 16:00:00,3276.23,approved
6811,6811,2025-12-15 15:00:00,747.21,approved
6812,6812,2025-09-19 06:00:00,536.56,approved
6813,6813,2025-02-11 12:00:00,1882.39,approved
6814,6814,2025-06-28 20:00:00,182.82,approved
6815,6815,2025-01-13 21:00:00,2177.65,approved
6816,6816,2025-11-09 19:00:00,1596.2,approved
6817,6817,2025-07-11 20:00:00,2248.63,approved
6818,6818,2025-06-26 04:00:00,1008.1,approved
6819,6819,2025-10-02 21:00:00,3171.04,approved
6820,6820,2025-04-11 00:00:00,961.62,approved
6821,6821,2025-05-14 07:00:00,2238.73,approved
6822,6822,2025-04-29 23:00:00,3308.92,approved
6823,6823,2025-04-29 13:00:00,1414.82,approved
6824,6824,2025-11-08 22:00:00,581.76,approved
6825,6825,2025-09-07 15:00:00,257.97,approved
6826,6826,2025-06-03 12:00:00,3371.3,approved
6827,6827,2025-08-22 07:00:00,2677.68,approved
6828,6828,2025-07-24 12:00:00,3217.95,approved
6829,6829,2025-03-10 20:00:00,2451.94,approved
6830,6830,2025-08-05 02:00:00,1211.72,approved
6831,6831,2025-12-07 10:00:00,448.1,approved
6832,6832,2025-07-12 12:00:00,3253.99,approved
6833,6833,2025-02-27 16:00:00,1723.87,approved
6834,6834,2025-12-05 00:00:00,1399.85,approved
6835,6835,2025-12-25 14:00:00,2030.72,approved
6836,6836,2025-09-13 15:00:00,390.83,failed
6837,6837,2025-04-30 00:00:00,1096.03,approved
6838,6838,2025-07-24 20:00:00,2239.81,approved
6839,6839,2025-06-16 07:00:00,368.43,approved
6840,6840,2025-03-21 08:00:00,490.64,approved
6841,6841,2025-09-21 22:00:00,1796.85,approved
6842,6842,2025-07-25 15:00:00,2189.63,approved
6843,6843,2025-08-14 14:00:00,670.77,approved
6844,6844,2025-06-10 21:00:00,135.13,approved
6845,6845,2025-05-21 22:00:00,3355.12,approved
6846,6846,2025-04-26 23:00:00,115.67,approved
6847,6847,2025-02-07 05:00:00,27.14,approved
6848,6848,2025-06-13 23:00:00,1145.23,approved
6849,6849,2025-05-16 23:00:00,794.14,approved
6850,6850,2025-12-10 04:00:00,2016.08,approved
6851,6851,2025-03-05 11:00:00,3131.85,approved
6852,6852,2025-09-17 08:00:00,1694.25,approved
6853,6853,2025-12-24 15:00:00,2711.09,approved
6854,6854,2025-10-27 05:00:00,3184.11,approved
6855,6855,2025-02-27 05:00:00,679.11,approved
6856,6856,2025-01-09 11:00:00,1719.32,approved
6857,6857,2025-06-15 13:00:00,2254.4,approved
6858,6858,2025-09-18 19:00:00,1174.95,approved
6859,6859,2025-07-20 01:00:00,2594.34,approved
6860,6860,2025-09-30 21:00:00,2474.5,approved
6861,6861,2025-10-20 02:00:00,1485.41,approved
6862,6862,2025-04-04 20:00:00,326.08,approved
6863,6863,2025-05-05 02:00:00,60.26,approved
6864,6864,2025-05-28 21:00:00,1305.34,approved
6865,6865,2025-11-15 01:00:00,305.6,approved
6866,6866,2025-02-23 03:00:00,2740.05,approved
6867,6867,2025-05-02 06:00:00,1183.45,approved
6868,6868,2025-12-08 19:00:00,2338.02,approved
6869,6869,2025-06-18 04:00:00,1225.4,approved
6870,6870,2025-08-28 05:00:00,2789.87,approved
6871,6871,2025-09-07 10:00:00,3111.68,approved
6872,6872,2025-01-12 01:00:00,2934.55,approved
6873,6873,2025-01-29 02:00:00,1705.97,approved
6874,6874,2025-09-19 20:00:00,312.15,approved
6875,6875,2025-12-15 02:00:00,1313.55,approved
6876,6876,2025-10-04 02:00:00,1497.11,approved
6877,6877,2025-04-04 05:00:00,3361.68,approved
6878,6878,2025-01-15 01:00:00,1987.93,approved
6879,6879,2025-11-12 00:00:00,2250.14,approved
6880,6880,2025-12-31 05:00:00,2741.37,approved
6881,6881,2025-06-08 01:00:00,1997.34,approved
6882,6882,2025-02-03 22:00:00,2102.73,approved
6883,6883,2025-09-20 06:00:00,873.74,approved
6884,6884,2025-03-04 22:00:00,224.86,approved
6885,6885,2025-01-12 06:00:00,2530.42,approved
6886,6886,2025-05-13 17:00:00,2973.42,approved
6887,6887,2025-10-11 08:00:00,1453.76,approved
6888,6888,2025-03-28 19:00:00,1930.22,approved
6889,6889,2025-08-10 17:00:00,1089.35,approved
6890,6890,2025-05-07 02:00:00,1586.77,approved
6891,6891,2025-02-15 04:00:00,746.94,approved
6892,6892,2025-08-26 08:00:00,2664.41,approved
6893,6893,2025-12-03 01:00:00,1731.85,approved
6894,6894,2025-03-13 20:00:00,1924.1,approved
6895,6895,2025-06-15 14:00:00,149.07,approved
6896,6896,2025-03-03 18:00:00,2185.95,approved
6897,6897,2025-12-13 06:00:00,725.24,approved
6898,6898,2025-01-27 07:00:00,1354.21,approved
6899,6899,2025-04-28 00:00:00,1456.25,approved
6900,6900,2025-09-23 17:00:00,1581.59,approved
6901,6901,2025-08-18 21:00:00,811.48,approved
6902,6902,2025-04-27 06:00:00,2978.38,approved
6903,6903,2025-06-19 18:00:00,1508.92,approved
6904,6904,2025-06-08 19:00:00,2150.23,approved
6905,6905,2025-07-15 18:00:00,2156.5,approved
6906,6906,2025-04-11 18:00:00,2132.31,approved
6907,6907,2025-07-20 23:00:00,1966.43,pending
6908,6908,2025-03-12 19:00:00,2882.74,approved
6909,6909,2025-12-02 18:00:00,2847.91,approved
6910,6910,2025-01-01 09:00:00,1471.66,approved
6911,6911,2025-05-18 17:00:00,2232.74,approved
6912,6912,2025-08-05 15:00:00,377.85,approved
6913,6913,2025-07-08 19:00:00,335.89,pending
6914,6914,2025-06-29 00:00:00,1690.11,approved
6915,6915,2025-10-01 01:00:00,3152.71,approved
6916,6916,2025-08-23 19:00:00,2282.0,approved
6917,6917,2025-05-27 11:00:00,2348.87,approved
6918,6918,2025-04-27 21:00:00,568.7,pending
6919,6919,2025-12-20 01:00:00,1597.5,approved
6920,6920,2025-04-07 00:00:00,1414.75,approved
6921,6921,2025-02-03 14:00:00,2744.76,approved
6922,6922,2025-05-29 03:00:00,499.63,pending
6923,6923,2025-11-04 22:00:00,1896.38,approved
6924,6924,2025-08-16 05:00:00,3191.5,approved
6925,6925,2025-11-19 04:00:00,3125.76,approved
6926,6926,2025-04-13 14:00:00,2986.13,approved
6927,6927,2025-08-07 13:00:00,1324.95,approved
6928,6928,2025-08-20 17:00:00,3295.03,approved
6929,6929,2025-09-21 06:00:00,2822.45,approved
6930,6930,2025-11-08 14:00:00,2981.97,approved
6931,6931,2025-04-06 08:00:00,3264.59,approved
6932,6932,2025-03-21 15:00:00,3280.76,approved
6933,6933,2025-02-04 22:00:00,855.43,approved
6934,6934,2025-05-06 20:00:00,464.35,approved
6935,6935,2025-08-04 09:00:00,2424.24,approved
6936,6936,2025-02-22 10:00:00,1979.98,approved
6937,6937,2025-01-18 07:00:00,1159.44,failed
6938,6938,2025-03-02 10:00:00,2401.88,failed
6939,6939,2025-04-28 03:00:00,235.75,approved
6940,6940,2025-10-04 11:00:00,184.28,approved
6941,6941,2025-04-13 01:00:00,1253.0,approved
6942,6942,2025-10-03 15:00:00,694.59,pending
6943,6943,2025-01-22 03:00:00,2520.58,pending
6944,6944,2025-08-15 20:00:00,3319.12,approved
6945,6945,2025-04-11 01:00:00,2322.46,approved
6946,6946,2025-12-16 19:00:00,2298.65,approved
6947,6947,2025-07-16 15:00:00,42.95,approved
6948,6948,2025-07-16 06:00:00,1802.72,approved
6949,6949,2025-08-14 22:00:00,2863.51,pending
6950,6950,2025-11-22 06:00:00,2296.34,approved
6951,6951,2025-06-21 17:00:00,812.68,approved
6952,6952,2025-06-10 16:00:00,2972.69,approved
6953,6953,2025-05-27 06:00:00,3376.03,approved
6954,6954,2025-01-09 19:00:00,990.9,approved
6955,6955,2025-03-18 16:00:00,740.69,approved
6956,6956,2025-06-10 00:00:00,1198.07,pending
6957,6957,2025-10-07 03:00:00,239.79,approved
6958,6958,2025-09-27 14:00:00,3059.55,approved
6959,6959,2025-09-11 11:00:00,3253.96,approved
6960,6960,2025-04-14 19:00:00,2223.89,approved
6961,6961,2025-06-27 00:00:00,2679.89,approved
6962,6962,2025-04-03 10:00:00,2346.9,pending
6963,6963,2025-12-13 00:00:00,1333.19,approved
6964,6964,2025-11-10 00:00:00,2219.51,failed
6965,6965,2025-03-27 07:00:00,2930.39,approved
6966,6966,2025-12-18 00:00:00,2838.48,approved
6967,6967,2025-01-15 09:00:00,302.08,approved
6968,6968,2025-11-22 05:00:00,1629.85,approved
6969,6969,2025-12-01 04:00:00,1402.68,approved
6970,6970,2025-04-18 07:00:00,2636.99,approved
6971,6971,2025-12-11 11:00:00,1764.79,pending
6972,6972,2025-10-02 09:00:00,1236.96,approved
6973,6973,2025-12-03 20:00:00,2478.1,approved
6974,6974,2025-07-25 12:00:00,1668.05,approved
6975,6975,2025-06-08 01:00:00,913.05,approved
6976,6976,2025-09-04 03:00:00,3118.65,approved
6977,6977,2025-04-06 12:00:00,413.41,approved
6978,6978,2025-08-15 07:00:00,82.95,approved
6979,6979,2025-07-22 02:00:00,520.81,approved
6980,6980,2025-07-13 05:00:00,589.48,approved
6981,6981,2025-03-07 00:00:00,1892.39,approved
6982,6982,2025-09-30 21:00:00,2194.53,approved
6983,6983,2025-12-31 22:00:00,1581.17,approved
6984,6984,2025-11-29 16:00:00,730.52,approved
6985,6985,2025-05-06 01:00:00,480.02,approved
6986,6986,2025-01-14 13:00:00,1732.69,approved
6987,6987,2025-05-09 22:00:00,1987.88,approved
6988,6988,2025-07-13 10:00:00,1077.79,approved
6989,6989,2025-07-18 02:00:00,787.13,approved
6990,6990,2025-06-24 17:00:00,300.46,approved
6991,6991,2025-04-27 18:00:00,111.33,approved
6992,6992,2025-02-26 02:00:00,387.96,failed
6993,6993,2025-11-11 17:00:00,2602.44,approved
6994,6994,2025-07-19 17:00:00,1217.18,approved
6995,6995,2025-04-24 19:00:00,115.42,pending
6996,6996,2025-03-26 13:00:00,1788.42,approved
6997,6997,2025-04-01 21:00:00,1885.51,pending
6998,6998,2025-09-20 10:00:00,1511.84,approved
6999,6999,2025-09-06 01:00:00,405.18,approved
7000,7000,2025-08-21 12:00:00,2647.29,approved
7001,7001,2025-09-18 12:00:00,2418.0,approved
7002,7002,2025-12-19 22:00:00,1393.66,approved
7003,7003,2025-12-05 04:00:00,1345.24,approved
7004,7004,2025-10-08 18:00:00,562.65,approved
7005,7005,2025-10-02 12:00:00,2642.35,approved
7006,7006,2025-11-06 03:00:00,2106.52,failed
7007,7007,2025-03-09 03:00:00,318.56,approved
7008,7008,2025-01-24 08:00:00,1335.66,approved
7009,7009,2025-01-16 15:00:00,3164.39,approved
7010,7010,2025-07-23 12:00:00,1594.26,failed
7011,7011,2025-09-05 19:00:00,1150.75,approved
7012,7012,2025-07-04 01:00:00,2260.37,approved
7013,7013,2025-04-09 21:00:00,726.34,approved
7014,7014,2025-02-26 23:00:00,1842.84,approved
7015,7015,2025-11-11 14:00:00,2349.94,pending
7016,7016,2025-04-29 04:00:00,2994.98,approved
7017,7017,2025-06-29 09:00:00,2429.91,approved
7018,7018,2025-03-14 16:00:00,1357.75,approved
7019,7019,2025-12-23 18:00:00,2691.94,approved
7020,7020,2025-06-12 01:00:00,3146.43,approved
7021,7021,2025-05-27 06:00:00,1682.62,approved
7022,7022,2025-02-17 11:00:00,35.66,approved
7023,7023,2025-04-15 19:00:00,3085.59,approved
7024,7024,2025-10-20 06:00:00,595.74,approved
7025,7025,2025-09-16 10:00:00,459.61,approved
7026,7026,2025-04-12 04:00:00,1090.72,approved
7027,7027,2025-05-21 19:00:00,1342.34,pending
7028,7028,2025-01-20 18:00:00,2801.83,approved
7029,7029,2025-03-17 05:00:00,1374.36,approved
7030,7030,2025-01-02 10:00:00,189.9,pending
7031,7031,2025-08-07 11:00:00,2233.15,approved
7032,7032,2025-07-28 20:00:00,2355.85,approved
7033,7033,2025-04-26 06:00:00,2853.49,approved
7034,7034,2025-08-23 10:00:00,1408.05,approved
7035,7035,2025-08-01 13:00:00,319.53,approved
7036,7036,2025-04-17 03:00:00,1944.66,approved
7037,7037,2025-09-03 12:00:00,441.07,approved
7038,7038,2025-06-24 07:00:00,79.42,approved
7039,7039,2025-06-12 06:00:00,2729.47,approved
7040,7040,2025-05-22 13:00:00,1423.87,approved
7041,7041,2025-08-09 17:00:00,1847.02,approved
7042,7042,2025-01-05 13:00:00,2326.72,approved
7043,7043,2025-06-26 19:00:00,1415.58,approved
7044,7044,2025-08-28 11:00:00,197.94,approved
7045,7045,2025-01-02 14:00:00,899.55,approved
7046,7046,2025-05-19 11:00:00,696.31,approved
7047,7047,2025-12-31 22:00:00,3421.33,approved
7048,7048,2025-09-29 21:00:00,2593.48,approved
7049,7049,2025-12-14 16:00:00,1591.39,approved
7050,7050,2025-12-26 17:00:00,240.52,approved
7051,7051,2025-11-21 21:00:00,423.16,approved
7052,7052,2025-08-08 11:00:00,2848.89,approved
7053,7053,2025-08-23 13:00:00,3310.16,approved
7054,7054,2025-04-05 23:00:00,129.1,approved
7055,7055,2025-05-24 15:00:00,3188.18,approved
7056,7056,2025-04-24 00:00:00,1344.36,pending
7057,7057,2025-07-23 22:00:00,763.44,approved
7058,7058,2025-07-04 15:00:00,375.77,approved
7059,7059,2025-06-23 10:00:00,2705.69,approved
7060,7060,2025-08-25 08:00:00,1651.81,approved
7061,7061,2025-06-07 22:00:00,2916.83,approved
7062,7062,2025-04-04 06:00:00,807.03,approved
7063,7063,2025-01-05 03:00:00,2381.42,approved
7064,7064,2025-10-31 05:00:00,431.06,approved
7065,7065,2025-04-24 03:00:00,332.33,approved
7066,7066,2025-05-27 20:00:00,484.23,approved
7067,7067,2025-05-12 07:00:00,2834.98,approved
7068,7068,2025-12-26 10:00:00,2301.56,approved
7069,7069,2025-09-12 02:00:00,597.55,approved
7070,7070,2025-08-22 21:00:00,1359.01,approved
7071,7071,2025-09-23 16:00:00,2677.63,approved
7072,7072,2025-12-10 18:00:00,1014.15,approved
7073,7073,2025-06-23 14:00:00,3226.0,approved
7074,7074,2025-08-27 16:00:00,3202.82,approved
7075,7075,2025-02-24 01:00:00,1944.09,approved
7076,7076,2025-06-22 14:00:00,2219.27,approved
7077,7077,2025-10-09 20:00:00,2293.2,approved
7078,7078,2025-09-04 03:00:00,919.47,approved
7079,7079,2025-08-03 10:00:00,1291.32,approved
7080,7080,2025-11-12 15:00:00,493.08,approved
7081,7081,2025-11-01 03:00:00,3238.55,approved
7082,7082,2025-06-24 10:00:00,2539.0,approved
7083,7083,2025-04-05 04:00:00,181.32,approved
7084,7084,2025-06-22 20:00:00,1931.87,approved
7085,7085,2025-12-11 02:00:00,1213.9,approved
7086,7086,2025-11-30 21:00:00,2857.2,approved
7087,7087,2025-12-18 19:00:00,1216.42,approved
7088,7088,2025-07-06 11:00:00,2261.64,approved
7089,7089,2025-08-15 10:00:00,596.78,approved
7090,7090,2025-05-20 17:00:00,1964.47,approved
7091,7091,2025-10-16 16:00:00,1042.72,approved
7092,7092,2025-03-24 12:00:00,593.81,approved
7093,7093,2025-02-06 04:00:00,2175.02,approved
7094,7094,2025-08-12 17:00:00,2242.47,approved
7095,7095,2025-09-27 02:00:00,3442.07,approved
7096,7096,2025-04-02 00:00:00,2348.49,approved
7097,7097,2025-08-31 23:00:00,1814.67,approved
7098,7098,2025-06-19 13:00:00,3195.92,approved
7099,7099,2025-03-02 17:00:00,2902.42,approved
7100,7100,2025-10-23 22:00:00,1929.64,approved
7101,7101,2025-04-16 06:00:00,1799.49,approved
7102,7102,2025-06-14 14:00:00,3298.05,approved
7103,7103,2025-03-05 03:00:00,2167.6,approved
7104,7104,2025-01-22 00:00:00,2503.95,approved
7105,7105,2025-04-12 12:00:00,321.64,failed
7106,7106,2025-02-24 08:00:00,2519.7,approved
7107,7107,2025-05-29 06:00:00,941.09,approved
7108,7108,2025-06-05 22:00:00,422.07,approved
7109,7109,2025-08-27 14:00:00,2976.84,pending
7110,7110,2025-08-05 02:00:00,2425.34,approved
7111,7111,2025-01-22 05:00:00,1438.32,approved
7112,7112,2025-05-11 17:00:00,1521.33,approved
7113,7113,2025-04-07 07:00:00,705.97,approved
7114,7114,2025-11-13 11:00:00,53.24,approved
7115,7115,2025-12-25 12:00:00,1235.77,approved
7116,7116,2025-10-11 07:00:00,536.48,approved
7117,7117,2025-09-27 21:00:00,1487.61,approved
7118,7118,2025-08-09 11:00:00,2921.71,approved
7119,7119,2025-04-17 21:00:00,419.35,approved
7120,7120,2025-01-04 03:00:00,339.3,approved
7121,7121,2025-04-13 18:00:00,3159.32,approved
7122,7122,2025-08-08 18:00:00,2613.09,approved
7123,7123,2025-09-11 13:00:00,204.68,approved
7124,7124,2025-09-01 19:00:00,296.91,approved
7125,7125,2025-07-20 16:00:00,2403.54,approved
7126,7126,2025-11-15 11:00:00,1308.8,approved
7127,7127,2025-09-02 13:00:00,2540.12,approved
7128,7128,2025-11-15 00:00:00,1427.5,failed
7129,7129,2025-03-10 20:00:00,3387.9,approved
7130,7130,2025-09-20 03:00:00,2436.57,approved
7131,7131,2025-04-19 19:00:00,182.22,approved
7132,7132,2025-04-05 09:00:00,1170.15,approved
7133,7133,2025-07-28 13:00:00,1981.35,approved
7134,7134,2025-12-12 10:00:00,513.72,failed
7135,7135,2025-09-26 01:00:00,28.77,approved
7136,7136,2025-05-25 23:00:00,295.99,approved
7137,7137,2025-12-09 03:00:00,1844.44,approved
7138,7138,2025-02-19 09:00:00,2220.25,approved
7139,7139,2025-11-27 11:00:00,343.3,approved
7140,7140,2025-09-12 10:00:00,2334.74,approved
7141,7141,2025-11-22 00:00:00,2167.59,approved
7142,7142,2025-01-01 11:00:00,3290.84,approved
7143,7143,2025-03-31 10:00:00,2945.55,approved
7144,7144,2025-03-09 04:00:00,3302.48,approved
7145,7145,2025-05-22 11:00:00,3382.05,approved
7146,7146,2025-04-20 01:00:00,1554.01,approved
7147,7147,2025-04-10 09:00:00,1717.93,approved
7148,7148,2025-07-29 11:00:00,1000.04,approved
7149,7149,2025-12-15 05:00:00,1789.34,approved
7150,7150,2025-04-02 09:00:00,544.49,approved
7151,7151,2025-04-02 23:00:00,2356.58,approved
7152,7152,2025-05-20 21:00:00,106.77,approved
7153,7153,2025-04-08 11:00:00,839.98,approved
7154,7154,2025-03-04 15:00:00,744.09,approved
7155,7155,2025-10-03 16:00:00,3283.85,approved
7156,7156,2025-07-16 06:00:00,524.26,failed
7157,7157,2025-12-23 20:00:00,3119.9,approved
7158,7158,2025-04-17 19:00:00,452.77,approved
7159,7159,2025-11-13 09:00:00,2284.43,approved
7160,7160,2025-09-06 13:00:00,1133.2,approved
7161,7161,2025-08-14 18:00:00,1119.69,approved
7162,7162,2025-01-08 06:00:00,3493.98,failed
7163,7163,2025-11-05 16:00:00,806.63,approved
7164,7164,2025-01-07 15:00:00,724.91,approved
7165,7165,2025-06-22 10:00:00,2070.88,approved
7166,7166,2025-05-17 06:00:00,2597.82,pending
7167,7167,2025-08-11 02:00:00,3439.12,approved
7168,7168,2025-07-14 14:00:00,2460.92,approved
7169,7169,2025-04-05 17:00:00,1975.31,approved
7170,7170,2025-12-28 10:00:00,1443.78,approved
7171,7171,2025-09-18 16:00:00,2090.99,approved
7172,7172,2025-08-12 01:00:00,2110.91,pending
7173,7173,2025-12-10 09:00:00,777.64,approved
7174,7174,2025-03-22 15:00:00,2355.81,approved
7175,7175,2025-05-24 16:00:00,731.39,approved
7176,7176,2025-05-29 13:00:00,1725.04,pending
7177,7177,2025-11-26 13:00:00,924.35,approved
7178,7178,2025-01-06 02:00:00,1108.55,approved
7179,7179,2025-12-04 22:00:00,2156.29,approved
7180,7180,2025-02-16 06:00:00,244.41,approved
7181,7181,2025-06-12 07:00:00,61.88,approved
7182,7182,2025-12-20 02:00:00,474.56,approved
7183,7183,2025-01-26 18:00:00,607.1,approved
7184,7184,2025-01-25 06:00:00,708.6,approved
7185,7185,2025-10-14 18:00:00,2713.28,approved
7186,7186,2025-02-22 17:00:00,1575.07,approved
7187,7187,2025-11-11 02:00:00,1655.38,pending
7188,7188,2025-04-07 10:00:00,2262.28,approved
7189,7189,2025-05-18 09:00:00,2557.3,approved
7190,7190,2025-09-10 14:00:00,32.21,approved
7191,7191,2025-04-19 05:00:00,3001.4,approved
7192,7192,2025-02-14 18:00:00,3459.75,approved
7193,7193,2025-08-18 17:00:00,443.89,approved
7194,7194,2025-12-25 02:00:00,2285.76,approved
7195,7195,2025-02-12 06:00:00,28.4,approved
7196,7196,2025-09-16 13:00:00,190.62,approved
7197,7197,2025-12-24 08:00:00,1011.8,pending
7198,7198,2025-10-11 01:00:00,2965.49,approved
7199,7199,2025-11-26 04:00:00,2290.7,approved
7200,7200,2025-05-11 22:00:00,1571.46,approved
7201,7201,2025-05-28 03:00:00,1546.32,approved
7202,7202,2025-10-30 00:00:00,1641.87,approved
7203,7203,2025-11-16 12:00:00,1102.4,approved
7204,7204,2025-11-05 09:00:00,3074.45,approved
7205,7205,2025-06-11 02:00:00,1996.18,failed
7206,7206,2025-11-15 06:00:00,1704.15,failed
7207,7207,2025-09-04 07:00:00,1638.47,approved
7208,7208,2025-11-05 07:00:00,3276.68,approved
7209,7209,2025-04-19 21:00:00,2538.34,approved
7210,7210,2025-01-14 17:00:00,523.95,approved
7211,7211,2025-10-30 00:00:00,1540.66,approved
7212,7212,2025-06-20 23:00:00,1023.54,approved
7213,7213,2025-12-30 16:00:00,3454.3,approved
7214,7214,2025-12-04 20:00:00,1465.58,pending
7215,7215,2025-08-21 10:00:00,256.19,approved
7216,7216,2025-04-01 10:00:00,1451.02,failed
7217,7217,2025-04-17 18:00:00,1138.3,approved
7218,7218,2025-03-05 19:00:00,2106.55,approved
7219,7219,2025-01-07 05:00:00,806.75,approved
7220,7220,2025-12-15 07:00:00,145.19,failed
7221,7221,2025-08-06 20:00:00,353.66,failed
7222,7222,2025-05-01 18:00:00,1005.35,approved
7223,7223,2025-01-26 00:00:00,1232.16,approved
7224,7224,2025-10-16 04:00:00,2923.89,approved
7225,7225,2025-09-07 23:00:00,959.84,approved
7226,7226,2025-07-27 06:00:00,129.6,approved
7227,7227,2025-09-04 00:00:00,2736.95,approved
7228,7228,2025-10-17 13:00:00,3043.83,failed
7229,7229,2025-11-12 00:00:00,1733.23,approved
7230,7230,2025-12-07 12:00:00,1011.55,approved
7231,7231,2025-04-17 15:00:00,2707.05,approved
7232,7232,2025-10-30 19:00:00,50.97,approved
7233,7233,2025-07-02 22:00:00,3235.62,approved
7234,7234,2025-04-16 02:00:00,3032.05,approved
7235,7235,2025-07-05 15:00:00,1916.02,approved
7236,7236,2025-02-12 00:00:00,985.98,approved
7237,7237,2025-12-14 22:00:00,134.3,approved
7238,7238,2025-03-25 22:00:00,3499.39,approved
7239,7239,2025-04-10 15:00:00,2672.02,approved
7240,7240,2025-02-08 08:00:00,1198.71,failed
7241,7241,2025-01-11 02:00:00,87.07,approved
7242,7242,2025-01-25 15:00:00,2244.74,approved
7243,7243,2025-01-14 06:00:00,3454.43,approved
7244,7244,2025-09-09 10:00:00,2480.61,approved
7245,7245,2025-10-22 01:00:00,311.33,approved
7246,7246,2025-07-17 11:00:00,1419.93,approved
7247,7247,2025-04-09 16:00:00,399.96,approved
7248,7248,2025-12-19 22:00:00,3194.32,approved
7249,7249,2025-07-19 18:00:00,1169.84,approved
7250,7250,2025-05-15 04:00:00,2572.15,approved
7251,7251,2025-03-18 01:00:00,314.72,pending
7252,7252,2025-06-30 06:00:00,466.88,approved
7253,7253,2025-01-14 23:00:00,2384.62,approved
7254,7254,2025-10-27 17:00:00,2955.31,approved
7255,7255,2025-12-04 02:00:00,721.05,approved
7256,7256,2025-09-11 04:00:00,1475.81,approved
7257,7257,2025-06-05 15:00:00,2175.57,approved
7258,7258,2025-02-24 22:00:00,2791.04,approved
7259,7259,2025-12-08 07:00:00,2206.12,approved
7260,7260,2025-09-25 17:00:00,352.08,approved
7261,7261,2025-05-17 22:00:00,1909.01,pending
7262,7262,2025-02-21 09:00:00,3098.43,approved
7263,7263,2025-07-09 18:00:00,3040.72,approved
7264,7264,2025-05-10 11:00:00,2055.85,approved
7265,7265,2025-03-19 00:00:00,3485.02,approved
7266,7266,2025-09-04 00:00:00,385.83,approved
7267,7267,2025-01-27 11:00:00,1685.51,approved
7268,7268,2025-03-16 06:00:00,2717.43,approved
7269,7269,2025-12-17 22:00:00,510.81,approved
7270,7270,2025-12-17 06:00:00,3405.17,approved
7271,7271,2025-12-15 10:00:00,1252.08,approved
7272,7272,2025-10-07 09:00:00,1238.49,approved
7273,7273,2025-10-04 22:00:00,761.92,approved
7274,7274,2025-12-16 08:00:00,1022.3,approved
7275,7275,2025-06-20 20:00:00,2030.01,pending
7276,7276,2025-01-08 13:00:00,1514.15,approved
7277,7277,2025-10-09 17:00:00,692.96,approved
7278,7278,2025-06-03 05:00:00,2835.81,approved
7279,7279,2025-02-07 17:00:00,236.59,approved
7280,7280,2025-03-11 10:00:00,2924.59,pending
7281,7281,2025-02-14 23:00:00,976.79,approved
7282,7282,2025-06-02 08:00:00,1745.74,approved
7283,7283,2025-11-12 08:00:00,1346.1,approved
7284,7284,2025-07-16 02:00:00,2005.7,approved
7285,7285,2025-08-28 15:00:00,2790.05,approved
7286,7286,2025-06-20 23:00:00,3462.83,approved
7287,7287,2025-10-01 07:00:00,1085.09,failed
7288,7288,2025-05-09 16:00:00,1947.24,approved
7289,7289,2025-12-12 13:00:00,1641.71,approved
7290,7290,2025-03-24 07:00:00,3496.27,pending
7291,7291,2025-09-18 19:00:00,2835.02,approved
7292,7292,2025-08-19 21:00:00,1401.85,pending
7293,7293,2025-10-06 22:00:00,1679.54,approved
7294,7294,2025-08-27 18:00:00,875.93,approved
7295,7295,2025-02-23 20:00:00,2648.26,pending
7296,7296,2025-02-08 20:00:00,2961.34,approved
7297,7297,2025-04-08 21:00:00,3378.15,approved
7298,7298,2025-01-19 19:00:00,1989.08,approved
7299,7299,2025-06-06 16:00:00,2353.98,approved
7300,7300,2025-10-27 07:00:00,1572.28,approved
7301,7301,2025-05-15 12:00:00,2139.77,approved
7302,7302,2025-09-30 19:00:00,1233.65,approved
7303,7303,2025-12-14 13:00:00,2587.16,approved
7304,7304,2025-02-11 02:00:00,99.0,approved
7305,7305,2025-07-05 04:00:00,119.03,approved
7306,7306,2025-10-10 14:00:00,2512.1,approved
7307,7307,2025-01-17 04:00:00,3258.78,approved
7308,7308,2025-04-23 14:00:00,2220.23,approved
7309,7309,2025-07-04 04:00:00,2548.32,approved
7310,7310,2025-10-08 12:00:00,2887.29,approved
7311,7311,2025-01-17 08:00:00,1278.63,approved
7312,7312,2025-06-17 18:00:00,396.24,approved
7313,7313,2025-09-01 15:00:00,3267.16,approved
7314,7314,2025-02-05 06:00:00,3286.23,approved
7315,7315,2025-09-29 04:00:00,1557.61,approved
7316,7316,2025-06-22 20:00:00,775.75,approved
7317,7317,2025-10-09 10:00:00,3125.39,approved
7318,7318,2025-10-17 11:00:00,2485.32,approved
7319,7319,2025-06-03 18:00:00,48.63,approved
7320,7320,2025-07-02 22:00:00,394.86,failed
7321,7321,2025-03-15 13:00:00,3441.53,approved
7322,7322,2025-05-26 09:00:00,152.69,approved
7323,7323,2025-07-31 05:00:00,1003.29,approved
7324,7324,2025-04-16 04:00:00,1928.77,approved
7325,7325,2025-02-18 10:00:00,661.56,approved
7326,7326,2025-10-08 05:00:00,827.55,approved
7327,7327,2025-03-01 03:00:00,1248.33,approved
7328,7328,2025-06-22 07:00:00,958.05,approved
7329,7329,2025-01-01 17:00:00,2815.68,approved
7330,7330,2025-05-20 00:00:00,1760.96,approved
7331,7331,2025-02-24 00:00:00,989.6,approved
7332,7332,2025-02-13 12:00:00,1109.57,pending
7333,7333,2025-08-06 17:00:00,158.73,approved
7334,7334,2025-01-02 06:00:00,191.88,approved
7335,7335,2025-08-22 12:00:00,2518.32,approved
7336,7336,2025-02-05 04:00:00,412.93,approved
7337,7337,2025-02-05 04:00:00,1675.77,approved
7338,7338,2025-09-16 10:00:00,2951.43,approved
7339,7339,2025-07-15 09:00:00,1302.22,approved
7340,7340,2025-09-04 07:00:00,1223.22,approved
7341,7341,2025-04-14 13:00:00,3058.21,approved
7342,7342,2025-05-30 12:00:00,3029.68,approved
7343,7343,2025-11-26 03:00:00,3082.88,approved
7344,7344,2025-09-02 12:00:00,2010.26,approved
7345,7345,2025-02-24 17:00:00,3334.02,approved
7346,7346,2025-11-20 10:00:00,2869.99,approved
7347,7347,2025-12-29 08:00:00,1466.41,approved
7348,7348,2025-02-03 01:00:00,2210.85,approved
7349,7349,2025-09-02 22:00:00,443.83,approved
7350,7350,2025-10-16 15:00:00,1938.64,approved
7351,7351,2025-03-24 18:00:00,935.76,approved
7352,7352,2025-03-15 02:00:00,1006.74,approved
7353,7353,2025-05-18 02:00:00,457.5,approved
7354,7354,2025-07-29 00:00:00,1266.53,approved
7355,7355,2025-02-12 15:00:00,1695.24,approved
7356,7356,2025-12-20 02:00:00,2109.23,approved
7357,7357,2025-02-04 21:00:00,1080.95,approved
7358,7358,2025-07-21 01:00:00,2777.02,approved
7359,7359,2025-10-15 01:00:00,1832.94,approved
7360,7360,2025-06-18 18:00:00,2240.42,approved
7361,7361,2025-12-30 17:00:00,987.94,approved
7362,7362,2025-08-29 17:00:00,2853.19,approved
7363,7363,2025-09-16 14:00:00,2192.48,pending
7364,7364,2025-06-11 20:00:00,3020.97,approved
7365,7365,2025-08-05 04:00:00,576.63,approved
7366,7366,2025-07-17 02:00:00,1344.71,approved
7367,7367,2025-05-20 05:00:00,413.3,approved
7368,7368,2025-12-16 12:00:00,770.04,approved
7369,7369,2025-03-25 21:00:00,1393.03,approved
7370,7370,2025-02-15 00:00:00,3133.15,approved
7371,7371,2025-08-15 19:00:00,1958.5,approved
7372,7372,2025-04-26 00:00:00,1169.72,approved
7373,7373,2025-12-30 16:00:00,2619.21,approved
7374,7374,2025-10-08 16:00:00,88.5,approved
7375,7375,2025-07-02 07:00:00,1307.92,approved
7376,7376,2025-05-16 16:00:00,2110.89,approved
7377,7377,2025-09-10 15:00:00,2049.67,pending
7378,7378,2025-05-05 20:00:00,2134.3,approved
7379,7379,2025-07-31 03:00:00,756.02,approved
7380,7380,2025-09-10 17:00:00,1193.04,failed
7381,7381,2025-10-19 19:00:00,3261.85,failed
7382,7382,2025-06-01 20:00:00,3409.43,approved
7383,7383,2025-05-10 17:00:00,1105.89,approved
7384,7384,2025-08-18 03:00:00,2262.87,failed
7385,7385,2025-04-12 13:00:00,859.71,approved
7386,7386,2025-01-11 18:00:00,1302.48,approved
7387,7387,2025-05-31 15:00:00,2777.32,pending
7388,7388,2025-08-31 22:00:00,1764.1,pending
7389,7389,2025-01-16 14:00:00,2976.57,approved
7390,7390,2025-10-10 10:00:00,2208.02,approved
7391,7391,2025-10-17 13:00:00,2208.65,approved
7392,7392,2025-02-15 15:00:00,137.9,approved
7393,7393,2025-07-31 07:00:00,2628.85,approved
7394,7394,2025-06-12 20:00:00,3422.98,approved
7395,7395,2025-04-07 01:00:00,1666.14,approved
7396,7396,2025-01-12 02:00:00,571.86,approved
7397,7397,2025-09-04 14:00:00,3419.88,approved
7398,7398,2025-10-09 23:00:00,1029.64,approved
7399,7399,2025-09-05 05:00:00,1444.01,approved
7400,7400,2025-12-30 14:00:00,289.24,approved
7401,7401,2025-12-31 05:00:00,405.71,approved
7402,7402,2025-07-09 15:00:00,773.65,approved
7403,7403,2025-07-17 05:00:00,1928.66,approved
7404,7404,2025-02-10 07:00:00,1961.11,approved
7405,7405,2025-04-08 13:00:00,2129.73,approved
7406,7406,2025-12-11 21:00:00,2051.68,approved
7407,7407,2025-12-13 07:00:00,1743.42,approved
7408,7408,2025-04-26 08:00:00,2811.3,failed
7409,7409,2025-08-06 06:00:00,3269.97,approved
7410,7410,2025-02-05 16:00:00,958.77,approved
7411,7411,2025-12-05 02:00:00,473.07,approved
7412,7412,2025-06-27 16:00:00,1499.3,approved
7413,7413,2025-02-25 17:00:00,111.95,approved
7414,7414,2025-10-07 06:00:00,3093.95,approved
7415,7415,2025-04-08 01:00:00,854.18,failed
7416,7416,2025-05-22 07:00:00,1931.55,pending
7417,7417,2025-08-18 23:00:00,420.53,approved
7418,7418,2025-06-22 17:00:00,1945.34,approved
7419,7419,2025-06-20 03:00:00,155.7,approved
7420,7420,2025-05-08 07:00:00,2695.45,approved
7421,7421,2025-10-19 02:00:00,3344.87,approved
7422,7422,2025-05-12 07:00:00,1088.28,approved
7423,7423,2025-10-01 00:00:00,918.59,approved
7424,7424,2025-07-06 04:00:00,1579.02,pending
7425,7425,2025-07-11 10:00:00,2177.51,pending
7426,7426,2025-12-17 03:00:00,677.59,approved
7427,7427,2025-11-21 07:00:00,2815.51,approved
7428,7428,2025-01-04 18:00:00,710.9,approved
7429,7429,2025-05-29 00:00:00,39.05,approved
7430,7430,2025-01-03 16:00:00,1844.39,approved
7431,7431,2025-07-27 23:00:00,420.72,approved
7432,7432,2025-09-02 08:00:00,2449.87,pending
7433,7433,2025-10-14 04:00:00,602.8,approved
7434,7434,2025-09-21 07:00:00,2864.48,approved
7435,7435,2025-09-22 15:00:00,1656.88,approved
7436,7436,2025-05-25 09:00:00,1990.65,approved
7437,7437,2025-07-10 14:00:00,669.32,approved
7438,7438,2025-01-05 11:00:00,530.47,approved
7439,7439,2025-08-07 12:00:00,2216.9,approved
7440,7440,2025-01-13 12:00:00,909.0,approved
7441,7441,2025-03-06 19:00:00,1363.02,approved
7442,7442,2025-04-09 20:00:00,1688.48,approved
7443,7443,2025-01-07 05:00:00,819.12,approved
7444,7444,2025-05-18 08:00:00,2788.07,approved
7445,7445,2025-11-24 07:00:00,3289.2,approved
7446,7446,2025-05-15 02:00:00,1522.99,approved
7447,7447,2025-05-29 11:00:00,3213.07,approved
7448,7448,2025-10-09 05:00:00,3091.74,approved
7449,7449,2025-09-26 05:00:00,597.84,approved
7450,7450,2025-03-05 13:00:00,623.37,approved
7451,7451,2025-05-13 08:00:00,1681.37,approved
7452,7452,2025-08-05 14:00:00,1849.98,approved
7453,7453,2025-08-09 07:00:00,1207.13,approved
7454,7454,2025-08-08 04:00:00,1108.97,pending
7455,7455,2025-11-19 02:00:00,1521.16,approved
7456,7456,2025-05-29 06:00:00,2422.87,approved
7457,7457,2025-04-10 04:00:00,313.69,approved
7458,7458,2025-07-26 11:00:00,2492.83,approved
7459,7459,2025-11-17 04:00:00,3243.32,approved
7460,7460,2025-11-15 00:00:00,2677.0,approved
7461,7461,2025-11-06 18:00:00,687.04,approved
7462,7462,2025-01-04 14:00:00,324.43,approved
7463,7463,2025-07-10 13:00:00,1726.52,approved
7464,7464,2025-06-14 05:00:00,3348.29,approved
7465,7465,2025-05-11 22:00:00,2870.33,approved
7466,7466,2025-11-27 14:00:00,1978.31,approved
7467,7467,2025-06-16 09:00:00,517.58,approved
7468,7468,2025-08-27 20:00:00,2504.15,approved
7469,7469,2025-05-19 20:00:00,2849.23,approved
7470,7470,2025-02-18 03:00:00,3274.04,approved
7471,7471,2025-06-22 20:00:00,2150.16,approved
7472,7472,2025-05-06 06:00:00,1810.34,approved
7473,7473,2025-10-18 11:00:00,2174.75,approved
7474,7474,2025-06-21 11:00:00,3302.52,approved
7475,7475,2025-08-27 18:00:00,2205.88,approved
7476,7476,2025-03-01 07:00:00,916.42,approved
7477,7477,2025-12-05 12:00:00,2233.81,approved
7478,7478,2025-10-21 22:00:00,3081.51,pending
7479,7479,2025-05-09 21:00:00,1993.17,approved
7480,7480,2025-07-10 07:00:00,1769.39,approved
7481,7481,2025-05-25 10:00:00,2572.12,approved
7482,7482,2025-02-18 00:00:00,2320.24,approved
7483,7483,2025-03-05 09:00:00,217.27,approved
7484,7484,2025-06-24 04:00:00,2544.08,approved
7485,7485,2025-12-28 00:00:00,1438.27,approved
7486,7486,2025-01-24 08:00:00,3294.33,approved
7487,7487,2025-08-10 17:00:00,3398.39,approved
7488,7488,2025-06-28 17:00:00,1581.61,approved
7489,7489,2025-03-15 01:00:00,3391.41,approved
7490,7490,2025-10-09 22:00:00,1101.66,approved
7491,7491,2025-05-19 23:00:00,2395.6,approved
7492,7492,2025-06-30 17:00:00,281.19,approved
7493,7493,2025-02-13 04:00:00,524.56,approved
7494,7494,2025-05-09 18:00:00,3028.55,approved
7495,7495,2025-12-16 23:00:00,3130.37,approved
7496,7496,2025-08-20 11:00:00,1873.49,approved
7497,7497,2025-06-12 19:00:00,1202.41,pending
7498,7498,2025-08-15 04:00:00,1589.56,approved
7499,7499,2025-05-27 16:00:00,3046.29,pending
7500,7500,2025-02-19 08:00:00,754.26,approved
7501,7501,2025-09-20 06:00:00,1046.15,approved
7502,7502,2025-03-07 18:00:00,2753.34,approved
7503,7503,2025-10-16 09:00:00,3274.74,approved
7504,7504,2025-03-26 15:00:00,343.39,approved
7505,7505,2025-01-14 23:00:00,2817.13,pending
7506,7506,2025-10-06 14:00:00,2264.84,approved
7507,7507,2025-01-25 08:00:00,823.08,pending
7508,7508,2025-01-17 20:00:00,2650.24,approved
7509,7509,2025-12-17 23:00:00,2553.15,approved
7510,7510,2025-03-12 20:00:00,514.26,approved
7511,7511,2025-03-15 09:00:00,1767.83,approved
7512,7512,2025-05-30 23:00:00,2658.85,approved
7513,7513,2025-06-02 21:00:00,686.57,approved
7514,7514,2025-06-20 00:00:00,1630.43,approved
7515,7515,2025-03-25 08:00:00,440.18,approved
7516,7516,2025-02-01 01:00:00,1087.79,approved
7517,7517,2025-07-15 09:00:00,778.45,approved
7518,7518,2025-12-31 18:00:00,1777.65,approved
7519,7519,2025-12-22 13:00:00,511.43,approved
7520,7520,2025-01-13 17:00:00,1353.36,failed
7521,7521,2025-02-06 02:00:00,977.57,approved
7522,7522,2025-09-22 22:00:00,2616.25,approved
7523,7523,2025-07-03 00:00:00,2454.85,approved
7524,7524,2025-01-03 03:00:00,350.36,approved
7525,7525,2025-01-14 08:00:00,3338.12,approved
7526,7526,2025-10-29 23:00:00,2611.5,approved
7527,7527,2025-02-20 14:00:00,2163.54,approved
7528,7528,2025-05-15 09:00:00,1682.4,approved
7529,7529,2025-08-25 10:00:00,639.17,approved
7530,7530,2025-08-12 04:00:00,3367.82,pending
7531,7531,2025-02-02 11:00:00,47.35,approved
7532,7532,2025-03-28 07:00:00,2429.83,approved
7533,7533,2025-01-06 17:00:00,1785.91,approved
7534,7534,2025-10-21 01:00:00,3160.98,pending
7535,7535,2025-11-08 00:00:00,1344.83,pending
7536,7536,2025-07-08 03:00:00,1824.88,pending
7537,7537,2025-05-30 03:00:00,2603.34,approved
7538,7538,2025-01-29 08:00:00,185.53,approved
7539,7539,2025-03-28 19:00:00,209.57,approved
7540,7540,2025-12-15 15:00:00,756.62,approved
7541,7541,2025-05-01 19:00:00,529.56,approved
7542,7542,2025-01-12 18:00:00,42.42,approved
7543,7543,2025-07-08 06:00:00,2188.0,approved
7544,7544,2025-02-14 05:00:00,2789.86,approved
7545,7545,2025-05-31 13:00:00,3350.76,approved
7546,7546,2025-05-15 12:00:00,1554.33,approved
7547,7547,2025-01-04 03:00:00,993.43,approved
7548,7548,2025-07-29 21:00:00,3026.38,approved
7549,7549,2025-03-05 09:00:00,2958.5,approved
7550,7550,2025-11-27 01:00:00,2194.45,approved
7551,7551,2025-06-02 21:00:00,970.56,approved
7552,7552,2025-09-27 09:00:00,3181.64,approved
7553,7553,2025-11-23 19:00:00,640.84,approved
7554,7554,2025-09-01 08:00:00,171.89,approved
7555,7555,2025-01-10 07:00:00,2792.23,approved
7556,7556,2025-09-10 07:00:00,1981.53,approved
7557,7557,2025-06-15 02:00:00,877.71,approved
7558,7558,2025-04-03 06:00:00,2354.72,pending
7559,7559,2025-12-10 16:00:00,2688.17,approved
7560,7560,2025-11-09 09:00:00,2959.02,approved
7561,7561,2025-06-24 05:00:00,1001.8,approved
7562,7562,2025-08-22 03:00:00,109.04,approved
7563,7563,2025-11-09 16:00:00,1794.94,approved
7564,7564,2025-08-17 09:00:00,2999.15,pending
7565,7565,2025-01-17 09:00:00,743.22,approved
7566,7566,2025-05-13 02:00:00,1485.52,approved
7567,7567,2025-07-17 05:00:00,912.34,approved
7568,7568,2025-02-01 09:00:00,66.5,approved
7569,7569,2025-07-20 18:00:00,3146.86,approved
7570,7570,2025-12-28 03:00:00,489.99,approved
7571,7571,2025-04-15 00:00:00,2688.35,approved
7572,7572,2025-09-30 22:00:00,1226.18,approved
7573,7573,2025-08-06 09:00:00,986.33,approved
7574,7574,2025-04-26 08:00:00,3294.78,approved
7575,7575,2025-09-22 03:00:00,2307.05,pending
7576,7576,2025-10-04 02:00:00,2410.49,approved
7577,7577,2025-09-01 19:00:00,2663.59,approved
7578,7578,2025-03-10 07:00:00,1206.45,approved
7579,7579,2025-01-01 17:00:00,1981.55,failed
7580,7580,2025-04-13 12:00:00,960.38,approved
7581,7581,2025-03-26 10:00:00,2924.2,approved
7582,7582,2025-07-16 23:00:00,2105.59,approved
7583,7583,2025-07-31 11:00:00,867.06,approved
7584,7584,2025-08-21 18:00:00,3151.16,approved
7585,7585,2025-08-07 06:00:00,2041.32,approved
7586,7586,2025-08-10 01:00:00,1742.71,approved
7587,7587,2025-08-04 22:00:00,140.02,approved
7588,7588,2025-04-11 00:00:00,3186.11,approved
7589,7589,2025-03-27 22:00:00,3333.91,approved
7590,7590,2025-05-12 09:00:00,1977.84,approved
7591,7591,2025-09-26 21:00:00,1559.95,approved
7592,7592,2025-12-14 06:00:00,1271.29,approved
7593,7593,2025-11-20 19:00:00,952.81,approved
7594,7594,2025-11-10 22:00:00,2019.36,approved
7595,7595,2025-12-27 04:00:00,465.77,approved
7596,7596,2025-09-05 06:00:00,3218.72,approved
7597,7597,2025-05-30 02:00:00,632.34,pending
7598,7598,2025-09-05 13:00:00,2614.39,approved
7599,7599,2025-09-02 05:00:00,1087.97,approved
7600,7600,2025-12-13 09:00:00,806.73,failed
7601,7601,2025-08-06 11:00:00,1961.38,failed
7602,7602,2025-09-02 08:00:00,2682.63,approved
7603,7603,2025-03-19 18:00:00,2549.04,failed
7604,7604,2025-09-03 04:00:00,833.47,approved
7605,7605,2025-04-06 13:00:00,1170.15,approved
7606,7606,2025-09-29 18:00:00,3043.54,approved
7607,7607,2025-05-28 04:00:00,2536.89,approved
7608,7608,2025-11-13 12:00:00,2500.17,approved
7609,7609,2025-09-12 01:00:00,955.79,approved
7610,7610,2025-05-16 19:00:00,2776.17,approved
7611,7611,2025-02-07 10:00:00,1267.29,approved
7612,7612,2025-02-14 12:00:00,1416.84,approved
7613,7613,2025-01-07 03:00:00,1020.71,approved
7614,7614,2025-04-09 08:00:00,442.44,approved
7615,7615,2025-07-17 16:00:00,1482.97,approved
7616,7616,2025-03-13 14:00:00,78.95,approved
7617,7617,2025-11-01 15:00:00,1606.57,approved
7618,7618,2025-09-18 13:00:00,2543.02,approved
7619,7619,2025-10-24 00:00:00,3363.39,pending
7620,7620,2025-02-07 11:00:00,293.57,pending
7621,7621,2025-02-02 18:00:00,998.89,approved
7622,7622,2025-12-31 12:00:00,1739.58,approved
7623,7623,2025-08-10 07:00:00,612.95,approved
7624,7624,2025-09-06 16:00:00,426.56,approved
7625,7625,2025-10-25 10:00:00,1594.07,approved
7626,7626,2025-02-14 22:00:00,2040.94,pending
7627,7627,2025-12-03 08:00:00,2874.32,failed
7628,7628,2025-08-29 23:00:00,3492.36,approved
7629,7629,2025-01-28 00:00:00,2714.46,approved
7630,7630,2025-07-27 02:00:00,790.26,approved
7631,7631,2025-05-15 23:00:00,2622.96,approved
7632,7632,2025-03-29 01:00:00,1889.29,approved
7633,7633,2025-03-29 13:00:00,1588.82,approved
7634,7634,2025-03-09 06:00:00,3276.34,approved
7635,7635,2025-11-08 15:00:00,2463.28,approved
7636,7636,2025-12-21 17:00:00,2392.29,approved
7637,7637,2025-05-05 21:00:00,60.91,approved
7638,7638,2025-12-15 21:00:00,3030.45,approved
7639,7639,2025-09-29 23:00:00,2780.69,approved
7640,7640,2025-10-03 17:00:00,1060.32,approved
7641,7641,2025-06-17 11:00:00,1036.55,approved
7642,7642,2025-07-31 04:00:00,206.11,approved
7643,7643,2025-03-08 09:00:00,196.98,approved
7644,7644,2025-09-04 20:00:00,2346.71,approved
7645,7645,2025-08-23 20:00:00,668.11,approved
7646,7646,2025-10-06 18:00:00,3233.95,approved
7647,7647,2025-06-16 14:00:00,2951.57,approved
7648,7648,2025-07-27 11:00:00,1234.12,approved
7649,7649,2025-05-09 22:00:00,1342.64,approved
7650,7650,2025-02-16 08:00:00,1158.92,approved
7651,7651,2025-04-16 10:00:00,341.53,approved
7652,7652,2025-06-16 13:00:00,129.38,approved
7653,7653,2025-04-11 11:00:00,1593.42,approved
7654,7654,2025-06-13 04:00:00,3301.78,approved
7655,7655,2025-03-28 04:00:00,3212.03,approved
7656,7656,2025-12-01 03:00:00,2838.24,failed
7657,7657,2025-03-29 19:00:00,2207.51,approved
7658,7658,2025-12-04 04:00:00,2999.65,approved
7659,7659,2025-08-27 00:00:00,1812.44,approved
7660,7660,2025-04-10 15:00:00,646.96,approved
7661,7661,2025-07-30 10:00:00,2400.91,approved
7662,7662,2025-06-03 10:00:00,3223.85,pending
7663,7663,2025-05-27 10:00:00,88.23,approved
7664,7664,2025-09-11 00:00:00,895.03,approved
7665,7665,2025-07-13 08:00:00,943.72,pending
7666,7666,2025-04-04 16:00:00,364.66,approved
7667,7667,2025-06-28 21:00:00,804.72,approved
7668,7668,2025-08-17 03:00:00,1356.26,approved
7669,7669,2025-05-07 13:00:00,3290.63,approved
7670,7670,2025-02-24 01:00:00,3013.72,approved
7671,7671,2025-09-10 02:00:00,3312.1,approved
7672,7672,2025-10-03 11:00:00,439.59,pending
7673,7673,2025-06-28 09:00:00,117.61,approved
7674,7674,2025-06-01 19:00:00,402.39,approved
7675,7675,2025-02-15 03:00:00,3201.75,approved
7676,7676,2025-06-22 02:00:00,568.06,approved
7677,7677,2025-07-22 02:00:00,2012.78,approved
7678,7678,2025-09-12 12:00:00,811.99,approved
7679,7679,2025-10-14 06:00:00,91.81,approved
7680,7680,2025-08-23 18:00:00,314.48,pending
7681,7681,2025-06-14 23:00:00,2490.09,pending
7682,7682,2025-06-07 23:00:00,654.64,approved
7683,7683,2025-09-08 00:00:00,817.4,pending
7684,7684,2025-02-09 03:00:00,1332.85,approved
7685,7685,2025-01-29 05:00:00,2307.2,approved
7686,7686,2025-04-20 10:00:00,1653.42,approved
7687,7687,2025-10-16 16:00:00,3307.24,approved
7688,7688,2025-07-19 17:00:00,1530.95,approved
7689,7689,2025-11-25 13:00:00,712.98,failed
7690,7690,2025-07-06 22:00:00,1885.78,approved
7691,7691,2025-06-05 16:00:00,1589.1,approved
7692,7692,2025-02-05 21:00:00,2759.24,pending
7693,7693,2025-08-08 21:00:00,3274.22,pending
7694,7694,2025-07-13 15:00:00,2930.31,approved
7695,7695,2025-02-12 12:00:00,1373.86,approved
7696,7696,2025-08-05 01:00:00,772.08,approved
7697,7697,2025-08-09 02:00:00,3202.42,approved
7698,7698,2025-01-10 09:00:00,1363.07,approved
7699,7699,2025-01-06 11:00:00,2700.32,approved
7700,7700,2025-10-18 13:00:00,3463.56,approved
7701,7701,2025-03-26 00:00:00,2029.5,approved
7702,7702,2025-10-28 09:00:00,1689.98,approved
7703,7703,2025-09-19 05:00:00,2455.55,approved
7704,7704,2025-11-04 15:00:00,694.88,approved
7705,7705,2025-03-23 06:00:00,1719.07,approved
7706,7706,2025-12-31 01:00:00,1106.91,failed
7707,7707,2025-04-14 00:00:00,591.51,approved
7708,7708,2025-02-25 00:00:00,2143.28,approved
7709,7709,2025-09-07 17:00:00,2023.46,approved
7710,7710,2025-06-23 05:00:00,2668.99,failed
7711,7711,2025-11-11 12:00:00,3057.94,approved
7712,7712,2025-06-28 00:00:00,786.91,approved
7713,7713,2025-12-22 01:00:00,2733.37,approved
7714,7714,2025-11-02 07:00:00,1298.5,approved
7715,7715,2025-05-14 15:00:00,2208.24,approved
7716,7716,2025-04-22 05:00:00,2978.84,approved
7717,7717,2025-07-21 23:00:00,911.52,approved
7718,7718,2025-02-28 20:00:00,2111.35,pending
7719,7719,2025-08-09 03:00:00,1691.51,approved
7720,7720,2025-05-09 21:00:00,2771.21,approved
7721,7721,2025-09-17 04:00:00,2446.4,approved
7722,7722,2025-10-07 22:00:00,2698.32,approved
7723,7723,2025-07-11 19:00:00,1022.04,approved
7724,7724,2025-11-08 04:00:00,2471.16,approved
7725,7725,2025-01-27 06:00:00,2128.2,approved
7726,7726,2025-03-08 03:00:00,1609.25,approved
7727,7727,2025-10-04 13:00:00,1336.64,approved
7728,7728,2025-05-02 23:00:00,1173.97,approved
7729,7729,2025-03-15 16:00:00,53.67,approved
7730,7730,2025-07-23 11:00:00,610.06,failed
7731,7731,2025-08-20 16:00:00,225.24,approved
7732,7732,2025-02-14 21:00:00,2972.28,approved
7733,7733,2025-11-25 09:00:00,3013.11,approved
7734,7734,2025-12-22 10:00:00,2964.75,approved
7735,7735,2025-01-27 07:00:00,2866.36,approved
7736,7736,2025-06-05 08:00:00,790.23,pending
7737,7737,2025-01-26 12:00:00,1731.42,approved
7738,7738,2025-02-19 04:00:00,3179.3,approved
7739,7739,2025-02-10 02:00:00,2664.04,pending
7740,7740,2025-01-11 08:00:00,26.33,pending
7741,7741,2025-04-19 08:00:00,1618.8,approved
7742,7742,2025-03-21 21:00:00,57.13,approved
7743,7743,2025-08-09 16:00:00,996.7,approved
7744,7744,2025-02-15 15:00:00,1536.45,approved
7745,7745,2025-04-05 01:00:00,3127.29,approved
7746,7746,2025-05-16 10:00:00,2297.26,approved
7747,7747,2025-02-19 04:00:00,1281.45,approved
7748,7748,2025-01-18 16:00:00,1727.48,approved
7749,7749,2025-07-06 22:00:00,2864.52,approved
7750,7750,2025-10-20 09:00:00,1062.8,approved
7751,7751,2025-07-08 04:00:00,2160.32,approved
7752,7752,2025-11-15 18:00:00,932.62,approved
7753,7753,2025-07-09 06:00:00,1690.27,approved
7754,7754,2025-06-03 03:00:00,105.81,approved
7755,7755,2025-05-24 04:00:00,2985.92,approved
7756,7756,2025-03-28 02:00:00,188.25,approved
7757,7757,2025-05-13 19:00:00,800.77,approved
7758,7758,2025-09-28 09:00:00,1180.62,approved
7759,7759,2025-03-23 12:00:00,2195.56,approved
7760,7760,2025-05-29 06:00:00,2525.72,approved
7761,7761,2025-06-23 20:00:00,299.97,approved
7762,7762,2025-04-26 04:00:00,171.26,approved
7763,7763,2025-01-15 00:00:00,2800.48,approved
7764,7764,2025-03-17 01:00:00,2498.34,approved
7765,7765,2025-10-04 13:00:00,2913.8,approved
7766,7766,2025-06-17 01:00:00,2374.35,approved
7767,7767,2025-07-13 14:00:00,2633.52,approved
7768,7768,2025-03-24 15:00:00,1339.05,approved
7769,7769,2025-04-13 00:00:00,2073.84,approved
7770,7770,2025-08-11 05:00:00,2822.77,approved
7771,7771,2025-06-29 08:00:00,618.97,approved
7772,7772,2025-11-16 22:00:00,1491.42,approved
7773,7773,2025-03-09 19:00:00,2596.9,pending
7774,7774,2025-07-13 21:00:00,1873.58,approved
7775,7775,2025-12-07 18:00:00,2392.17,approved
7776,7776,2025-10-18 08:00:00,1039.18,pending
7777,7777,2025-12-05 20:00:00,132.55,approved
7778,7778,2025-10-01 09:00:00,121.43,approved
7779,7779,2025-06-26 00:00:00,3300.88,approved
7780,7780,2025-12-18 10:00:00,3307.0,approved
7781,7781,2025-03-24 13:00:00,755.26,approved
7782,7782,2025-08-30 07:00:00,533.18,approved
7783,7783,2025-05-06 22:00:00,83.13,approved
7784,7784,2025-05-14 13:00:00,824.77,approved
7785,7785,2025-11-20 13:00:00,1183.54,approved
7786,7786,2025-12-18 19:00:00,859.52,approved
7787,7787,2025-12-01 06:00:00,2794.9,failed
7788,7788,2025-06-13 17:00:00,2628.02,failed
7789,7789,2025-04-22 06:00:00,301.93,approved
7790,7790,2025-08-05 11:00:00,2446.68,approved
7791,7791,2025-04-15 00:00:00,1831.64,failed
7792,7792,2025-04-27 05:00:00,479.94,approved
7793,7793,2025-09-14 23:00:00,2593.58,approved
7794,7794,2025-07-15 18:00:00,319.44,approved
7795,7795,2025-04-18 21:00:00,636.48,approved
7796,7796,2025-03-13 20:00:00,539.31,approved
7797,7797,2025-04-09 01:00:00,3287.84,approved
7798,7798,2025-02-01 04:00:00,2449.58,approved
7799,7799,2025-10-05 18:00:00,1451.28,approved
7800,7800,2025-01-05 04:00:00,2881.27,approved
7801,7801,2025-12-12 07:00:00,771.54,approved
7802,7802,2025-05-27 17:00:00,3260.2,approved
7803,7803,2025-07-17 14:00:00,2445.55,approved
7804,7804,2025-01-26 23:00:00,1967.34,approved
7805,7805,2025-09-30 21:00:00,2785.38,approved
7806,7806,2025-07-30 08:00:00,2263.84,approved
7807,7807,2025-01-09 05:00:00,3107.14,approved
7808,7808,2025-12-08 01:00:00,2905.45,approved
7809,7809,2025-06-19 04:00:00,708.45,approved
7810,7810,2025-12-14 13:00:00,854.03,pending
7811,7811,2025-06-29 06:00:00,246.54,approved
7812,7812,2025-04-04 00:00:00,786.29,approved
7813,7813,2025-04-13 14:00:00,1215.34,approved
7814,7814,2025-06-30 07:00:00,120.32,approved
7815,7815,2025-12-02 12:00:00,1116.07,approved
7816,7816,2025-06-13 22:00:00,2704.98,approved
7817,7817,2025-06-30 01:00:00,2944.34,approved
7818,7818,2025-10-29 18:00:00,50.88,approved
7819,7819,2025-09-20 09:00:00,44.87,approved
7820,7820,2025-04-26 16:00:00,529.15,approved
7821,7821,2025-02-12 23:00:00,3056.57,approved
7822,7822,2025-10-06 12:00:00,1653.09,pending
7823,7823,2025-05-02 16:00:00,3440.5,approved
7824,7824,2025-09-02 23:00:00,3107.91,approved
7825,7825,2025-10-23 23:00:00,3117.65,approved
7826,7826,2025-02-15 07:00:00,467.1,approved
7827,7827,2025-06-04 07:00:00,1673.8,approved
7828,7828,2025-03-12 17:00:00,3477.7,approved
7829,7829,2025-09-04 12:00:00,538.67,approved
7830,7830,2025-12-13 00:00:00,2018.33,approved
7831,7831,2025-07-04 23:00:00,1218.09,approved
7832,7832,2025-09-01 08:00:00,1369.75,approved
7833,7833,2025-04-06 22:00:00,3119.96,approved
7834,7834,2025-04-23 04:00:00,2065.9,approved
7835,7835,2025-08-13 18:00:00,2660.54,approved
7836,7836,2025-08-09 07:00:00,2362.86,approved
7837,7837,2025-01-27 19:00:00,1860.97,approved
7838,7838,2025-11-10 23:00:00,2775.15,approved
7839,7839,2025-11-27 19:00:00,3398.15,approved
7840,7840,2025-03-22 15:00:00,3384.53,approved
7841,7841,2025-02-13 07:00:00,2767.29,approved
7842,7842,2025-01-12 02:00:00,1715.91,approved
7843,7843,2025-06-08 16:00:00,587.79,approved
7844,7844,2025-01-13 06:00:00,174.76,approved
7845,7845,2025-07-13 05:00:00,825.43,approved
7846,7846,2025-02-23 17:00:00,1204.1,approved
7847,7847,2025-01-20 00:00:00,471.88,approved
7848,7848,2025-12-06 11:00:00,802.18,approved
7849,7849,2025-12-27 12:00:00,310.74,approved
7850,7850,2025-06-12 14:00:00,1842.4,approved
7851,7851,2025-04-25 09:00:00,459.59,approved
7852,7852,2025-02-15 23:00:00,2604.83,approved
7853,7853,2025-06-29 09:00:00,1177.62,approved
7854,7854,2025-03-18 07:00:00,2358.78,pending
7855,7855,2025-10-04 04:00:00,3091.17,approved
7856,7856,2025-10-29 14:00:00,319.34,approved
7857,7857,2025-09-15 23:00:00,3461.72,approved
7858,7858,2025-05-04 16:00:00,2265.45,approved
7859,7859,2025-09-13 04:00:00,205.71,approved
7860,7860,2025-07-30 17:00:00,1112.73,approved
7861,7861,2025-03-23 08:00:00,3104.13,failed
7862,7862,2025-05-20 04:00:00,2094.89,approved
7863,7863,2025-06-12 22:00:00,1019.53,approved
7864,7864,2025-01-14 07:00:00,3292.92,pending
7865,7865,2025-01-19 09:00:00,2759.64,approved
7866,7866,2025-10-19 05:00:00,2579.67,approved
7867,7867,2025-03-24 20:00:00,3111.73,approved
7868,7868,2025-08-04 02:00:00,2698.83,approved
7869,7869,2025-03-11 13:00:00,1017.85,approved
7870,7870,2025-08-07 03:00:00,2051.92,approved
7871,7871,2025-03-21 23:00:00,2951.16,approved
7872,7872,2025-12-15 00:00:00,649.35,approved
7873,7873,2025-09-03 08:00:00,587.32,approved
7874,7874,2025-09-21 07:00:00,573.24,approved
7875,7875,2025-01-18 20:00:00,696.01,approved
7876,7876,2025-11-07 22:00:00,379.24,approved
7877,7877,2025-05-30 07:00:00,2934.95,failed
7878,7878,2025-04-04 05:00:00,2867.75,approved
7879,7879,2025-11-17 00:00:00,546.76,approved
7880,7880,2025-12-15 05:00:00,2475.27,approved
7881,7881,2025-05-06 22:00:00,2201.87,approved
7882,7882,2025-11-26 19:00:00,981.16,approved
7883,7883,2025-11-18 02:00:00,811.24,approved
7884,7884,2025-06-19 22:00:00,892.04,approved
7885,7885,2025-07-27 17:00:00,2562.59,approved
7886,7886,2025-12-17 07:00:00,1131.22,approved
7887,7887,2025-03-15 20:00:00,987.3,approved
7888,7888,2025-03-03 21:00:00,98.23,approved
7889,7889,2025-01-31 19:00:00,3180.66,approved
7890,7890,2025-02-17 20:00:00,2639.41,approved
7891,7891,2025-04-07 06:00:00,1665.29,approved
7892,7892,2025-10-04 06:00:00,3301.39,approved
7893,7893,2025-01-26 05:00:00,1041.49,approved
7894,7894,2025-09-13 17:00:00,2367.97,approved
7895,7895,2025-10-28 16:00:00,1081.92,failed
7896,7896,2025-04-16 18:00:00,1114.71,approved
7897,7897,2025-10-11 12:00:00,2959.59,approved
7898,7898,2025-12-27 23:00:00,2758.84,approved
7899,7899,2025-12-08 07:00:00,1043.49,approved
7900,7900,2025-10-23 09:00:00,303.24,pending
7901,7901,2025-01-09 11:00:00,1264.39,approved
7902,7902,2025-11-26 09:00:00,2665.0,approved
7903,7903,2025-03-03 00:00:00,369.89,failed
7904,7904,2025-08-31 14:00:00,2358.91,approved
7905,7905,2025-10-27 12:00:00,3116.38,approved
7906,7906,2025-12-11 03:00:00,643.71,pending
7907,7907,2025-03-18 14:00:00,3020.47,approved
7908,7908,2025-04-02 11:00:00,198.75,approved
7909,7909,2025-06-25 20:00:00,2340.74,approved
7910,7910,2025-09-14 12:00:00,2772.82,pending
7911,7911,2025-12-07 19:00:00,1567.79,pending
7912,7912,2025-05-13 17:00:00,728.98,approved
7913,7913,2025-07-29 18:00:00,3238.06,approved
7914,7914,2025-09-12 12:00:00,89.49,approved
7915,7915,2025-11-28 05:00:00,1951.65,approved
7916,7916,2025-03-16 20:00:00,1317.52,approved
7917,7917,2025-08-09 09:00:00,1624.48,approved
7918,7918,2025-04-21 19:00:00,1887.25,approved
7919,7919,2025-11-20 18:00:00,1880.93,approved
7920,7920,2025-03-17 01:00:00,728.61,approved
7921,7921,2025-03-12 20:00:00,2385.36,approved
7922,7922,2025-07-16 08:00:00,86.64,failed
7923,7923,2025-03-10 00:00:00,93.72,approved
7924,7924,2025-04-05 10:00:00,1685.14,approved
7925,7925,2025-05-22 07:00:00,1905.82,pending
7926,7926,2025-02-09 14:00:00,976.62,approved
7927,7927,2025-12-11 14:00:00,1939.83,approved
7928,7928,2025-05-06 21:00:00,1816.06,approved
7929,7929,2025-01-25 13:00:00,1235.29,approved
7930,7930,2025-09-08 03:00:00,2288.18,pending
7931,7931,2025-01-09 08:00:00,3353.62,approved
7932,7932,2025-06-17 16:00:00,1727.99,approved
7933,7933,2025-07-22 06:00:00,2755.46,approved
7934,7934,2025-05-10 17:00:00,881.64,approved
7935,7935,2025-08-05 01:00:00,2671.59,approved
7936,7936,2025-05-07 13:00:00,2278.19,approved
7937,7937,2025-09-25 08:00:00,2246.15,approved
7938,7938,2025-12-13 23:00:00,3127.76,approved
7939,7939,2025-04-16 12:00:00,832.06,approved
7940,7940,2025-07-29 21:00:00,1302.21,approved
7941,7941,2025-08-09 04:00:00,309.07,approved
7942,7942,2025-07-01 05:00:00,2546.9,approved
7943,7943,2025-08-12 19:00:00,2956.66,approved
7944,7944,2025-01-13 15:00:00,1432.3,failed
7945,7945,2025-02-09 11:00:00,1261.76,approved
7946,7946,2025-04-10 15:00:00,2312.11,approved
7947,7947,2025-05-25 23:00:00,283.05,approved
7948,7948,2025-10-13 19:00:00,1042.57,approved
7949,7949,2025-06-22 06:00:00,1294.42,approved
7950,7950,2025-09-29 20:00:00,1824.69,approved
7951,7951,2025-10-17 17:00:00,1678.46,approved
7952,7952,2025-04-06 04:00:00,746.21,approved
7953,7953,2025-07-16 08:00:00,1901.94,approved
7954,7954,2025-10-24 06:00:00,3242.02,approved
7955,7955,2025-01-15 15:00:00,114.27,approved
7956,7956,2025-03-13 04:00:00,2387.47,pending
7957,7957,2025-05-14 12:00:00,2193.99,approved
7958,7958,2025-04-16 02:00:00,3237.01,pending
7959,7959,2025-04-20 03:00:00,2265.8,approved
7960,7960,2025-07-26 20:00:00,2194.45,approved
7961,7961,2025-08-22 04:00:00,2698.92,approved
7962,7962,2025-05-25 14:00:00,951.96,failed
7963,7963,2025-05-12 12:00:00,2093.15,failed
7964,7964,2025-07-06 08:00:00,1827.59,approved
7965,7965,2025-03-28 23:00:00,1545.88,pending
7966,7966,2025-11-26 19:00:00,296.62,approved
7967,7967,2025-05-21 08:00:00,1038.35,approved
7968,7968,2025-02-05 09:00:00,994.34,approved
7969,7969,2025-04-30 05:00:00,2540.39,approved
7970,7970,2025-12-06 11:00:00,3223.88,approved
7971,7971,2025-06-10 22:00:00,823.14,approved
7972,7972,2025-04-25 14:00:00,279.69,approved
7973,7973,2025-01-16 03:00:00,3499.85,approved
7974,7974,2025-04-21 22:00:00,2425.39,approved
7975,7975,2025-02-05 01:00:00,3104.92,failed
7976,7976,2025-05-29 15:00:00,520.7,approved
7977,7977,2025-09-02 16:00:00,2806.67,approved
7978,7978,2025-02-20 23:00:00,2850.37,approved
7979,7979,2025-01-17 21:00:00,547.18,approved
7980,7980,2025-03-12 06:00:00,581.69,failed
7981,7981,2025-09-30 11:00:00,1048.17,approved
7982,7982,2025-10-13 20:00:00,774.42,approved
7983,7983,2025-04-23 14:00:00,3414.43,approved
7984,7984,2025-04-22 00:00:00,1283.04,approved
7985,7985,2025-10-26 05:00:00,2669.35,pending
7986,7986,2025-06-20 01:00:00,2821.58,approved
7987,7987,2025-08-05 14:00:00,1363.07,approved
7988,7988,2025-05-03 12:00:00,2395.4,approved
7989,7989,2025-09-14 14:00:00,395.14,approved
7990,7990,2025-10-23 07:00:00,1401.43,approved
7991,7991,2025-07-21 03:00:00,3386.24,approved
7992,7992,2025-11-07 12:00:00,606.49,approved
7993,7993,2025-10-23 20:00:00,1362.28,approved
7994,7994,2025-05-10 15:00:00,2771.01,approved
7995,7995,2025-10-27 01:00:00,2335.67,approved
7996,7996,2025-08-28 18:00:00,2217.68,approved
7997,7997,2025-02-15 06:00:00,2989.34,approved
7998,7998,2025-06-26 04:00:00,121.25,approved
7999,7999,2025-12-23 12:00:00,2703.65,approved
8000,8000,2025-12-04 11:00:00,3091.27,approved
8001,8001,2025-01-08 18:00:00,76.29,approved
8002,8002,2025-12-10 16:00:00,1965.19,approved
8003,8003,2025-04-26 23:00:00,1233.09,approved
8004,8004,2025-07-12 17:00:00,196.65,approved
8005,8005,2025-03-01 18:00:00,1473.76,approved
8006,8006,2025-08-22 18:00:00,2261.22,approved
8007,8007,2025-12-17 23:00:00,3218.17,failed
8008,8008,2025-12-10 01:00:00,2179.45,approved
8009,8009,2025-04-25 12:00:00,3001.47,approved
8010,8010,2025-12-27 23:00:00,443.07,approved
8011,8011,2025-11-19 18:00:00,752.61,approved
8012,8012,2025-10-02 12:00:00,3396.62,approved
8013,8013,2025-04-02 03:00:00,3108.15,pending
8014,8014,2025-08-02 01:00:00,838.59,approved
8015,8015,2025-12-04 09:00:00,2180.99,approved
8016,8016,2025-05-24 02:00:00,1281.96,approved
8017,8017,2025-08-24 11:00:00,1650.72,approved
8018,8018,2025-06-11 18:00:00,3015.86,approved
8019,8019,2025-12-04 13:00:00,2580.28,approved
8020,8020,2025-09-19 06:00:00,849.78,failed
8021,8021,2025-08-28 19:00:00,1119.66,approved
8022,8022,2025-04-12 04:00:00,1028.19,approved
8023,8023,2025-07-21 04:00:00,2736.71,approved
8024,8024,2025-07-09 07:00:00,1725.51,approved
8025,8025,2025-02-02 06:00:00,3328.52,approved
8026,8026,2025-11-08 09:00:00,2862.07,approved
8027,8027,2025-02-02 11:00:00,754.96,approved
8028,8028,2025-08-24 13:00:00,2755.08,approved
8029,8029,2025-11-17 01:00:00,1781.16,approved
8030,8030,2025-10-13 01:00:00,902.91,approved
8031,8031,2025-10-12 07:00:00,1284.39,approved
8032,8032,2025-10-14 03:00:00,3403.0,approved
8033,8033,2025-04-27 11:00:00,1704.19,approved
8034,8034,2025-01-10 13:00:00,2524.23,approved
8035,8035,2025-11-20 09:00:00,1680.26,approved
8036,8036,2025-11-25 06:00:00,1313.02,approved
8037,8037,2025-05-05 15:00:00,2791.54,approved
8038,8038,2025-03-23 06:00:00,2972.17,pending
8039,8039,2025-09-20 08:00:00,270.17,approved
8040,8040,2025-01-20 00:00:00,990.84,approved
8041,8041,2025-09-07 04:00:00,1787.39,approved
8042,8042,2025-03-01 21:00:00,1121.41,approved
8043,8043,2025-10-29 07:00:00,2746.87,approved
8044,8044,2025-07-22 11:00:00,419.27,pending
8045,8045,2025-10-26 04:00:00,2796.34,approved
8046,8046,2025-08-07 18:00:00,2170.24,approved
8047,8047,2025-04-24 19:00:00,1027.0,approved
8048,8048,2025-02-07 06:00:00,1218.7,approved
8049,8049,2025-07-02 06:00:00,656.49,failed
8050,8050,2025-08-05 02:00:00,898.96,failed
8051,8051,2025-06-27 13:00:00,2516.1,approved
8052,8052,2025-07-24 19:00:00,1328.08,pending
8053,8053,2025-04-22 09:00:00,2412.44,approved
8054,8054,2025-03-15 19:00:00,1809.09,pending
8055,8055,2025-04-10 11:00:00,525.64,approved
8056,8056,2025-11-23 12:00:00,1756.77,approved
8057,8057,2025-07-13 13:00:00,2652.52,approved
8058,8058,2025-03-22 00:00:00,1055.91,approved
8059,8059,2025-07-27 12:00:00,2275.32,approved
8060,8060,2025-03-15 20:00:00,712.63,approved
8061,8061,2025-06-02 05:00:00,492.23,approved
8062,8062,2025-12-06 19:00:00,1273.59,approved
8063,8063,2025-01-22 14:00:00,1374.43,approved
8064,8064,2025-08-25 04:00:00,2668.31,approved
8065,8065,2025-12-30 10:00:00,1621.07,approved
8066,8066,2025-05-02 21:00:00,302.7,approved
8067,8067,2025-12-24 18:00:00,2226.32,approved
8068,8068,2025-05-04 07:00:00,1653.0,pending
8069,8069,2025-04-17 23:00:00,1174.12,approved
8070,8070,2025-10-03 15:00:00,2811.72,approved
8071,8071,2025-03-26 07:00:00,557.26,failed
8072,8072,2025-10-19 18:00:00,3197.98,approved
8073,8073,2025-03-29 17:00:00,1182.53,approved
8074,8074,2025-08-11 15:00:00,1624.08,approved
8075,8075,2025-08-04 06:00:00,3253.73,approved
8076,8076,2025-10-09 20:00:00,2669.11,approved
8077,8077,2025-04-16 07:00:00,278.57,approved
8078,8078,2025-08-18 13:00:00,2032.47,approved
8079,8079,2025-08-02 01:00:00,1100.06,approved
8080,8080,2025-01-26 21:00:00,1789.54,approved
8081,8081,2025-05-12 02:00:00,2605.53,approved
8082,8082,2025-08-20 09:00:00,1746.68,approved
8083,8083,2025-07-11 19:00:00,267.16,approved
8084,8084,2025-06-15 09:00:00,1864.33,approved
8085,8085,2025-04-23 21:00:00,103.97,pending
8086,8086,2025-04-30 14:00:00,1232.46,approved
8087,8087,2025-10-27 04:00:00,1683.55,pending
8088,8088,2025-11-18 16:00:00,2263.46,failed
8089,8089,2025-09-16 07:00:00,1781.6,approved
8090,8090,2025-09-18 20:00:00,548.77,approved
8091,8091,2025-01-10 17:00:00,3264.12,approved
8092,8092,2025-05-16 17:00:00,2283.04,approved
8093,8093,2025-09-17 09:00:00,1123.05,failed
8094,8094,2025-03-24 15:00:00,3381.47,approved
8095,8095,2025-05-09 17:00:00,3091.37,approved
8096,8096,2025-04-10 12:00:00,519.35,approved
8097,8097,2025-06-12 20:00:00,2300.89,approved
8098,8098,2025-06-12 15:00:00,1969.04,approved
8099,8099,2025-08-17 19:00:00,690.98,failed
8100,8100,2025-10-03 19:00:00,832.49,approved
8101,8101,2025-05-09 06:00:00,1981.93,approved
8102,8102,2025-04-26 15:00:00,1138.08,approved
8103,8103,2025-10-16 05:00:00,2925.21,failed
8104,8104,2025-06-16 03:00:00,360.13,approved
8105,8105,2025-01-15 02:00:00,3200.83,approved
8106,8106,2025-06-02 08:00:00,2945.12,approved
8107,8107,2025-05-10 18:00:00,2590.41,approved
8108,8108,2025-06-17 14:00:00,933.73,approved
8109,8109,2025-10-13 03:00:00,2508.05,approved
8110,8110,2025-02-06 14:00:00,1546.92,approved
8111,8111,2025-03-16 07:00:00,2225.48,failed
8112,8112,2025-03-09 03:00:00,1107.69,approved
8113,8113,2025-07-17 17:00:00,2928.79,approved
8114,8114,2025-02-16 18:00:00,161.2,approved
8115,8115,2025-12-13 12:00:00,2426.28,approved
8116,8116,2025-05-17 11:00:00,2903.64,approved
8117,8117,2025-07-02 03:00:00,2269.57,approved
8118,8118,2025-03-03 18:00:00,688.13,approved
8119,8119,2025-09-07 15:00:00,1011.73,approved
8120,8120,2025-08-16 05:00:00,1811.87,approved
8121,8121,2025-08-18 07:00:00,1166.48,approved
8122,8122,2025-02-28 21:00:00,37.11,pending
8123,8123,2025-01-27 19:00:00,161.56,approved
8124,8124,2025-06-13 11:00:00,2691.83,failed
8125,8125,2025-11-30 10:00:00,311.3,approved
8126,8126,2025-07-06 05:00:00,3249.52,approved
8127,8127,2025-04-27 01:00:00,1560.72,failed
8128,8128,2025-10-12 19:00:00,2658.49,approved
8129,8129,2025-03-02 19:00:00,456.76,failed
8130,8130,2025-11-02 18:00:00,3244.25,approved
8131,8131,2025-09-15 06:00:00,137.65,approved
8132,8132,2025-11-18 14:00:00,166.64,approved
8133,8133,2025-11-11 16:00:00,209.96,approved
8134,8134,2025-12-28 16:00:00,379.86,approved
8135,8135,2025-03-10 21:00:00,1714.17,approved
8136,8136,2025-11-29 17:00:00,2763.2,approved
8137,8137,2025-04-24 20:00:00,1011.62,pending
8138,8138,2025-02-05 22:00:00,2615.3,approved
8139,8139,2025-07-29 08:00:00,2713.73,approved
8140,8140,2025-07-13 16:00:00,3180.81,approved
8141,8141,2025-05-20 17:00:00,539.74,approved
8142,8142,2025-07-26 09:00:00,491.66,approved
8143,8143,2025-03-20 09:00:00,444.89,approved
8144,8144,2025-04-21 03:00:00,1270.4,approved
8145,8145,2025-03-30 12:00:00,1723.16,approved
8146,8146,2025-08-02 00:00:00,1626.4,failed
8147,8147,2025-03-05 06:00:00,914.53,approved
8148,8148,2025-11-01 13:00:00,2184.49,approved
8149,8149,2025-10-10 08:00:00,1197.19,approved
8150,8150,2025-01-04 07:00:00,1293.97,approved
8151,8151,2025-11-26 14:00:00,387.24,approved
8152,8152,2025-02-27 00:00:00,2080.97,approved
8153,8153,2025-07-22 22:00:00,2300.38,approved
8154,8154,2025-12-04 10:00:00,2657.67,approved
8155,8155,2025-12-29 07:00:00,3165.95,failed
8156,8156,2025-11-10 21:00:00,2685.7,approved
8157,8157,2025-11-18 22:00:00,840.39,approved
8158,8158,2025-12-11 13:00:00,840.08,approved
8159,8159,2025-04-14 14:00:00,3204.5,approved
8160,8160,2025-07-29 00:00:00,2769.66,approved
8161,8161,2025-10-27 04:00:00,2742.22,pending
8162,8162,2025-02-15 20:00:00,2524.6,approved
8163,8163,2025-06-09 08:00:00,949.86,approved
8164,8164,2025-01-11 18:00:00,2968.99,approved
8165,8165,2025-12-28 15:00:00,517.24,approved
8166,8166,2025-12-03 10:00:00,1238.06,approved
8167,8167,2025-01-17 06:00:00,1225.73,approved
8168,8168,2025-04-22 08:00:00,1969.26,approved
8169,8169,2025-11-26 10:00:00,1632.78,approved
8170,8170,2025-07-28 06:00:00,1620.13,approved
8171,8171,2025-08-17 08:00:00,1946.43,approved
8172,8172,2025-02-27 03:00:00,1465.66,approved
8173,8173,2025-07-06 17:00:00,889.94,pending
8174,8174,2025-06-27 21:00:00,2331.14,approved
8175,8175,2025-06-20 20:00:00,2771.4,approved
8176,8176,2025-06-08 13:00:00,1686.91,approved
8177,8177,2025-04-21 00:00:00,2280.2,approved
8178,8178,2025-05-01 20:00:00,1883.06,approved
8179,8179,2025-07-12 20:00:00,225.31,approved
8180,8180,2025-10-24 21:00:00,1492.33,approved
8181,8181,2025-10-05 15:00:00,54.29,pending
8182,8182,2025-03-28 21:00:00,2323.34,approved
8183,8183,2025-06-21 10:00:00,1788.4,pending
8184,8184,2025-04-24 01:00:00,461.37,approved
8185,8185,2025-01-24 00:00:00,1906.83,approved
8186,8186,2025-03-27 12:00:00,3146.52,approved
8187,8187,2025-03-20 23:00:00,1204.91,approved
8188,8188,2025-06-07 05:00:00,3438.64,approved
8189,8189,2025-03-05 09:00:00,3358.64,failed
8190,8190,2025-11-02 20:00:00,2752.88,approved
8191,8191,2025-08-12 14:00:00,2852.02,approved
8192,8192,2025-12-25 06:00:00,1448.7,approved
8193,8193,2025-04-14 21:00:00,1420.84,approved
8194,8194,2025-12-30 01:00:00,3341.3,approved
8195,8195,2025-06-07 19:00:00,1294.36,approved
8196,8196,2025-12-19 19:00:00,357.12,approved
8197,8197,2025-05-03 08:00:00,551.4,approved
8198,8198,2025-12-09 18:00:00,2492.19,approved
8199,8199,2025-09-13 08:00:00,1352.77,pending
8200,8200,2025-12-10 01:00:00,713.71,approved
8201,8201,2025-09-16 07:00:00,2851.98,approved
8202,8202,2025-02-02 06:00:00,1720.58,approved
8203,8203,2025-09-02 20:00:00,1995.39,approved
8204,8204,2025-10-09 06:00:00,555.74,approved
8205,8205,2025-10-05 06:00:00,690.78,approved
8206,8206,2025-07-08 04:00:00,457.98,approved
8207,8207,2025-06-30 06:00:00,1810.61,approved
8208,8208,2025-08-17 01:00:00,2719.29,approved
8209,8209,2025-12-16 21:00:00,2568.35,approved
8210,8210,2025-05-25 00:00:00,929.08,approved
8211,8211,2025-11-18 14:00:00,2983.39,approved
8212,8212,2025-01-12 18:00:00,387.7,approved
8213,8213,2025-02-24 07:00:00,416.89,pending
8214,8214,2025-10-07 20:00:00,2975.58,pending
8215,8215,2025-10-26 01:00:00,870.58,approved
8216,8216,2025-06-23 02:00:00,2484.24,approved
8217,8217,2025-03-19 00:00:00,51.6,approved
8218,8218,2025-09-25 01:00:00,345.73,approved
8219,8219,2025-06-01 19:00:00,2140.32,approved
8220,8220,2025-02-12 00:00:00,654.81,approved
8221,8221,2025-06-01 08:00:00,118.18,failed
8222,8222,2025-11-05 08:00:00,1644.97,approved
8223,8223,2025-06-16 18:00:00,1170.21,approved
8224,8224,2025-05-22 20:00:00,2811.85,failed
8225,8225,2025-07-28 19:00:00,2869.52,failed
8226,8226,2025-05-19 03:00:00,2158.19,approved
8227,8227,2025-08-19 20:00:00,1039.76,approved
8228,8228,2025-03-24 07:00:00,1626.46,approved
8229,8229,2025-01-04 02:00:00,2463.85,pending
8230,8230,2025-01-29 23:00:00,261.19,approved
8231,8231,2025-11-27 10:00:00,1177.09,approved
8232,8232,2025-12-09 01:00:00,2881.85,pending
8233,8233,2025-06-07 11:00:00,1432.98,approved
8234,8234,2025-07-26 08:00:00,2193.84,approved
8235,8235,2025-07-30 16:00:00,355.24,approved
8236,8236,2025-10-03 16:00:00,2724.12,approved
8237,8237,2025-08-23 16:00:00,369.62,approved
8238,8238,2025-02-10 17:00:00,3018.11,approved
8239,8239,2025-04-12 15:00:00,390.97,approved
8240,8240,2025-08-08 09:00:00,3120.31,approved
8241,8241,2025-06-19 03:00:00,1285.92,approved
8242,8242,2025-03-12 09:00:00,2193.37,approved
8243,8243,2025-08-19 19:00:00,2966.0,approved
8244,8244,2025-12-08 02:00:00,55.64,approved
8245,8245,2025-03-04 09:00:00,944.61,approved
8246,8246,2025-12-29 21:00:00,3181.02,approved
8247,8247,2025-04-26 01:00:00,1370.85,approved
8248,8248,2025-06-22 22:00:00,2478.19,approved
8249,8249,2025-04-01 18:00:00,507.24,approved
8250,8250,2025-09-15 23:00:00,2380.73,pending
8251,8251,2025-07-14 07:00:00,274.6,approved
8252,8252,2025-10-15 17:00:00,2516.29,approved
8253,8253,2025-06-26 00:00:00,1146.84,approved
8254,8254,2025-04-29 07:00:00,1641.15,approved
8255,8255,2025-02-12 12:00:00,598.59,approved
8256,8256,2025-09-11 07:00:00,2204.91,approved
8257,8257,2025-07-03 03:00:00,1194.74,approved
8258,8258,2025-03-08 05:00:00,1354.15,approved
8259,8259,2025-12-17 04:00:00,2289.63,approved
8260,8260,2025-01-23 16:00:00,642.44,approved
8261,8261,2025-10-07 08:00:00,2984.99,approved
8262,8262,2025-10-17 02:00:00,2592.72,approved
8263,8263,2025-07-09 23:00:00,2030.5,approved
8264,8264,2025-08-14 05:00:00,466.6,approved
8265,8265,2025-07-13 14:00:00,2411.14,approved
8266,8266,2025-07-22 11:00:00,82.99,pending
8267,8267,2025-12-30 09:00:00,2819.3,approved
8268,8268,2025-08-09 20:00:00,1077.22,approved
8269,8269,2025-03-06 20:00:00,427.9,failed
8270,8270,2025-01-02 19:00:00,592.42,approved
8271,8271,2025-10-30 15:00:00,3371.71,approved
8272,8272,2025-06-07 17:00:00,2712.93,approved
8273,8273,2025-11-01 12:00:00,847.79,pending
8274,8274,2025-12-17 06:00:00,3372.86,approved
8275,8275,2025-08-21 13:00:00,507.61,approved
8276,8276,2025-01-12 02:00:00,2572.67,approved
8277,8277,2025-02-26 10:00:00,2305.45,approved
8278,8278,2025-11-13 07:00:00,2878.74,approved
8279,8279,2025-02-11 04:00:00,1348.31,approved
8280,8280,2025-08-19 23:00:00,1418.39,approved
8281,8281,2025-03-01 15:00:00,2193.49,approved
8282,8282,2025-09-30 18:00:00,1405.76,approved
8283,8283,2025-09-04 18:00:00,163.9,approved
8284,8284,2025-03-12 21:00:00,2559.38,approved
8285,8285,2025-04-20 20:00:00,2250.49,approved
8286,8286,2025-09-16 03:00:00,1494.52,approved
8287,8287,2025-11-27 04:00:00,1073.85,approved
8288,8288,2025-10-03 08:00:00,1136.13,approved
8289,8289,2025-04-30 08:00:00,2598.78,approved
8290,8290,2025-12-09 18:00:00,2557.48,pending
8291,8291,2025-12-31 03:00:00,2869.84,failed
8292,8292,2025-10-20 08:00:00,2672.39,approved
8293,8293,2025-09-18 12:00:00,2657.65,approved
8294,8294,2025-01-05 20:00:00,896.17,approved
8295,8295,2025-11-09 15:00:00,373.61,approved
8296,8296,2025-07-25 03:00:00,2670.9,approved
8297,8297,2025-10-27 10:00:00,363.19,approved
8298,8298,2025-05-17 20:00:00,3437.75,approved
8299,8299,2025-05-23 23:00:00,3065.31,approved
8300,8300,2025-04-16 20:00:00,1876.45,approved
8301,8301,2025-03-21 06:00:00,1245.6,approved
8302,8302,2025-11-02 03:00:00,1853.41,approved
8303,8303,2025-05-24 19:00:00,2575.37,approved
8304,8304,2025-11-05 03:00:00,2652.03,approved
8305,8305,2025-02-12 00:00:00,276.36,pending
8306,8306,2025-06-11 16:00:00,2820.89,approved
8307,8307,2025-10-05 22:00:00,2252.41,approved
8308,8308,2025-07-18 12:00:00,161.22,pending
8309,8309,2025-01-17 08:00:00,1109.8,failed
8310,8310,2025-08-11 11:00:00,1797.03,approved
8311,8311,2025-09-12 20:00:00,675.81,approved
8312,8312,2025-02-08 14:00:00,560.24,approved
8313,8313,2025-01-12 03:00:00,69.7,approved
8314,8314,2025-11-24 17:00:00,3192.2,approved
8315,8315,2025-03-07 16:00:00,215.26,approved
8316,8316,2025-11-12 02:00:00,1293.72,approved
8317,8317,2025-09-17 07:00:00,736.09,approved
8318,8318,2025-12-19 02:00:00,2598.8,approved
8319,8319,2025-03-29 18:00:00,2481.0,approved
8320,8320,2025-09-14 23:00:00,2825.65,failed
8321,8321,2025-02-27 20:00:00,2166.49,approved
8322,8322,2025-06-10 06:00:00,2078.95,approved
8323,8323,2025-07-09 04:00:00,1436.75,approved
8324,8324,2025-08-10 06:00:00,2234.53,approved
8325,8325,2025-12-06 11:00:00,420.92,approved
8326,8326,2025-10-23 15:00:00,2402.1,approved
8327,8327,2025-04-12 17:00:00,381.56,approved
8328,8328,2025-11-07 14:00:00,3018.85,approved
8329,8329,2025-11-24 05:00:00,1779.78,approved
8330,8330,2025-10-16 23:00:00,1865.64,approved
8331,8331,2025-11-03 20:00:00,2055.3,approved
8332,8332,2025-07-25 11:00:00,2720.66,approved
8333,8333,2025-10-11 22:00:00,1685.08,approved
8334,8334,2025-10-14 07:00:00,1508.01,approved
8335,8335,2025-11-02 09:00:00,1023.4,approved
8336,8336,2025-11-26 02:00:00,465.58,approved
8337,8337,2025-11-09 22:00:00,682.39,approved
8338,8338,2025-01-09 21:00:00,21.84,approved
8339,8339,2025-04-21 13:00:00,3045.59,approved
8340,8340,2025-01-29 08:00:00,2682.06,approved
8341,8341,2025-08-21 16:00:00,781.01,approved
8342,8342,2025-03-08 01:00:00,28.32,approved
8343,8343,2025-04-17 17:00:00,1732.56,approved
8344,8344,2025-05-11 16:00:00,1455.75,approved
8345,8345,2025-09-04 04:00:00,2720.5,approved
8346,8346,2025-10-18 08:00:00,1422.08,approved
8347,8347,2025-08-13 02:00:00,3027.11,approved
8348,8348,2025-02-12 17:00:00,353.52,approved
8349,8349,2025-08-13 10:00:00,1293.19,approved
8350,8350,2025-02-23 03:00:00,3270.11,failed
8351,8351,2025-03-17 17:00:00,60.82,approved
8352,8352,2025-11-26 09:00:00,1379.95,approved
8353,8353,2025-11-05 11:00:00,923.77,approved
8354,8354,2025-09-16 00:00:00,1870.88,approved
8355,8355,2025-04-04 08:00:00,990.11,approved
8356,8356,2025-09-16 13:00:00,3047.28,approved
8357,8357,2025-05-27 22:00:00,3281.24,approved
8358,8358,2025-03-18 04:00:00,2974.99,approved
8359,8359,2025-11-21 19:00:00,1407.02,approved
8360,8360,2025-03-26 06:00:00,3464.97,approved
8361,8361,2025-06-19 07:00:00,2577.93,approved
8362,8362,2025-04-28 07:00:00,1257.52,approved
8363,8363,2025-04-25 02:00:00,346.05,approved
8364,8364,2025-01-02 18:00:00,2341.32,approved
8365,8365,2025-10-17 04:00:00,2555.41,approved
8366,8366,2025-04-01 12:00:00,446.16,failed
8367,8367,2025-02-04 15:00:00,1933.08,pending
8368,8368,2025-11-11 21:00:00,3455.07,approved
8369,8369,2025-02-26 11:00:00,1155.32,approved
8370,8370,2025-01-15 16:00:00,1070.59,approved
8371,8371,2025-04-14 10:00:00,3163.49,approved
8372,8372,2025-04-12 11:00:00,428.61,pending
8373,8373,2025-04-15 20:00:00,3268.68,approved
8374,8374,2025-05-20 05:00:00,2732.61,approved
8375,8375,2025-02-16 04:00:00,1380.12,approved
8376,8376,2025-02-26 22:00:00,310.75,approved
8377,8377,2025-06-28 05:00:00,86.73,pending
8378,8378,2025-10-16 18:00:00,1327.89,approved
8379,8379,2025-10-22 02:00:00,2474.63,pending
8380,8380,2025-07-28 10:00:00,1716.6,approved
8381,8381,2025-11-19 05:00:00,2590.51,approved
8382,8382,2025-01-28 05:00:00,2353.59,approved
8383,8383,2025-04-22 12:00:00,2013.72,approved
8384,8384,2025-06-01 15:00:00,3386.9,approved
8385,8385,2025-01-24 04:00:00,2554.78,approved
8386,8386,2025-05-21 12:00:00,3202.85,approved
8387,8387,2025-01-26 04:00:00,862.72,approved
8388,8388,2025-08-10 08:00:00,2503.47,approved
8389,8389,2025-04-13 07:00:00,2100.35,approved
8390,8390,2025-01-20 03:00:00,3236.55,approved
8391,8391,2025-12-12 04:00:00,1796.38,approved
8392,8392,2025-05-12 02:00:00,993.15,approved
8393,8393,2025-05-27 02:00:00,1359.24,approved
8394,8394,2025-12-14 17:00:00,781.53,approved
8395,8395,2025-04-08 23:00:00,785.51,approved
8396,8396,2025-01-31 18:00:00,1657.07,approved
8397,8397,2025-11-29 01:00:00,3126.14,approved
8398,8398,2025-10-06 12:00:00,687.71,approved
8399,8399,2025-11-02 01:00:00,1021.79,approved
8400,8400,2025-08-10 19:00:00,2988.4,approved
8401,8401,2025-04-15 11:00:00,1200.61,approved
8402,8402,2025-04-29 12:00:00,3369.2,approved
8403,8403,2025-11-15 23:00:00,955.84,approved
8404,8404,2025-12-29 23:00:00,1558.66,pending
8405,8405,2025-02-16 14:00:00,352.72,approved
8406,8406,2025-03-28 20:00:00,3472.77,approved
8407,8407,2025-11-27 11:00:00,3117.69,approved
8408,8408,2025-06-20 03:00:00,2865.12,approved
8409,8409,2025-12-18 05:00:00,567.55,pending
8410,8410,2025-02-21 04:00:00,3393.37,approved
8411,8411,2025-07-22 18:00:00,3253.45,approved
8412,8412,2025-01-08 10:00:00,1536.14,approved
8413,8413,2025-09-04 21:00:00,2392.1,approved
8414,8414,2025-06-25 11:00:00,3473.76,approved
8415,8415,2025-09-26 23:00:00,1445.91,approved
8416,8416,2025-02-11 02:00:00,413.4,approved
8417,8417,2025-04-25 12:00:00,3039.87,approved
8418,8418,2025-10-01 01:00:00,1678.17,failed
8419,8419,2025-01-26 22:00:00,3454.65,approved
8420,8420,2025-08-25 22:00:00,1937.11,approved
8421,8421,2025-08-09 11:00:00,122.58,approved
8422,8422,2025-07-14 17:00:00,1731.21,approved
8423,8423,2025-05-13 10:00:00,2518.86,approved
8424,8424,2025-06-13 10:00:00,110.58,approved
8425,8425,2025-04-06 10:00:00,1458.8,approved
8426,8426,2025-03-21 13:00:00,561.35,failed
8427,8427,2025-09-09 10:00:00,2257.98,approved
8428,8428,2025-02-08 05:00:00,3351.56,approved
8429,8429,2025-10-19 12:00:00,2193.56,approved
8430,8430,2025-11-11 11:00:00,2438.17,approved
8431,8431,2025-01-20 18:00:00,1400.04,approved
8432,8432,2025-02-10 04:00:00,1979.73,failed
8433,8433,2025-09-17 03:00:00,1912.62,approved
8434,8434,2025-12-30 02:00:00,2663.43,approved
8435,8435,2025-07-28 19:00:00,3002.05,approved
8436,8436,2025-07-10 17:00:00,2326.84,approved
8437,8437,2025-12-10 10:00:00,3429.73,approved
8438,8438,2025-03-17 10:00:00,2902.44,approved
8439,8439,2025-06-02 23:00:00,453.77,approved
8440,8440,2025-06-06 06:00:00,1786.01,approved
8441,8441,2025-02-15 08:00:00,3163.26,approved
8442,8442,2025-07-24 15:00:00,3304.89,approved
8443,8443,2025-05-29 04:00:00,1343.12,approved
8444,8444,2025-06-20 22:00:00,2545.45,approved
8445,8445,2025-11-28 19:00:00,1448.7,approved
8446,8446,2025-11-13 10:00:00,450.34,approved
8447,8447,2025-01-22 06:00:00,3098.45,pending
8448,8448,2025-04-14 05:00:00,3263.2,failed
8449,8449,2025-03-05 08:00:00,1776.53,approved
8450,8450,2025-12-18 00:00:00,83.71,approved
8451,8451,2025-11-05 14:00:00,2859.81,approved
8452,8452,2025-02-15 10:00:00,1679.82,approved
8453,8453,2025-04-11 13:00:00,281.1,approved
8454,8454,2025-10-25 13:00:00,679.08,approved
8455,8455,2025-05-28 15:00:00,549.38,approved
8456,8456,2025-07-11 01:00:00,2408.25,approved
8457,8457,2025-08-27 08:00:00,1061.95,approved
8458,8458,2025-07-29 19:00:00,464.36,pending
8459,8459,2025-04-27 18:00:00,3213.42,pending
8460,8460,2025-03-14 14:00:00,3348.73,approved
8461,8461,2025-10-18 03:00:00,502.24,approved
8462,8462,2025-02-05 04:00:00,821.22,approved
8463,8463,2025-03-12 08:00:00,2080.58,approved
8464,8464,2025-09-26 19:00:00,543.77,approved
8465,8465,2025-05-17 01:00:00,571.9,approved
8466,8466,2025-07-13 09:00:00,1191.28,approved
8467,8467,2025-06-19 08:00:00,3323.11,approved
8468,8468,2025-06-06 02:00:00,3369.3,approved
8469,8469,2025-05-27 02:00:00,2949.42,approved
8470,8470,2025-10-02 07:00:00,2441.08,approved
8471,8471,2025-05-10 10:00:00,2527.94,approved
8472,8472,2025-07-04 01:00:00,1654.11,pending
8473,8473,2025-06-09 11:00:00,1864.94,approved
8474,8474,2025-09-02 05:00:00,2227.9,approved
8475,8475,2025-03-18 20:00:00,2564.88,approved
8476,8476,2025-06-10 15:00:00,357.02,approved
8477,8477,2025-03-02 12:00:00,802.61,pending
8478,8478,2025-07-15 01:00:00,3371.04,approved
8479,8479,2025-07-02 20:00:00,1186.3,pending
8480,8480,2025-06-29 08:00:00,954.29,approved
8481,8481,2025-07-20 14:00:00,1488.25,approved
8482,8482,2025-09-15 19:00:00,1032.4,approved
8483,8483,2025-10-25 15:00:00,337.31,pending
8484,8484,2025-11-06 00:00:00,743.7,approved
8485,8485,2025-02-24 14:00:00,2247.76,approved
8486,8486,2025-10-08 22:00:00,796.68,approved
8487,8487,2025-08-08 22:00:00,2273.88,approved
8488,8488,2025-01-24 04:00:00,368.28,approved
8489,8489,2025-11-15 20:00:00,165.73,approved
8490,8490,2025-05-05 17:00:00,3018.26,approved
8491,8491,2025-05-28 01:00:00,2664.89,approved
8492,8492,2025-10-06 23:00:00,2337.78,pending
8493,8493,2025-10-09 05:00:00,127.53,approved
8494,8494,2025-10-27 18:00:00,852.95,failed
8495,8495,2025-10-30 23:00:00,2846.85,approved
8496,8496,2025-06-13 02:00:00,523.44,approved
8497,8497,2025-03-05 16:00:00,2848.73,approved
8498,8498,2025-10-31 10:00:00,2053.13,approved
8499,8499,2025-06-26 18:00:00,2596.48,approved
8500,8500,2025-03-18 17:00:00,2262.88,approved
8501,8501,2025-08-20 20:00:00,1471.12,approved
8502,8502,2025-06-14 06:00:00,1036.08,approved
8503,8503,2025-05-09 20:00:00,2361.1,approved
8504,8504,2025-11-11 05:00:00,2828.06,pending
8505,8505,2025-08-22 06:00:00,175.67,approved
8506,8506,2025-09-20 18:00:00,1342.08,approved
8507,8507,2025-05-30 13:00:00,1240.54,approved
8508,8508,2025-03-13 06:00:00,1966.96,approved
8509,8509,2025-04-26 03:00:00,416.46,approved
8510,8510,2025-11-02 08:00:00,3268.3,approved
8511,8511,2025-04-08 20:00:00,1928.82,pending
8512,8512,2025-08-23 05:00:00,3234.66,approved
8513,8513,2025-08-08 01:00:00,2862.95,approved
8514,8514,2025-10-23 08:00:00,686.9,approved
8515,8515,2025-12-18 16:00:00,480.54,approved
8516,8516,2025-08-04 05:00:00,3017.15,approved
8517,8517,2025-07-10 21:00:00,1885.63,approved
8518,8518,2025-01-15 17:00:00,88.7,approved
8519,8519,2025-07-12 06:00:00,3271.11,approved
8520,8520,2025-04-02 18:00:00,1666.14,approved
8521,8521,2025-01-25 06:00:00,1067.26,approved
8522,8522,2025-08-04 02:00:00,1817.76,approved
8523,8523,2025-12-05 12:00:00,2883.76,approved
8524,8524,2025-08-31 04:00:00,403.82,approved
8525,8525,2025-09-15 23:00:00,1269.09,approved
8526,8526,2025-05-22 16:00:00,1129.66,approved
8527,8527,2025-03-13 09:00:00,2941.98,approved
8528,8528,2025-03-27 15:00:00,2729.07,approved
8529,8529,2025-07-03 15:00:00,1412.36,approved
8530,8530,2025-01-27 20:00:00,2332.42,approved
8531,8531,2025-11-18 05:00:00,1392.67,approved
8532,8532,2025-12-02 05:00:00,2008.17,approved
8533,8533,2025-08-11 10:00:00,3469.43,approved
8534,8534,2025-04-22 00:00:00,1883.8,approved
8535,8535,2025-04-17 06:00:00,3460.24,approved
8536,8536,2025-04-18 11:00:00,2620.25,pending
8537,8537,2025-01-31 00:00:00,440.11,approved
8538,8538,2025-11-08 11:00:00,2789.96,approved
8539,8539,2025-11-14 03:00:00,581.27,approved
8540,8540,2025-06-06 13:00:00,1872.5,approved
8541,8541,2025-12-09 07:00:00,2154.09,failed
8542,8542,2025-11-24 15:00:00,3124.96,approved
8543,8543,2025-01-23 18:00:00,752.28,approved
8544,8544,2025-01-11 23:00:00,3068.28,approved
8545,8545,2025-04-20 12:00:00,3272.04,approved
8546,8546,2025-05-25 03:00:00,331.42,approved
8547,8547,2025-10-01 11:00:00,3100.79,approved
8548,8548,2025-09-06 22:00:00,921.95,failed
8549,8549,2025-01-25 06:00:00,301.88,approved
8550,8550,2025-01-09 16:00:00,3355.84,approved
8551,8551,2025-10-30 11:00:00,1384.87,approved
8552,8552,2025-05-11 05:00:00,2187.98,approved
8553,8553,2025-03-05 03:00:00,1944.0,approved
8554,8554,2025-02-14 02:00:00,761.87,approved
8555,8555,2025-08-06 07:00:00,2350.09,approved
8556,8556,2025-05-07 00:00:00,180.48,pending
8557,8557,2025-08-14 08:00:00,726.77,approved
8558,8558,2025-03-07 03:00:00,3307.43,approved
8559,8559,2025-10-28 01:00:00,3338.21,approved
8560,8560,2025-01-18 15:00:00,1699.64,approved
8561,8561,2025-07-09 18:00:00,608.37,approved
8562,8562,2025-08-30 08:00:00,1487.24,approved
8563,8563,2025-08-28 22:00:00,3072.21,approved
8564,8564,2025-10-13 12:00:00,264.55,approved
8565,8565,2025-03-28 21:00:00,464.98,approved
8566,8566,2025-07-23 14:00:00,3136.87,approved
8567,8567,2025-09-05 21:00:00,1465.53,approved
8568,8568,2025-12-15 19:00:00,310.44,failed
8569,8569,2025-09-28 16:00:00,504.45,approved
8570,8570,2025-12-10 23:00:00,3090.92,approved
8571,8571,2025-08-27 20:00:00,1725.56,approved
8572,8572,2025-12-24 04:00:00,587.22,approved
8573,8573,2025-06-10 11:00:00,3131.33,approved
8574,8574,2025-07-24 13:00:00,2961.57,approved
8575,8575,2025-01-29 13:00:00,100.12,approved
8576,8576,2025-06-05 08:00:00,2041.85,approved
8577,8577,2025-12-18 14:00:00,870.29,approved
8578,8578,2025-09-02 01:00:00,1875.31,approved
8579,8579,2025-11-12 18:00:00,991.85,approved
8580,8580,2025-09-06 04:00:00,1119.25,approved
8581,8581,2025-10-23 03:00:00,2114.45,approved
8582,8582,2025-02-04 08:00:00,1895.23,approved
8583,8583,2025-11-16 19:00:00,1395.27,approved
8584,8584,2025-08-19 06:00:00,394.34,approved
8585,8585,2025-12-06 12:00:00,3393.6,approved
8586,8586,2025-02-24 20:00:00,627.63,approved
8587,8587,2025-05-25 00:00:00,2223.25,approved
8588,8588,2025-12-25 08:00:00,307.95,approved
8589,8589,2025-01-04 01:00:00,2415.33,approved
8590,8590,2025-01-31 03:00:00,350.04,approved
8591,8591,2025-02-01 02:00:00,818.69,approved
8592,8592,2025-01-10 18:00:00,2271.51,approved
8593,8593,2025-04-18 18:00:00,1004.61,pending
8594,8594,2025-09-26 03:00:00,1874.32,pending
8595,8595,2025-05-25 11:00:00,453.28,approved
8596,8596,2025-05-20 00:00:00,724.35,approved
8597,8597,2025-01-20 06:00:00,2573.54,approved
8598,8598,2025-02-27 14:00:00,142.28,approved
8599,8599,2025-03-19 12:00:00,409.06,approved
8600,8600,2025-12-28 16:00:00,768.05,pending
8601,8601,2025-01-25 08:00:00,90.26,failed
8602,8602,2025-11-13 05:00:00,351.92,approved
8603,8603,2025-03-21 05:00:00,999.24,approved
8604,8604,2025-08-16 16:00:00,343.35,approved
8605,8605,2025-08-23 03:00:00,3034.1,approved
8606,8606,2025-04-22 05:00:00,249.94,failed
8607,8607,2025-03-25 08:00:00,3016.22,approved
8608,8608,2025-01-08 11:00:00,2883.55,approved
8609,8609,2025-06-19 14:00:00,370.65,approved
8610,8610,2025-02-25 08:00:00,107.67,approved
8611,8611,2025-06-07 23:00:00,193.97,approved
8612,8612,2025-04-21 18:00:00,2074.52,approved
8613,8613,2025-09-06 17:00:00,2352.83,approved
8614,8614,2025-02-22 18:00:00,2179.87,approved
8615,8615,2025-07-31 23:00:00,1904.34,approved
8616,8616,2025-10-13 21:00:00,627.9,approved
8617,8617,2025-10-03 05:00:00,2946.52,approved
8618,8618,2025-11-20 16:00:00,1159.89,approved
8619,8619,2025-05-10 20:00:00,3451.9,approved
8620,8620,2025-07-20 21:00:00,1359.31,approved
8621,8621,2025-03-03 18:00:00,935.26,approved
8622,8622,2025-12-04 12:00:00,3131.99,approved
8623,8623,2025-11-11 19:00:00,1994.6,approved
8624,8624,2025-06-12 05:00:00,2532.04,approved
8625,8625,2025-04-07 03:00:00,1441.23,approved
8626,8626,2025-11-12 14:00:00,3106.47,approved
8627,8627,2025-05-04 21:00:00,3213.68,approved
8628,8628,2025-11-16 13:00:00,1539.96,approved
8629,8629,2025-09-05 06:00:00,857.72,approved
8630,8630,2025-09-22 11:00:00,2273.9,approved
8631,8631,2025-09-28 01:00:00,3341.95,approved
8632,8632,2025-02-11 08:00:00,2186.11,failed
8633,8633,2025-06-10 13:00:00,3340.69,approved
8634,8634,2025-11-22 20:00:00,1216.45,approved
8635,8635,2025-09-21 11:00:00,3204.48,approved
8636,8636,2025-03-06 20:00:00,411.73,failed
8637,8637,2025-08-06 17:00:00,1268.74,approved
8638,8638,2025-06-30 19:00:00,1740.76,approved
8639,8639,2025-12-22 20:00:00,2292.82,approved
8640,8640,2025-02-20 05:00:00,1043.6,pending
8641,8641,2025-02-03 22:00:00,3236.35,approved
8642,8642,2025-05-30 06:00:00,3164.17,approved
8643,8643,2025-12-25 21:00:00,2801.69,pending
8644,8644,2025-03-12 20:00:00,417.98,pending
8645,8645,2025-01-29 22:00:00,292.45,approved
8646,8646,2025-04-03 04:00:00,1753.5,approved
8647,8647,2025-06-03 04:00:00,2683.4,approved
8648,8648,2025-05-16 23:00:00,448.86,pending
8649,8649,2025-08-31 20:00:00,2252.2,approved
8650,8650,2025-02-08 19:00:00,1856.94,pending
8651,8651,2025-04-06 07:00:00,2546.44,approved
8652,8652,2025-12-24 22:00:00,1535.11,approved
8653,8653,2025-05-07 17:00:00,2432.67,approved
8654,8654,2025-10-16 20:00:00,575.44,approved
8655,8655,2025-12-02 01:00:00,766.79,approved
8656,8656,2025-08-26 17:00:00,3163.6,approved
8657,8657,2025-04-16 18:00:00,1166.23,approved
8658,8658,2025-10-15 15:00:00,3449.56,approved
8659,8659,2025-08-17 05:00:00,180.79,approved
8660,8660,2025-07-10 18:00:00,1745.65,approved
8661,8661,2025-09-21 12:00:00,1150.96,approved
8662,8662,2025-11-06 15:00:00,3485.96,pending
8663,8663,2025-08-29 22:00:00,3465.32,approved
8664,8664,2025-07-14 20:00:00,838.65,approved
8665,8665,2025-05-13 23:00:00,950.05,approved
8666,8666,2025-03-07 05:00:00,2628.86,approved
8667,8667,2025-07-30 20:00:00,3116.07,approved
8668,8668,2025-07-11 02:00:00,2329.67,pending
8669,8669,2025-08-16 15:00:00,3029.19,approved
8670,8670,2025-05-15 12:00:00,240.26,failed
8671,8671,2025-02-19 08:00:00,2249.04,approved
8672,8672,2025-07-10 02:00:00,2456.59,approved
8673,8673,2025-10-07 00:00:00,682.31,approved
8674,8674,2025-02-21 12:00:00,2727.34,approved
8675,8675,2025-08-09 09:00:00,3306.04,pending
8676,8676,2025-01-26 00:00:00,3144.92,approved
8677,8677,2025-01-31 19:00:00,872.49,approved
8678,8678,2025-05-01 20:00:00,1147.49,approved
8679,8679,2025-01-31 02:00:00,1758.65,approved
8680,8680,2025-11-27 14:00:00,571.1,approved
8681,8681,2025-04-16 17:00:00,3339.76,failed
8682,8682,2025-12-31 09:00:00,582.36,approved
8683,8683,2025-02-22 11:00:00,2669.75,approved
8684,8684,2025-01-04 20:00:00,1208.17,failed
8685,8685,2025-08-11 08:00:00,2016.55,approved
8686,8686,2025-08-01 02:00:00,184.16,approved
8687,8687,2025-06-19 20:00:00,733.44,approved
8688,8688,2025-03-10 20:00:00,1566.48,pending
8689,8689,2025-03-31 01:00:00,2376.63,approved
8690,8690,2025-12-23 01:00:00,2725.92,approved
8691,8691,2025-04-01 07:00:00,124.89,approved
8692,8692,2025-08-13 00:00:00,550.67,approved
8693,8693,2025-09-06 20:00:00,2559.68,approved
8694,8694,2025-06-22 07:00:00,2849.43,approved
8695,8695,2025-02-04 13:00:00,843.27,approved
8696,8696,2025-09-06 21:00:00,819.19,approved
8697,8697,2025-05-02 07:00:00,326.34,approved
8698,8698,2025-10-31 20:00:00,543.02,approved
8699,8699,2025-02-17 07:00:00,47.9,approved
8700,8700,2025-03-13 16:00:00,2072.61,approved
8701,8701,2025-03-15 15:00:00,3165.54,approved
8702,8702,2025-05-27 07:00:00,540.52,approved
8703,8703,2025-06-14 21:00:00,2635.02,approved
8704,8704,2025-08-24 20:00:00,2016.33,approved
8705,8705,2025-12-22 15:00:00,3290.93,approved
8706,8706,2025-10-11 06:00:00,2797.47,approved
8707,8707,2025-06-05 05:00:00,2987.5,approved
8708,8708,2025-02-06 10:00:00,2244.21,failed
8709,8709,2025-05-09 01:00:00,2843.45,approved
8710,8710,2025-04-10 07:00:00,1241.03,approved
8711,8711,2025-04-11 23:00:00,747.38,approved
8712,8712,2025-06-12 18:00:00,3195.57,approved
8713,8713,2025-12-18 09:00:00,2575.49,approved
8714,8714,2025-08-31 00:00:00,335.65,approved
8715,8715,2025-02-07 07:00:00,3036.85,approved
8716,8716,2025-08-23 03:00:00,1234.19,approved
8717,8717,2025-05-26 19:00:00,1058.01,approved
8718,8718,2025-05-16 21:00:00,2189.13,approved
8719,8719,2025-12-13 16:00:00,1998.72,approved
8720,8720,2025-05-22 10:00:00,1893.13,approved
8721,8721,2025-05-16 00:00:00,906.97,pending
8722,8722,2025-08-20 03:00:00,3360.01,approved
8723,8723,2025-02-26 09:00:00,3326.42,failed
8724,8724,2025-07-16 22:00:00,34.48,failed
8725,8725,2025-04-02 02:00:00,1195.64,approved
8726,8726,2025-04-17 08:00:00,178.51,approved
8727,8727,2025-03-04 15:00:00,2978.87,pending
8728,8728,2025-07-09 03:00:00,3105.08,approved
8729,8729,2025-10-07 22:00:00,1823.68,approved
8730,8730,2025-08-14 00:00:00,2942.08,approved
8731,8731,2025-09-29 15:00:00,2467.69,approved
8732,8732,2025-03-07 23:00:00,1758.52,approved
8733,8733,2025-12-27 12:00:00,1286.06,approved
8734,8734,2025-05-16 04:00:00,946.46,approved
8735,8735,2025-03-31 16:00:00,922.81,approved
8736,8736,2025-08-09 22:00:00,1975.98,approved
8737,8737,2025-09-30 07:00:00,600.49,approved
8738,8738,2025-03-11 11:00:00,628.28,approved
8739,8739,2025-10-11 22:00:00,56.17,approved
8740,8740,2025-10-02 06:00:00,2154.38,pending
8741,8741,2025-06-22 13:00:00,3480.32,approved
8742,8742,2025-07-17 03:00:00,3114.48,approved
8743,8743,2025-09-19 02:00:00,2475.8,approved
8744,8744,2025-04-23 04:00:00,2753.63,approved
8745,8745,2025-11-07 00:00:00,1470.65,approved
8746,8746,2025-11-18 00:00:00,1057.32,approved
8747,8747,2025-07-14 23:00:00,1302.83,approved
8748,8748,2025-10-29 14:00:00,303.35,approved
8749,8749,2025-08-06 08:00:00,2225.61,approved
8750,8750,2025-04-14 17:00:00,628.53,approved
8751,8751,2025-05-16 19:00:00,2674.82,approved
8752,8752,2025-06-18 11:00:00,681.12,approved
8753,8753,2025-04-28 01:00:00,813.87,approved
8754,8754,2025-02-07 15:00:00,3351.42,approved
8755,8755,2025-01-14 00:00:00,386.78,pending
8756,8756,2025-02-20 08:00:00,1755.97,pending
8757,8757,2025-06-05 23:00:00,238.15,approved
8758,8758,2025-06-29 19:00:00,334.56,approved
8759,8759,2025-09-09 19:00:00,2224.58,approved
8760,8760,2025-09-20 03:00:00,2214.93,pending
8761,8761,2025-12-26 03:00:00,692.06,approved
8762,8762,2025-08-06 06:00:00,3056.25,approved
8763,8763,2025-04-20 00:00:00,2463.61,approved
8764,8764,2025-07-14 21:00:00,1066.12,approved
8765,8765,2025-10-31 10:00:00,884.39,approved
8766,8766,2025-07-21 09:00:00,2644.91,approved
8767,8767,2025-07-12 17:00:00,2573.01,approved
8768,8768,2025-01-25 18:00:00,537.94,approved
8769,8769,2025-10-03 22:00:00,1235.17,approved
8770,8770,2025-04-18 07:00:00,774.04,approved
8771,8771,2025-07-11 00:00:00,1043.62,approved
8772,8772,2025-05-20 03:00:00,1020.72,approved
8773,8773,2025-03-06 15:00:00,3416.56,approved
8774,8774,2025-01-26 17:00:00,2630.74,approved
8775,8775,2025-03-03 19:00:00,2734.58,approved
8776,8776,2025-02-05 14:00:00,985.43,approved
8777,8777,2025-04-18 13:00:00,21.83,approved
8778,8778,2025-10-09 23:00:00,222.39,approved
8779,8779,2025-04-01 18:00:00,1944.44,failed
8780,8780,2025-06-08 02:00:00,1013.47,approved
8781,8781,2025-07-03 11:00:00,691.48,approved
8782,8782,2025-11-30 11:00:00,192.75,approved
8783,8783,2025-01-28 19:00:00,3068.07,approved
8784,8784,2025-11-17 06:00:00,2108.44,approved
8785,8785,2025-09-17 22:00:00,393.66,pending
8786,8786,2025-02-15 01:00:00,2687.09,approved
8787,8787,2025-08-03 09:00:00,2650.27,failed
8788,8788,2025-03-10 05:00:00,1027.12,pending
8789,8789,2025-03-09 08:00:00,675.73,approved
8790,8790,2025-03-20 18:00:00,2852.66,pending
8791,8791,2025-07-01 17:00:00,1166.89,approved
8792,8792,2025-04-19 23:00:00,2969.05,approved
8793,8793,2025-05-31 05:00:00,171.91,approved
8794,8794,2025-02-18 20:00:00,1757.53,approved
8795,8795,2025-09-01 22:00:00,644.99,approved
8796,8796,2025-12-27 17:00:00,2358.72,approved
8797,8797,2025-03-27 20:00:00,3490.3,approved
8798,8798,2025-12-09 18:00:00,1455.54,approved
8799,8799,2025-07-11 18:00:00,369.08,failed
8800,8800,2025-05-25 01:00:00,1125.5,approved
8801,8801,2025-04-14 23:00:00,3122.44,approved
8802,8802,2025-02-25 03:00:00,2684.85,pending
8803,8803,2025-10-02 01:00:00,828.1,approved
8804,8804,2025-09-03 04:00:00,3338.52,approved
8805,8805,2025-04-06 17:00:00,2185.21,approved
8806,8806,2025-09-07 11:00:00,604.81,approved
8807,8807,2025-05-04 05:00:00,2011.68,pending
8808,8808,2025-01-25 03:00:00,1590.44,approved
8809,8809,2025-02-18 23:00:00,2872.55,approved
8810,8810,2025-11-01 21:00:00,1217.68,approved
8811,8811,2025-11-08 18:00:00,3064.92,approved
8812,8812,2025-11-11 04:00:00,2845.66,approved
8813,8813,2025-05-29 20:00:00,2367.62,approved
8814,8814,2025-11-24 08:00:00,919.95,pending
8815,8815,2025-07-11 19:00:00,3396.75,pending
8816,8816,2025-02-14 02:00:00,1929.36,approved
8817,8817,2025-04-16 17:00:00,3178.15,approved
8818,8818,2025-10-02 09:00:00,770.74,approved
8819,8819,2025-07-24 07:00:00,3442.16,approved
8820,8820,2025-01-30 15:00:00,2859.89,pending
8821,8821,2025-11-06 09:00:00,3323.31,approved
8822,8822,2025-07-19 11:00:00,759.03,approved
8823,8823,2025-11-02 20:00:00,1518.69,approved
8824,8824,2025-07-12 00:00:00,359.77,approved
8825,8825,2025-12-16 00:00:00,496.65,approved
8826,8826,2025-12-16 04:00:00,1008.18,approved
8827,8827,2025-11-08 04:00:00,3331.66,approved
8828,8828,2025-06-26 09:00:00,2341.83,pending
8829,8829,2025-09-15 19:00:00,1114.92,approved
8830,8830,2025-10-20 17:00:00,3341.92,approved
8831,8831,2025-01-22 14:00:00,2594.27,approved
8832,8832,2025-11-09 19:00:00,3176.29,approved
8833,8833,2025-08-04 15:00:00,3246.73,approved
8834,8834,2025-04-27 07:00:00,2632.68,approved
8835,8835,2025-05-15 07:00:00,866.1,failed
8836,8836,2025-07-07 09:00:00,3488.13,approved
8837,8837,2025-01-10 16:00:00,1151.32,approved
8838,8838,2025-08-23 20:00:00,2357.54,approved
8839,8839,2025-11-12 13:00:00,2959.94,approved
8840,8840,2025-05-27 12:00:00,629.53,approved
8841,8841,2025-11-14 02:00:00,2139.47,approved
8842,8842,2025-02-12 08:00:00,1325.6,approved
8843,8843,2025-09-12 16:00:00,870.13,approved
8844,8844,2025-04-06 14:00:00,60.97,approved
8845,8845,2025-05-24 18:00:00,3054.47,approved
8846,8846,2025-02-23 05:00:00,492.87,approved
8847,8847,2025-03-23 14:00:00,3075.85,approved
8848,8848,2025-09-09 19:00:00,2110.4,pending
8849,8849,2025-02-01 12:00:00,2181.27,failed
8850,8850,2025-01-21 06:00:00,2903.71,approved
8851,8851,2025-04-01 07:00:00,1792.86,approved
8852,8852,2025-11-02 01:00:00,1263.35,approved
8853,8853,2025-11-16 08:00:00,503.05,approved
8854,8854,2025-10-29 07:00:00,2005.05,approved
8855,8855,2025-12-07 08:00:00,1945.02,approved
8856,8856,2025-08-27 07:00:00,1042.76,approved
8857,8857,2025-01-16 02:00:00,2108.2,approved
8858,8858,2025-03-20 00:00:00,1549.0,approved
8859,8859,2025-01-18 14:00:00,2823.24,approved
8860,8860,2025-12-05 05:00:00,1967.01,approved
8861,8861,2025-03-28 16:00:00,3269.2,approved
8862,8862,2025-06-17 21:00:00,1822.58,approved
8863,8863,2025-05-23 20:00:00,3108.48,approved
8864,8864,2025-03-30 09:00:00,1831.43,approved
8865,8865,2025-03-13 00:00:00,1961.96,approved
8866,8866,2025-02-24 09:00:00,1296.49,approved
8867,8867,2025-05-15 06:00:00,1412.59,approved
8868,8868,2025-10-19 12:00:00,3267.19,approved
8869,8869,2025-12-20 01:00:00,797.02,approved
8870,8870,2025-01-10 18:00:00,442.67,approved
8871,8871,2025-07-25 19:00:00,2909.13,approved
8872,8872,2025-05-23 03:00:00,2027.65,approved
8873,8873,2025-06-03 18:00:00,1010.57,approved
8874,8874,2025-09-30 10:00:00,1524.75,pending
8875,8875,2025-01-26 09:00:00,1846.67,approved
8876,8876,2025-02-07 15:00:00,2080.65,approved
8877,8877,2025-05-12 10:00:00,2877.26,approved
8878,8878,2025-11-23 03:00:00,1392.35,approved
8879,8879,2025-07-04 15:00:00,2374.23,approved
8880,8880,2025-06-08 02:00:00,2924.99,approved
8881,8881,2025-09-21 13:00:00,2956.33,approved
8882,8882,2025-08-24 11:00:00,904.77,approved
8883,8883,2025-02-26 18:00:00,1238.6,approved
8884,8884,2025-08-09 15:00:00,2090.27,approved
8885,8885,2025-07-07 01:00:00,3102.49,approved
8886,8886,2025-09-12 01:00:00,2770.75,approved
8887,8887,2025-08-03 11:00:00,2052.19,approved
8888,8888,2025-04-27 06:00:00,3443.39,approved
8889,8889,2025-11-03 17:00:00,1547.68,approved
8890,8890,2025-07-11 18:00:00,2951.73,pending
8891,8891,2025-09-12 11:00:00,2868.1,approved
8892,8892,2025-08-25 06:00:00,3179.97,approved
8893,8893,2025-04-07 14:00:00,3457.12,pending
8894,8894,2025-02-17 02:00:00,1745.02,approved
8895,8895,2025-12-20 13:00:00,700.79,approved
8896,8896,2025-09-29 21:00:00,1623.92,approved
8897,8897,2025-04-05 00:00:00,2991.52,approved
8898,8898,2025-05-07 20:00:00,2929.65,approved
8899,8899,2025-01-20 13:00:00,1189.18,approved
8900,8900,2025-12-10 00:00:00,184.63,approved
8901,8901,2025-05-08 14:00:00,1794.25,approved
8902,8902,2025-07-25 19:00:00,1669.87,approved
8903,8903,2025-11-30 03:00:00,318.46,approved
8904,8904,2025-01-15 08:00:00,2786.22,approved
8905,8905,2025-04-30 18:00:00,1006.89,approved
8906,8906,2025-07-08 22:00:00,2267.22,pending
8907,8907,2025-09-12 22:00:00,373.18,pending
8908,8908,2025-10-23 18:00:00,3015.25,approved
8909,8909,2025-08-06 15:00:00,2592.68,pending
8910,8910,2025-09-11 05:00:00,1371.71,approved
8911,8911,2025-08-30 07:00:00,2210.62,approved
8912,8912,2025-04-01 01:00:00,672.34,approved
8913,8913,2025-04-04 04:00:00,3449.27,approved
8914,8914,2025-03-28 20:00:00,2790.46,approved
8915,8915,2025-11-03 04:00:00,2765.51,approved
8916,8916,2025-09-16 09:00:00,553.76,approved
8917,8917,2025-10-11 02:00:00,81.71,approved
8918,8918,2025-12-17 06:00:00,2057.09,pending
8919,8919,2025-11-04 12:00:00,521.54,approved
8920,8920,2025-05-21 06:00:00,2735.91,approved
8921,8921,2025-05-07 16:00:00,1467.94,approved
8922,8922,2025-03-24 03:00:00,1198.31,approved
8923,8923,2025-03-10 17:00:00,276.3,approved
8924,8924,2025-08-18 20:00:00,3486.31,approved
8925,8925,2025-12-18 04:00:00,3346.92,failed
8926,8926,2025-03-28 12:00:00,477.96,approved
8927,8927,2025-04-26 11:00:00,1178.18,approved
8928,8928,2025-01-04 23:00:00,1379.94,approved
8929,8929,2025-06-28 11:00:00,1052.87,failed
8930,8930,2025-02-27 07:00:00,3271.95,approved
8931,8931,2025-10-14 23:00:00,2530.27,approved
8932,8932,2025-05-22 12:00:00,3346.59,failed
8933,8933,2025-08-16 05:00:00,3063.28,approved
8934,8934,2025-05-30 17:00:00,2645.8,approved
8935,8935,2025-10-14 22:00:00,2445.45,pending
8936,8936,2025-03-01 20:00:00,3034.25,approved
8937,8937,2025-11-07 17:00:00,2400.84,approved
8938,8938,2025-03-27 15:00:00,676.74,approved
8939,8939,2025-04-24 18:00:00,2275.48,approved
8940,8940,2025-04-19 00:00:00,1812.21,approved
8941,8941,2025-05-27 21:00:00,3436.99,approved
8942,8942,2025-10-08 10:00:00,1794.68,approved
8943,8943,2025-01-18 00:00:00,153.82,approved
8944,8944,2025-03-28 05:00:00,939.38,approved
8945,8945,2025-08-30 14:00:00,3212.49,approved
8946,8946,2025-07-28 10:00:00,3369.0,approved
8947,8947,2025-01-04 14:00:00,2555.18,approved
8948,8948,2025-09-13 17:00:00,217.89,approved
8949,8949,2025-02-13 11:00:00,101.92,approved
8950,8950,2025-01-28 14:00:00,1688.99,pending
8951,8951,2025-01-05 17:00:00,3498.86,approved
8952,8952,2025-11-13 06:00:00,3045.15,pending
8953,8953,2025-04-25 21:00:00,3267.21,approved
8954,8954,2025-01-05 16:00:00,2189.92,approved
8955,8955,2025-10-21 22:00:00,3009.75,approved
8956,8956,2025-10-24 22:00:00,1132.55,approved
8957,8957,2025-04-07 14:00:00,115.23,approved
8958,8958,2025-12-22 22:00:00,3215.51,approved
8959,8959,2025-04-13 10:00:00,780.14,approved
8960,8960,2025-07-13 19:00:00,2555.13,approved
8961,8961,2025-09-23 14:00:00,2313.21,approved
8962,8962,2025-04-14 09:00:00,570.41,approved
8963,8963,2025-11-16 07:00:00,701.31,approved
8964,8964,2025-11-18 11:00:00,1165.17,approved
8965,8965,2025-02-05 19:00:00,2654.12,pending
8966,8966,2025-06-13 10:00:00,156.57,approved
8967,8967,2025-02-21 18:00:00,1436.6,approved
8968,8968,2025-08-12 13:00:00,2334.59,approved
8969,8969,2025-07-07 08:00:00,616.72,approved
8970,8970,2025-08-08 03:00:00,435.57,approved
8971,8971,2025-06-22 00:00:00,1377.94,approved
8972,8972,2025-02-27 17:00:00,1017.23,approved
8973,8973,2025-09-27 02:00:00,2278.85,approved
8974,8974,2025-12-10 02:00:00,3394.1,approved
8975,8975,2025-06-28 18:00:00,35.55,approved
8976,8976,2025-07-19 09:00:00,3160.28,approved
8977,8977,2025-07-22 04:00:00,1527.62,pending
8978,8978,2025-11-27 10:00:00,2330.75,approved
8979,8979,2025-12-24 07:00:00,2981.57,approved
8980,8980,2025-12-26 17:00:00,2015.64,approved
8981,8981,2025-05-10 12:00:00,358.65,approved
8982,8982,2025-11-11 21:00:00,509.27,approved
8983,8983,2025-11-05 11:00:00,2766.69,failed
8984,8984,2025-11-11 18:00:00,817.26,approved
8985,8985,2025-03-26 08:00:00,2000.25,approved
8986,8986,2025-08-05 17:00:00,1509.72,failed
8987,8987,2025-08-02 09:00:00,1076.66,approved
8988,8988,2025-09-28 11:00:00,2758.65,approved
8989,8989,2025-04-23 10:00:00,2564.63,pending
8990,8990,2025-02-15 12:00:00,2268.46,approved
8991,8991,2025-03-25 08:00:00,1316.9,approved
8992,8992,2025-09-03 06:00:00,808.12,approved
8993,8993,2025-04-14 02:00:00,1815.31,approved
8994,8994,2025-01-09 08:00:00,2863.52,approved
8995,8995,2025-06-20 18:00:00,2023.31,approved
8996,8996,2025-05-21 10:00:00,3396.09,approved
8997,8997,2025-06-16 05:00:00,73.72,approved
8998,8998,2025-04-27 10:00:00,3494.25,approved
8999,8999,2025-05-01 14:00:00,2426.1,approved
9000,9000,2025-06-04 23:00:00,2917.71,approved
9001,9001,2025-02-21 05:00:00,1185.63,pending
9002,9002,2025-09-12 06:00:00,1789.03,approved
9003,9003,2025-05-06 13:00:00,2793.52,approved
9004,9004,2025-04-07 15:00:00,2667.06,approved
9005,9005,2025-02-09 05:00:00,1182.44,approved
9006,9006,2025-06-13 09:00:00,1148.95,approved
9007,9007,2025-05-16 00:00:00,2326.58,approved
9008,9008,2025-07-07 13:00:00,3269.13,approved
9009,9009,2025-06-28 13:00:00,1546.98,approved
9010,9010,2025-05-02 03:00:00,1248.24,failed
9011,9011,2025-06-20 16:00:00,3133.51,approved
9012,9012,2025-09-30 13:00:00,2397.04,approved
9013,9013,2025-05-03 22:00:00,1371.2,approved
9014,9014,2025-03-12 09:00:00,219.32,failed
9015,9015,2025-12-01 05:00:00,2530.78,approved
9016,9016,2025-03-27 18:00:00,1248.04,approved
9017,9017,2025-03-16 11:00:00,265.57,approved
9018,9018,2025-05-10 11:00:00,2150.77,approved
9019,9019,2025-09-11 21:00:00,1144.06,approved
9020,9020,2025-12-04 13:00:00,1197.83,approved
9021,9021,2025-12-23 19:00:00,1687.51,approved
9022,9022,2025-04-23 12:00:00,2516.81,approved
9023,9023,2025-11-28 21:00:00,981.63,approved
9024,9024,2025-01-22 23:00:00,301.69,approved
9025,9025,2025-05-24 01:00:00,1497.0,approved
9026,9026,2025-08-14 18:00:00,211.14,approved
9027,9027,2025-08-10 17:00:00,2446.49,approved
9028,9028,2025-09-19 16:00:00,3358.17,approved
9029,9029,2025-08-02 13:00:00,2312.48,approved
9030,9030,2025-11-04 08:00:00,978.36,approved
9031,9031,2025-06-08 22:00:00,652.32,approved
9032,9032,2025-05-28 15:00:00,830.09,failed
9033,9033,2025-07-05 03:00:00,791.2,approved
9034,9034,2025-12-26 12:00:00,1112.13,approved
9035,9035,2025-12-03 08:00:00,358.77,approved
9036,9036,2025-04-26 15:00:00,3137.1,approved
9037,9037,2025-10-13 15:00:00,3100.22,approved
9038,9038,2025-02-12 00:00:00,2161.02,failed
9039,9039,2025-02-15 02:00:00,235.48,approved
9040,9040,2025-02-20 12:00:00,2817.92,approved
9041,9041,2025-08-06 16:00:00,235.02,approved
9042,9042,2025-08-26 01:00:00,390.35,approved
9043,9043,2025-11-21 07:00:00,1152.03,approved
9044,9044,2025-09-17 00:00:00,1521.52,approved
9045,9045,2025-01-08 18:00:00,1251.53,approved
9046,9046,2025-12-28 03:00:00,595.0,failed
9047,9047,2025-01-29 13:00:00,410.21,approved
9048,9048,2025-05-28 04:00:00,3010.76,approved
9049,9049,2025-10-16 10:00:00,1283.87,approved
9050,9050,2025-12-07 10:00:00,780.73,approved
9051,9051,2025-08-21 18:00:00,1714.73,approved
9052,9052,2025-09-27 06:00:00,148.15,approved
9053,9053,2025-03-03 17:00:00,2108.98,approved
9054,9054,2025-03-01 20:00:00,884.74,approved
9055,9055,2025-04-15 10:00:00,2101.72,approved
9056,9056,2025-01-27 13:00:00,2157.16,pending
9057,9057,2025-10-10 03:00:00,2836.1,approved
9058,9058,2025-08-14 04:00:00,820.07,failed
9059,9059,2025-08-27 02:00:00,1632.86,approved
9060,9060,2025-12-10 09:00:00,3367.37,approved
9061,9061,2025-08-11 12:00:00,2550.39,approved
9062,9062,2025-12-28 20:00:00,3414.2,approved
9063,9063,2025-10-22 11:00:00,3247.23,approved
9064,9064,2025-07-02 08:00:00,2145.41,approved
9065,9065,2025-09-29 05:00:00,938.48,approved
9066,9066,2025-03-21 01:00:00,2654.1,approved
9067,9067,2025-02-11 04:00:00,2449.45,approved
9068,9068,2025-10-02 22:00:00,2069.34,approved
9069,9069,2025-12-15 19:00:00,2448.45,pending
9070,9070,2025-08-17 13:00:00,2155.28,approved
9071,9071,2025-02-11 16:00:00,1827.44,approved
9072,9072,2025-10-24 14:00:00,1467.53,approved
9073,9073,2025-02-08 02:00:00,175.59,approved
9074,9074,2025-06-20 10:00:00,3032.59,approved
9075,9075,2025-01-20 04:00:00,3032.08,approved
9076,9076,2025-07-19 22:00:00,2087.28,approved
9077,9077,2025-01-05 06:00:00,952.24,approved
9078,9078,2025-03-06 16:00:00,117.9,approved
9079,9079,2025-03-08 16:00:00,24.97,approved
9080,9080,2025-06-20 01:00:00,273.72,approved
9081,9081,2025-12-14 19:00:00,1272.4,approved
9082,9082,2025-02-25 09:00:00,675.62,approved
9083,9083,2025-04-06 18:00:00,942.4,approved
9084,9084,2025-05-03 14:00:00,2454.82,approved
9085,9085,2025-01-29 13:00:00,3357.84,failed
9086,9086,2025-04-30 16:00:00,739.58,approved
9087,9087,2025-11-02 15:00:00,1640.44,approved
9088,9088,2025-03-17 03:00:00,3470.35,approved
9089,9089,2025-11-11 07:00:00,3262.23,approved
9090,9090,2025-08-26 04:00:00,1246.06,approved
9091,9091,2025-05-07 07:00:00,1132.52,approved
9092,9092,2025-05-11 11:00:00,862.75,approved
9093,9093,2025-12-30 07:00:00,560.8,approved
9094,9094,2025-11-07 00:00:00,1620.98,approved
9095,9095,2025-01-22 07:00:00,1207.1,approved
9096,9096,2025-03-20 14:00:00,2612.03,approved
9097,9097,2025-09-29 06:00:00,844.3,pending
9098,9098,2025-01-15 20:00:00,2582.44,pending
9099,9099,2025-06-25 05:00:00,1022.75,approved
9100,9100,2025-03-08 17:00:00,2082.7,approved
9101,9101,2025-04-13 07:00:00,2241.74,approved
9102,9102,2025-02-07 04:00:00,2357.8,approved
9103,9103,2025-06-20 00:00:00,630.18,approved
9104,9104,2025-11-10 11:00:00,1003.84,approved
9105,9105,2025-02-17 16:00:00,876.48,approved
9106,9106,2025-04-01 03:00:00,2025.04,approved
9107,9107,2025-04-01 19:00:00,283.6,approved
9108,9108,2025-08-27 12:00:00,1823.53,approved
9109,9109,2025-08-24 08:00:00,324.39,pending
9110,9110,2025-07-07 03:00:00,1192.95,approved
9111,9111,2025-08-07 17:00:00,2409.74,approved
9112,9112,2025-06-10 14:00:00,1455.72,approved
9113,9113,2025-07-05 18:00:00,995.59,approved
9114,9114,2025-11-14 01:00:00,2163.18,failed
9115,9115,2025-01-17 20:00:00,2596.14,approved
9116,9116,2025-03-18 19:00:00,905.96,approved
9117,9117,2025-10-17 10:00:00,1061.91,approved
9118,9118,2025-11-24 23:00:00,2248.22,approved
9119,9119,2025-03-19 14:00:00,3378.98,approved
9120,9120,2025-11-07 08:00:00,764.27,approved
9121,9121,2025-07-27 02:00:00,2296.78,approved
9122,9122,2025-10-30 22:00:00,3174.93,approved
9123,9123,2025-05-13 07:00:00,1627.64,approved
9124,9124,2025-06-21 17:00:00,1122.62,approved
9125,9125,2025-05-31 05:00:00,2340.71,approved
9126,9126,2025-06-10 05:00:00,129.38,approved
9127,9127,2025-01-18 20:00:00,1273.36,approved
9128,9128,2025-09-04 00:00:00,917.75,approved
9129,9129,2025-12-11 19:00:00,801.68,failed
9130,9130,2025-09-11 01:00:00,645.56,approved
9131,9131,2025-12-30 23:00:00,2584.98,approved
9132,9132,2025-02-07 21:00:00,3343.75,failed
9133,9133,2025-12-21 09:00:00,1359.0,approved
9134,9134,2025-10-12 15:00:00,190.88,approved
9135,9135,2025-11-17 00:00:00,2521.81,approved
9136,9136,2025-05-27 08:00:00,1892.95,approved
9137,9137,2025-05-09 22:00:00,2538.28,approved
9138,9138,2025-05-16 10:00:00,2274.71,approved
9139,9139,2025-06-09 22:00:00,3170.92,approved
9140,9140,2025-03-30 16:00:00,508.73,pending
9141,9141,2025-07-18 19:00:00,608.68,approved
9142,9142,2025-04-01 22:00:00,1208.66,pending
9143,9143,2025-04-12 10:00:00,1730.03,approved
9144,9144,2025-09-07 14:00:00,3241.48,approved
9145,9145,2025-07-28 03:00:00,3176.24,approved
9146,9146,2025-09-13 06:00:00,3054.11,approved
9147,9147,2025-06-18 05:00:00,794.39,approved
9148,9148,2025-04-29 21:00:00,2559.27,approved
9149,9149,2025-06-26 13:00:00,1354.55,approved
9150,9150,2025-05-23 14:00:00,3260.52,approved
9151,9151,2025-07-30 08:00:00,766.58,approved
9152,9152,2025-03-24 17:00:00,511.58,approved
9153,9153,2025-08-06 12:00:00,2951.5,approved
9154,9154,2025-10-21 06:00:00,2514.84,approved
9155,9155,2025-01-30 10:00:00,2878.55,approved
9156,9156,2025-09-18 04:00:00,569.64,approved
9157,9157,2025-04-06 10:00:00,3099.08,approved
9158,9158,2025-02-12 20:00:00,2378.12,approved
9159,9159,2025-05-04 21:00:00,2287.43,approved
9160,9160,2025-10-01 12:00:00,2047.39,approved
9161,9161,2025-06-04 06:00:00,2681.77,approved
9162,9162,2025-02-09 15:00:00,1466.32,approved
9163,9163,2025-05-07 15:00:00,482.22,approved
9164,9164,2025-09-04 17:00:00,1896.64,approved
9165,9165,2025-06-25 08:00:00,2623.39,approved
9166,9166,2025-11-12 16:00:00,554.69,approved
9167,9167,2025-08-13 23:00:00,799.59,pending
9168,9168,2025-11-03 21:00:00,2443.98,approved
9169,9169,2025-10-03 16:00:00,958.39,approved
9170,9170,2025-11-18 01:00:00,611.39,approved
9171,9171,2025-12-30 21:00:00,3115.08,approved
9172,9172,2025-11-14 03:00:00,579.92,approved
9173,9173,2025-01-07 07:00:00,1217.64,approved
9174,9174,2025-04-11 16:00:00,1510.94,approved
9175,9175,2025-08-14 15:00:00,1676.97,approved
9176,9176,2025-04-21 21:00:00,1277.36,approved
9177,9177,2025-01-17 01:00:00,3195.63,approved
9178,9178,2025-04-24 12:00:00,2312.02,approved
9179,9179,2025-11-08 06:00:00,1271.04,approved
9180,9180,2025-09-22 01:00:00,1264.86,approved
9181,9181,2025-12-31 02:00:00,1770.27,approved
9182,9182,2025-05-15 17:00:00,137.15,approved
9183,9183,2025-09-23 01:00:00,3244.72,approved
9184,9184,2025-02-18 23:00:00,797.12,approved
9185,9185,2025-11-24 10:00:00,2447.62,approved
9186,9186,2025-12-04 07:00:00,2726.48,approved
9187,9187,2025-01-11 18:00:00,2899.29,failed
9188,9188,2025-01-01 07:00:00,596.44,approved
9189,9189,2025-07-16 20:00:00,1887.69,approved
9190,9190,2025-09-18 00:00:00,311.19,pending
9191,9191,2025-06-21 12:00:00,2820.68,approved
9192,9192,2025-04-23 02:00:00,1712.85,approved
9193,9193,2025-11-17 13:00:00,571.54,pending
9194,9194,2025-06-11 09:00:00,2521.0,approved
9195,9195,2025-09-23 22:00:00,1172.47,approved
9196,9196,2025-10-29 05:00:00,418.48,approved
9197,9197,2025-09-05 19:00:00,1624.54,approved
9198,9198,2025-04-20 11:00:00,838.66,approved
9199,9199,2025-04-12 13:00:00,3326.77,approved
9200,9200,2025-05-26 14:00:00,1277.54,approved
9201,9201,2025-08-02 00:00:00,2012.14,approved
9202,9202,2025-12-14 16:00:00,3320.3,approved
9203,9203,2025-06-01 12:00:00,1390.15,approved
9204,9204,2025-10-05 02:00:00,1266.28,approved
9205,9205,2025-01-27 20:00:00,585.17,approved
9206,9206,2025-10-06 06:00:00,3285.3,approved
9207,9207,2025-12-28 18:00:00,2806.59,approved
9208,9208,2025-10-09 00:00:00,789.12,approved
9209,9209,2025-08-12 05:00:00,1177.71,pending
9210,9210,2025-04-13 16:00:00,3203.89,failed
9211,9211,2025-08-06 00:00:00,1889.73,approved
9212,9212,2025-11-13 01:00:00,1956.04,approved
9213,9213,2025-08-24 21:00:00,2275.54,approved
9214,9214,2025-12-16 17:00:00,2672.33,approved
9215,9215,2025-02-17 20:00:00,3288.71,approved
9216,9216,2025-06-29 15:00:00,2811.74,pending
9217,9217,2025-01-07 05:00:00,3272.23,approved
9218,9218,2025-08-13 02:00:00,2875.72,pending
9219,9219,2025-05-24 12:00:00,181.59,approved
9220,9220,2025-02-18 19:00:00,429.02,approved
9221,9221,2025-12-04 07:00:00,3099.43,approved
9222,9222,2025-11-05 03:00:00,116.38,failed
9223,9223,2025-11-02 05:00:00,2783.73,approved
9224,9224,2025-10-15 11:00:00,2977.46,pending
9225,9225,2025-09-24 05:00:00,1465.82,approved
9226,9226,2025-06-15 12:00:00,1254.89,failed
9227,9227,2025-03-14 03:00:00,696.53,approved
9228,9228,2025-11-02 03:00:00,190.24,approved
9229,9229,2025-08-29 08:00:00,2613.93,approved
9230,9230,2025-11-03 19:00:00,276.57,pending
9231,9231,2025-04-29 22:00:00,3307.45,approved
9232,9232,2025-02-11 09:00:00,1052.67,approved
9233,9233,2025-01-11 07:00:00,2783.97,approved
9234,9234,2025-06-26 15:00:00,227.7,approved
9235,9235,2025-11-23 15:00:00,1886.25,approved
9236,9236,2025-04-14 10:00:00,1234.87,approved
9237,9237,2025-04-18 13:00:00,124.4,approved
9238,9238,2025-09-24 17:00:00,2302.18,approved
9239,9239,2025-05-26 03:00:00,3302.21,approved
9240,9240,2025-03-31 02:00:00,57.42,approved
9241,9241,2025-02-25 17:00:00,961.12,failed
9242,9242,2025-12-23 06:00:00,2468.55,approved
9243,9243,2025-09-22 01:00:00,3051.96,approved
9244,9244,2025-10-15 21:00:00,683.91,approved
9245,9245,2025-10-05 05:00:00,266.09,approved
9246,9246,2025-01-19 02:00:00,50.07,approved
9247,9247,2025-02-08 00:00:00,768.92,approved
9248,9248,2025-12-27 22:00:00,268.18,approved
9249,9249,2025-11-15 11:00:00,1270.65,approved
9250,9250,2025-11-27 14:00:00,1551.64,approved
9251,9251,2025-07-25 02:00:00,1690.13,approved
9252,9252,2025-12-12 15:00:00,515.31,approved
9253,9253,2025-02-19 07:00:00,1634.68,approved
9254,9254,2025-06-12 00:00:00,51.5,approved
9255,9255,2025-11-10 04:00:00,853.19,approved
9256,9256,2025-01-26 04:00:00,1304.42,pending
9257,9257,2025-03-18 03:00:00,431.86,approved
9258,9258,2025-12-25 12:00:00,2852.74,approved
9259,9259,2025-10-18 10:00:00,720.22,approved
9260,9260,2025-06-03 03:00:00,2647.02,approved
9261,9261,2025-12-07 18:00:00,1669.15,approved
9262,9262,2025-10-19 06:00:00,1689.51,approved
9263,9263,2025-05-25 06:00:00,2265.28,approved
9264,9264,2025-02-13 09:00:00,174.09,approved
9265,9265,2025-10-06 13:00:00,294.08,approved
9266,9266,2025-07-08 21:00:00,1157.42,approved
9267,9267,2025-04-23 21:00:00,1470.54,approved
9268,9268,2025-08-29 15:00:00,1516.19,approved
9269,9269,2025-03-26 19:00:00,2375.57,approved
9270,9270,2025-01-13 02:00:00,22.45,approved
9271,9271,2025-11-20 18:00:00,3357.69,approved
9272,9272,2025-01-02 06:00:00,627.22,approved
9273,9273,2025-05-04 19:00:00,885.24,approved
9274,9274,2025-08-01 15:00:00,3171.58,approved
9275,9275,2025-07-02 20:00:00,39.11,approved
9276,9276,2025-02-03 17:00:00,3469.75,approved
9277,9277,2025-06-19 05:00:00,145.13,approved
9278,9278,2025-01-06 05:00:00,439.5,approved
9279,9279,2025-10-15 17:00:00,855.57,approved
9280,9280,2025-01-17 01:00:00,1546.75,approved
9281,9281,2025-02-28 04:00:00,1824.21,approved
9282,9282,2025-03-11 02:00:00,384.42,approved
9283,9283,2025-11-21 22:00:00,276.39,pending
9284,9284,2025-04-04 14:00:00,130.87,approved
9285,9285,2025-04-25 04:00:00,913.49,approved
9286,9286,2025-10-25 16:00:00,3226.93,approved
9287,9287,2025-07-05 08:00:00,1376.65,approved
9288,9288,2025-06-24 17:00:00,2678.75,failed
9289,9289,2025-01-31 08:00:00,681.85,approved
9290,9290,2025-05-31 14:00:00,245.08,approved
9291,9291,2025-07-24 06:00:00,1948.89,approved
9292,9292,2025-04-25 12:00:00,2880.88,pending
9293,9293,2025-08-23 09:00:00,3146.64,approved
9294,9294,2025-06-06 05:00:00,1920.79,approved
9295,9295,2025-09-16 07:00:00,1043.23,approved
9296,9296,2025-06-05 03:00:00,401.1,approved
9297,9297,2025-08-13 05:00:00,2344.02,approved
9298,9298,2025-04-27 23:00:00,995.92,approved
9299,9299,2025-12-03 13:00:00,2956.99,approved
9300,9300,2025-12-17 15:00:00,2125.82,approved
9301,9301,2025-08-26 18:00:00,3008.9,approved
9302,9302,2025-03-14 07:00:00,1991.95,approved
9303,9303,2025-10-14 11:00:00,2705.66,approved
9304,9304,2025-09-24 01:00:00,1044.18,pending
9305,9305,2025-04-07 19:00:00,1770.64,approved
9306,9306,2025-03-18 15:00:00,87.53,approved
9307,9307,2025-07-02 00:00:00,2135.25,approved
9308,9308,2025-01-10 03:00:00,1877.41,approved
9309,9309,2025-10-29 17:00:00,2648.38,approved
9310,9310,2025-06-03 06:00:00,2556.77,approved
9311,9311,2025-04-14 03:00:00,2204.11,pending
9312,9312,2025-06-10 15:00:00,217.27,approved
9313,9313,2025-06-08 22:00:00,3162.47,approved
9314,9314,2025-09-13 11:00:00,82.71,approved
9315,9315,2025-06-24 06:00:00,2815.37,approved
9316,9316,2025-11-09 10:00:00,1688.13,approved
9317,9317,2025-02-17 05:00:00,2866.62,approved
9318,9318,2025-02-09 14:00:00,1638.44,approved
9319,9319,2025-05-03 09:00:00,2271.34,approved
9320,9320,2025-05-21 20:00:00,1284.16,approved
9321,9321,2025-01-27 11:00:00,2608.0,approved
9322,9322,2025-01-31 23:00:00,904.53,approved
9323,9323,2025-06-14 10:00:00,2523.36,approved
9324,9324,2025-06-07 20:00:00,692.97,failed
9325,9325,2025-12-21 02:00:00,2533.14,approved
9326,9326,2025-07-13 14:00:00,1041.98,approved
9327,9327,2025-01-10 11:00:00,989.64,approved
9328,9328,2025-09-25 06:00:00,2844.0,approved
9329,9329,2025-06-14 22:00:00,2851.65,approved
9330,9330,2025-02-28 00:00:00,2426.08,approved
9331,9331,2025-01-22 09:00:00,3235.2,approved
9332,9332,2025-06-28 08:00:00,563.55,approved
9333,9333,2025-02-08 14:00:00,957.24,approved
9334,9334,2025-03-01 07:00:00,1043.17,pending
9335,9335,2025-03-11 01:00:00,1082.4,approved
9336,9336,2025-09-26 02:00:00,1161.55,approved
9337,9337,2025-08-23 14:00:00,2445.59,approved
9338,9338,2025-06-16 14:00:00,962.24,approved
9339,9339,2025-09-20 14:00:00,1015.01,approved
9340,9340,2025-04-30 05:00:00,2005.04,approved
9341,9341,2025-11-06 12:00:00,692.89,approved
9342,9342,2025-07-01 01:00:00,1289.81,approved
9343,9343,2025-12-15 10:00:00,221.63,approved
9344,9344,2025-08-09 19:00:00,3334.86,approved
9345,9345,2025-08-01 13:00:00,1124.23,approved
9346,9346,2025-04-05 11:00:00,2978.15,approved
9347,9347,2025-12-27 01:00:00,1864.21,approved
9348,9348,2025-06-19 05:00:00,814.18,approved
9349,9349,2025-01-08 14:00:00,693.13,approved
9350,9350,2025-07-17 16:00:00,2438.46,approved
9351,9351,2025-02-28 23:00:00,3377.74,approved
9352,9352,2025-07-31 22:00:00,657.08,approved
9353,9353,2025-09-23 07:00:00,421.67,approved
9354,9354,2025-05-23 06:00:00,1367.11,pending
9355,9355,2025-11-30 23:00:00,1390.46,approved
9356,9356,2025-02-19 03:00:00,2825.76,approved
9357,9357,2025-03-16 09:00:00,1651.73,approved
9358,9358,2025-12-06 17:00:00,237.36,approved
9359,9359,2025-03-15 10:00:00,3223.92,approved
9360,9360,2025-08-13 08:00:00,1318.69,approved
9361,9361,2025-12-16 09:00:00,2346.49,approved
9362,9362,2025-03-28 12:00:00,2342.86,approved
9363,9363,2025-11-20 07:00:00,216.07,approved
9364,9364,2025-11-29 01:00:00,32.54,approved
9365,9365,2025-05-24 13:00:00,326.37,approved
9366,9366,2025-11-27 19:00:00,3348.73,approved
9367,9367,2025-05-20 00:00:00,2783.1,approved
9368,9368,2025-05-03 09:00:00,479.4,approved
9369,9369,2025-07-09 23:00:00,2159.75,approved
9370,9370,2025-11-01 05:00:00,2149.67,approved
9371,9371,2025-10-24 22:00:00,21.95,approved
9372,9372,2025-10-13 11:00:00,1513.14,approved
9373,9373,2025-01-16 07:00:00,2496.98,approved
9374,9374,2025-08-16 23:00:00,670.04,approved
9375,9375,2025-08-15 15:00:00,2981.15,approved
9376,9376,2025-11-18 08:00:00,2317.86,approved
9377,9377,2025-12-15 00:00:00,44.1,approved
9378,9378,2025-07-16 06:00:00,2995.1,approved
9379,9379,2025-01-15 05:00:00,87.51,approved
9380,9380,2025-02-09 14:00:00,3109.99,approved
9381,9381,2025-03-11 07:00:00,1181.34,approved
9382,9382,2025-09-15 15:00:00,2451.3,approved
9383,9383,2025-01-11 23:00:00,2760.26,approved
9384,9384,2025-03-06 22:00:00,998.82,approved
9385,9385,2025-09-30 12:00:00,1260.4,failed
9386,9386,2025-05-29 22:00:00,1793.21,approved
9387,9387,2025-03-23 15:00:00,2047.77,approved
9388,9388,2025-03-13 18:00:00,1036.31,approved
9389,9389,2025-01-16 22:00:00,3473.54,approved
9390,9390,2025-09-01 12:00:00,2584.78,approved
9391,9391,2025-03-30 20:00:00,974.05,approved
9392,9392,2025-05-09 14:00:00,2248.7,approved
9393,9393,2025-02-17 07:00:00,1535.09,approved
9394,9394,2025-01-15 18:00:00,3013.94,approved
9395,9395,2025-05-14 02:00:00,1164.75,approved
9396,9396,2025-06-10 23:00:00,673.73,approved
9397,9397,2025-02-10 10:00:00,180.55,approved
9398,9398,2025-01-13 06:00:00,3445.4,approved
9399,9399,2025-10-04 12:00:00,1270.09,approved
9400,9400,2025-02-20 11:00:00,787.4,approved
9401,9401,2025-11-19 19:00:00,1731.35,approved
9402,9402,2025-11-30 20:00:00,1034.9,failed
9403,9403,2025-03-08 03:00:00,830.49,failed
9404,9404,2025-01-06 22:00:00,2165.02,approved
9405,9405,2025-07-29 06:00:00,280.47,failed
9406,9406,2025-03-04 17:00:00,1791.3,failed
9407,9407,2025-05-05 17:00:00,1368.26,approved
9408,9408,2025-10-06 10:00:00,1873.2,approved
9409,9409,2025-11-09 07:00:00,1135.13,approved
9410,9410,2025-01-10 08:00:00,2004.72,approved
9411,9411,2025-10-19 11:00:00,304.73,approved
9412,9412,2025-09-30 11:00:00,1329.03,approved
9413,9413,2025-08-12 18:00:00,846.5,approved
9414,9414,2025-05-02 11:00:00,1544.55,approved
9415,9415,2025-08-06 01:00:00,1406.21,approved
9416,9416,2025-05-11 17:00:00,2216.52,approved
9417,9417,2025-07-02 06:00:00,2208.08,approved
9418,9418,2025-08-29 04:00:00,1458.51,approved
9419,9419,2025-10-23 09:00:00,652.05,approved
9420,9420,2025-12-14 17:00:00,2045.06,approved
9421,9421,2025-05-08 21:00:00,3383.47,approved
9422,9422,2025-06-30 11:00:00,665.34,approved
9423,9423,2025-11-08 11:00:00,260.33,approved
9424,9424,2025-05-19 10:00:00,940.67,approved
9425,9425,2025-12-24 18:00:00,1456.96,approved
9426,9426,2025-04-19 14:00:00,1085.54,approved
9427,9427,2025-12-16 20:00:00,2924.79,approved
9428,9428,2025-01-18 16:00:00,1735.74,pending
9429,9429,2025-12-28 04:00:00,876.53,approved
9430,9430,2025-09-18 12:00:00,3326.69,approved
9431,9431,2025-10-06 12:00:00,455.22,approved
9432,9432,2025-07-12 18:00:00,447.73,approved
9433,9433,2025-01-27 07:00:00,873.59,approved
9434,9434,2025-08-23 20:00:00,287.17,approved
9435,9435,2025-11-30 07:00:00,2635.75,approved
9436,9436,2025-10-22 05:00:00,1108.58,pending
9437,9437,2025-08-02 04:00:00,2559.84,approved
9438,9438,2025-12-09 16:00:00,2674.33,approved
9439,9439,2025-12-12 17:00:00,846.56,approved
9440,9440,2025-01-06 00:00:00,1823.91,approved
9441,9441,2025-03-18 11:00:00,1828.18,pending
9442,9442,2025-12-03 23:00:00,3052.35,approved
9443,9443,2025-05-19 08:00:00,109.2,approved
9444,9444,2025-12-17 19:00:00,1122.47,approved
9445,9445,2025-08-01 09:00:00,3091.06,pending
9446,9446,2025-07-20 18:00:00,844.08,approved
9447,9447,2025-05-09 12:00:00,496.34,approved
9448,9448,2025-10-04 17:00:00,2024.96,pending
9449,9449,2025-01-11 23:00:00,1084.45,failed
9450,9450,2025-09-24 13:00:00,1646.18,approved
9451,9451,2025-10-13 07:00:00,2873.64,approved
9452,9452,2025-04-06 17:00:00,1832.03,approved
9453,9453,2025-01-20 23:00:00,1815.3,approved
9454,9454,2025-10-19 01:00:00,988.08,approved
9455,9455,2025-03-05 00:00:00,2779.17,approved
9456,9456,2025-01-13 05:00:00,2594.55,pending
9457,9457,2025-06-20 04:00:00,834.74,approved
9458,9458,2025-12-12 05:00:00,1133.62,approved
9459,9459,2025-12-07 19:00:00,2764.43,approved
9460,9460,2025-12-14 06:00:00,1264.86,approved
9461,9461,2025-06-13 17:00:00,1424.39,approved
9462,9462,2025-10-27 02:00:00,1288.15,approved
9463,9463,2025-04-08 05:00:00,582.48,failed
9464,9464,2025-07-21 09:00:00,1206.32,approved
9465,9465,2025-10-27 09:00:00,2814.21,approved
9466,9466,2025-06-27 06:00:00,1728.94,pending
9467,9467,2025-06-21 18:00:00,1614.6,approved
9468,9468,2025-08-09 21:00:00,564.1,approved
9469,9469,2025-08-10 15:00:00,637.94,pending
9470,9470,2025-12-06 05:00:00,169.47,approved
9471,9471,2025-06-13 23:00:00,68.57,approved
9472,9472,2025-06-13 09:00:00,1718.29,approved
9473,9473,2025-08-25 00:00:00,1444.13,approved
9474,9474,2025-10-26 05:00:00,978.31,approved
9475,9475,2025-12-22 20:00:00,3465.36,approved
9476,9476,2025-03-12 17:00:00,1405.03,pending
9477,9477,2025-01-31 12:00:00,2765.19,approved
9478,9478,2025-06-10 22:00:00,752.7,approved
9479,9479,2025-01-05 02:00:00,879.7,approved
9480,9480,2025-10-30 19:00:00,1998.0,approved
9481,9481,2025-04-12 08:00:00,34.02,pending
9482,9482,2025-06-01 08:00:00,80.64,approved
9483,9483,2025-02-12 17:00:00,514.92,approved
9484,9484,2025-01-05 00:00:00,796.46,pending
9485,9485,2025-04-22 15:00:00,1856.92,approved
9486,9486,2025-06-12 17:00:00,2408.08,approved
9487,9487,2025-03-02 11:00:00,1105.34,approved
9488,9488,2025-10-22 03:00:00,851.97,pending
9489,9489,2025-05-20 07:00:00,2883.38,approved
9490,9490,2025-10-26 00:00:00,586.46,approved
9491,9491,2025-09-12 22:00:00,2380.58,pending
9492,9492,2025-07-21 03:00:00,3261.03,approved
9493,9493,2025-04-12 12:00:00,828.09,approved
9494,9494,2025-11-20 10:00:00,322.64,pending
9495,9495,2025-02-09 03:00:00,3429.56,approved
9496,9496,2025-05-01 19:00:00,962.29,approved
9497,9497,2025-06-24 23:00:00,979.31,approved
9498,9498,2025-06-29 00:00:00,1703.53,approved
9499,9499,2025-12-30 09:00:00,824.08,approved
9500,9500,2025-02-09 10:00:00,3475.2,approved
9501,9501,2025-09-11 01:00:00,169.52,approved
9502,9502,2025-08-08 18:00:00,1591.13,pending
9503,9503,2025-12-15 22:00:00,1928.25,pending
9504,9504,2025-09-05 04:00:00,1644.99,approved
9505,9505,2025-03-16 02:00:00,1831.42,approved
9506,9506,2025-06-02 13:00:00,3456.78,approved
9507,9507,2025-07-16 12:00:00,3071.62,failed
9508,9508,2025-05-06 13:00:00,1093.38,approved
9509,9509,2025-07-27 00:00:00,1939.14,approved
9510,9510,2025-10-17 17:00:00,21.08,approved
9511,9511,2025-04-17 15:00:00,1445.3,approved
9512,9512,2025-02-07 17:00:00,590.28,approved
9513,9513,2025-10-21 10:00:00,2495.53,approved
9514,9514,2025-10-03 16:00:00,789.39,approved
9515,9515,2025-02-24 22:00:00,2626.16,approved
9516,9516,2025-05-15 03:00:00,1109.8,approved
9517,9517,2025-06-19 11:00:00,3241.88,pending
9518,9518,2025-09-23 21:00:00,1570.05,approved
9519,9519,2025-07-13 07:00:00,2941.52,approved
9520,9520,2025-04-04 22:00:00,2206.02,approved
9521,9521,2025-03-10 06:00:00,3421.35,approved
9522,9522,2025-12-05 16:00:00,2604.68,approved
9523,9523,2025-06-09 08:00:00,2552.41,approved
9524,9524,2025-03-25 19:00:00,941.73,approved
9525,9525,2025-04-17 12:00:00,1776.91,approved
9526,9526,2025-11-25 07:00:00,1029.6,pending
9527,9527,2025-06-06 01:00:00,87.14,approved
9528,9528,2025-02-22 06:00:00,2492.84,approved
9529,9529,2025-06-29 01:00:00,840.71,approved
9530,9530,2025-05-14 23:00:00,1402.69,approved
9531,9531,2025-01-14 03:00:00,1010.54,approved
9532,9532,2025-11-17 12:00:00,714.73,approved
9533,9533,2025-05-22 17:00:00,253.58,approved
9534,9534,2025-12-20 21:00:00,1195.86,approved
9535,9535,2025-05-03 11:00:00,304.47,approved
9536,9536,2025-02-17 11:00:00,1900.31,approved
9537,9537,2025-04-05 16:00:00,88.29,failed
9538,9538,2025-11-14 07:00:00,3291.27,approved
9539,9539,2025-06-16 22:00:00,3383.33,approved
9540,9540,2025-02-04 21:00:00,1080.2,approved
9541,9541,2025-07-30 16:00:00,925.48,approved
9542,9542,2025-10-23 13:00:00,383.33,approved
9543,9543,2025-08-04 20:00:00,3169.12,approved
9544,9544,2025-03-27 11:00:00,2062.29,approved
9545,9545,2025-01-10 09:00:00,2143.23,approved
9546,9546,2025-09-11 01:00:00,3137.58,approved
9547,9547,2025-02-28 17:00:00,3189.54,approved
9548,9548,2025-05-25 02:00:00,2902.63,failed
9549,9549,2025-05-12 17:00:00,2711.58,approved
9550,9550,2025-11-24 11:00:00,3072.8,approved
9551,9551,2025-05-06 15:00:00,3068.38,approved
9552,9552,2025-03-30 22:00:00,1302.88,approved
9553,9553,2025-04-09 07:00:00,3407.4,approved
9554,9554,2025-08-05 18:00:00,2487.78,approved
9555,9555,2025-01-31 23:00:00,1308.33,approved
9556,9556,2025-06-12 18:00:00,1558.33,approved
9557,9557,2025-05-31 23:00:00,2411.22,approved
9558,9558,2025-01-13 03:00:00,1276.62,approved
9559,9559,2025-03-25 20:00:00,2896.42,approved
9560,9560,2025-11-30 08:00:00,535.26,approved
9561,9561,2025-03-05 16:00:00,3178.43,approved
9562,9562,2025-03-21 15:00:00,1068.17,approved
9563,9563,2025-03-22 14:00:00,551.44,approved
9564,9564,2025-03-25 09:00:00,3005.92,approved
9565,9565,2025-02-09 01:00:00,853.33,approved
9566,9566,2025-09-19 17:00:00,2955.02,pending
9567,9567,2025-10-23 07:00:00,1051.0,approved
9568,9568,2025-11-27 09:00:00,3269.85,approved
9569,9569,2025-10-19 02:00:00,782.39,approved
9570,9570,2025-12-25 16:00:00,262.38,failed
9571,9571,2025-08-19 22:00:00,3279.13,approved
9572,9572,2025-06-05 01:00:00,596.38,approved
9573,9573,2025-10-13 21:00:00,3305.58,approved
9574,9574,2025-07-29 19:00:00,2887.44,approved
9575,9575,2025-11-27 14:00:00,305.1,approved
9576,9576,2025-09-06 21:00:00,1569.07,approved
9577,9577,2025-10-01 10:00:00,275.43,approved
9578,9578,2025-04-15 12:00:00,1167.66,approved
9579,9579,2025-03-03 22:00:00,1243.23,approved
9580,9580,2025-03-11 23:00:00,2106.72,approved
9581,9581,2025-01-10 07:00:00,3416.12,approved
9582,9582,2025-06-04 13:00:00,610.78,approved
9583,9583,2025-09-17 02:00:00,1165.45,approved
9584,9584,2025-10-11 21:00:00,2063.12,approved
9585,9585,2025-04-19 18:00:00,616.54,approved
9586,9586,2025-09-25 17:00:00,2493.27,approved
9587,9587,2025-10-22 05:00:00,1424.74,approved
9588,9588,2025-04-07 16:00:00,3324.51,approved
9589,9589,2025-12-12 04:00:00,2211.95,approved
9590,9590,2025-06-10 19:00:00,1283.52,approved
9591,9591,2025-10-16 12:00:00,2523.77,approved
9592,9592,2025-05-26 08:00:00,2938.87,approved
9593,9593,2025-10-22 14:00:00,2805.67,approved
9594,9594,2025-11-16 14:00:00,934.42,failed
9595,9595,2025-06-08 20:00:00,1471.1,pending
9596,9596,2025-10-13 04:00:00,1593.58,approved
9597,9597,2025-09-26 18:00:00,1371.57,pending
9598,9598,2025-01-01 03:00:00,1101.81,approved
9599,9599,2025-06-25 07:00:00,2639.56,approved
9600,9600,2025-04-20 13:00:00,62.54,approved
9601,9601,2025-05-24 17:00:00,1041.53,approved
9602,9602,2025-04-13 07:00:00,512.83,failed
9603,9603,2025-10-01 05:00:00,468.12,approved
9604,9604,2025-06-30 18:00:00,983.82,approved
9605,9605,2025-02-15 16:00:00,2672.29,approved
9606,9606,2025-08-20 02:00:00,3393.59,approved
9607,9607,2025-03-19 04:00:00,1810.87,approved
9608,9608,2025-07-11 04:00:00,1199.62,approved
9609,9609,2025-02-15 02:00:00,2905.51,pending
9610,9610,2025-05-17 03:00:00,253.52,approved
9611,9611,2025-07-12 11:00:00,344.22,approved
9612,9612,2025-06-27 21:00:00,1221.87,failed
9613,9613,2025-12-24 00:00:00,1580.46,approved
9614,9614,2025-06-07 04:00:00,2796.48,approved
9615,9615,2025-01-09 04:00:00,3239.92,approved
9616,9616,2025-06-26 01:00:00,1868.84,approved
9617,9617,2025-04-12 12:00:00,1744.84,approved
9618,9618,2025-12-15 21:00:00,761.28,approved
9619,9619,2025-06-12 11:00:00,1590.11,approved
9620,9620,2025-01-16 08:00:00,3234.28,approved
9621,9621,2025-08-13 09:00:00,1387.29,approved
9622,9622,2025-12-08 13:00:00,753.18,pending
9623,9623,2025-11-04 12:00:00,1193.79,approved
9624,9624,2025-02-07 23:00:00,1810.79,approved
9625,9625,2025-07-21 06:00:00,2103.08,pending
9626,9626,2025-06-01 00:00:00,1524.86,approved
9627,9627,2025-08-27 16:00:00,2659.71,approved
9628,9628,2025-10-02 23:00:00,2053.9,approved
9629,9629,2025-08-21 18:00:00,2334.37,approved
9630,9630,2025-03-16 17:00:00,3022.96,approved
9631,9631,2025-10-15 15:00:00,3032.6,approved
9632,9632,2025-01-18 01:00:00,728.21,approved
9633,9633,2025-02-08 02:00:00,2189.24,approved
9634,9634,2025-05-08 14:00:00,2513.91,approved
9635,9635,2025-11-11 02:00:00,527.57,approved
9636,9636,2025-01-26 10:00:00,2952.84,approved
9637,9637,2025-04-16 11:00:00,648.04,approved
9638,9638,2025-12-15 06:00:00,2801.49,approved
9639,9639,2025-12-13 23:00:00,581.9,approved
9640,9640,2025-07-21 02:00:00,2601.39,approved
9641,9641,2025-10-12 15:00:00,535.55,approved
9642,9642,2025-05-11 03:00:00,1338.33,approved
9643,9643,2025-06-30 04:00:00,519.44,approved
9644,9644,2025-11-03 12:00:00,962.09,approved
9645,9645,2025-08-03 11:00:00,3446.11,approved
9646,9646,2025-11-04 05:00:00,394.71,approved
9647,9647,2025-10-13 10:00:00,1434.5,approved
9648,9648,2025-04-30 16:00:00,2375.68,pending
9649,9649,2025-01-12 10:00:00,349.2,approved
9650,9650,2025-11-26 04:00:00,399.43,approved
9651,9651,2025-05-27 07:00:00,518.55,approved
9652,9652,2025-03-28 17:00:00,2264.55,approved
9653,9653,2025-11-03 02:00:00,3184.49,approved
9654,9654,2025-04-26 03:00:00,2894.44,approved
9655,9655,2025-09-23 19:00:00,3441.03,approved
9656,9656,2025-11-13 20:00:00,2031.92,approved
9657,9657,2025-02-10 10:00:00,3365.94,approved
9658,9658,2025-07-07 04:00:00,1081.17,pending
9659,9659,2025-01-14 19:00:00,1486.84,approved
9660,9660,2025-09-14 04:00:00,1398.22,approved
9661,9661,2025-10-28 01:00:00,184.8,approved
9662,9662,2025-12-23 22:00:00,2907.37,approved
9663,9663,2025-08-26 19:00:00,106.02,approved
9664,9664,2025-05-31 05:00:00,2559.97,approved
9665,9665,2025-07-10 17:00:00,1436.59,approved
9666,9666,2025-08-18 18:00:00,41.74,approved
9667,9667,2025-08-17 22:00:00,1029.02,approved
9668,9668,2025-07-23 01:00:00,1224.52,approved
9669,9669,2025-03-20 20:00:00,3377.16,approved
9670,9670,2025-01-22 06:00:00,2320.56,approved
9671,9671,2025-10-19 06:00:00,1911.63,failed
9672,9672,2025-08-08 01:00:00,462.14,approved
9673,9673,2025-12-11 09:00:00,1381.04,approved
9674,9674,2025-01-23 20:00:00,144.46,approved
9675,9675,2025-10-23 17:00:00,2670.67,approved
9676,9676,2025-12-19 09:00:00,586.46,approved
9677,9677,2025-09-24 10:00:00,2088.64,approved
9678,9678,2025-06-21 08:00:00,2453.88,approved
9679,9679,2025-09-07 10:00:00,1295.45,approved
9680,9680,2025-01-26 01:00:00,2221.42,approved
9681,9681,2025-06-29 07:00:00,2679.53,approved
9682,9682,2025-08-27 08:00:00,660.75,pending
9683,9683,2025-04-26 03:00:00,2110.99,pending
9684,9684,2025-06-17 18:00:00,2573.91,failed
9685,9685,2025-04-20 15:00:00,1262.53,pending
9686,9686,2025-04-30 16:00:00,585.47,approved
9687,9687,2025-01-22 02:00:00,1015.68,approved
9688,9688,2025-10-16 11:00:00,3267.1,approved
9689,9689,2025-03-29 05:00:00,1263.92,approved
9690,9690,2025-04-26 14:00:00,394.8,approved
9691,9691,2025-10-02 15:00:00,307.89,approved
9692,9692,2025-05-24 01:00:00,648.12,approved
9693,9693,2025-10-22 19:00:00,463.74,approved
9694,9694,2025-07-19 17:00:00,1742.75,approved
9695,9695,2025-12-19 18:00:00,1229.48,approved
9696,9696,2025-07-08 09:00:00,2948.09,approved
9697,9697,2025-04-15 07:00:00,3086.15,approved
9698,9698,2025-11-11 20:00:00,1667.01,approved
9699,9699,2025-08-15 09:00:00,3112.07,approved
9700,9700,2025-06-02 01:00:00,1587.61,approved
9701,9701,2025-11-13 02:00:00,2254.03,approved
9702,9702,2025-08-13 06:00:00,585.62,approved
9703,9703,2025-01-03 22:00:00,202.99,approved
9704,9704,2025-11-08 04:00:00,577.1,approved
9705,9705,2025-12-17 23:00:00,896.42,approved
9706,9706,2025-06-19 13:00:00,2633.42,approved
9707,9707,2025-07-17 11:00:00,623.8,approved
9708,9708,2025-11-12 01:00:00,474.68,approved
9709,9709,2025-05-25 00:00:00,3248.08,approved
9710,9710,2025-02-27 11:00:00,2417.03,approved
9711,9711,2025-03-12 22:00:00,1667.1,approved
9712,9712,2025-02-24 10:00:00,350.49,approved
9713,9713,2025-05-09 10:00:00,2984.23,approved
9714,9714,2025-01-23 02:00:00,396.74,approved
9715,9715,2025-06-07 08:00:00,2146.44,approved
9716,9716,2025-07-03 13:00:00,2343.51,approved
9717,9717,2025-01-07 03:00:00,1412.48,approved
9718,9718,2025-12-12 06:00:00,3191.03,approved
9719,9719,2025-07-11 17:00:00,196.44,approved
9720,9720,2025-07-09 07:00:00,2867.05,approved
9721,9721,2025-09-03 08:00:00,1947.2,approved
9722,9722,2025-03-03 12:00:00,2146.99,failed
9723,9723,2025-04-06 13:00:00,3454.15,approved
9724,9724,2025-06-05 15:00:00,2047.61,approved
9725,9725,2025-06-08 21:00:00,2793.66,approved
9726,9726,2025-10-05 05:00:00,554.29,approved
9727,9727,2025-10-25 21:00:00,2836.33,approved
9728,9728,2025-05-21 02:00:00,2668.53,failed
9729,9729,2025-04-14 16:00:00,3389.02,approved
9730,9730,2025-03-27 00:00:00,3276.27,approved
9731,9731,2025-10-23 14:00:00,764.67,approved
9732,9732,2025-12-02 11:00:00,1637.97,approved
9733,9733,2025-03-09 21:00:00,3191.96,approved
9734,9734,2025-06-04 11:00:00,2249.86,approved
9735,9735,2025-03-27 11:00:00,1633.68,approved
9736,9736,2025-03-21 15:00:00,399.11,approved
9737,9737,2025-10-31 07:00:00,1244.12,approved
9738,9738,2025-09-14 11:00:00,2335.04,approved
9739,9739,2025-12-20 04:00:00,2723.66,approved
9740,9740,2025-12-11 00:00:00,1576.14,approved
9741,9741,2025-01-03 04:00:00,214.34,approved
9742,9742,2025-02-14 20:00:00,2223.44,approved
9743,9743,2025-05-11 18:00:00,3227.12,approved
9744,9744,2025-05-30 20:00:00,1747.51,pending
9745,9745,2025-08-05 05:00:00,3250.92,pending
9746,9746,2025-12-28 13:00:00,1252.27,approved
9747,9747,2025-07-18 09:00:00,3104.55,approved
9748,9748,2025-03-17 22:00:00,2756.46,approved
9749,9749,2025-03-31 14:00:00,3366.86,approved
9750,9750,2025-07-08 14:00:00,2772.75,approved
9751,9751,2025-01-19 05:00:00,1138.75,approved
9752,9752,2025-08-13 11:00:00,3153.97,approved
9753,9753,2025-03-15 20:00:00,2350.66,approved
9754,9754,2025-11-18 09:00:00,584.0,failed
9755,9755,2025-04-11 01:00:00,179.96,approved
9756,9756,2025-06-13 13:00:00,1293.14,approved
9757,9757,2025-01-12 09:00:00,2758.29,approved
9758,9758,2025-10-17 03:00:00,2171.39,failed
9759,9759,2025-10-11 08:00:00,1854.4,approved
9760,9760,2025-07-07 14:00:00,32.97,approved
9761,9761,2025-12-23 03:00:00,1535.54,approved
9762,9762,2025-01-22 09:00:00,568.88,approved
9763,9763,2025-03-27 02:00:00,1601.89,approved
9764,9764,2025-01-07 21:00:00,3471.36,approved
9765,9765,2025-10-03 09:00:00,3080.8,pending
9766,9766,2025-09-03 23:00:00,1100.99,approved
9767,9767,2025-12-09 19:00:00,2085.41,pending
9768,9768,2025-09-20 01:00:00,1767.29,failed
9769,9769,2025-07-14 09:00:00,472.56,approved
9770,9770,2025-09-25 15:00:00,3464.53,approved
9771,9771,2025-03-21 02:00:00,1499.61,approved
9772,9772,2025-02-01 00:00:00,1779.69,failed
9773,9773,2025-07-23 22:00:00,2273.65,approved
9774,9774,2025-08-10 15:00:00,686.57,approved
9775,9775,2025-08-16 10:00:00,793.35,approved
9776,9776,2025-12-14 00:00:00,690.1,approved
9777,9777,2025-01-11 18:00:00,1357.94,approved
9778,9778,2025-05-04 04:00:00,714.88,pending
9779,9779,2025-05-26 13:00:00,3243.86,approved
9780,9780,2025-05-29 22:00:00,2505.81,approved
9781,9781,2025-11-20 10:00:00,3144.47,approved
9782,9782,2025-09-07 17:00:00,2972.72,approved
9783,9783,2025-06-07 16:00:00,2466.97,approved
9784,9784,2025-07-05 20:00:00,864.76,approved
9785,9785,2025-08-10 09:00:00,2161.31,approved
9786,9786,2025-09-24 14:00:00,668.32,approved
9787,9787,2025-12-09 20:00:00,481.02,approved
9788,9788,2025-01-26 11:00:00,2221.36,approved
9789,9789,2025-02-14 21:00:00,2193.7,approved
9790,9790,2025-12-29 05:00:00,565.05,approved
9791,9791,2025-08-22 01:00:00,1246.45,approved
9792,9792,2025-07-16 23:00:00,250.66,approved
9793,9793,2025-10-09 16:00:00,2510.75,approved
9794,9794,2025-04-28 13:00:00,3456.48,approved
9795,9795,2025-11-11 08:00:00,2594.87,pending
9796,9796,2025-04-05 19:00:00,2957.65,approved
9797,9797,2025-09-01 02:00:00,1677.67,approved
9798,9798,2025-11-21 23:00:00,352.63,approved
9799,9799,2025-01-27 11:00:00,2548.59,approved
9800,9800,2025-10-16 09:00:00,912.69,approved
9801,9801,2025-01-21 09:00:00,1371.26,approved
9802,9802,2025-06-25 01:00:00,2466.79,approved
9803,9803,2025-11-01 06:00:00,3168.65,approved
9804,9804,2025-11-15 11:00:00,1712.15,approved
9805,9805,2025-11-26 14:00:00,3366.39,approved
9806,9806,2025-02-08 11:00:00,1829.26,approved
9807,9807,2025-12-20 05:00:00,446.34,approved
9808,9808,2025-06-06 17:00:00,1824.15,approved
9809,9809,2025-06-25 04:00:00,3014.98,approved
9810,9810,2025-07-29 13:00:00,1892.4,approved
9811,9811,2025-03-29 02:00:00,2622.19,approved
9812,9812,2025-05-27 15:00:00,1926.89,approved
9813,9813,2025-04-10 23:00:00,1920.27,pending
9814,9814,2025-03-15 01:00:00,1010.97,approved
9815,9815,2025-09-15 23:00:00,720.39,approved
9816,9816,2025-04-20 15:00:00,990.64,approved
9817,9817,2025-12-18 16:00:00,1554.12,approved
9818,9818,2025-09-09 09:00:00,2837.37,approved
9819,9819,2025-06-06 01:00:00,2904.89,approved
9820,9820,2025-08-21 06:00:00,588.55,approved
9821,9821,2025-09-11 01:00:00,1943.94,approved
9822,9822,2025-07-18 20:00:00,1467.78,approved
9823,9823,2025-10-24 03:00:00,2006.86,approved
9824,9824,2025-09-18 00:00:00,2273.73,pending
9825,9825,2025-08-29 01:00:00,993.05,approved
9826,9826,2025-05-16 15:00:00,3218.96,pending
9827,9827,2025-06-17 02:00:00,3275.36,approved
9828,9828,2025-12-07 21:00:00,386.64,approved
9829,9829,2025-11-28 12:00:00,2466.5,approved
9830,9830,2025-07-04 10:00:00,135.65,approved
9831,9831,2025-06-22 21:00:00,182.04,approved
9832,9832,2025-01-15 07:00:00,3353.14,approved
9833,9833,2025-05-06 20:00:00,2438.09,approved
9834,9834,2025-08-13 19:00:00,1149.4,approved
9835,9835,2025-06-11 01:00:00,2351.17,approved
9836,9836,2025-09-03 13:00:00,2963.51,approved
9837,9837,2025-04-26 04:00:00,3050.74,approved
9838,9838,2025-06-02 08:00:00,91.41,approved
9839,9839,2025-04-28 21:00:00,2867.43,approved
9840,9840,2025-11-14 10:00:00,2989.15,approved
9841,9841,2025-06-21 07:00:00,2092.58,approved
9842,9842,2025-01-03 22:00:00,1690.07,approved
9843,9843,2025-07-05 02:00:00,406.28,approved
9844,9844,2025-11-22 15:00:00,853.86,approved
9845,9845,2025-11-24 07:00:00,1726.89,approved
9846,9846,2025-05-27 13:00:00,3030.48,approved
9847,9847,2025-08-21 03:00:00,2814.91,pending
9848,9848,2025-12-23 23:00:00,1745.83,pending
9849,9849,2025-02-22 01:00:00,2753.98,approved
9850,9850,2025-08-22 00:00:00,2684.75,pending
9851,9851,2025-09-07 23:00:00,2034.97,approved
9852,9852,2025-12-11 01:00:00,786.73,approved
9853,9853,2025-07-10 09:00:00,1231.05,approved
9854,9854,2025-06-19 03:00:00,590.94,approved
9855,9855,2025-12-31 05:00:00,44.88,approved
9856,9856,2025-04-28 03:00:00,300.23,approved
9857,9857,2025-09-30 08:00:00,2663.5,approved
9858,9858,2025-09-09 15:00:00,136.53,approved
9859,9859,2025-03-17 13:00:00,1411.49,approved
9860,9860,2025-03-08 12:00:00,3450.52,approved
9861,9861,2025-04-21 14:00:00,2787.43,approved
9862,9862,2025-12-22 03:00:00,2632.15,pending
9863,9863,2025-12-27 00:00:00,975.99,approved
9864,9864,2025-03-01 15:00:00,2253.22,approved
9865,9865,2025-04-19 15:00:00,1755.52,failed
9866,9866,2025-08-20 02:00:00,2190.91,failed
9867,9867,2025-06-03 09:00:00,1536.64,approved
9868,9868,2025-04-01 22:00:00,1867.75,approved
9869,9869,2025-01-01 14:00:00,3459.62,approved
9870,9870,2025-09-06 03:00:00,1166.01,pending
9871,9871,2025-08-06 04:00:00,773.26,approved
9872,9872,2025-08-27 02:00:00,1580.76,approved
9873,9873,2025-10-29 06:00:00,1844.64,pending
9874,9874,2025-10-19 19:00:00,317.99,approved
9875,9875,2025-06-07 23:00:00,2824.78,approved
9876,9876,2025-09-15 04:00:00,1488.74,approved
9877,9877,2025-09-18 05:00:00,1457.89,approved
9878,9878,2025-01-09 13:00:00,2312.76,approved
9879,9879,2025-10-04 03:00:00,2710.89,approved
9880,9880,2025-05-12 20:00:00,3451.07,failed
9881,9881,2025-08-18 08:00:00,623.85,approved
9882,9882,2025-10-28 12:00:00,1222.53,approved
9883,9883,2025-07-18 05:00:00,605.54,approved
9884,9884,2025-03-06 16:00:00,3085.38,approved
9885,9885,2025-04-14 18:00:00,1928.76,approved
9886,9886,2025-12-22 03:00:00,2986.49,approved
9887,9887,2025-08-11 10:00:00,3448.58,approved
9888,9888,2025-02-03 11:00:00,1934.72,approved
9889,9889,2025-10-31 15:00:00,431.17,approved
9890,9890,2025-11-10 10:00:00,1277.21,approved
9891,9891,2025-07-18 18:00:00,145.94,approved
9892,9892,2025-09-16 07:00:00,2975.57,approved
9893,9893,2025-12-30 21:00:00,82.25,failed
9894,9894,2025-03-16 08:00:00,2080.8,approved
9895,9895,2025-03-14 19:00:00,389.34,pending
9896,9896,2025-10-26 11:00:00,46.3,approved
9897,9897,2025-04-24 14:00:00,911.4,approved
9898,9898,2025-04-18 15:00:00,1940.45,failed
9899,9899,2025-11-13 00:00:00,281.31,approved
9900,9900,2025-09-11 21:00:00,2159.81,approved
9901,9901,2025-11-17 21:00:00,2358.53,approved
9902,9902,2025-12-27 06:00:00,3394.55,approved
9903,9903,2025-05-12 05:00:00,3150.39,approved
9904,9904,2025-03-22 09:00:00,1992.43,approved
9905,9905,2025-04-26 09:00:00,2780.91,approved
9906,9906,2025-01-16 11:00:00,1285.47,approved
9907,9907,2025-08-14 08:00:00,2058.28,approved
9908,9908,2025-05-17 21:00:00,1423.67,pending
9909,9909,2025-08-29 10:00:00,1192.91,approved
9910,9910,2025-08-03 06:00:00,2552.19,failed
9911,9911,2025-07-03 09:00:00,1052.41,approved
9912,9912,2025-06-25 15:00:00,1344.32,approved
9913,9913,2025-05-31 11:00:00,1297.76,approved
9914,9914,2025-03-15 19:00:00,3049.0,pending
9915,9915,2025-12-05 16:00:00,613.01,approved
9916,9916,2025-03-10 06:00:00,1347.54,approved
9917,9917,2025-12-24 04:00:00,3109.79,approved
9918,9918,2025-02-09 05:00:00,73.26,failed
9919,9919,2025-06-23 05:00:00,3318.58,approved
9920,9920,2025-09-17 16:00:00,3148.17,approved
9921,9921,2025-10-04 03:00:00,1474.11,approved
9922,9922,2025-01-19 22:00:00,2292.53,approved
9923,9923,2025-10-23 04:00:00,3468.91,approved
9924,9924,2025-08-29 18:00:00,1951.22,approved
9925,9925,2025-06-05 22:00:00,357.21,approved
9926,9926,2025-05-22 21:00:00,2990.67,approved
9927,9927,2025-12-11 20:00:00,486.85,approved
9928,9928,2025-08-07 05:00:00,915.31,approved
9929,9929,2025-11-12 04:00:00,3059.83,approved
9930,9930,2025-08-19 19:00:00,910.98,approved
9931,9931,2025-04-09 23:00:00,2612.9,approved
9932,9932,2025-01-13 21:00:00,1577.9,approved
9933,9933,2025-05-06 04:00:00,2663.93,approved
9934,9934,2025-08-06 00:00:00,828.59,approved
9935,9935,2025-04-16 14:00:00,1480.09,approved
9936,9936,2025-04-18 09:00:00,1127.2,approved
9937,9937,2025-03-22 04:00:00,886.67,approved
9938,9938,2025-04-27 19:00:00,1114.22,pending
9939,9939,2025-11-11 20:00:00,1144.01,approved
9940,9940,2025-11-19 13:00:00,3344.72,approved
9941,9941,2025-05-06 04:00:00,1875.64,failed
9942,9942,2025-03-19 21:00:00,1627.94,approved
9943,9943,2025-01-20 13:00:00,1771.55,approved
9944,9944,2025-11-12 10:00:00,3486.54,approved
9945,9945,2025-07-31 10:00:00,2294.49,approved
9946,9946,2025-02-02 10:00:00,2468.13,approved
9947,9947,2025-09-30 19:00:00,1111.4,approved
9948,9948,2025-02-01 12:00:00,1660.95,approved
9949,9949,2025-06-14 22:00:00,660.55,approved
9950,9950,2025-07-31 04:00:00,2404.46,approved
9951,9951,2025-08-25 09:00:00,1218.84,approved
9952,9952,2025-12-14 21:00:00,2624.04,approved
9953,9953,2025-10-20 22:00:00,761.8,approved
9954,9954,2025-04-11 19:00:00,1424.19,approved
9955,9955,2025-11-03 02:00:00,1659.72,approved
9956,9956,2025-08-27 21:00:00,599.51,approved
9957,9957,2025-11-03 20:00:00,262.18,approved
9958,9958,2025-09-23 12:00:00,1123.4,approved
9959,9959,2025-07-28 13:00:00,1916.22,approved
9960,9960,2025-02-17 22:00:00,2291.32,approved
9961,9961,2025-08-12 21:00:00,1499.94,approved
9962,9962,2025-04-13 14:00:00,1760.97,approved
9963,9963,2025-06-24 10:00:00,1910.31,approved
9964,9964,2025-12-06 07:00:00,1801.45,approved
9965,9965,2025-01-16 14:00:00,334.34,approved
9966,9966,2025-02-19 22:00:00,1429.4,failed
9967,9967,2025-08-21 13:00:00,731.07,approved
9968,9968,2025-11-24 00:00:00,1877.4,approved
9969,9969,2025-08-18 08:00:00,2658.11,approved
9970,9970,2025-03-15 02:00:00,2036.61,approved
9971,9971,2025-07-27 17:00:00,791.94,pending
9972,9972,2025-04-29 07:00:00,742.99,approved
9973,9973,2025-04-10 10:00:00,148.75,approved
9974,9974,2025-09-20 21:00:00,1503.81,approved
9975,9975,2025-09-18 18:00:00,1526.36,approved
9976,9976,2025-09-13 00:00:00,842.8,approved
9977,9977,2025-06-13 05:00:00,2679.62,approved
9978,9978,2025-01-06 03:00:00,1364.97,approved
9979,9979,2025-09-01 03:00:00,2349.52,approved
9980,9980,2025-01-20 16:00:00,2247.44,approved
9981,9981,2025-12-30 00:00:00,2124.5,approved
9982,9982,2025-07-25 12:00:00,3180.07,approved
9983,9983,2025-08-11 18:00:00,75.3,approved
9984,9984,2025-06-16 20:00:00,256.77,approved
9985,9985,2025-03-27 15:00:00,2533.05,approved
9986,9986,2025-11-16 06:00:00,1250.27,approved
9987,9987,2025-10-18 16:00:00,3453.1,approved
9988,9988,2025-02-11 13:00:00,773.12,approved
9989,9989,2025-02-27 10:00:00,658.3,approved
9990,9990,2025-11-30 17:00:00,2067.01,approved
9991,9991,2025-11-09 13:00:00,992.4,failed
9992,9992,2025-01-04 02:00:00,1204.92,approved
9993,9993,2025-11-24 01:00:00,3225.16,approved
9994,9994,2025-09-11 21:00:00,111.32,approved
9995,9995,2025-07-12 18:00:00,1868.78,approved
9996,9996,2025-06-30 18:00:00,1185.45,approved
9997,9997,2025-06-16 17:00:00,1224.05,approved
9998,9998,2025-10-30 17:00:00,882.37,approved
9999,9999,2025-12-09 16:00:00,489.28,approved
10000,10000,2025-07-27 07:00:00,140.0,approved
201,201,2025-04-04 10:00:00,2959.24,approved
